Term,Frequency
في,19829
من,13297
على,9004
إلى,6772
أن,6191
مع,2898
عن,2785
التي,2779
ما,2397
هذه,1905
أو,1899
هذا,1807
لا,1803
بعد,1508
الذي,1496
خلال,1437
بين,1418
عام,1273
كما,1227
غير,1063
حيث,1054
،,1044
لم,1033
كان,1018
إن,961
أكثر,915
قد,911
ذلك,860
قبل,806
كانت,802
مثل,799
بشكل,779
عبر,728
المتحدة,709
منذ,708
أي,693
لكن,675
حتى,674
هو,658
نحو,656
أنه,655
العام,647
كل,634
الرئيس,630
اليوم,621
مما,617
مليون,569
بل,567
وفي,554
وقال,540
مليار,540
ذلك،,533
.,528
وهو,528
بما,526
يوم,523
حول,499
بعض,499
ترامب,487
دون,484
الولايات,480
يمكن,474
الحكومة,462
شركة,455
دولار,432
بنسبة,431
بينما,431
مجلس,428
الذين,427
رئيس,425
إذ,415
عندما,413
إسرائيل,412
تم,409
هي,407
عند,406
الشركة,394
فإن,393
أنها,392
فيما,392
إلا,392
جميع,388
بسبب,386
ألف,384
إذا,383
الذكاء,379
و,377
الأميركي,375
السعودية,371
أيضًا,365
عدد,360
قال,358
–,355
تلك,347
وفق,346
ومن,338
هناك,338
بأن,336
الدول,333
أمام,333
الاصطناعي,333
وهي,332
بشأن,331
العامة,326
فقط,323
ضد,319
وقد,318
العمل,317
الحرب,316
مستوى,314
يكون,314
الأول,312
العالم,311
العديد,310
ولا,307
أخرى,307
وقت,306
الأميركية,305
إدارة,303
جديدة,302
الطاقة,301
وفقًا,299
فقد,297
إعادة,295
داخل,295
الوقت,290
الصين,288
الشركات,288
أكبر,288
يتم,288
وكالة,284
أحد,282
وأضاف,281
حين,278
ليس,277
الماضي،,277
غزة,276
—,273
أسعار,272
الأولى,271
فيها,268
يجب,263
مدينة,263
فيه,262
عدم,259
قطاع,259
الأمم,258
الماضي,255
المملكة,254
دول,248
التواصل,248
شركات,244
الاتحاد,244
إيران,242
تحت,241
الآن,240
ومع,240
ثم,239
وسائل,238
ضمن,237
تكون,237
أما,233
الثاني,231
وزارة,231
الدولية,229
المالية,227
أول,227
الأمر,226
استخدام,226
ذات,225
والتي,224
إنه,223
بها,222
الدولة,221
وزير,221
مجموعة,220
خاصة,219
أجل,216
مقابل,216
البلاد,215
دولة,214
ولكن,213
السوق,213
منطقة,212
الدولي,211
جانب,211
زيادة,211
وكان,209
عليها,209
وذلك,208
سنوات,207
حالة,207
رغم,207
بالنسبة,207
المجتمع,206
النفط,205
كبيرة,205
المتحدة،,204
فرض,204
له,204
مشروع,204
لن,203
حقوق,202
حوالي,201
الأمن,201
منها,199
مصر,198
إطلاق,197
كبير,197
دونالد,196
أقل,195
عملية,193
لدى,193
لها,193
بيانات,192
الوزراء,191
البيانات,188
عمليات,187
الخارجية,187
2024،,187
“,186
النساء,186
الأسبوع,185
به,184
تحقيق,184
2025،,183
أثناء,182
ارتفاع,182
الاجتماعي,181
كيف,180
الإسرائيلي,180
مرة,180
السلطات,180
نهاية,179
القطاع,179
وجود,178
بيان,177
نقطة,177
المنطقة,177
الجديدة,176
يزال,175
آخر,175
مقارنة,174
أدى,174
وأوضح,173
العالمية,173
الوصول,173
نظام,173
العقوبات,172
الوطنية,172
وسط,172
ظل,171
أعلنت,171
-,171
ريال,170
عليه,170
أفضل,169
ولم,169
مجرد,168
بحسب,168
محمد,168
عمل,167
التعاون,166
النظام,166
وأشار,166
المركز,165
وقالت,164
تزال,164
المتوقع,164
بحلول,163
سعر,163
الدعم,163
غالبًا,163
العربية,162
الناس,162
وعلى,161
بدأت,161
بناء,161
للأمم,160
القانون,159
آلاف,159
الجمعية,159
جنوب,159
دعم,158
الرغم,158
السابق,156
عدة,156
الجيش,156
بعدما,156
السنوات,155
تعزيز,154
10,154
المحلية,154
الفائدة,154
قرار,154
الإنترنت,153
سوق,153
وأن,153
باسم,152
شخص,152
الاستثمار,152
الصينية,151
الأوروبي,151
سبتمبر,150
وما,150
أنحاء,149
اتفاق,149
حزب,149
بداية,148
مجال,148
إضافة,147
خطة,147
أعلى,146
لمدة,146
واحدة,146
الاقتصاد,145
الإسرائيلية,145
ليست,145
الخاصة,145
الحالي,145
المياه,143
الأعمال,142
الأنباء,142
أعمال,141
السكان,141
قانون,141
الأخيرة,141
بقيمة,141
أكد,140
لأن,140
التحتية,140
الذهب,140
تطوير,140
روسيا,139
لكنه,139
ثلاثة,139
تعمل,139
يعني,139
الأحد،,139
تقديم,139
أصبحت,138
السعودي,137
الاثنين،,137
المعلومات,137
منظمة,137
الفلسطينية,136
الاقتصادية,136
البنية,135
بن,135
الأكثر,135
بأنه,135
السياسية,135
أمس,135
خفض,134
كنت,134
شمال,134
وكانت,133
الشاي,133
اللغة,133
30,133
تنفيذ,133
القرار,132
أيضاً,131
لكنها,131
3,131
أعلن,130
قالت,130
التكنولوجيا,130
إنتاج,130
مدى,130
دولار،,130
أصبح,129
نتيجة,129
أساس,129
الفترة,129
الأراضي,129
منصة,129
إجمالي,129
صناعة,128
أوروبا,128
المناطق,128
الإنسان,128
دور,127
حركة,127
نسبة,127
تاريخ,127
وهذا,126
وضع,126
أخرى،,126
والذي,126
إنها,125
وأكد,125
الأطفال,125
الماضي.,125
موقع,125
بالإضافة,124
يعد,124
الاقتصادي,123
تصل,123
العالم،,123
الشعب,123
الإعلام,123
حل,122
فيديو,122
الكثير,122
يكن,122
الفريق,122
محاولة,122
الدوري,122
بلغت,122
الشباب,121
أمر,120
الشهر,120
سلسلة,120
5,120
عبد,120
2024,120
فترة,120
واحد,119
العنف,119
جاء,119
رفع,119
العاصمة,119
أوضح,119
العالمي,118
الأشخاص,118
لما,118
قيمة,118
استمرار,118
نطاق,118
الدفاع,118
نتنياهو,117
الهيئة,117
لكل,117
المحلي,117
الانتخابات,117
غزة،,117
سوريا,117
تطبيق,117
وفقاً,117
الوطني,116
الرقمية,116
الرسوم,116
تراجع,116
بلغ,116
حماية,116
العام،,116
الطلب,116
نشر,115
مواجهة,115
تعد,115
جديد,115
حجم,115
الإجراءات,114
الله,114
قوات,114
إحدى,114
2023،,114
2025,114
عقب,114
المشروع,113
مؤشر,113
البلاد،,113
12,113
برنامج,112
رؤية,112
تشمل,112
معظم,112
القوات,112
20,112
عشر,111
الجديد,111
بنحو,111
15,111
السلام,111
ورغم,111
يتعلق,111
مصادر,111
مركز,111
نفس,110
يبدو,110
الصحية,110
الحصول,109
حال,109
خارج,109
مناطق,109
الاحتياطي,108
المزيد,108
الاعتراف,108
الحكومية,108
وقف,108
الهند,108
بأنها,108
تمثل,108
باستخدام,107
التجارة,107
حرب,107
الأحد,107
يؤدي,107
طريق,107
الحياة,106
100,106
المتحدة.,106
مواقع,106
تقرير,106
إطار,106
لعام,106
صحيفة,106
لو,106
البلاد.,106
إنشاء,106
الإيراني,106
أزمة,105
شيء,105
وحتى,105
يأتي,105
ملايين,105
نفسه,104
يوليو,104
النار,104
الأوروبية,104
طهران,104
الاتفاق,104
بدأ,104
المستثمرين,104
فرصة,104
”,104
سيكون,104
آسيا,104
يذكر,103
صورة,103
الوضع,103
البنك,103
أهمية,103
خطوة,103
لقد,103
فريق,102
كأس,102
قوة,102
الأسواق,102
المركزي,101
الحدود,101
شرق,101
الغربية,101
الاثنين,101
25,101
هل,101
هيئة,101
واشنطن,101
إعلان,100
المصرية,100
آيفون,100
الألمانية,100
العلاقات,100
حياة,100
التنفيذي,99
تحمل,99
طويلة,99
الصناعية,99
17,99
سبيل,99
دفع,99
المصري,99
الرياض,99
قائمة,99
أشار,98
واسعة,98
تصريحات,98
لإعادة,98
عقد,98
لجنة,98
الاصطناعي،,98
سجل,98
التجارية,98
جنيه,97
طلب,97
لشركة,97
لي,97
مهمة,97
حد,97
سوى,96
الأخرى,96
إجراءات,96
المحتوى,96
فرص,96
الحزب,96
بهدف,96
الضوء,96
حماس,96
سابق,96
أدوات,96
شهر,96
الجنوبية,96
الكبرى,96
الخاص,96
عامًا,96
يمثل,96
المجتمعات,95
الأسهم,95
تيك,95
شهدت,95
حسب,94
يعكس,94
الإنسانية,94
سواء,94
بالفعل,94
القرن,94
النووي,94
الفيدرالي,93
تواجه,93
السياسي,93
لاعب,93
الأخيرة،,93
نفسه،,93
كذلك,92
الشرق,92
السلطة,92
الجمعة,92
المقرر,92
أغسطس,92
ثلاث,92
الاجتماعية,91
البيت,91
المتعلقة,91
الرئيسية,91
الروسية,91
إمكانية,91
تركيا,91
سكان,91
وذكرت,90
أنظمة,90
كشف,90
القانونية,90
4,90
نصف,90
الفرنسي,90
مختلف,90
ولاية,90
الأساسية,90
ارتفع,90
الساعة,89
أفادت,89
2023,89
جامعة,89
لكرة,89
غزة.,89
2025.,89
فقط،,89
متر,89
رأس,89
تتجاوز,88
لتحقيق,88
50,88
المجلس,88
القدم,88
الجمركية,87
العسكرية,87
الجوية,87
السيارات,87
الملك,87
المحكمة,87
الصراع,87
ارتفعت,87
لبنان,86
6,86
الدين,86
النظر,86
أنّ,86
وبعد,86
مشاركة,86
التوصل,86
شبكة,86
مباشرة,86
يقول,86
السياسة,86
أكتوبر,86
تحديد,86
معدل,86
الاستثمارات,85
الخطوة,85
أيام,85
الإنتاج,85
النمو,85
2024.,85
إجراء,85
تسجيل,85
المالي,85
الجهات,85
خدمات,84
مليارات,84
المعارضة,84
18,84
ترامب،,84
التحول,84
أشهر,84
الحفاظ,83
أم,83
لوكالة,83
الإسباني,83
مباراة,83
الصحة,83
المجال,83
مقابلة,83
اللجنة,83
المدني,83
تبلغ,82
جهود,82
بلاده,82
للطاقة,82
كيفية,82
عقوبات,82
دولار.,82
8,82
تشير,82
يصل,82
غرب,82
الأبيض,82
العالم.,82
نمو,82
سنوات،,82
الفلسطيني,82
الكهرباء,81
التمويل,81
السريع,81
المال,81
سيما,81
الجهود,81
مراكز,81
وأوضحت,81
الأرض,81
وتعزيز,81
الواقع,80
"""رويترز"".",80
بريطانيا,80
نفسها,80
تنظيم,80
كوريا,80
يجعل,80
بي,80
اليوم،,80
تقارير,79
الشرطة,79
بيع,79
المستوى,79
نقل,79
السودان,79
أثار,79
تقدم,79
لهم,79
فى,79
حالات,79
مشاريع,79
الأميركية،,79
تسعى,79
أكتوبر/تشرين,79
الخدمات,78
مئات,78
المخاطر,78
تغيير,78
لضمان,78
لدعم,78
جزء,78
مستويات,78
فحسب،,78
الغاز,78
اتفاقية,78
التعامل,78
تكن,78
المدينة,78
الموسم,78
مستقبل,78
تجاه,77
توك,77
مطار,77
العودة,77
تشكيل,77
الروسي,77
البحر,77
الحالي،,77
لهذا,77
المستخدمين,77
فلسطين,77
تأثير,77
المثال،,77
الأزمة,77
14,76
أيضا,76
الأخير,76
بدولة,76
قادة,76
المائة,76
شراء,76
ديسمبر/كانون,76
واسع,76
7,76
إغلاق,75
مقتل,75
السياسات,75
أحمد,75
ضرورة,75
الدراسة,75
أعضاء,75
الجمعة،,75
دوري,75
الإدارة,74
وأشارت,74
مختلفة,74
اتخاذ,74
غياب,74
السبت،,74
بدلًا,74
يواجه,74
تعكس,74
فتح,74
سهم,74
هؤلاء,74
13,74
ربما,74
بينها,74
الهجمات,73
استراتيجية,73
المدن,73
العدالة,73
مرحلة,73
إقليم,73
الخميس،,73
وغير,73
إفريقيا,73
تجربة,73
يبلغ,73
الأفراد,73
يشكل,73
قوية,73
النووية,72
التضخم,72
مكان,72
مساء,72
التحديات,72
محطة,72
خط,72
السوري,72
وليس,72
تأتي,72
الشمسية,72
نيويورك,72
لهذه,72
إنهاء,72
وبحسب,72
الرسمية,72
مدريد,72
حكومة,72
الإلكترونية,72
كشفت,71
جمهورية,71
أميركا,71
أخرى.,71
تهدف,71
الناتج,71
الرعاية,71
الإيرانية,71
قضايا,71
التنمية,71
حاليًا,71
منهم,71
الثانية,71
الفرنسية,71
أسهم,71
خمس,70
نائب,70
رفض,70
مصدر,70
إسرائيل،,70
الدولار,70
المرحلة,70
ألا,70
لـ,70
دخول,70
الحالية,70
للحصول,70
قدرة,69
الأوسط,69
القصص,69
21,69
الديمقراطية,69
التقرير,69
نتائج,69
تريليون,69
الإنجليزي,69
السعودية،,69
أداء,69
خدمة,69
أربعة,69
ستكون,69
الرقمي,69
الصين،,69
مخاوف,69
يحدث,69
المجموعة,69
الأمير,68
يناير/كانون,68
البالغ,68
مؤتمر,68
معالجة,68
يونيو,68
القوى,68
يرى,68
التطبيق,68
العسكري,68
الثالث,68
هجوم,68
بلا,68
الأكبر,68
ينبغي,68
التقنية,68
العمر,68
العراق,67
مساحة,67
الرسمي,67
وكذلك,67
نوفمبر/تشرين,67
حدث,67
برشلونة,67
يعزز,67
انخفاض,67
دراسة,67
نقص,67
الأهلي,67
منتصف,67
مباريات,67
المنتجات,67
أنهم,67
أربع,67
شكل,66
البعض,66
المدى,66
العام.,66
2022،,66
بموجب,66
الفيديو,66
أبطال,66
الأميركي،,66
تكلفة,66
رد,66
يسمح,66
أبرز,66
سان,66
الصورة,66
صادرات,66
الوحيد,66
مباشر,66
واضحة,65
الهدف,65
"""أبل""",65
العالمية،,65
طريقة,65
يتجاوز,65
البلدان,65
لأول,65
منصات,65
لحماية,65
الرئيسي,65
المؤسسات,65
وأضافت,65
يوجد,65
هم,65
قضية,65
ذلك.,65
الهجرة,65
معلومات,65
الاعتماد,65
المواطنين,65
الوكالة,64
محادثات,64
السابقة,64
باريس,64
لتعزيز,64
تفاصيل,64
الخطة,64
البرنامج,64
بزيادة,64
البحث,64
تناول,64
بنك,64
الأسعار,64
الحكومات,64
الكرة,63
هدف,63
التابعة,63
الماضية,63
يعمل,63
تحول,63
نقاط,63
القضايا,63
كردستان,63
أهداف,63
بهذه,63
اللاجئين,63
وإعادة,63
جزءًا,63
وأضاف:,63
وخلال,63
ففي,63
بدء,63
فوق,63
الأجانب,62
جائزة,62
استمرت,62
حرية,62
24,62
يحمل,62
مؤسسة,62
القوة,62
الحاجة,62
علي,62
المساعدات,62
عامًا،,62
أجهزة,62
الماء,62
الأقل,62
منع,62
التقليدية,62
توفير,62
تعتبر,62
لصالح,62
الاصطناعي.,62
"""لا",62
خطر,62
60,62
أحدث,62
الربع,62
المشاركة,62
سبتمبر/أيلول,62
2023.,61
2022,61
الأنظمة,61
الفلسطينيين,61
"""تيك",61
أنني,61
الآن،,61
قصة,61
تقوم,61
وأكدت,61
الكبير,61
تضم,61
الثاني،,61
المنطقة.,61
يوليو/تموز,61
المنظمة,61
فرنسا,61
البنوك,61
أفريقيا,61
حملة,61
الطائرات,61
نحن,61
قادرة,61
المقابل،,61
الوقت،,61
الشخصية,61
حظر,61
دي,61
الآلاف,61
الصيني,61
بـ,60
وتم,60
النتائج,60
وصل,60
بيئة,60
سياسية,60
أظهرت,60
الدولية،,60
دولية,60
المرتبطة,60
الأول،,60
العليا,60
المباراة,60
فهو,60
فهي,60
توجد,60
الدقيقة,60
العاملين,60
يقل,60
سياسة,59
خبراء,59
رسالة,59
الخميس,59
القدرة,59
الثقة,59
جمع,59
عالية,59
منه,59
أكدت,59
الصور,59
عالم,59
الاجتماعي،,59
"""شركة",59
ديسمبر,59
سلام,59
يزيد,59
الزيادة,59
التعليم,59
القومي,59
وراء,59
المهاجرين,59
اقتصادية,59
تستهدف,59
تكاليف,59
الموارد,59
بذلك,59
هنا,59
خاص,59
فعل,59
مجالات,59
الحركة,59
جاءت,59
برميل,59
تسبب,59
النوع,58
أصحاب,58
موقف,58
المدير,58
الصناعة,58
أشكال,58
ووفقًا,58
تتعلق,58
40,58
حدود,58
مشيراً,58
آلية,58
كرة,58
مسار,58
العملية,58
الطبيعي,58
مخاطر,58
أضاف,58
للغاية,58
أواخر,58
تعرض,58
ساعة,57
وبالتالي,57
مقاطعة,57
بنيامين,57
وارتفع,57
الرأي,57
المنطقة،,57
إليه,57
اللازمة,57
كانوا,57
أسواق,57
يورو,57
حي,57
جدًا,57
السبت,57
بالذكاء,56
وغيرها,56
التوازن,56
بالرغم,56
أوسع,56
التاريخ,56
تتراوح,56
يقرب,56
أصل,56
الحد,56
الطلاب,56
يتحدث,56
كبار,56
الواقعة,56
بكين,56
البرازيل,56
وصف,56
سيتم,56
مرور,56
القضية,56
الثقافة,56
مالية,56
الدكتور,56
الكبيرة,56
رجل,56
لغة,56
يعادل,56
متعددة,56
مشكلة,56
شهد,56
عامين,55
الصغيرة,55
خطط,55
كثير,55
أنا,55
العقود,55
وذكر,55
ضغط,55
أساسية,55
اسم,55
مقطع,55
ثاني,55
سن,55
وصول,55
ذكرت,55
احتمال,55
باكستان,55
بدلاً,55
الأسلحة,55
بتاريخ,55
الاستقرار,55
صحة,55
الكهربائية,55
العمل،,55
قامت,55
أوكرانيا,55
محلية,55
16,55
مقاطع,55
تعتمد,55
تفعيل,55
العقد,55
الفوز,55
الضفة,55
خمسة,55
صباح,55
قيمتها,55
النادي,54
طن,54
الفتيات,54
رقم,54
انتشار,54
العمال,54
سيتي,54
بواسطة,54
رسوم,54
لطالما,54
لأكثر,54
تمويل,54
“،,54
المحلية،,54
11,54
إليها,54
ليصل,54
بسرعة,54
تحويل,54
برامج,54
الاستراتيجية,54
المؤشر,54
إضافية,54
العراقية,54
أيضًا.,54
يشير,54
موجة,54
الدولي،,54
أنواع,54
أدت,54
الاتصالات,53
اللغات,53
فكرة,53
خلالها,53
الطيران,53
الصفقة,53
عرض,53
المسؤولين,53
أهم,53
تؤثر,53
تشكل,53
العمليات,53
الاحتجاجات,53
جرى,53
الاجتماعي.,53
مدار,53
المسلحة,53
وفقا,53
قطع,53
الخطاب,53
الوقود,53
السيطرة,53
الخام,53
الذهبية,53
علينا,53
المشهد,52
المنصات,52
الجانب,52
لذا,52
للمرة,52
بحاجة,52
عقود,52
مانشستر,52
قتل,52
الثلاثاء,52
تجاوز,52
بكثير,52
العلاقة,52
المقبل،,52
عنها,52
قرارات,52
الإمارات,52
بكل,52
أثر,52
الطريق,52
الإلكتروني,52
صفقة,52
القيمة,52
مياه,52
توقيع,52
المستمرة,52
كميات,52
إلغاء,52
بالقرب,51
المرأة,51
22,51
سنة,51
ظروف,51
اجتماع,51
أمن,51
الإعلان,51
حصة,51
مكتب,51
الإجمالي,51
هجمات,51
مجتمع,51
إيران،,51
النطاق,51
فقط.,51
المخاوف,51
لأنه,51
يهدف,51
كلمة,51
توقعات,51
"""تداول",51
نقطة،,51
الخدمة,51
تظهر,51
عام،,51
لذلك،,51
الهجوم,51
بهذا,51
بفضل,51
عسكرية,51
سياق,50
التأثير,50
البيئة,50
جودة,50
2021،,50
عودة,50
عما,50
يشمل,50
تتضمن,50
القائمة,50
يد,50
الفلسطينية،,50
سجلت,50
الخارج,50
السكنية,50
التعبير,50
الممارسات,50
جعل,50
فضلاً,50
:,50
المناخ,50
بشدة,50
قدم,50
لمواجهة,50
23,50
بدعم,50
ديمبلي,49
ظهر,49
أغسطس/آب,49
هامش,49
ودعم,49
علاقة,49
الصادرات,49
الموقع,49
تصبح,49
الداخلية,49
الوزارة,49
شبه,49
ضعف,49
يقوم,49
سوريا،,49
تغير,49
دائمًا,49
يتطلب,49
آخرين,49
وحدة,49
التركي,49
سقوط,49
تقنيات,49
حقيقة,49
الأميركيين,49
وإن,49
أدنى,49
مصنع,49
"""حزب",49
أطلقت,49
متوسط,49
أرض,49
قناة,49
الأصوات,49
الحكم,49
ماسك,49
المدرسة,49
صغيرة,49
وإذا,49
سياسات,49
لأنها,49
الرقابة,49
السلامة,48
رسمية,48
ضمان,48
بالدولة,48
يُعد,48
وقعت,48
كامل,48
نهر,48
500,48
بتوقيت,48
ممارسة,48
مدن,48
الجمهور,48
الضغط,48
بأكثر,48
بقوة,48
الظروف,48
أعتقد,48
تجارية,48
الأشهر,48
ساعات,48
المستمر,48
أشارت,48
يومًا,48
معه,48
يعيش,48
الكويت,48
بالمئة,48
تقول,48
بنهاية,48
وصلت,48
مبيعات,48
لوقف,48
سباق,48
كبرى,48
الأجنبية,48
إصدار,48
الأيام,48
بينهم,47
الطبيعية,47
خطاب,47
يعاني,47
محطات,47
الأسر,47
الأصول,47
قرب,47
وقع,47
ستة,47
المدرب,47
طوال,47
انتهاء,47
ريال،,47
الأعضاء,47
وعندما,47
التجاري,47
لحقوق,47
كبيرًا,47
الطبية,47
الإنترنت،,47
مدير,47
بات,47
ومنذ,47
السلاح,47
مرتبطة,47
عامي,47
النواب,47
المنافسة,47
محتوى,47
اجتماعات,47
المتجددة,47
26,47
2,47
الحكومي,47
وجه,47
المقبل,47
الأجهزة,47
تواصل,47
قاعدة,47
الاتصال,47
يعتبر,46
العالمية.,46
مادورو,46
محكمة,46
منظمات,46
المسؤولية,46
ب,46
المدارس,46
الحقوق,46
الالتزام,46
للذكاء,46
التركيز,46
الأموال,46
الدبلوماسية,46
عادةً,46
صندوق,46
الأميركية.,46
أمرًا,46
أفراد,46
تحسين,46
البداية,46
استقرار,46
عالمية,46
يعتمد,46
الثقافية,46
نظرًا,46
تحدث,46
المشاريع,46
فريقه,46
منظومة,46
قام,46
وعدم,46
يناير,46
باللغة,46
الإصابة,46
الرابع,46
توفر,46
المبادرة,46
التوترات,46
حساب,46
أوائل,46
ويقول,46
الأمنية,46
طويل,46
مؤشرات,45
يشار,45
المستثمرون,45
إسرائيل.,45
البريطانية,45
المقبل.,45
عشرات,45
وبينما,45
درجات,45
رحلة,45
يظهر,45
الماضية،,45
منشور,45
لذلك,45
سابقة,45
لبناء,45
درجة,45
هونغ,45
تشهد,45
لتصل,45
السورية,45
الروبوتات,45
غضون,45
أولئك,45
2019،,45
استهدفت,45
1,45
السنوية,45
العدد,45
لفترة,45
مؤخرًا,45
البشرية,45
الإيجارات,45
عنه,45
حكم,45
الأدوية,45
بقيادة,45
توسيع,44
الجوي,44
المشكلة,44
فهم,44
الضغوط,44
الزراعية,44
وضمان,44
قدرها,44
الإنترنت.,44
فنزويلا,44
الصناعات,44
تزايد,44
وبين,44
أداة,44
نشرت,44
أصول,44
تؤدي,44
المحلية.,44
تقريبًا,44
يقارب,44
أمريكا,44
مبادرة,44
فلسطينية,44
نماذج,44
تعرضت,44
مرات,44
الكثيرون,44
الثلاثاء،,44
قابلة,44
مواد,44
للأمن,44
أشخاص,44
انتخابات,44
البيئية,44
فشل,44
حصل,44
تبقى,44
28,44
مسيرة,44
إشارة,43
استئناف,43
بعدم,43
الكورية,43
تسليم,43
لقاء,43
اعتماد,43
شملت,43
تستخدم,43
أفاد,43
توزيع,43
العامة،,43
بمثابة,43
مدة,43
عائلة,43
تدفق,43
مالي,43
لعدم,43
عادة,43
أنشطة,43
نسخة,43
زيارة,43
يدفع,43
الجميع,43
قانونية,43
السوريين,43
وفاة,43
الطعام,43
أوضحت,43
المحادثات,43
الكونغو,43
تستمر,43
الأنشطة,43
وزراء,43
حقق,43
أعقاب,43
النقل,43
يؤكد,43
اللبنانية,43
الأسبوع،,43
الاجتماع,43
بطولة,43
بأي,43
وأفادت,43
قرية,42
الفضاء,42
المعادن,42
الأمور,42
البلدين,42
السنة,42
للحد,42
العقارات,42
بالكامل,42
الجديدة،,42
الملكية,42
"السعودية""",42
القطاعات,42
تعاملات,42
قيادة,42
ألمانيا,42
تسمح,42
غرفة,42
9,42
كتب,42
معدلات,42
السبب,42
القانوني,42
يوميًا,42
قيد,42
منح,42
الجهاز,42
وتيرة,42
يتيح,42
الأسباب,42
العالمي،,42
ويأتي,42
الاستخدام,42
القيام,42
عضو,42
وفرنسا,42
لنا,42
حدوث,41
الأخرى،,41
قواعد,41
ليفربول,41
موسم,41
تطبيقات,41
خلف,41
لإسرائيل,41
الصعب,41
جلسة,41
رئيسة,41
فاز,41
سراح,41
الهوية,41
الشرع,41
استثمارات,41
التقارير,41
بمدينة,41
احتجاجات,41
للشركات,41
المادة,41
الفرص,41
الحرارة,41
الباحثون,41
الشعبية,41
السابق،,41
الشمالية,41
عامل,41
يصبح,41
استعادة,41
خلق,41
وزيادة,41
التنفيذ,41
النفايات,41
جيرمان,41
حملات,41
الرقمية،,41
وشدد,41
قاسم,41
مؤكدة,41
الجنسية,41
الثقافي,41
شخصية,41
المتحدث,41
الجماعية,41
تصنيع,41
كجزء,41
القيود,41
المواد,41
"توك""",41
النهائي,41
عاماً,41
19,41
الأصلية,41
المئة,40
لدينا,40
الدولتين,40
ترى,40
حفل,40
بنغلاديش,40
تجعل,40
حيز,40
المفروضة,40
حق,40
سد,40
سبب,40
القوانين,40
وسجل,40
المملكة،,40
لديها,40
فلا,40
الثالثة,40
الخليج,40
اقتصاد,40
الكاملة,40
تطور,40
تصاعد,40
العاملة,40
والتنمية,40
وأظهرت,40
تمامًا,40
مدرب,40
بها،,40
الهواتف,40
مسؤول,40
مكانة,40
حسن,40
يعتقد,40
العقارية,40
بدءًا,40
المقبلة,40
الفن,40
29,40
رئيسية,40
طائرات,40
تبدأ,40
الجولة,40
مارس,40
سنوات.,40
عالميًا,40
المنظمات,40
يساعد,40
قطاعات,40
شخصًا,40
مصر،,40
تساعد,40
يمكنك,40
تحتاج,40
طرح,40
يبدأ,40
الخبراء,40
توقع,40
كافة,40
المغرب,40
انخفض,40
النشاط,40
أسابيع,40
الانتقال,40
تمتد,40
70,40
الحديث,40
تمت,40
صوت,39
بدون,39
2026.,39
اللاعبين,39
وتحقيق,39
وربما,39
القارة,39
مواصلة,39
النصف,39
العملاء,39
زالت,39
لإنهاء,39
وأعلنت,39
كثيرًا,39
عباس,39
النفطية,39
استهلاك,39
النوم,39
الأمين,39
تحديات,39
قوانين,39
×,39
الحرب،,39
جيل,39
اليورانيوم,39
قيام,39
يعود,39
العملات,39
عرضة,39
تحقق,39
القرارات,39
الحماية,39
تمتلك,39
زاد,39
الأساسي,39
طاقة,39
الدراسات,39
الصيد,39
مشروعات,39
قلب,39
الجزيرة,39
الأوروبي،,39
امرأة,39
الاثنين.,39
الأسد,39
لاحقًا,39
الشفافية,39
معها,39
التصويت,39
التوقعات,39
المشترك,39
حالياً,39
ذاته،,38
الوطنية،,38
الإنجليزية,38
يوماً,38
ملعب,38
دولارًا,38
مفاوضات,38
الأطراف,38
المحيط,38
الإجمالية,38
هاتف,38
وجهة,38
وتشير,38
المعروفة,38
المشتركة,38
تدعم,38
باتت,38
الجيل,38
يعرف,38
جهاز,38
الأرباح,38
يوفر,38
وأعلن,38
لمنع,38
أثارت,38
التوتر,38
زادت,38
الفيلم,38
المفاوضات,38
قطر,38
ذكر,38
اللاعب,38
التنظيمية,38
مكاسب,38
العرض,38
الدولية.,38
لتطوير,38
المرة,38
يستخدم,38
تجمع,38
نجم,38
طلبات,38
الصحفيين,38
أننا,38
تدريب,38
التعدين,38
جي,38
صور,38
الدور,38
الجسم,38
ناحية,38
الفيدرالية,38
دعا,38
واقع,38
جديدة،,38
نهائي,38
اتحاد,37
ضخمة,37
ثقة,37
البيان,37
فلسطين،,37
البالغة,37
الأوكرانية,37
خلفية,37
تشغيل,37
مؤكداً,37
العقاري,37
أمنية,37
وتابع,37
الجائزة,37
التقنيات,37
نيويورك،,37
مؤسسات,37
عليهم,37
إقامة,37
الفيضانات,37
مشيرًا,37
قانوني,37
الصادرة,37
وجدت,37
كمية,37
اعتقال,37
تعيش,37
27,37
تزيد,37
تابعة,37
الفلسطينية.,37
مراقبة,37
الصناعي,37
أجزاء,37
موسكو,37
مكافحة,37
اللجوء,37
التطبيقات,37
تقليل,37
طالبان,37
الكتب,37
تركز,37
جديدة.,37
80,37
وهم,37
"أ"".",37
الرقم,37
"""د",37
400,37
صلاح,37
عوامل,37
انقطاع,37
جراء,37
فوز,37
يقدم,36
البرلمان,36
العهد,36
القادة,36
يقتصر,36
الاتحادية,36
باعتبارها,36
معايير,36
الصين.,36
تقديرات,36
مجلة,36
تعاني,36
السعودي،,36
الغذائية,36
2030,36
شدد,36
وارتفعت,36
أقرب,36
وكيف,36
البناء,36
يظل,36
واحد،,36
القيادة,36
دورًا,36
تفاقم,36
لإنشاء,36
الفساد,36
الهاتف,36
تؤكد,36
ولن,36
عشرة,36
السودانية,36
قرر,36
إيرادات,36
300,36
عثمان,36
مكعب,36
ماذا,36
ظهرت,36
صارمة,36
لشراء,36
أساسي,36
المباشر,36
كلما,36
تبدو,36
لمعالجة,36
العربي,36
الهندية,36
مشيرة,36
قمة,36
بلد,36
وسيلة,36
الثلاث,36
نيبال,36
فإنها,36
الممكن,36
حلول,36
زال,36
للحكومة,36
النقدية,36
بطريقة,36
يمكننا,36
تصدير,36
محافظة,36
الأعلى,36
200,36
فيصل,36
بناءً,36
المرتبة,35
مستشفى,35
برو,35
الحاكم,35
2020,35
شديدة,35
الإنفاق,35
لبنان،,35
نموذج,35
المقدمة,35
بواقع,35
سبق,35
تدخل,35
ولي,35
اليوم.,35
للتنمية,35
النجم,35
الجزائر,35
علاقات,35
استيراد,35
الحق,35
القضاء,35
الاستثمارية,35
مر,35
العامة.,35
الكامل,35
يوضح,35
الموقف,35
عاصمة,35
يكشف,35
نشاط,35
الزراعة,35
يعيشون,35
شاملة,35
الفنية,35
السياق,35
المنتخب,35
آخرون,35
يمنح,35
مجموعات,35
لجميع,35
النصر,35
فقدان,35
عامة,35
للغاية،,35
شاي,35
تهديد,35
مسألة,35
رسمي,35
والعمل,35
تقع,35
إس,35
تعليق,35
توليد,35
النهاية,35
ترك,35
أقوى,35
دخل,35
الإقليمية,35
ظهور,35
تُعد,35
يريد,35
تراجعت,34
وجاء,34
شخص،,34
استثمارية,34
المهمة,34
الجامعات,34
نشرته,34
طبيعة,34
وتابع:,34
الأولى،,34
رفعت,34
الكشف,34
الناشئة,34
إثر,34
يحتاج,34
الشوارع,34
مماثلة,34
شبكات,34
مقارنةً,34
التوزيع,34
الحالي.,34
الرجال,34
التابع,34
السياحة,34
الاتفاقية,34
بمقدار,34
السجن,34
السلع,34
عناصر,34
مستمرة,34
العربية،,34
هذا،,34
الصينية،,34
عمر,34
تُظهر,34
اليابان,34
أبريل,34
ترامب.,34
مطلع,34
يسعى,34
مشاكل,34
الحقيقية,34
لبيانات,34
المدنية,34
ولكنه,34
ذوي,34
السفر,34
الأربعاء,34
ضريبة,34
الجنوب,34
الوعي,34
لاحق,34
شارك,34
الإبادة,34
اعتراف,34
الطوارئ,34
البحرية,34
لحل,34
المساواة,34
الحكومية،,34
بحق,34
للحفاظ,34
شخصيات,34
التفكير,34
"""من",34
أحيانًا,34
لتقديم,34
الأحكام,33
معهد,33
المصادر,33
لبعض,33
منتخب,33
لمن,33
الطريقة,33
آمنة,33
2022.,33
يعملون,33
الأولية,33
شاشة,33
المطار,33
ويمكن,33
باعتباره,33
الموافقة,33
بسهولة,33
هوية,33
وكندا,33
جهة,33
اليومية,33
أطلق,33
إزالة,33
الصحي,33
الضرر,33
دقيقة,33
السماح,33
الجاري،,33
عكس,33
التطورات,33
الأخيرة.,33
صاحب,33
استمر,33
الصحافة,33
البيئي,33
يتضمن,33
الموجودة,33
يضمن,33
تكرار,33
يضم,33
اتفاقيات,33
الصومال,33
خصوصاً,33
عامًا.,33
جانبه،,33
الأخبار,33
سيطرة,33
/,33
وقبل,33
الحال,33
نقلت,33
يقع,33
لعب,33
انهيار,33
تكشف,33
بجانب,33
موافقة,33
المتزايد,33
إعلام,33
ساحة,33
يُمكن,33
الألعاب,32
الذرية,32
مايو/أيار,32
الأولوية,32
2015,32
مدعومة,32
الإسرائيلي،,32
الغربية،,32
الأثر,32
20%,32
الأول.,32
الأمريكية,32
ساهم,32
تمكن,32
أسفر,32
الفني,32
سنوي,32
وغالبًا,32
موعد,32
تعني,32
للرئيس,32
بالتعاون,32
الأوسع,32
المرجح,32
عاد,32
الغذائي,32
لحظة,32
بصورة,32
التاسع,32
تدفع,32
الحالات,32
تساؤلات,32
600,32
الوحدة,32
طالب,32
التحقيق,32
لتجنب,32
رئيسي,32
الأخرى.,32
يامال,32
حصلت,32
استهداف,32
للمشاركة,32
اعتبر,32
المؤتمر,32
فوزه,32
المنزل,32
قائلاً:,32
لإطلاق,32
المعايير,32
الطرق,32
موجودة,32
هواتف,32
تعود,32
الشبكة,32
الصادر,32
الإنسان.,32
القائم,32
خطوات,32
أسرع,32
تقنية,32
2026,32
نوع,32
الأرقام,32
وخاصة,31
سلطات,31
الرحلات,31
القصة,31
المدنيين,31
ثقافة,31
السعر,31
لتسجل,31
الوحدات,31
الإيراني،,31
نوفمبر,31
التزام,31
سياسي,31
الواقع،,31
2030،,31
الارتفاع,31
المقبلة.,31
الدفع,31
بجامعة,31
علامة,31
المالية،,31
المؤشرات,31
تظل,31
طرق,31
بعضهم,31
لإنتاج,31
أماكن,31
المستخدم,31
دبلوماسية,31
الشعور,31
مطارات,31
الجرائم,31
الأفريقية,31
مختلفة،,31
مسؤولي,31
يكمن,31
آخر،,31
لتقرير,31
الرسم,31
الوظائف,31
الثامن,31
المواقع,31
وكل,31
قدمت,31
الدم,31
تضمن,31
أشعر,31
الغابات,31
صرح,31
شأن,31
90,31
25%,31
أعادت,31
الوزن,31
2018،,31
لويس,31
انتهاكات,31
سلاح,31
خطوط,31
سندات,31
سلمان,31
خسائر,31
صعوبة,31
إيقاف,31
بارتفاع,31
المساعدة,31
الشخص,31
جدول,31
حكومية,31
مراجعة,31
واجهت,31
كلا,31
استخدمت,31
31,31
لديهم,31
التهديدات,31
العيش,31
هائلة,31
متزايد,31
التحقيقات,31
أمريكي,31
علم,31
يونيو/حزيران,31
وأصبح,31
يتمكن,31
2020،,31
فإنه,31
للوصول,31
فمن,31
توك،,31
المهم,30
وأستراليا,30
ممن,30
العرب,30
أعرب,30
خارجية,30
التدريب,30
الاستفادة,30
الأصليين,30
الكونغرس,30
قصير,30
القدم،,30
العثور,30
ممارسات,30
المركزية,30
الأحداث,30
القليلة,30
بالسجن,30
قراءة,30
بيان،,30
الأدوات,30
العدل,30
وهذه,30
منصب,30
بفارق,30
النظامية,30
شرب,30
المتظاهرون,30
تحرير,30
اندلاع,30
سبع,30
يتوقع,30
توجيه,30
النهائية,30
نهج,30
ردود,30
يحقق,30
تدمير,30
لتنفيذ,30
العوامل,30
آليات,30
بقاء,30
الأفلام,30
وقال:,30
الأمد,30
القلب,30
بمجرد,30
المنازل,30
أسلحة,30
صحفي,30
صافي,30
التحقق,30
اختيار,30
النسخة,30
بطل,30
الحوار,30
لإدارة,30
قصص,30
الطاقة،,30
ميناء,30
مسؤولية,30
الرقائق,30
الشركة،,30
مزيد,30
بدوره,30
خصوصًا,30
وتأتي,30
أيضًا،,30
جريمة,30
انتشرت,30
وبناء,30
أنباء,30
الدولي.,30
تعديل,30
دمج,30
إنهم,30
150,30
1%,30
الأحياء,30
مضيفاً,29
تكمن,29
إعلامية,29
يجد,29
ضبط,29
كونغ,29
مستقلة,29
ميزة,29
تداول,29
تكنولوجيا,29
بعنوان,29
"""في",29
تصنيف,29
قصيرة,29
للشركة,29
مارك,29
تخضع,29
لزيادة,29
التصنيع,29
وارتفاع,29
وتوفير,29
علاوة,29
صحية,29
العملة,29
الإسلامية,29
الأرجنتيني,29
الدولة.,29
أغسطس/آب،,29
صياغة,29
وصفت,29
تملك,29
مارس/آذار,29
بعيدة,29
مشتركة,29
القياسي,29
المنصة,29
والولايات,29
نقطة.,29
المحتمل,29
صناديق,29
الانتخابية,29
قاد,29
المقاومة,29
سبتمبر،,29
الوقت.,29
الكبرى،,29
البيضاء,29
الحيوانات,29
المشاركين,29
يجعلها,29
أنفسهم,29
التحولات,29
السابقة،,29
2021,29
واضح,29
الفنزويلية,29
تصوير,29
سوء,29
يسهم,29
الحديثة,29
أظهر,29
التغيير,29
القانون،,29
صدر,29
المكسيك,29
بجائزة,29
الأحمر,29
تتم,29
بشكلٍ,29
بقلم,29
بلدان,29
انتهت,29
محاولات,29
تأكيد,29
أسبوع,29
تسببت,29
التقليدي,29
وهناك,29
نظر,29
مقر,29
منخفضة,29
المقال,29
الجاري,29
الباب,29
بوضوح,29
مسؤولون,29
لأسباب,29
تقييم,29
حضور,29
البقاء,29
وتحسين,29
الخوف,29
النقد,29
الأوروبية،,29
المفوضية,29
إحياء,29
لامين,29
نفسي,29
زعيم,29
إسبانيا,29
الفضة,29
استثمار,29
ترتيب,29
تتطلب,29
لقطة,29
القمع,29
الكتاب,29
الدخل,29
لأي,28
وظيفة,28
المنشآت,28
الأسرى,28
أردوغان,28
"""غوغل""",28
خيار,28
صنع,28
رابطة,28
يستمر,28
عليها،,28
العراقي,28
يثير,28
دار,28
المباني,28
الأبيض،,28
النسبة,28
الوزير,28
الإقليمي,28
الخبير,28
جنيه،,28
زواج,28
الدخول,28
القتل,28
أشباه,28
المحليين,28
الحرب.,28
الحملة,28
الشاب,28
الإشارة,28
القاهرة,28
وقوع,28
اقتراب,28
تتمتع,28
35,28
الوحيدة,28
للعمل,28
برفقة,28
يدعم,28
الرئيسة,28
تحتوي,28
عاماً،,28
يواصل,28
التداول,28
أبريل/نيسان,28
كاملة,28
منها،,28
أميركي,28
فصل,28
الإنسان،,28
البرامج,28
الأداء,28
تهديدات,28
إثيوبيا,28
مسعود,28
الواضح,28
الأحيان,28
القوية,28
أصوات,28
معاهدة,28
إسرائيلية,28
المبادرات,28
بحوالي,28
جدة,28
وألمانيا,28
الأهداف,28
منتجات,28
أشهر،,28
برنامجها,28
والتعاون,28
كونها,28
سنويًا,28
جرائم,28
قررت,28
وحماية,28
الداخل,28
مايو,28
الأحزاب,28
يؤثر,28
الرابعة,28
2026،,28
السفن,28
وكشف,28
ستارلينك,28
لماذا,28
السابع,28
مجتمعات,28
يجمع,28
بنفس,28
التصميم,28
مصانع,28
معينة,28
الآثار,28
الأحد.,28
سؤال,28
الأجل,28
للدولة,28
التأشيرات,27
قيود,27
اللعب,27
نجاح,27
تصميم,27
بزشكيان,27
الدورة,27
شعور,27
الشيخ,27
رجال,27
تخصيص,27
حادثة,27
بإعادة,27
أصدرت,27
توقف,27
الآن.,27
إرسال,27
فعالية,27
الشعوب,27
الكالسيوم,27
منافسات,27
إيران.,27
الأهلية,27
أولمبياد,27
يستطيع,27
رفضت,27
أستطيع,27
الموسيقى,27
تشرين,27
الهند،,27
مصطلح,27
تحولت,27
حققت,27
التكلفة,27
لتحديد,27
السادسة,27
شك,27
روبوت,27
يشهد,27
التفاوض,27
وجزء,27
أرباح,27
الحقيقة,27
كنا,27
المسؤولون,27
اللحظة,27
ــ,27
عيار,27
تجاوزت,27
التأكيد,27
يُنظر,27
لقب,27
يومياً,27
رحلات,27
عيد,27
فرضت,27
"""بايت",27
روبية,27
التحدي,27
الجنسي,27
الألماني,27
سبل,27
أبو,27
المستهلكين,27
الأفكار,27
إعداد,27
الإغلاق,27
ويرى,27
البرازيلي,27
واحدة،,27
تعزز,27
عديدة,27
الأممية,27
المسؤول,27
القمة,27
ريال.,27
العمل.,27
النقاشات,27
حينها,27
50%,27
العائلات,27
2019,27
صواريخ,27
الساعات,27
الأوراق,27
الخامس,27
نيكولاس,27
يوليو/تموز،,27
تخطط,27
الشؤون,27
التصريحات,27
معاناة,27
يحتوي,27
عبدالله,27
مؤخراً,27
الأبحاث,27
الأم,27
نتنياهو،,27
صدور,27
موارد,27
كلية,27
التحكم,27
أتى,27
الحقيقي,27
عزز,27
الحدث,27
جهات,27
السياق،,27
سابقًا,27
عليه،,27
تتيح,27
بحرية,27
انتقادات,27
طراز,27
"""إذا",27
تتبع,27
وافق,27
والمملكة,27
وإصابة,27
يمكنه,27
تبادل,27
أميركية,27
إكس,27
يونايتد,26
منزل,26
ربع,26
الفنان,26
شعب,26
الاقتصادية،,26
وتطوير,26
التجارية،,26
جزيرة,26
يفتح,26
لتلبية,26
التاريخية,26
إنجاز,26
مستهدفات,26
كون,26
الآخر,26
البرازيل،,26
العامل,26
دعوة,26
الجديد،,26
القلق,26
أسلوب,26
الرياض،,26
كلمته,26
المراقبة,26
التنوع,26
المعدنية,26
صادر,26
العميق,26
التخطيط,26
حديث,26
جماعة,26
تأسيس,26
أية,26
45,26
التطور,26
احتياجات,26
الاتحادي,26
الأسمدة,26
ونصف,26
حقيقية,26
المؤسسة,26
الديمقراطي,26
الاستهلاك,26
التدابير,26
المدرجة,26
إبراهيم,26
متاحة,26
غرار,26
عددًا,26
جمعية,26
بولاية,26
فيسبوك,26
الإطار,26
الركاب,26
بعيد,26
الانتشار,26
وشمال,26
شيئًا,26
محددة,26
تفرض,26
بها.,26
الناخبين,26
جوية,26
التقدم,26
إنستغرام,26
تسريع,26
تحالف,26
يبقى,26
منها.,26
الضرائب,26
السوق،,26
فيلم,26
قليلة,26
جديدًا,26
الأطلسي,26
البطولة,26
الحسابات,26
الإصلاحات,26
وثائق,26
داخلية,26
الشركات،,26
أنْ,26
أسماء,26
الجدل,26
وأكثر,26
المكتب,26
إعصار,26
المصري،,26
أسفرت,26
التحدث,26
وبلغ,26
كيلومتر,26
كافية,26
المائية,26
"""الحزب""",26
ما،,26
المصرية،,26
انخفضت,26
الدولتين،,26
إصابة,26
شهادات,26
إما,26
أموال,26
المستقبلية,26
يشارك,26
المتاحة,26
ورفع,26
"""لم",26
خطيرة,25
نموًا,25
"""ميتا""",25
البلديات,25
افتتاح,25
لاحقاً,25
غرام,25
الريفية,25
نقلته,25
لمكافحة,25
جيدة,25
مبادرات,25
البث,25
المرشحين,25
جائحة,25
2018,25
إصلاحات,25
النهج,25
جنيهًا,25
الإيرادات,25
انسحاب,25
الرؤية,25
آثار,25
وتراجع,25
وأفاد,25
العلوم,25
الثورة,25
عليها.,25
تريد,25
الخزانة,25
دخلت,25
الدينية,25
حسابات,25
المباشرة,25
الآلية,25
الأوروبيين,25
ودعا,25
البيع,25
الحروب,25
الأرجنتين,25
شباب,25
يتمتع,25
والاجتماعية,25
الإفريقية,25
دا,25
الفنانة,25
الشحن,25
تدابير,25
عربية,25
التطوير,25
العمالة,25
الـ,25
التكاليف,25
الذكية,25
مستخدمي,25
سي,25
إضافةً,25
دائرة,25
بضع,25
تمديد,25
أحداث,25
بغض,25
مشيرا,25
الأمان,25
أقصى,25
جعلت,25
المصدر,25
المعروف,25
السؤال,25
روسية,25
للغاية.,25
الساحل,25
منه،,25
الثلاثة,25
القديمة,25
أوروبية,25
رصيد,25
أضافت,25
والشركات,25
مذكرة,25
المخالفات,25
الصواريخ,25
نادي,25
واردات,25
جذب,25
الألواح,25
مصلحة,25
بحثًا,25
وعن,25
ضحايا,25
متجر,25
لتكون,25
قسم,25
يحصل,25
كبير.,25
البشر,25
الإسرائيلية،,25
الصحفي,25
المصالح,25
المسيرة,25
به،,25
محمود,25
تغطية,25
واجه,25
إيجاد,25
كي,25
ودول,25
الخمس,25
الصحفيون,25
الهلال,25
الرئاسية,25
وفيما,25
القاعدة,25
ذاته,25
تتجه,25
يوتيوب,25
الجمهوري,25
بعضها,25
2000,25
%,25
تسوية,25
الديون,25
دورة,25
الانتهاكات,25
المتة,25
الفعل,25
البلاستيكية,25
شعرت,25
المختلفة,25
للعديد,25
بهم,25
أقر,25
للسلام,25
ظلت,25
الخارج.,25
بالغ,25
الصرف,25
الحيوية,25
العقوبات،,25
الخطوات,25
رسائل,25
الحادي,24
سوري,24
والاستقرار,24
350,24
صدارة,24
نسبته,24
أمريكي),24
سوريا.,24
فبراير/شباط,24
سوف,24
تسهم,24
لكنني,24
للحياة,24
الجهة,24
صناعية,24
الوطنية.,24
تقدير,24
التفاصيل,24
الدولة،,24
العزيز,24
تصريح,24
فرانس,24
قدرتها,24
يخلق,24
لندن,24
البريطاني,24
الجمهورية,24
وتشمل,24
تقتصر,24
الصحيفة,24
الدبلوماسي,24
سرعان,24
المتوسط,24
وافقت,24
والمنظمات,24
أتلتيكو,24
تعترف,24
كبيرة،,24
المعروض,24
التجارب,24
والتكنولوجيا,24
واحد.,24
دفعت,24
اختراق,24
جوانب,24
أولى,24
الغرب,24
معَ,24
الشخصي,24
الأغلبية,24
استغلال,24
الأفضل,24
للمستخدمين,24
تبني,24
أرى,24
المستقبل,24
الآونة,24
جماعات,24
سيارة,24
طفل,24
يتماشى,24
مدرسة,24
المعدل,24
الشراكة,24
الرحمن,24
بمعدل,24
2017,24
إجمالية,24
الإسبانية,24
بطرق,24
10%,24
طول,24
إصلاح,24
أفضل.,24
مساعدة,24
يكفي,24
الاجتماعات,24
التالي,24
ولكنها,24
للولايات,24
عبدالعزيز,24
الاجتماعية،,24
النزوح,24
لدي,24
المساحات,24
تأشيرات,24
الأردن,24
لنقل,24
الفصل,24
السندات,24
ببساطة,24
الحقائق,24
المتظاهرين,24
وإنما,24
اليمين,24
مصالح,24
تأجيل,24
ثورة,24
زيت,24
الترويكا,24
الضحايا,24
السياسية،,24
يهدد,24
خيارات,24
فيها،,24
كلها,24
حاجة,24
تهدد,24
اتهامات,24
أكبر،,24
عملت,24
غالبية,24
الواردات,24
الصحراء,24
أبعد,24
حرارة,24
الفئة,23
أفغانستان,23
الأمل,23
والغاز,23
اكتشاف,23
حمل,23
الأجيال,23
الأوروبي.,23
رسميًا,23
يتعين,23
وإدارة,23
أسوأ,23
سجن,23
ووزير,23
الإسلامي,23
متابعة,23
شهادة,23
حدة,23
الإعلامي,23
الاعترافات,23
مدفوعة,23
ليكون,23
لأفضل,23
اليقين,23
بيراميدز,23
يُعرف,23
الكوارث,23
الأساسية،,23
المهنية,23
للعقار,23
الممتاز,23
لعدة,23
قائلاً,23
يومين,23
الماضية.,23
والعنف,23
الحوثيين,23
حاد,23
إنسانية,23
أسباب,23
الاهتمام,23
المدني،,23
طائرة,23
الأفغان,23
الخارج،,23
تلعب,23
لفت,23
"""أوراكل""",23
الجزء,23
توجه,23
القادمة,23
الطبيعة,23
الأرض،,23
علنًا,23
وجنوب,23
تخفيف,23
دمشق,23
برصيد,23
متزايدة,23
والتجارية,23
للاتحاد,23
(,23
ذكرى,23
أنابيب,23
تعريف,23
أصدر,23
الخاصة،,23
الأفريقي,23
المعنية,23
القوي,23
آخر.,23
مشاركته,23
توازن,23
بحيرة,23
تثبيت,23
النماذج,23
تنمية,23
ضخ,23
أنَّ,23
الغذاء,23
المستخدمة,23
كبيراً,23
المسار,23
تقليص,23
المالية.,23
الكربون,23
القواعد,23
وكتب,23
(حوالي,23
لمجموعة,23
للتطوير,23
إيجابية,23
أعمالها,23
الليثيوم,23
الرامية,23
أنصار,23
عجز,23
المحاكم,23
التشغيل,23
ثالث,23
تحظى,23
الصندوق,23
لتصبح,23
وظائف,23
لإجراء,23
العفو,23
الحادث,23
أوامر,23
2030.,23
الجنيه,23
التوسع,23
الجنائية,23
السفارة,23
أرسنال,23
جمال,23
لحضور,23
كازاخستان,23
إنقاذ,23
تبين,23
نفسه.,23
سلامة,23
ضربات,23
الأمطار,23
للبيانات,23
"""فرانس",23
أمل,23
أوروبا.,23
وتقديم,23
بحث,23
عشر،,23
بعيدًا,23
مشترك,23
جمركية,23
المسيرات,23
الروهينغا,23
جزءاً,23
65,23
بتهمة,23
فترات,23
فيضانات,23
قدرات,23
السادس,23
تتوقع,23
فعله,23
الاحتلال,23
التنفيذية,23
الإيطالي,23
1.5,23
تحديث,23
والاتحاد,23
اللواتي,23
قائد,23
العامين,23
بد,23
الشمال,23
روح,23
نووية,23
مقاومة,23
مرشح,23
البطالة,23
قدره,23
وبلغت,23
المشاعر,22
مبنى,22
التوالي,22
الحظر,22
الزيارة,22
يرتبط,22
نور,22
الغارات,22
يساهم,22
العدوان,22
المحلي،,22
سيادة,22
الشركاء,22
كييف,22
بحيث,22
وجهات,22
وتنفيذ,22
الأرض.,22
الزمن,22
الألم,22
والخدمات,22
باتجاه,22
خسارة,22
لاستخدام,22
فئة,22
رسم,22
كوبا,22
المكاسب,22
المتخصصة,22
أعمارهم,22
بعد،,22
اختار,22
فلسطيني,22
التغييرات,22
للنساء,22
جديد،,22
ثمانية,22
عادل,22
نيجيريا,22
يمتلك,22
لوحة,22
الاستعمارية,22
قائلًا:,22
جنيه.,22
السابقة.,22
يركز,22
بفرض,22
الإنساني,22
الكردية,22
البيانات،,22
تجاري,22
العشرات,22
بوركينا,22
الأسرة,22
لتوسيع,22
شامل,22
الخطوط,22
الشهيرة,22
بلدة,22
الاعتبار,22
والاقتصادية,22
التجربة,22
فبراير,22
بقدرة,22
والصين,22
تاريخية,22
وجد,22
نوعية,22
جهودها,22
استثماراتها,22
كفاءة,22
التوقف,22
الموسم،,22
الجفاف,22
بشار,22
مختلفة.,22
باستمرار,22
خاصةً,22
الخسائر,22
اجتماعية,22
النقدي,22
وأصبحت,22
المصلحة,22
توظيف,22
الرهائن,22
تحديًا,22
لديه,22
المصانع,22
يدرك,22
صعود,22
محدودة,22
الاستمرار,22
الصعيد,22
الأسابيع,22
اهتمام,22
غالباً,22
وأي,22
أطفال,22
الحملات,22
حيوية,22
تجارب,22
قمع,22
ملكية,22
فيها.,22
سابق،,22
أبرزها,22
مخصصة,22
للفوز,22
فيتنام,22
المدعومة,22
يعيد,22
الاحتياجات,22
والرئيس,22
القدرات,22
الشخصيات,22
ماريا,22
الخطر,22
الجديدة.,22
اندلعت,22
عسكري,22
بيئات,22
ورئيس,22
البرتغالي,22
الطرح,22
حياتهم,22
المصورة,22
شي,22
مشتريات,22
الأشجار,22
تعويض,22
سحب,22
يضع,22
وشركة,22
كبير،,22
يصعب,22
تدهور,22
الأولى.,22
القطاع،,22
أغلب,22
المشاكل,22
الإعلامية,22
صيف,22
وطنية,22
انعدام,22
المقبلة،,22
تعليم,22
سيول,22
بقدر,22
لها.,22
لتوليد,22
عام.,22
والبحث,22
واستخدام,21
اتصال,21
ينعكس,21
شوارع,21
لصحيفة,21
النتيجة,21
القبض,21
مكتبة,21
عامر,21
القصف,21
والذكاء,21
جين,21
لرؤية,21
للجمعية,21
لمساعدة,21
لها،,21
اللقاء,21
الإعلانات,21
الحين،,21
لمدينة,21
الأمني,21
تل,21
الكفاءات,21
المدينة،,21
ابن,21
متكاملة,21
بلدية,21
اعتبار,21
يتراوح,21
الأجنبي,21
سريعة,21
المملوكة,21
تتحول,21
الصيف,21
وإلى,21
اللقاحات,21
اختبار,21
التمييز,21
الشرعية,21
القطاع.,21
الرد,21
تجارة,21
للشعب,21
الهند.,21
أطول,21
جاذبية,21
شروط,21
بوجود,21
المياه،,21
أيام،,21
وبدأت,21
الزمالك,21
سرعة,21
تحليل,21
رغبة,21
السياسية.,21
يمتد,21
الإيرانية،,21
الحالة,21
وزيرة,21
أوروبا،,21
والقدرة,21
جديد.,21
الأقمار,21
الموصلات,21
الطابع,21
وشركات,21
بمحافظة,21
مشدداً,21
ولو,21
الأدنى,21
الفئات,21
مسيرات,21
وحقوق,21
جدوى,21
يومي,21
لدرجة,21
الضربات,21
"""تسلا""",21
البلد,21
لمناقشة,21
المكونات,21
وهنا,21
بعمق,21
الإطلاق,21
السرديات,21
تصدر,21
لولا,21
نكون,21
المستدامة,21
السينما,21
الأوضاع,21
الفائدة.,21
وحدات,21
وبالنسبة,21
وبعض,21
الأهمية,21
سعودية,21
باكستان،,21
حقًا,21
الإنتاجية,21
يمكنها,21
للاستثمار,21
نعيم,21
رواية,21
نرى,21
حينما,21
تجد,21
تُعدّ,21
الرقمي،,21
لوس,21
الجريمة,21
الجماعي,21
شهري,21
فنزويلا،,21
أخبار,21
سعيد,21
الأمثلة,21
نظيره,21
تجري,21
تمر,21
ووضع,21
عالمي,21
قوي,21
لتقليل,21
قادر,21
السلام،,21
الأسبوع.,21
مغادرة,21
يقف,21
حياته,21
محتملة,21
والصحة,21
المضللة,21
قبيل,21
"""نحن",21
الأدب,21
الفرصة,21
المبكر,21
الروسية،,21
البرازيلية,21
2019.,21
الخامسة,21
المركبات,21
عراقجي,21
المكان,21
النقاش,21
قياسية,21
وصولاً,21
السنغال,21
دولار),21
وتقليل,21
الروما,21
استكشاف,21
الحرية,21
اللحظات,21
إتمام,21
مهم,21
متقدمة,21
فائدة,21
كانون,21
اللون,21
وصعد,21
الفكرية,21
التاريخي,21
فنية,21
لقطاع,21
سلاسل,21
رصد,21
الأماكن,21
رفيع,20
الإسرائيليين,20
توضح,20
مسؤولة,20
السن,20
المخطط,20
بأسعار,20
روسيا.,20
الإسرائيلية.,20
سبعة,20
قدر,20
بسعر,20
الاتجاه,20
الجامعة,20
انتقال,20
مجهولة,20
المستحيل,20
ملامح,20
اللبناني,20
اتخذت,20
إلكتروني,20
اليابانية,20
معظمهم,20
نوبل,20
لوزارة,20
بنظام,20
"برس"".",20
قنوات,20
اليومي,20
نُشر,20
السوق.,20
ذاتها,20
الكاريبي,20
اليمن،,20
رأى,20
يُعتقد,20
تعيد,20
مسبوقة,20
تتمثل,20
الصمت,20
شكلت,20
دفعة,20
وكشفت,20
"لـ""العربية.نت""",20
بالتزامن,20
أضرار,20
اتجاه,20
ساو,20
سلطة,20
فلن,20
تنص,20
المطورين,20
ماركو,20
الأصل,20
ارتفاعًا,20
الأساسية.,20
القروض,20
بانخفاض,20
النووي،,20
الشديد,20
النزاعات,20
نظرة,20
هيكلة,20
التعرض,20
علامات,20
أنطونيو,20
1000,20
بدا,20
المجتمع.,20
سقف,20
إزاء,20
الطب,20
السعودية.,20
قِبل,20
الجماعات,20
الفور,20
أجواء,20
أطراف,20
محل,20
ومنها,20
الروايات,20
ثنائية,20
التراجع,20
أضعاف,20
الناحية,20
اتهم,20
الخسارة,20
وفرض,20
الأخضر,20
للقطاع,20
حاليا,20
إم,20
الأخشاب,20
اثنين,20
2.5,20
ونقص,20
المستوطنات,20
للأطفال,20
بدور,20
2016،,20
معركة,20
العلاج,20
ميدالية,20
التقليدية،,20
الوكالات,20
احترام,20
سطح,20
السنوي,20
العلماء,20
0.6%,20
الأمريكي,20
والرعاية,20
المطالب,20
وحول,20
المشروب,20
ولايته,20
فضلا,20
قياسي,20
75,20
النفسي,20
الاقتصادي،,20
الشهير,20
فلاديمير,20
بالعمل,20
شعار,20
عهد,20
والثروة,20
وبريطانيا,20
أرقام,20
السفير,20
النجاح,20
حسبما,20
إمام,20
الشباب،,20
ميغاواط,20
ربط,20
أنهى,20
يعانون,20
شاركت,20
الطائرة,20
النفسية,20
الملايين,20
علاج,20
الثانية،,20
اتباع,20
وأنا,20
ملحوظ,20
يجري,20
ليصبح,20
المختصة,20
ثماني,20
أمراض,20
الاستعمار,20
تتعرض,20
الحركات,20
ماتشادو,20
الحكومة،,20
؛,20
تمنح,20
يخدم,20
الراحل,20
السابق.,20
للانتخابات,20
دبي,20
فضلًا,20
توريد,20
يتمثل,20
السوداني,20
المعادية,20
مراحل,20
وفد,20
الحكومة.,19
للجدل,19
يقود,19
الابتكار,19
تعاون,19
العالمي.,19
5%,19
قصف,19
الاحتفال,19
نفسها.,19
سعي,19
والبنية,19
بحياة,19
بعيداً,19
المستقلة,19
والطاقة,19
سم,19
فرق,19
تمكنت,19
وهما,19
أريد,19
الثنائية,19
الطفل,19
دراسات,19
"الله""",19
الانتخابات.,19
"""على",19
يوان,19
الصينية.,19
كيلومترًا,19
الفقر,19
مضيفه,19
خلاله,19
لتحسين,19
الفجوة,19
نفقات,19
250,19
حاول,19
تحوّل,19
أوكرانيا.,19
قليل,19
الباحثين,19
النيل,19
رقمية,19
ضرب,19
تضع,19
شرطة,19
الحادثة,19
صحيح,19
بديلة,19
مبكر,19
اضطرابات,19
كارثة,19
سابقاً,19
المجتمعية,19
قسد,19
المعاملات,19
وزاد,19
حوادث,19
الأمراض,19
معرفة,19
الله،,19
الشهر،,19
الأطباء,19
عميق,19
بدوري,19
كنتُ,19
المجتمع،,19
صفوف,19
الخيار,19
التزييف,19
مبدأ,19
مؤقت,19
المحلي.,19
جيهان,19
شأنه,19
آند,19
لحزب,19
حذر,19
الأمر،,19
المناخية,19
بطاقة,19
الاقتصادية.,19
عملي,19
للأنباء.,19
الاستجابة,19
للدول,19
أبل,19
لخفض,19
وإسرائيل,19
لوحات,19
وحزب,19
تأمين,19
ضمانات,19
120,19
الغضب,19
وثيقة,19
النهضة,19
النضال,19
وتقول,19
يحاول,19
ضغوط,19
تُستخدم,19
لحظات,19
مستمر,19
الآسيوية,19
بدفع,19
تداعيات,19
سيارات,19
بتقديم,19
اللاتينية,19
الكتابة,19
تسويق,19
تفتح,19
وصولًا,19
الأسمنت,19
الفارق,19
الموازنة,19
القتال,19
تركيا،,19
خطورة,19
وإطلاق,19
تزداد,19
الوطني،,19
استطلاع,19
الفائز,19
التركية,19
الميزة,19
تلبية,19
سكانها,19
سكنية,19
كتابة,19
التحالف,19
توسع,19
التقليدية.,19
عالميًا،,19
المعدات,19
بالتأكيد,19
السلطة،,19
البرازيل.,19
خرج,19
مبلغ,19
لتمويل,19
الخليج،,19
بالنظر,19
أعلم,19
المسلمين,19
ضم,19
بيد,19
معدات,19
العالي,19
تعتزم,19
المساهمين,19
لائحة,19
باب,19
بحجم,19
القيم,19
أثرت,19
الترويج,19
السوقية,19
بالكامل.,19
صدمة,19
معارضة,19
الإيجار,19
تباطؤ,19
دليل,19
المحتجزين,19
مستهدف,19
هذهِ,19
أسبوعين,19
"""إن",19
"""لقد",19
بوقف,19
الرياح,19
بحر,19
للمطالبة,19
أراضي,19
السيبراني,19
تجنب,19
إدخال,19
(البنك,19
ثمة,19
الأسبق,19
قفزة,19
العناصر,19
شرائح,19
توفي,19
أسرة,19
التكنولوجيا،,19
وليست,19
الناتجة,19
وأنها,19
السباق,19
تدرس,19
دولي,19
الداخلي,19
ذو,19
والمؤسسات,19
بقية,19
الإقليم,19
الذكرى,19
نظراً,19
التقاليد,19
“لا,19
الحل,19
التدخل,19
الشيوخ,19
لاستعادة,19
الموت,18
صينية,18
مشكلات,18
البشرة,18
استجابة,18
وأعضاء,18
الياباني,18
دو,18
المتكررة,18
يجعله,18
كونه,18
تابع,18
حوكمة,18
والمجتمع,18
الشمس,18
عززت,18
المطلوبة,18
الفورية,18
زيلينسكي,18
إشراف,18
الانسحاب,18
الشمالية،,18
برئاسة,18
تايوان,18
قرابة,18
ستريت,18
الأربع,18
الجماهير,18
بدوره،,18
"""آلية",18
الأميركي.,18
المباريات,18
ورد,18
يشعر,18
موضحًا,18
البلدين.,18
هدفا,18
إير,18
تجاهل,18
استخدامها,18
بالغة,18
جون,18
الدوليين,18
تعلم,18
حدثت,18
الأوسط،,18
الخليجي,18
مؤكدًا,18
الشتات,18
عملة,18
التراث,18
الذاتي,18
مؤقتة,18
الفعاليات,18
روبوتات,18
متحدث,18
المطارات,18
التغذية,18
عمق,18
تثير,18
تقارب,18
مئوية,18
الإفراج,18
المشفرة,18
الحساب,18
طبيعي,18
يدخل,18
قديمة,18
عطلة,18
تغييرات,18
لخدمة,18
طويلة،,18
العلامات,18
الشركة.,18
القرى,18
بورصة,18
51,18
يشبه,18
خام,18
تي,18
مضيفة,18
أيضاً،,18
للانضمام,18
هناك،,18
بوتيرة,18
ووقف,18
إسرائيلي,18
بينهما,18
الغربي,18
الفكرة,18
تتخذ,18
"توك""،",18
السورية،,18
جيد,18
البذور,18
أعداد,18
الحرس,18
دعوى,18
الموظفين,18
ويكيميديا,18
التشغيلية,18
حافظ,18
الإصابات,18
حسابه,18
الزخم,18
تركيز,18
"""هناك",18
فوائد,18
الرجل,18
تخزين,18
يُظهر,18
الفنانين,18
الحلقة,18
الدهون,18
الأسترالي,18
أستراليا,18
الإسكان,18
عليه.,18
بوصفها,18
متن,18
اليونان,18
تقل,18
الرئاسي,18
اليومية.,18
المنزل،,18
محيط,18
أساليب,18
مناقشة,18
الرحلة,18
الترجمة,18
تواجهها,18
البطولات,18
مرافق,18
النووية،,18
التلفزيون,18
نطاقًا,18
النفط،,18
دائم,18
مشهد,18
الدولارات,18
استكمال,18
الاتفاقيات,18
بنية,18
"""هذه",18
تهديدًا,18
طلاب,18
الاستعداد,18
والحفاظ,18
منشآت,18
الخرطوم,18
حيثُ,18
أمس،,18
أردت,18
التشريعية,18
الإصلاح,18
الجنوبية،,18
الكراهية,18
النساء،,18
بورتلاند,18
أحكام,18
بمنطقة,18
جنيهًا،,18
السلوك,18
منصبه,18
قضائية,18
حادث,18
الأميركي),18
الحجم,18
واستمرار,18
التسجيل,18
بوتين,18
تمامًا.,18
وبحلول,18
وصفه,18
تعهد,18
طلبت,18
بدل,18
2%,18
مجدداً,18
وادي,18
الأربعاء،,18
البداية،,18
يملك,18
الملابس,18
الشمالي,18
الكهربائية،,18
طيب,18
ست,18
البلدية,18
الإطلاق.,18
ميسي,18
البضائع,18
تتوقف,18
الاقتصاد،,18
تستطيع,18
ترتفع,18
كثيراً,18
المتقدمة,18
حلف,18
الرقمية.,18
برشلونة،,18
جرت,18
مصطفى,18
تصويت,18
جزر,18
النائب,18
له،,18
الطويل.,18
المنظومة,18
فيهم,18
المشتبه,18
تطلب,18
السهم,18
مهما,18
التحرير,18
البريد,18
الروابط,18
ذي,18
السد,18
عدداً,18
تركيا.,18
العراق،,18
الميزانية,18
ليلة,18
الخروج,18
ووفقاً,18
تعيين,18
التوجه,18
بولندا,18
ماكس,18
تدعو,18
الحياة.,18
للقيام,18
الحوادث,18
حاسمة,18
طبقة,18
اليمن,18
التى,18
يحدد,18
بالفعل،,18
“.,18
وتهدف,18
العاشر,18
الفرق,18
لرفع,18
النيابة,18
المراهقين,18
"""فوكس",18
النفوذ,18
قبول,18
كورينا,18
للاستخدام,18
دعت,18
رئاسة,18
صلة,18
حذرت,18
المرشح,18
العراقي،,18
الهواء,18
آنذاك,18
لاحقًا،,17
ترمب,17
الاستراتيجي,17
الأزمات,17
طرحت,17
والوصول,17
ضوء,17
المشروعات,17
ثمن,17
الحديدية,17
أكسيد,17
700,17
المستخدمون,17
تمكين,17
صحافة,17
مسيرته,17
المواطنون,17
"""إكس""",17
عميقة,17
قُتل,17
آل,17
الآجلة,17
يخص,17
القابل,17
دولار)،,17
بإجمالي,17
سنوية,17
العائد,17
الطبي,17
الطويل,17
السودان،,17
تستند,17
"""هذا",17
تعامل,17
الدقيق,17
مثل:,17
التعادل,17
البلدين،,17
الإنسانية،,17
الروسية.,17
مبادئ,17
السجناء,17
سبتمبر/أيلول،,17
برس,17
تعلن,17
محفظة,17
بمن,17
ثقافية,17
فعلت,17
الخيال,17
الرياضة,17
سجلات,17
المواقف,17
اقتصادي,17
الديمقراطيين,17
المستوردة,17
المجموعات,17
نقدية,17
لأغراض,17
ونتيجة,17
تنويع,17
مرتين,17
الاحتفاظ,17
رصيده,17
مقترح,17
خريطة,17
له.,17
يوميًا،,17
معرض,17
الأصلية.,17
أبيب,17
ويعزز,17
مفتوحة,17
وخدمات,17
آن,17
ترسيخ,17
صرف,17
إشارات,17
قلق,17
أنماط,17
بإمكان,17
تتمكن,17
يزداد,17
أكبر.,17
صحافي,17
أمراً,17
المقررة,17
يرفع,17
(أيلول),17
وعقب,17
الخضراء,17
اللواء,17
مسارات,17
عادت,17
الحلول,17
بيت,17
المقيمين,17
الفكرية،,17
جماعية,17
مجددًا,17
نسب,17
النادرة,17
المسؤولة,17
الكويتية,17
يلعب,17
التخلي,17
المبادئ,17
أبناء,17
المخصصة,17
تحاول,17
العقار,17
والأمن,17
كبيرة.,17
المطالبة,17
بضعة,17
بخفض,17
انطلاق,17
قريبة,17
ودعت,17
تحقيقات,17
الكوري,17
غني,17
التقديرات,17
المساحة,17
47,17
تختلف,17
حديثه,17
الصحية،,17
الاستحواذ,17
أخيرًا,17
الأصغر,17
مهمًا,17
قلة,17
المحدودة,17
ردًا,17
ركيزة,17
الساحلية,17
القصيرة,17
واعتبر,17
حادة,17
دير,17
مضيفًا,17
تجميد,17
رجب,17
الجمعة.,17
أنّه,17
للصين,17
الأوسط.,17
الناجمة,17
عواقب,17
حديثة,17
التفتيش,17
اليد,17
تتميز,17
إلكترونية,17
التهديد,17
فتاة,17
اللاتي,17
عددهم,17
ماء,17
عصر,17
لاتفاق,17
وانخفاض,17
مبالغ,17
يلي,17
آمل,17
امتدت,17
ليرتفع,17
سيؤدي,17
الثاني.,17
المصريين,17
ينتهي,17
عائلته,17
لتنظيم,17
الروبوت,17
آي,17
وتوقعت,17
تحرك,17
الناس،,17
مستخدم,17
قويًا,17
الشراء,17
المتهم,17
وبموجب,17
التالي،,17
«حماس»,17
الشخصية،,17
سمعة,17
واصل,17
حاولت,17
رأي,17
المحتملة,17
التزامات,17
واسع،,17
الأطفال،,17
جولة,17
وضعت,17
المؤجر,17
موضحاً,17
كأداة,17
ويبدو,17
تنقل,17
التصنيف,17
عقود،,17
الاعتداء,17
الصناعية،,17
فور,17
عادلة,17
وعدد,17
للغة,17
للتوصل,17
تاريخي,17
برفع,17
المحطات,17
الحالية،,17
نفت,17
للتعامل,17
يحظى,17
تقلبات,17
أنَّ,17
نفط,17
السيولة,17
جماعي,17
"ذلك"".",17
أذربيجان,17
ترتبط,17
الجودة,17
إنتاجها,17
أغسطس،,17
التقى,17
مواقف,17
المعتقلين,17
لفهم,17
ولفت,17
السياسيين,17
مصير,17
الإعصار,17
لخطر,17
"""ما",17
العرقية,17
أفريقيا،,17
التعليم،,17
يوسف,17
بلقب,17
فرحان,17
أقدم,17
تشارك,17
مجرى,17
السكر,17
الحياة،,17
تسعة,17
الامتثال,17
السود,17
الرياضية,17
أندرويد,17
شحن,17
نصر,17
شكّل,17
مرتبط,17
الديمقراطية،,17
وشهدت,17
هدفاً,17
الممارسة,17
الهندي,17
الحر,17
مشاهدة,17
يوميا,17
انتشر,16
الأرصاد,16
المسابقة,16
النشطاء,16
الجماعة,16
مرونة,16
شخصاً,16
رمزًا,16
يسمى,16
للبلاد,16
ملف,16
شعوب,16
الشعبي,16
المرتبط,16
البشري,16
دائما,16
لمجلس,16
ضيفه,16
المنتدى,16
شأنها,16
الاقتصادي.,16
متطلبات,16
الملف,16
منتج,16
الفيدرالي،,16
تشيلسي,16
البوسنة,16
زيارته,16
يتناسب,16
جو,16
الثنائي,16
الحدود،,16
لضبط,16
مربع,16
جوهرية,16
الريال,16
أبدى,16
الذاتية,16
العملاقة,16
تكثيف,16
تعطيل,16
36,16
التلاعب,16
وسيتم,16
أبحاث,16
يترك,16
لجذب,16
المسألة,16
تكساس,16
والاستثمار,16
أصغر,16
عمره,16
42,16
تعميق,16
التاسعة,16
الشبكات,16
القادمة.,16
لدول,16
أنجلوس,16
النزاع,16
فريدة,16
اعتقلت,16
نسمة,16
أغلقت,16
الخبرات,16
الفتاة,16
صيدنايا,16
لشؤون,16
وطأة,16
استراتيجيات,16
بسيطة,16
الأبيض.,16
النظام،,16
مستعدة,16
تدريجيًا,16
يعرض,16
لك,16
وأنه,16
ألوان,16
روسيا،,16
الدوحة,16
الناطقة,16
الاجتماعية.,16
به.,16
لمنظمة,16
أعمق,16
الإعفاء,16
الطويلة,16
القتلى,16
الإقبال,16
وهل,16
الحوسبة,16
لعملية,16
زمن,16
يخشى,16
فنزويلا.,16
مؤخرًا،,16
"اللّه""",16
إضافي,16
توافق,16
التعاملات,16
أمير,16
الائتمان,16
عقارية,16
النسوية,16
تستحق,16
رأسها,16
نفسية,16
شديد,16
نيويورك.,16
المواطن,16
الدول،,16
اليورو,16
تحدد,16
المحافظ,16
15%,16
السياسي،,16
33,16
إعمار,16
الأمن،,16
اغتيال,16
طهران،,16
وتعد,16
لندن،,16
أكتوبر،,16
المستقبل،,16
2021.,16
وتقدم,16
والمشاركة,16
أكن,16
الغنية,16
حماس،,16
المرتفعة,16
خالد,16
الفترة،,16
تثبت,16
بفعل,16
ثانية,16
الكنيسة,16
للعنف,16
الفائدة،,16
معًا,16
التجزئة,16
أخذ,16
يمنع,16
بيئية,16
المشروعة,16
طالما,16
خفضت,16
التوريد,16
كولومبيا,16
النموذج,16
الإبداع,16
قاله,16
"""أمازون""",16
تانغ,16
بجميع,16
طبيعية,16
لعقود,16
المغربي,16
وصفها,16
حصول,16
المفترض,16
سنوي،,16
إنّ,16
للخدمات,16
استراتيجي,16
أكثر،,16
ومنطقة,16
التغيرات,16
الخاص،,16
التعديلات,16
مساحات,16
السلام.,16
والتجارة,16
الرسمية.,16
أوراق,16
القضائية,16
التصدير,16
الغالبية,16
الخلافات,16
30%,16
فاسو,16
أتت,16
الصمود,16
لسنوات,16
إيلون,16
رؤوس,16
موجهة,16
وبدأ,16
التمثيل,16
ملحوظًا,16
انتقد,16
"""دار",16
ومنع,16
المناخ،,16
أقيمت,16
الأفارقة,16
بيروت,16
إيطاليا,16
للبحث,16
لذا،,16
لعرض,16
الكهربائي,16
أسئلة,16
استخدامه,16
والسياسية,16
بعدد,16
حفظ,16
صعوبات,16
برلين,16
انتظار,16
تعادل,16
متنوعة,16
إنفاذ,16
الجليدية,16
الأنهار,16
طرف,16
بالبشر,16
قاسية,16
ضربة,16
البطل,16
“في,16
بإطلاق,16
بول,16
والعشرين,16
لعدد,16
ووسائل,16
يقلل,16
معروفة,16
لأنني,16
الفنون,16
المواجهة,16
المتزايدة,16
4.5,16
المهنية،,16
اعتبرت,16
المهام,16
القومية,16
يونيو/حزيران،,16
والدعم,16
لاعبي,16
مسؤولين,16
احتمالات,16
الثمانية,16
مكانتها,16
الاتهام,16
تحذير,16
تفوق,16
للمواطنين,16
لتلك,16
لي،,16
جسر,16
المتداولة,16
السابعة,16
نقاش,16
(واس).,16
مساهمة,16
ممثلي,16
"نيوز""",16
مستخدمة,16
نص,16
ونحن,16
طالبت,16
عائدات,15
الموجهة,15
34,15
صراع,15
أرضه,15
أمين,15
بوابة,15
متهمة,15
مثالية,15
الشرقية,15
يواجهون,15
أبدًا,15
بوضع,15
ساحل,15
تحميل,15
ولهذا,15
المبلغ,15
أفلام,15
العلم,15
المهارات,15
ذلكَ،,15
عمرها,15
عالمياً,15
ملابس,15
والثقافة,15
التقاط,15
زميله,15
أكون,15
فرصًا,15
جديداً,15
جنود,15
لتطبيق,15
للنظام,15
بصفته,15
مواطنين,15
تربط,15
الهيئات,15
جدد,15
نجحت,15
القادمة،,15
شنت,15
وأضافت:,15
فقدت,15
العمراني,15
وحصل,15
مراقبون,15
يقضي,15
القناة,15
والتعليم,15
لتغطية,15
المجاورة,15
الصحيح,15
محدود,15
المستويات,15
تقف,15
ذا,15
روبرت,15
القنوات,15
نفسها،,15
شعبية,15
ورفض,15
إيه,15
التيار,15
حاكم,15
السبت.,15
يعترف,15
وقوات,15
ويؤكد,15
ومراكز,15
أسابيع،,15
وتعرض,15
تولى,15
والأجهزة,15
ستيفن,15
للاقتصاد,15
0.3%,15
إظهار,15
الجنوبية.,15
سرد,15
أيّ,15
إيمانويل,15
السكك,15
الدعوة,15
ميداليات,15
جوائز,15
إبرام,15
غابات,15
التالية,15
استبدال,15
بنشر,15
التسوية,15
كتاب,15
الحريق,15
فني,15
يقودها,15
آفاق,15
متعددة،,15
امتصاص,15
القول,15
إنتر,15
الشاحنات,15
الثامنة,15
الأسئلة,15
سارة,15
مسابقة,15
قائلة:,15
ذكريات,15
التعليقات,15
قوى,15
الانتخابات،,15
المعلومات،,15
السياحية,15
خرق,15
رويترز,15
منتدى,15
فما,15
عابرة,15
ليبيا,15
النيران,15
الممتدة,15
عودته,15
تلقي,15
وحسب,15
المستشار,15
إصدارات,15
والدول,15
أعاد,15
التيسير,15
ويعد,15
وطلب,15
إقرار,15
ماكرون,15
التقنية،,15
وسلامة,15
الدرجة,15
الجيوسياسية,15
التضامن,15
"""كان",15
(تشرين,15
الخارجي,15
ضغوطاً,15
المخدرات,15
الحصار,15
خسارته,15
رونالدو,15
الطاولة,15
يستهدف,15
حذّر,15
القطري,15
ارتداء,15
هيكل,15
طارق,15
الأخلاقية,15
متحف,15
استخراج,15
السنين،,15
يتوقف,15
المنزلية,15
الإمدادات,15
للسلطة,15
صغير,15
"دانس""",15
رمضان,15
ليسجل,15
المتاجر,15
"""واع"".",15
دقيقة،,15
الأساس,15
مطلعة,15
المهندس,15
بتكلفة,15
ميزات,15
المبيعات,15
أوبتيموس,15
2015،,15
المفتوحة,15
الموعد,15
مخالفة,15
يُعدّ,15
أوقات,15
الأسود,15
الحضرية,15
الذرية،,15
المبعوث,15
القرنفل,15
الاستطلاع,15
نشره,15
المستثمر,15
كذلك،,15
ليفيت,15
وأحيانًا,15
طال,15
التزامها,15
سفن,15
الباكستانية,15
الإجراء,15
الواسعة,15
زملائه,15
وتنظيم,15
صعبة,15
وتوقع,15
وجاءت,15
للفلسطينيين,15
"""إنفيديا""",15
السبعة,15
اقترح,15
إقالة,15
كهربائية,15
أجرته,15
الحذر,15
وفاز,15
أمله,15
وتركيا,15
الرسمية،,15
بعد.,15
الخطأ,15
الإلكترونية،,15
تنظر,15
نُشرت,15
بمشاركة,15
باستثناء,15
للطي,15
الجانبين,15
المشروع،,15
بالضرورة,15
بطلب,15
الإقامة,15
الهائل,15
محتمل,15
الإمبراطورية,15
الأصلية،,15
المغربية,15
للصحفيين,15
المسافرين,15
لتفادي,15
(د.ب.أ).,15
المناطق،,15
أجنبية,15
فاطمة,15
الواقعية,15
دولة،,15
تلقى,15
لاند,15
تفيد,15
حساسة,15
عبارة,15
نسبتها,15
الساحة,15
اهتمامًا,15
مناهضة,15
الدم،,15
معهم,15
طبية,15
لفريق,15
السلبية,15
للسكان,15
الخاضعة,15
الفحم,15
سيلفا,15
بإذن.,15
الغزو,15
دينار,15
مرتفعة,15
خضم,15
الإسلام,15
إذن,15
وبما,15
القراءة,15
التغطية,15
الحضور,15
المستشفيات,15
لكننا,15
مثال,15
بوسكيتس,15
التوظيف,15
التنفيذ،,15
التعافي,15
التعلم,15
صفحة,15
هيمنة,15
وانخفض,15
يُعزز,15
مدتها,15
تعرّض,15
يتعرض,15
السكان،,15
ارتفاعاً,15
الثقافية،,15
كوب,15
المستقبل.,15
ونقلت,15
الى,14
أيلول,14
يأمل,14
الإبلاغ,14
تأشيرة,14
الفعلي,14
صفقات,14
تختار,14
الدولتين.,14
السلمية,14
آراء,14
مسافة,14
النار،,14
لكن،,14
التنافسية,14
يغير,14
الإذاعة,14
الأعاصير,14
بارتكاب,14
الكفاءة,14
تطورات,14
يصف,14
مالك,14
القادم,14
وإنشاء,14
الغطاء,14
الزعيم,14
لبيان,14
أشهر.,14
ضوابط,14
لتشمل,14
الصينيين,14
تفاهم,14
خلاف,14
يستخدمون,14
منهما,14
فعالة,14
عنف,14
أجراه,14
رعاية,14
والقطاع,14
لصناعة,14
ومحمد,14
النازحين,14
تفكيك,14
الفلسطينيون,14
الولاية,14
أقول,14
احتمالية,14
الكثيرين,14
والهند,14
الزائدة,14
مصر.,14
سفر,14
لافتة,14
للملكية,14
وتؤكد,14
القرار.,14
بصوت,14
الدماغ,14
باكستان.,14
محافظ,14
إعطاء,14
عملها,14
حركات,14
جدًا،,14
الروسي،,14
أدلى,14
يروي,14
بالكامل،,14
أولوية,14
المدمرة,14
وصرح,14
الإلكتروني،,14
الباني,14
لقاءات,14
الإسباني،,14
المعرفة,14
لتحويل,14
جنوبي,14
ترجمة,14
مسعى,14
علاقاتها,14
ستيف,14
إثارة,14
اتصالات,14
التوقيع,14
4%,14
وغيرهم,14
يحافظ,14
800,14
يحد,14
الجنوب،,14
2011،,14
الضخمة,14
للنفط,14
درهم,14
مسيّرة,14
أساسًا,14
أثبتت,14
البنغلاديشيين,14
الري,14
إفريقيا،,14
أولاً,14
الطلبات,14
جلسات,14
الشبيهة,14
العدائية,14
الاكتتاب,14
تسهيل,14
آخرين،,14
استحواذ,14
السعي,14
اليسار,14
المستقبلية،,14
هكتار,14
دوره,14
الشعر,14
عامين،,14
الترفيه,14
استعداد,14
مايو/أيار،,14
للقوات,14
فبينما,14
ساعد,14
الخريف,14
مفهوم,14
السيارة,14
الشارع,14
التفاعل,14
وأوروبا,14
والعدالة,14
تنسيق,14
الأوكراني,14
واضحًا,14
محور,14
المحيطة,14
العميقة,14
تدفقات,14
المظاهرات,14
دعمًا,14
مشروعًا,14
بانتظام,14
المساهمة,14
المتبادلة,14
تعهدت,14
مستقل,14
ملفات,14
الصراعات,14
العضو,14
ولذلك,14
48,14
حكومي,14
أجنبيًا,14
الكارثة,14
تقام,14
التعرف,14
تسيطر,14
"""أوبن",14
"آي""",14
شارع,14
مزيج,14
صيني,14
القدس,14
يسلط,14
مستقرة,14
بارزة,14
كلّ,14
تصاعدت,14
لموقع,14
الشريك,14
القادرة,14
اندلع,14
اقتراح,14
المحمولة,14
نقلا,14
ترد,14
الطاقة.,14
الصحفية,14
رئيسيًا,14
يريدون,14
المسيّرة,14
الصلب,14
الوسائط,14
المحافظة,14
المبذولة,14
نشهد,14
الغير,14
الترحيل,14
الحضري,14
البحرين,14
الطبية،,14
جوهر,14
الحوكمة,14
كثيرة,14
2016,14
مَن,14
المناهضة,14
المعقدة,14
2027.,14
التنظيم,14
احتياطيات,14
وكأنه,14
تسير,14
180,14
خوفًا,14
باستثمارات,14
الخاصة.,14
دارفور,14
بدت,14
الدراسة،,14
حسين,14
عملاء,14
ويمثل,14
يضيف,14
بصفة,14
المصممة,14
لهجوم,14
السيادة,14
بصفتها,14
الواسع,14
خارطة,14
ناي,14
بنوك,14
نفذت,14
منشأة,14
الشوط,14
التوالي،,14
المدني.,14
نشرتها,14
التكيف,14
العجز,14
70%,14
العلمية,14
تهدئة,14
ويشير,14
باقي,14
إصابات,14
للجنة,14
السرعة,14
ترخيص,14
العادل,14
الوقاية,14
إسطنبول,14
للتعاون,14
الوسطى,14
مهرجان,14
عرضت,14
إقناع,14
يتغير,14
واصلت,14
تصعيد,14
الطراز,14
برونزية،,14
ملموسة,14
وحقق,14
الشروط,14
التعويض,14
خسر,14
يتحول,14
المشتريات,14
لعبت,14
وكنت,14
التحرك,14
الأرواح,14
صباحًا,14
منه.,14
الأسعار.,14
موضحة,14
فرضها,14
انبعاثات,14
100%,14
إنفاق,14
الكلاب,14
تساهم,14
مخطط,14
أُعيد,14
قيمته,14
تايمز,14
والدفاع,14
يُساعد,14
الأجل،,14
أخطر,14
العقوبات.,14
لتأمين,14
القليل,14
أستاذ,14
فهذا,14
فريتز,14
مليئة,14
قليلاً,14
80%,14
الأطلسي،,14
يعلن,14
الناشط,14
"""الشركة",14
شاب,14
سلوك,14
عنها،,14
القاضي,14
مؤقتًا,14
مواطن,14
والمياه,14
الإيجابي,14
يزعم,14
مباشرة،,14
غدًا,14
الأرضية,14
الاستقلال,14
43,14
تحسن,14
الشاملة,14
لكنهم,14
لافتاً,14
غادر,14
المصنع,14
لرئيس,14
أيام.,14
الإفصاح,14
حامل,14
رداً,14
فجر,14
سنوياً,14
الأجرة,14
مصممة,14
إندونيسيا,14
ميزانية,14
العاصفة,14
لروسيا,14
بالفترة,14
مديرة,14
ترامب:,14
تقسيم,14
اعترفت,14
تلتزم,14
هدفه,14
الفوري,14
عائلات,14
غضب,14
يختلف,14
أكتوبر.,14
مفاجئ,14
سبقت,14
فتحت,14
السوريون,14
استدامة,14
زعم,14
فإذا,14
السكان.,14
يتضح,14
ندرة,14
قوله.,13
واسعاً,13
الأشياء,13
المواطنين.,13
خوارزمية,13
تستضيف,13
برزت,13
روبيو,13
جورجيا,13
الرسالة,13
مضيفا,13
الخاطئة,13
والسياسي,13
حياتي,13
بإجراء,13
مناقشات,13
استقبل,13
معقدة,13
كاتماندو,13
تعليقات,13
الذاكرة,13
الاحتجاج,13
شاحنات,13
أين,13
هما,13
الاقتراض,13
لأجل,13
روسي,13
ويعود,13
قائم,13
170,13
الصارمة,13
بإذن,13
طوكيو,13
37,13
يُتوقع,13
المخدرات،,13
موطن,13
اتهام,13
وتحديد,13
وآخر,13
وتنمية,13
لإنقاذ,13
"""أسوشيتد",13
المقابل,13
منا,13
الأول),13
طاولة,13
المعتمدة,13
التحتية،,13
المملكة.,13
صالحة,13
مرة،,13
باللغات,13
السودان.,13
صحي,13
بمبلغ,13
حدد,13
الجنود,13
عنيفة,13
بالتالي,13
سنة،,13
امتلاك,13
أجرى,13
هندية,13
هناك.,13
الهادئ,13
مرصد,13
سعة,13
فرضتها,13
عاجل,13
طيار,13
استغرق,13
تزعم,13
الدنمارك,13
المعارض,13
كندا,13
لضغوط,13
الكاريبي،,13
تكوين,13
بالكرة,13
النفطي,13
الرقابية,13
للحرب,13
بابا,13
طفرة,13
شرقي,13
بدر,13
الإطفاء,13
المعتاد,13
الجنوبي,13
الملفات,13
سياسياً,13
لتصنيع,13
الإعمار,13
أعرف,13
الواحد,13
تدريجياً,13
52,13
1.3,13
وسجلت,13
منظور,13
صورًا,13
إساءة,13
المؤلف,13
الضعف,13
المبنى,13
مكملات,13
الروشة,13
الوسطى،,13
حريق,13
البطاريات,13
سيظل,13
يورو،,13
صخرة,13
وغياب,13
النجوم,13
الترتيب,13
موضوع,13
الحديد,13
الّتي,13
الرقمي.,13
تدير,13
لابد,13
تاريخيًا,13
اللغوية,13
معادلة,13
بالمائة,13
لشركات,13
شراكة,13
بتوفير,13
تريليونات,13
مطالبين,13
نعم،,13
بدائل,13
موجود,13
مقاتلات,13
أفريقيا.,13
ذكرته,13
المعاناة,13
المذكرة,13
رياح,13
متعدد,13
تحتل,13
عنها.,13
الجوانب,13
كوسيلة,13
التكنولوجيا.,13
أُجريت,13
لشبكة,13
كارلوس,13
احتجاجًا,13
الجارية,13
التحليل,13
اليميني,13
عراقجي،,13
الأحوال,13
للشركة،,13
الدستور,13
فن,13
نسبيًا,13
يقدر,13
معنى,13
المعارضين,13
القرضاوي,13
النظم,13
الألوان,13
الطرف,13
تستفيد,13
تحافظ,13
الصحافي,13
المكسيك،,13
موقعه,13
نصرالله,13
الإقليمية.,13
المتوسط،,13
ضحية,13
العمارة,13
البري,13
بقي,13
الأعباء,13
قطاعي,13
الحمل,13
البرلمانية,13
مسارًا,13
المريخ,13
الحاد,13
نقلاً,13
المجالات,13
قطعة,13
تشجيع,13
المنفى,13
حصص,13
قطار,13
الخطط,13
هدفًا,13
وجوب,13
التحركات,13
ألكسندر,13
أشرف,13
الأفعال,13
خافيير,13
لتغيير,13
كم,13
كثيرون,13
ينتظر,13
وكوريا,13
المؤقتة,13
0.2%,13
الغذائية،,13
فعليًا,13
انطلقت,13
بتلك,13
السبيل,13
الدراما,13
دولارًا.,13
يرغب,13
شركاء,13
الباليستية,13
مرمى,13
الأركان,13
باولو,13
المصرفي,13
الأقل،,13
وأدى,13
عاما,13
الإماراتية,13
لديك,13
غرف,13
الارتباط,13
يوميًا.,13
تخلق,13
هدفها,13
انتهاك,13
يحاولون,13
عمال,13
إطلاقه,13
استهدف,13
للتعبير,13
وحذر,13
هيغسيث,13
تحتية,13
الحوثيون,13
وتُعد,13
عروض,13
باول,13
امتداد,13
النيجر,13
جيدًا,13
اجتماعه,13
البعد,13
تخفيض,13
حقل,13
أنقرة,13
السوداني،,13
السريع،,13
الأعمال،,13
وإلا,13
السائدة,13
الإيرانيين,13
الليل,13
وحل,13
نشأت,13
المراكز,13
أدانت,13
قادرين,13
الأسماك,13
ألكاراز,13
المنشورات,13
تحصل,13
للتكنولوجيا,13
وفيات,13
الزراعي,13
زكي,13
ممكن,13
نزع,13
وجمهورية,13
وتوسيع,13
بالكاد,13
جنائية,13
احتجاز,13
تصور,13
البرمجيات,13
نفى,13
مناسبة,13
تأثيرها,13
التعذيب,13
دستور,13
المستهدف,13
التقييم,13
واضحة،,13
بمواصلة,13
إليها.,13
الآباء,13
الملعب,13
مظلة,13
مهارات,13
الدمار,13
المراحل,13
الإصدار,13
إبادة,13
ذروة,13
وتستمر,13
مربع،,13
سهولة,13
وأطلقت,13
مجمع,13
النحاس,13
وفى,13
الشامل,13
القانونية،,13
بُعد,13
الثمن,13
فلسطين.,13
جيمس,13
نادرة,13
والمجتمعات,13
جيميني,13
العملية.,13
بايرن,13
انتفاضة,13
تقدر,13
يُعتبر,13
المشاركون,13
للمهاجرين,13
الخارجية،,13
الروس,13
يطرح,13
أستراليا،,13
وتواجه,13
توقفت,13
والأهم,13
تقييمات,13
حصد,13
شمل,13
هطول,13
إكس،,13
دانس,13
العظمى,13
اللبنانية،,13
الإخوان,13
الثمانين,13
متأخر,13
أشاد,13
الفريقين,13
جدا,13
أدوية,13
تعليمية,13
السكري,13
سُئل,13
للفريق,13
ولايات,13
ترحيل,13
هزيمة,13
بالعاصمة,13
الأكاديمية,13
يمر,13
وكأس,13
صوماليلاند,13
الرقبة,13
القرار،,13
لمصر,13
مساعدات,13
آسيا،,13
وتحدث,13
غرامات,13
تونس,13
المشكلات,13
فعاليات,13
أفضل،,13
هيكلية,13
بدورها,13
الرسائل,13
المباراة،,13
ألقت,13
المقام,13
تطورت,13
الفرد,13
التبادل,13
لأولئك,13
الإجابة,13
ساهمت,13
المتجددة،,13
السامية,13
موظفي,13
شاحنة,13
السفينة,13
بديل,13
قريبًا,13
الجزائر،,13
كيرك,13
المثال,13
فعلى,13
تقلل,13
واجهة,13
منافسة,13
الحقيقة،,13
اللوحة,13
تقريبًا،,13
الملاعب,13
وعند,13
مرة.,13
40%,13
القريب,13
إدراج,13
سيناريو,13
دائماً,13
العالية,13
القاهرة،,13
التعليمية,13
ذكره,13
للاجئين,13
الطرفين,13
160,13
اجتماعي,13
اللقب,13
بأنهم,13
والسلام,13
وروسيا,13
دعمها,13
المغربي.,13
لإيجاد,13
وشددت,13
ينتمي,13
المعارضة،,13
منبر,13
البحيرات,13
الضروري,13
للهيئة,13
الأجنبية،,13
وبنسبة,12
سبتمبر/,12
السويس,12
باغرام,12
نووية،,12
دوراً,12
الأطفال.,12
تعرف,12
التدريس,12
وبات,12
دورتها,12
جديدا,12
الشهر.,12
"""فوبوس""",12
السيبراني،,12
•,12
قدّم,12
مدريد،,12
بنتيجة,12
اتخذ,12
يحمي,12
والمناطق,12
وشارك,12
شخص.,12
الهدوء,12
الزواج,12
المتحف,12
بالربع,12
44,12
المحافظات,12
الآمنة,12
صيد,12
المخصب,12
عرفات,12
خبير,12
محدودية,12
ألفًا,12
الإدارية,12
نادرًا,12
الحقول,12
رائعة,12
ثانيًا،,12
مسؤولو,12
المثير,12
المحتوى،,12
قياسيًا,12
مات,12
تخصيب,12
العلمي,12
الأجواء,12
لحركة,12
الفلسطيني،,12
المقابلة,12
البشرية،,12
مضادة,12
العقبات,12
أمور,12
نزوح,12
مفادها,12
صناع,12
لتسجيل,12
يتجه,12
شركتي,12
الطبقة,12
ويتكوف,12
رئيسًا,12
نجيب,12
جزئيًا,12
والدي,12
إياه,12
المنطق,12
تشعر,12
التأمين,12
الشاشة,12
بودكاست,12
الديمقراطية.,12
الادعاء,12
الفقاعات,12
سمحت,12
جبال,12
النفس,12
وتضمن,12
عمله,12
الثروات,12
الدولار،,12
واشنطن،,12
التغلب,12
أكثرَ,12
"""دولة",12
ألقى,12
جميعًا,12
لفترات,12
الانتخابية.,12
الإنسانية.,12
بعدها,12
والاقتصاد,12
يكونوا,12
المغرب،,12
مال,12
متكرر,12
الحالية.,12
يتعارض,12
وقوة,12
الغموض,12
عشية,12
موسيقى,12
والعلاقات,12
"""وول",12
أوجه,12
صراعات,12
المقترحة,12
م.:,12
والسيطرة,12
تخفيضات,12
للمشروع,12
فلم,12
"فوتبول""",12
مديري,12
غالبا,12
موريتانيا,12
شرح,12
صانع,12
سمح,12
الأجور,12
والطلب,12
والمنطقة,12
أبدت,12
المحتجون,12
ميران,12
خططها,12
مشاهد,12
وأظهر,12
النمو،,12
المحطة,12
ورقة,12
تضمنت,12
الحين,12
والآخر,12
"لـ""رويترز"".",12
مسبوق,12
الاقتصاديين,12
وخفض,12
المتعلق,12
جلب,12
الانتباه,12
أبوظبي,12
يذهب,12
ووصفت,12
زراعة,12
السوبر,12
شن,12
ختام,12
الآخرين,12
لدراسة,12
وحده,12
اسمه,12
ويجب,12
مادورو،,12
وتبادل,12
بالجائزة,12
بشرية,12
حوض,12
عُثر,12
(في,12
تبرز,12
الشخصي،,12
السيناريو,12
والإمارات,12
لاجئ,12
استبعاد,12
والسعودية,12
يرون,12
ثابت,12
زاوية,12
لنظام,12
الجدد,12
تفسير,12
جميعها,12
مقترحات,12
الأكراد,12
يسبب,12
العقاري،,12
قبالة,12
هجرة,12
ترفض,12
لتقارير,12
برس.,12
بالأمم,12
وسبل,12
الأقصى,12
أحب,12
الأصلي,12
يتميز,12
"""سي",12
الوسيط,12
بخلاف,12
يحتل,12
شاومي,12
المصرية.,12
المطاف،,12
سداد,12
وستكون,12
إيجابي,12
نيو,12
غرامة,12
ودفع,12
والمواد,12
اللاجئون,12
المتبقية,12
والقيود,12
حفر,12
يلتقي,12
القابلة,12
الاشتباكات,12
البرتغال,12
خاصة،,12
90%,12
وتمثل,12
وختم,12
حزمة,12
فهد,12
تقييد,12
الهولندي,12
طفيف,12
اللازم,12
إقليمي,12
الرباط,12
لمشاريع,12
مؤسس,12
للقانون,12
لتقييم,12
سياحية,12
ابتداءً,12
الستة,12
تتحدث,12
الجنس,12
الحفل,12
قائلة,12
سفينة,12
علماً,12
معظمها,12
مباشرةً,12
العاملة،,12
فجوة,12
إيجار,12
مردوخ,12
جاره,12
تقريبًا.,12
وضعف,12
أوسع،,12
ميتا,12
والتحول,12
مزود,12
المصري.,12
لكي,12
والالتزام,12
تغيّر,12
وخلق,12
1967,12
الخصوصية,12
ذكاء,12
ويتم,12
واحدًا,12
غيغاواط,12
كبرى،,12
نشرها,12
المهاجم,12
بالحياة,12
الجميلة,12
مضاعفة,12
وأخرى,12
الوفد,12
بولسونارو,12
الضخم,12
حاليًا،,12
الوفيات,12
الإسرائيلي.,12
لبيع,12
السلاح،,12
القصير,12
نافذة,12
وصوله,12
الإفريقي,12
استطلاعات,12
*,12
الفوائد,12
دواء,12
اعتمدت,12
مدمرة,12
النرويجي,12
الكاتب,12
الأزرق,12
أشد,12
صناعات,12
رقائق,12
خليج,12
حارس,12
الداعمة,12
الدفاعية,12
للمجتمع,12
برونزية,12
الطاقات,12
الأخطاء,12
مباراته,12
تمّ,12
الزراعية،,12
الواقع.,12
قال:,12
أميركا،,12
المحلل,12
رسمياً,12
تماماً,12
"""لن",12
الذهب،,12
لبحث,12
دراية,12
وتجنب,12
مهام,12
فبعد,12
العصر,12
دولارًا،,12
طبقات,12
يميل,12
سياسية.,12
تفاعل,12
إدموندو,12
مؤثرة,12
التفاهم,12
مخصص,12
بخصوص,12
لدفع,12
لجعل,12
حددت,12
الأوروبية.,12
الواحدة,12
عائلتي,12
أوغلو,12
الجهد,12
الهندية.,12
الضوابط,12
وأجهزة,12
جنبًا,12
الجوائز,12
مصرف,12
الخميس.,12
واتخاذ,12
الدائمة,12
الحيوان,12
كيم,12
منفصلة,12
المرموقة,12
وجعل,12
والجمارك,12
والاتصالات,12
أنفسنا,12
إليها،,12
بالاعتراف,12
القهوة,12
لمواصلة,12
"""لدينا",12
2015.,12
“من,12
وتوقف,12
الشرقي,12
قائلا:,12
الأطباق,12
بإمكانية,12
فضية،,12
تيغراي,12
نساء,12
لأسعار,12
لبنان.,12
القديمة،,12
الافتقار,12
مؤكدا,12
تنطوي,12
مرارًا,12
يسبق,12
الظلم,12
لأحد,12
الناتو,12
أسهل,12
وكالات,12
ومواد,12
الريفية،,12
حان,12
إمدادات,12
فرنسا،,12
بسيط,12
عقبة,12
يوم،,12
قول,12
مراسل,12
ويشمل,12
اليومية،,12
الحالات،,12
تصف,12
بوري,12
لسوق,12
فأنا,12
المتوقعة,12
سلبية,12
أبدًا.,12
الاندماج,12
للمستثمرين,12
يجسد,12
لوضع,12
أهالي,12
أوروتيا,12
لإقامة,12
تسهيلات,12
الفاعلة,12
الانتهاء,12
حلقة,12
تضيف,12
التالي.,12
تفعل,12
عالي,12
المطاف,12
الاستخبارات,12
فائقة,12
سريع,12
مواضيع,12
جذور,12
قدراتها,12
تتوافق,12
الملياردير,12
بانتهاك,12
جولات,12
آمن,12
صعيد,12
حصيلة,12
الجبل,12
سنوياً،,12
للعام,12
المهددة,12
اكتساب,12
يدعو,12
ينص,12
بدلا,12
جزءا,12
خصوصية,12
تأثرت,12
أساسيًا,12
حربها,12
ألفاً,12
الدورية,12
وسوء,12
يحذر,12
نعيش,12
ترفع,12
العائلة,12
قفز,12
حيال,12
الكلمات,12
فيه.,12
التاريخ،,12
التعليق,12
الاقتراع,12
البسيطة,12
ميامي,12
دعمه,12
البدء,12
صانعي,12
يربط,12
ألغت,12
جهته،,12
واليوم,12
لافتًا,12
سنويًا،,12
نعمل,12
الضمانات,12
أوكرانيا،,12
مماثل,12
ساعة.,12
الأسد،,12
وكما,12
لليوم,12
معًا،,12
الإبقاء,12
المؤيدة,12
جماهير,12
والحصول,12
تتولى,12
نيجيريا،,12
الإنذار,12
كمركز,12
تفشل,12
تأهيل,12
نزاع,12
أجاب,12
يوليو،,12
عديدة،,11
بالطبع,11
أغلبية,11
المتمثل,11
أدوار,11
جنب,11
باتخاذ,11
نشطاء,11
منازلهم,11
بيان:,11
والأشخاص,11
كذلك.,11
نقطتين,11
مضيفًا:,11
كافية.,11
تتهم,11
تتناول,11
الغربية.,11
سنويًا.,11
الجملة,11
الفنية،,11
تفتقر,11
المياه.,11
التحيز,11
منازل,11
كروز,11
بالسماح,11
التقني,11
مسلسل,11
الأمر.,11
دينار،,11
الأراضي،,11
تسعير,11
والبرتغال,11
دبلوماسي,11
الثروة,11
كونغ،,11
يعبر,11
واتساب,11
المفضلة,11
الهجرة،,11
يتحقق,11
خيارًا,11
قضت,11
عنصر,11
والمعايير,11
التحديثات,11
والآن,11
الإعلام.,11
الإداري,11
يطالب,11
مكة,11
خوارزميات,11
واقعًا,11
بكفاءة,11
مواطنه,11
بالعودة,11
معاملة,11
الفرنسية،,11
مبتكرة,11
الكاميرون,11
الحاسمة,11
أفعال,11
3.5,11
بدقة,11
2020.,11
وطني,11
ونحو,11
دوافع,11
تحفيز,11
عملياتها,11
بعدَ,11
ديل,11
المناقشات,11
أبرمت,11
كاتب,11
الإضافية,11
بينَ,11
الشرقية،,11
وأهمية,11
دورها,11
خطأ,11
الفصائل,11
دام,11
جناح,11
الأسعار،,11
صحفية,11
ائتلاف,11
لمعرفة,11
الدائم,11
للتواصل,11
سواء.,11
بندر,11
اعتمادًا,11
ومناطق,11
وردت,11
لمزيد,11
نجح,11
الفلسطينيين،,11
الثلاثاء.,11
الانخفاض,11
إفريقي,11
ماسة,11
أرجاء,11
الأدلة,11
والنساء,11
يون,11
إقليمية,11
يثبت,11
الفعلية,11
التمويل،,11
الذهاب,11
ادعاءات,11
يتوقعون,11
دولار).,11
نشرة,11
المستقل,11
مركبات,11
مستدامة,11
الوزراء،,11
قيادات,11
للدفاع,11
أخلاقية,11
الجمهوريين,11
الكهروضوئية,11
اشتباكات,11
غانا,11
سانت,11
بتطوير,11
التضخم،,11
صفة,11
لاسيما,11
فيه،,11
لسان,11
القضاة,11
لمشروع,11
للمساعدة,11
"""فيفا""",11
تفرضها,11
"تي""",11
للبلاد.,11
الاتفاق،,11
الحرارية,11
بيوم,11
جامايكا,11
النهاية،,11
يستقبل,11
أجرت,11
تأثر,11
الجائر,11
مكونات,11
ابنها,11
ريو,11
للأسف،,11
زياد,11
الخفيفة,11
منافسه,11
مطالبة,11
قالوا,11
غوتيريش،,11
أولويات,11
المعيشة,11
متجهة,11
عمدة,11
مقياس,11
وعود,11
المستهدفة,11
وتنتهي,11
دعوات,11
منعت,11
شائعة,11
الكورية،,11
جيروم,11
بحضور,11
خطابه,11
الأغذية,11
بعملية,11
دعمت,11
تبحث,11
علق,11
أنّها,11
جنسيًا,11
ماليًا,11
الحرة,11
قرى,11
نووية.,11
ألعاب,11
الكمبيوتر,11
أمرت,11
وكأنها,11
كوفيد-19,11
أعمالهم,11
لاعبين,11
بمناسبة,11
لقطات,11
الدفعة,11
تحتفظ,11
العملية،,11
المحللون,11
الذى,11
حظرت,11
الأطعمة,11
الأعوام,11
الديمقراطيون,11
85,11
وخاصةً,11
الجاري.,11
الصيادين,11
التعبئة,11
وحدها,11
مركزًا,11
الوسط,11
ظاهرة,11
الدستورية,11
مقاعد,11
مدينتي,11
متكررة,11
تحلية,11
والاعتراف,11
تقودها,11
انعقاد,11
الفوضى,11
النقاط,11
جداً،,11
البورصة,11
الإشراف,11
*نقلاً,11
انتهى,11
اتهمت,11
الإنجاز,11
الأقل.,11
العروض,11
وأعمال,11
ميونخ,11
هدفين,11
خان,11
السرد,11
القسري,11
55,11
العاصمة.,11
ضخم,11
"""إكس"":",11
المزارعين,11
التفاح,11
مساعي,11
الاحتيال,11
سيتي،,11
توصلت,11
الاغتصاب,11
الشركتان,11
الثانية.,11
الكوريين,11
2010,11
الأميركيين،,11
شددت,11
انتقل,11
وعي,11
التسليم,11
طريقها,11
مواعيد,11
تروج,11
خبرة,11
وتبلغ,11
عبور,11
جونزاليس,11
الرؤى,11
ضرائب,11
عقده,11
والسياحة,11
يستعد,11
غد,11
يُستخدم,11
"للغاية"".",11
التوالي.,11
العادلة,11
الملكي,11
اعترف,11
النفط.,11
سياسية،,11
التخلص,11
الكوليسترول,11
باهظة,11
المتطرفة,11
عانى,11
المساس,11
أزمات,11
مقدمة,11
الأنابيب,11
والإجراءات,11
الإستراتيجية,11
اتسمت,11
الأحيان،,11
أرضية,11
جوجل,11
أولًا،,11
للحدود,11
الاضطرابات,11
استعمال,11
بالعدالة,11
زد,11
موجات,11
البيانات.,11
الفرنسي،,11
والأفراد,11
ونقل,11
ألقاها,11
الغالب,11
مراعاة,11
يدويًا,11
مشاعر,11
شيء،,11
المضافة,11
فحص,11
"""أعتقد",11
رئيسية،,11
تنوع,11
تطالب,11
المشي,11
تمرير,11
حصر,11
تتغير,11
التجارية.,11
المصنعة,11
مفاجئة,11
النقابة,11
اكتشفت,11
جاهزة,11
الحوثي,11
تحدثت,11
تهم,11
أعماق,11
الواردة,11
الأرجح,11
لرويترز,11
المخاطر.,11
مدافع,11
اللوائح,11
المجمع,11
شعر,11
ارتباط,11
والتحقق,11
“لم,11
المشرعين,11
للخروج,11
المعارضة.,11
الألومنيوم,11
وسيكون,11
توافر,11
للسلامة,11
للمجلس,11
وضعها,11
الثوري,11
تضخم,11
تتعامل,11
مكاتب,11
المالك,11
يا,11
رفيعة,11
نتائجها,11
الشكل,11
يُفترض,11
السرية,11
مخالفات,11
الشاي.,11
بكأس,11
المتقدمين,11
"""غير",11
بعام,11
رائدة,11
تزويد,11
ومصر,11
يهم,11
يشجع,11
تجديد,11
عضوية,11
فتيات,11
قيودًا,11
العشرين,11
إيجابية،,11
التوافق,11
للذهب,11
شؤون,11
التصويت.,11
حرارية,11
تستهلك,11
كأحد,11
والده,11
الوزارة،,11
يفوق,11
ومنظمات,11
رسمية.,11
متخصصة,11
دينية,11
قفزت,11
تآكل,11
لإيران,11
والمعادن,11
بهدوء,11
الدمى,11
للحديث,11
القدم.,11
للسيطرة,11
المتعددة,11
ساعة،,11
تقليدية,11
تحليق,11
(مثل,11
واضح.,11
نستطيع,11
وأصيب,11
أصيب,11
للصحافيين,11
يمكنهم,11
تشويه,11
جامعي,11
للنمو,11
دورا,11
وتمكين,11
فضية,11
الطبيعية،,11
وسبق,11
يخطط,11
لاستئناف,11
الدردشة,11
تشبه,11
مضى,11
الآسيوي,11
تحدي,11
تنتظر,11
تُعرف,11
أسس,11
للبيت,11
54,11
المعدة,11
ومعالجة,11
سموتريتش,11
مستوياته,11
داعياً,11
تحظر,11
الحكومية.,11
خوض,11
الآليات,11
الشراكات,11
المفرط,11
بدءاً,11
المدارس،,11
سعت,11
دولة.,11
تعتقد,11
المتحدثة,11
الفيتنامية,11
أتذكر,11
ارتكاب,11
طالت,11
الروشة،,11
للفنون,11
خطير,11
جمعت,11
ثروته,11
60%,11
تنشر,11
النظيفة,11
موحدة,11
التنسيق,11
للشؤون,11
الصباح,11
المسجلة,11
وأمن,11
جدية,11
البحري,11
لقانون,11
الضربة,11
محليًا,11
غوتيريش,11
الخوارزمية,11
تمنع,11
الأوساط,11
الملحة,11
صيانة,11
بقيت,11
تستغرق,11
الأثناء،,11
خروج,11
عبء,11
الأندية,11
والهرسك,11
سهم،,11
بايت,11
التشريع,11
“إذا,11
تشارلي,11
يواجهها,11
الدم.,11
تُمثل,11
فشلت,11
الإطلاق،,11
المجال،,11
المتواصلة,11
متعلقة,11
بكميات,11
الأضرار,11
لتمكين,11
هذا.,11
الكيندو,11
تقريباً،,11
الثابت,11
بيانًا,11
والشفافية,11
فيديوهات,11
تمثيل,11
المصنوعة,11
أمني,11
والبرازيل,11
أولًا,11
المفضل,11
و4,11
الصدمة,11
ضربت,11
النيبالية,11
وأفراد,11
كريستال,11
صرّح,11
لنشر,11
ورشة,11
الكركم,11
للتحقيق,11
تعبيره.,11
قابل,11
بأغلبية,11
الإبداعية,11
"السعودية""،",11
تنتج,11
0.8%,11
وقطع,11
الصلة,11
لتدريب,11
الانضمام,11
والدته,11
الغني,11
الشهرية,11
الدومينيكان,11
بلير,11
الاتهامات,11
جدلاً,11
الشمسية،,11
وإلغاء,11
لخدمات,11
دورية,11
لتوزيع,11
ويدعم,10
الشهري,10
حقهم,10
المرضى,10
بمرور,10
تتكشف,10
واسعًا,10
مني,10
ثقافي,10
السوداء,10
نتنياهو.,10
جدل,10
العواقب,10
يفرض,10
لخلق,10
تمامًا،,10
أحدهم,10
شكاوى,10
العراقية،,10
انخفاضًا,10
ويتوقع,10
35%,10
إفريقيا.,10
2028،,10
الجزائرية,10
والفنون,10
وانسحاب,10
يقيم,10
وحكومة,10
حسابها,10
العليا،,10
بالولايات,10
49,10
حدثًا,10
تقدمها,10
برز,10
الآخرين،,10
راحة,10
الحليب,10
الجزائري,10
عقوبة,10
لإصابة,10
والعاملين,10
1.2,10
1.4,10
قضاء,10
ديفيد,10
مايك,10
غداً,10
وأثناء,10
تستخدمها,10
الوسطاء,10
صراحة,10
لاحقا,10
العسكرية،,10
عنصرًا,10
1.5%,10
الإخبارية,10
باحثون,10
ويُعد,10
الجنائي,10
شاهد,10
المصطلح,10
نظريات,10
معتبرة,10
الصراع.,10
حوار,10
واحترام,10
فرنسا.,10
"""رويترز""",10
وتأكيد,10
الجاني,10
السوري،,10
والقوى,10
بوصة).,10
يزعمون,10
معتبراً,10
لأنهم,10
ويحمل,10
الطفولة,10
مثير,10
السابقين,10
يومنا,10
توم,10
غريمه,10
مميزة,10
قصصًا,10
وتسليم,10
"""سناب",10
بكثرة,10
نيبال،,10
كوبنهاغن,10
لحادث,10
تدور,10
75%,10
الإثيوبية,10
بخمسة,10
الكبرى.,10
عُقد,10
مهاجم,10
شعورًا,10
ويعتبر,10
أنهت,10
الفيديوهات,10
السنين,10
ظلّ,10
الجغرافي,10
“كان,10
الجيش،,10
استقر,10
لا،,10
لتسريع,10
يرتفع,10
الجديد.,10
قليلة،,10
السكن,10
الناشطين,10
السبب،,10
وتشجيع,10
وتأمين,10
الرغبة,10
إعدام,10
أدلة,10
القاسية,10
والجهات,10
موازنة,10
الشأن,10
نمط,10
تنفذ,10
البعض،,10
والتلاعب,10
الحكوميين,10
فيليب,10
عقاري,10
ومتابعة,10
مزايا,10
بالسوق,10
التفاوت,10
م,10
ليغلق,10
القضائي,10
عددها,10
الأهلي،,10
الإنجازات,10
ببعض,10
النامية,10
تقليد,10
تسعينيات,10
فيسبوك،,10
قوارب,10
تأسست,10
مثيرة,10
تحقيقًا,10
آمنة،,10
نسمة،,10
توقيف,10
نقلها,10
قرارًا,10
الرائدة,10
الله.,10
ناصر,10
المنح,10
المستحقة,10
المغرب.,10
النواب،,10
بتنفيذ,10
"""سدايا""",10
المشروع.,10
الإحصاء,10
الموضوع,10
تسلا,10
تقدمًا,10
التتار,10
لاعبة,10
البرد,10
الموجود,10
مختلفًا,10
والموارد,10
باراجواي,10
(التي,10
حياتها,10
موقفه,10
المطروحة,10
أمطار,10
النووي.,10
الصناعية.,10
يسير,10
ارتباطًا,10
السقف,10
حلب,10
الرياضي,10
وأقل,10
السمنة,10
وبيانات,10
قبل.,10
للأشخاص,10
أجرتها,10
التأشيرة,10
وقالت:,10
السريعة,10
الجلسة,10
كانَ,10
أممية,10
الأسطورة,10
بنزيمة,10
نفوذ,10
بتهم,10
بإلغاء,10
(كانون,10
أفعل,10
التسهيلات,10
الشيء,10
طرد,10
المهن,10
كسلاح,10
مقلقة,10
فورًا,10
أمان,10
جهته,10
صرامة,10
حقول,10
"""يو",10
هدفي,10
المحليات,10
يامال،,10
النص,10
النطاق،,10
الإصدارات,10
بالوصول,10
ستاندرد,10
للعودة,10
أعوام,10
الرأس,10
الأجر,10
نفذ,10
الأزياء,10
سلمان،,10
يستحق,10
المواضيع,10
بإنتاج,10
المتجددة.,10
الهيمنة,10
البارزة,10
ستتولى,10
المجلة,10
القديم,10
لانتقادات,10
الراهن,10
الضحية,10
الاشتراك,10
ووصف,10
رابع,10
الشابة,10
مباشرة.,10
للسوق,10
للاحتفال,10
عانت,10
شات,10
قائلًا,10
لإسرائيل،,10
وول,10
تعطي,10
وزادت,10
إندونيسيا،,10
جعله,10
عليّ,10
ترقية,10
المنتجة,10
ماسك،,10
تتفاقم,10
أراضٍ,10
إنريكي,10
وبشكل,10
دولارات,10
تأخيرات,10
ثنائي,10
يُقال,10
الفلسطينيين.,10
المكسيكية,10
الإلكتروني.,10
العقلية,10
يو,10
والحرب,10
المفاهيم,10
الباكستاني,10
بجوار,10
يونيو،,10
التقارير،,10
الحادث،,10
وتتوقع,10
لتيك,10
لتجاوز,10
الثلاثين,10
طالبة,10
الأخدود,10
د.,10
الطبيعي،,10
6%,10
المحتجين,10
المدن،,10
يفتقر,10
والسكان,10
وتسبب,10
وأدوات,10
وهيئة,10
التكنولوجية,10
إيرانية.,10
سيشهد,10
المؤهلة,10
اليابان،,10
القمر,10
صعبًا,10
الاقتصاد.,10
هاتفية,10
برد,10
جداً,10
ليشمل,10
المتطلبات,10
الكهرباء،,10
السلاح.,10
الألياف,10
خالية,10
القانوني،,10
ولطالما,10
متصل،,10
وُلد,10
سمات,10
3000,10
مدربه,10
المواهب,10
66,10
تجمد,10
واحدة.,10
وتدعم,10
الحكمة,10
كين,10
فعلًا,10
الطويلة،,10
مادة,10
بلوغ,10
إليه،,10
لاكلان,10
الهجرة.,10
بثلاثة,10
للإحصاء,10
لشهر,10
منازعات,10
الأميركيون,10
أيضاً.,10
قدمًا,10
جدًا.,10
مستقبلية,10
الهندسة,10
البلاستيك,10
موزعة,10
زعماء,10
الخفض,10
الانخراط,10
المؤكد,10
الرفض,10
المخالفين,10
التجمعات,10
الوجه,10
تقضي,10
مالي،,10
السياسيون,10
حضر,10
قانونيًا,10
أعراض,10
السعوديين,10
الأبرز,10
نسمة.,10
جوهري,10
يُذكر,10
ومستقبل,10
قانونًا,10
المعاصر,10
الأهم,10
قنبلة,10
و7,10
و12,10
القياسية,10
الاستقرار،,10
تحمي,10
جيش,10
الجمركية،,10
السعودي.,10
يتجزأ,10
وقتًا,10
مظفر,10
السجن،,10
الهائلة,10
غنية,10
حضورها,10
طعام,10
ومؤسسات,10
الادعاءات,10
الناشئة،,10
قوته,10
الانقسام,10
جبهة,10
وست,10
تفقد,10
الجنسي.,10
حقيقية،,10
مرنة,10
إنترنت,10
تجسد,10
إسماعيل,10
عنوان,10
الزمن.,10
بنغلاديش.,10
صالح,10
لكسب,10
سيدة,10
للسياسة,10
جدة.,10
البيروقراطية,10
المهاجرون,10
"""حتى",10
البوابة,10
غابرييل,10
جيرمان،,10
البصرية,10
خرجت,10
ازدياد,10
تفاؤله,10
الأمومة,10
استنادًا,10
الأربعة,10
اليمنية,10
تعبئة,10
بنود,10
"""واس"".",10
جوزيف,10
2011.,10
واستقر,10
سلبًا,10
ماليزيا,10
2017،,10
بضرورة,10
تغطي,10
"""العراق",10
المناورات,10
لأننا,10
الاطلاع,10
والمنتجات,10
سائق,10
دقة,10
قطر،,10
تناولت,10
الأقليات,10
يحتاجون,10
تحققت,10
التجار,10
قضى,10
الضريبية,10
دولاراً,10
المتنامي,10
الحديثة.,10
العشرين،,10
وتسببت,10
أغنية,10
الضالة,10
بحد,10
"""شات",10
الشوارع،,10
والتخطيط,10
المؤسسية,10
السَّلِّ,10
للتأكد,10
أحزاب,10
إيصال,10
محدودة،,10
نمواً,10
متاجر,10
بالطريقة,10
وغيرها.,10
أضرارًا,10
عمومًا,10
العمومية,10
اللائحة,10
إنَّ,10
الاقتراح,10
محامي,10
بالمخاطر,10
تعطل,10
الانبعاثات,10
شهرين,10
زوجة,10
الانتظار,10
"""إنستغرام""",10
الربح,10
سنوي.,10
النطاق.,10
النصر،,10
وقدم,10
طويلة.,10
التصوير,10
الفاشر,10
الجبلية,10
الحال،,10
المصنف,10
الطعام،,10
المطلوب,10
دينيس,10
العوائد,10
ببطء,10
ميانمار,10
ممّا,10
الطويل،,10
عبّر,10
تُعتبر,10
الديمقراطي،,10
لهجمات,10
جهد,10
الطلب،,10
والصناعة,10
تنتهك,10
مستشار,10
تأثيرًا,10
المخابرات,10
موقعها,10
المرافق,10
للصناعة,10
دولياً,10
بشعبية,10
عالمية،,10
المعترفة,10
يقيس,10
وتستهدف,10
57,10
المختلفة،,10
الصحافيين,10
رؤساء,10
حيدر,10
الدخل،,10
تفتيش,10
المناطق.,10
إخلاء,10
تمام,10
مسح,10
الطبيب,10
إكليل,10
سلاحها,10
الساعة،,10
البنتاغون,10
بالفعل.,10
توماهوك,10
وبالإضافة,10
المستقرة,10
3%,10
ألونسو,10
لسلسلة,10
تلوث,10
البنكية,10
مؤكدين,10
البقاء.,10
وضرورة,10
(ما,10
والمستثمرين,10
والعالم,10
الصف,10
الجنسين,10
أسام,10
ينتهك,10
إمكانات,10
الترشح,10
الإيراني.,10
الاعتداءات,10
الشرطة،,10
للجيش,10
محو,10
الأهلى,10
بمختلف,10
إهمال,10
مشيرين,10
"""مع",10
الجغرافية,10
اللاتينية،,10
آسيا.,10
آثارًا,10
اتفاقات,10
بتحقيق,10
خطابات,10
ويعني,10
كلام,10
صريحة,10
مخيمات,10
ناقش,10
التحديث,10
ورفعت,10
بيروت،,10
جرعات,10
تنتشر,10
مخيم,10
زوجته,10
تتحقق,10
للمحتوى,10
المناعة,10
السيبرانية,10
هنالك,10
مائية,10
نيوز,10
"الزناد""",10
الجزرية,10
مقدمي,10
لثلاث,10
وقتل,10
بالشراكة,10
ريد,10
وقطر,10
المختص,10
ميغاواط،,10
أغنى,10
المدرسة،,10
المعدن,10
بمزيد,10
وأنظمة,10
المبكرة,10
الأساسي،,10
بالأمن,10
محللون,10
بينغ,10
يبحث,10
قاعة,10
تميل,10
السكني,10
تحديثات,10
2011,10
وفرص,10
مصري,10
القطع,10
يتخذ,10
وتسعى,10
"""أوبتوس""",10
يسجل,10
مسافر,10
السياح,10
"""حماس""",10
تدوير,10
والثقافية,10
تقريباً,10
تايلاند,10
التكامل,10
الدين،,10
قصفت,10
لتوفير,10
اختارت,10
خرائط,9
الاحتكار,9
لإثبات,9
أكواب,9
العديدة,9
السيادية,9
مشاورات,9
الاسم,9
كلمات,9
تعرضه,9
الميدالية,9
تصرفات,9
الأزمة.,9
الأربعاء.,9
وضوح,9
متفرقة,9
فرد,9
يعتزم,9
وبنك,9
بلان,9
بعمليات,9
مناخية,9
المسافة,9
الحدود.,9
يعنيه,9
كهرباء,9
التدقيق,9
دقيق,9
يوليو/,9
ونظيره,9
الاكتفاء,9
البيئية.,9
ميغاوات,9
الربيع,9
لارا,9
بنغلاديش،,9
نتمكن,9
المكون,9
مفر,9
تحتفل,9
نشأ,9
ينقل,9
إذاعة,9
بالقوة,9
مكالمات,9
بمليارات,9
لاحظ,9
أهدافها,9
الإقليم.,9
الوطن,9
والمراقبة,9
بالمنطقة,9
روشن,9
بعرض,9
واستقرار,9
ضرورية,9
الصيني،,9
والمعدات,9
بضم,9
شائعًا,9
والصين،,9
أيدي,9
أمد,9
ضباط,9
أموريم,9
بمستوى,9
للبقاء,9
عضواً,9
"""يونهاب""",9
لتلقي,9
ترسم,9
2017.,9
الضاحية,9
الشركات.,9
حواجز,9
"""مدن""",9
الموجة,9
للأجانب,9
الصحف,9
ضياء,9
النادرة،,9
الغذائي،,9
ضروري,9
مكانًا,9
العدالة.,9
والأصدقاء,9
بعين,9
العمود,9
العسكرية.,9
أولاً،,9
غراندي,9
الهدر,9
للتجارة,9
تعلمت,9
قدرته,9
لاستكشاف,9
يراه,9
المصرفية,9
لإثارة,9
ثروات,9
اضطرت,9
مرض,9
استناداً,9
فرنسية,9
الغزيرة,9
يدير,9
القطرية,9
تبنى,9
كسر,9
روبل,9
البيض,9
وأثار,9
مسبقًا,9
الديني,9
مسلحة,9
أوم:,9
بارز,9
ميلي,9
53,9
سيئة,9
حملت,9
استماع,9
32,9
المحامي,9
نوعه,9
غارات,9
الأسرى،,9
للحزب,9
الاستمتاع,9
الاستثمار،,9
المفتوحة،,9
سعى,9
بوسكيتس،,9
حلًا,9
طفيفة,9
معبر,9
السجلات,9
الزمني,9
الآلات,9
وتتيح,9
تأثيرات,9
كمبوديا,9
الأقرب,9
"""معادن""",9
يطالبون,9
«حزب,9
الله»,9
انتباه,9
قيم,9
أضعف,9
الموسم.,9
تتنافس,9
يفسر,9
التصعيد,9
مسقط,9
الاعتقال,9
"""آي",9
انتخاب,9
الكتلة,9
التحرر,9
المتر,9
41,9
وسياسات,9
لفرض,9
النخبة,9
الأنواع,9
مواجهات,9
ستستمر,9
أُطلق,9
المرتقب,9
الكهرومائية,9
جهتها،,9
الوسائل,9
المستهلك,9
الخلاف,9
بوصفه,9
تسع,9
بالطاقة,9
تقني,9
الموافقات,9
والاستعداد,9
المكثف,9
تنجح,9
استضافة,9
فرانسيسكو,9
لوزير,9
المصرف,9
افتتح,9
ومعلومات,9
مستخدمو,9
منهجي,9
أوسع.,9
للرأي,9
وتطبيق,9
الإفراط,9
صلاح،,9
وطلبت,9
ديلي,9
الأونصة,9
شمس,9
بتسليم,9
الإنقاذ,9
شابة,9
بمساحة,9
لسكان,9
إرث,9
الضريبة,9
حية,9
تراجعًا,9
الرابطة,9
وباريس,9
السيد,9
المنتهي,9
بريطانيا،,9
الفردية,9
ووفقا,9
فكل,9
مملوكة,9
شرعية,9
مصدراً,9
مهماً,9
أحمر,9
الأحمر،,9
مكثف,9
نزاعات,9
محددة.,9
بالتنسيق,9
إيقاع,9
التدفقات,9
النظرة,9
المساءلة,9
والمتوسطة,9
السيدة,9
محمد،,9
و5,9
و3,9
توزيعات,9
قليلًا,9
إدراك,9
بدول,9
ياسر,9
كتبت,9
متعددة.,9
تعقيدًا,9
إياها,9
العاجل,9
“هل,9
كوفيد-19،,9
ردت,9
تقول:,9
طلبًا,9
عنيف,9
أنشأت,9
المبلغين,9
النار.,9
العادية,9
تسجل,9
يقولون,9
جونيور,9
إنفيديا,9
2014،,9
المستعملة,9
وثيق,9
الإنتاج،,9
أتاح,9
للدولة.,9
للأرباح,9
2007،,9
المناسبة,9
تردد,9
يُمثل,9
يناقش,9
الجنوبي،,9
الدراسية,9
الضارة,9
الزمن،,9
الإرهاب,9
مماثلة،,9
غربي,9
قلقًا,9
"""موفلين""",9
تدريبات,9
بقطاع,9
الأولويات,9
ديناميكية,9
أوكلاند,9
التعاطف,9
المواعيد,9
اجتماعا,9
تقريبا,9
صلاحية,9
المسموح,9
وقّع,9
المطار،,9
العين,9
أقل.,9
بدرجة,9
الاحتجاز,9
المشارك,9
و29,9
الشك,9
أكدوا,9
والاستغلال,9
شخصيًا,9
تعتبره,9
حيوي,9
واقعية,9
المكونة,9
مناورات,9
بدخول,9
استخدم,9
كاذبة,9
وإجراء,9
البقاء،,9
مؤخراً،,9
بإنهاء,9
شريكًا,9
تحد,9
الحكومي.,9
إليزابيث,9
الاستعماري,9
التسرب,9
الماء،,9
اللذين,9
وتدريب,9
غرينتش،,9
تُقدّم,9
متتالية,9
للمنتجات,9
تعثر,9
البيضاء،,9
الإفريقية،,9
2014,9
سيد,9
انفجار,9
جنسية,9
الأولي,9
قصيرة،,9
تروي,9
رفضه,9
والماء,9
أمّا,9
المودعين,9
بحماية,9
عبئًا,9
لمراقبة,9
الكامنة,9
احتجاجية,9
ومجلس,9
توخي,9
ستعلن,9
تأثيراً,9
الأمنية،,9
محفوفة,9
تنخفض,9
“يجب,9
شهدتها,9
ما.,9
مكاسبه,9
مدعومًا,9
إيسو,9
التنقل,9
الثالث،,9
الصدد،,9
بطبيعة,9
كوك,9
والفرص,9
للأسواق,9
2009,9
أنظار,9
بحقوق,9
تنظيمية,9
المستدام,9
الروسي.,9
ممكنة,9
للاستثمار،,9
يُزعم,9
بتراجع,9
عملك,9
ألغى,9
مناصب,9
المرصد,9
لبرنامج,9
مساعد,9
توصيات,9
الفنزويليين,9
وزوجته,9
بعدة,9
التسعير,9
وتاريخ,9
محوري,9
والرقابة,9
تطلق,9
البناء،,9
سياسيًا,9
الأردنية,9
تحركات,9
مارتينيز,9
عاماً),9
يصور,9
التداعيات,9
الذكية،,9
بنشاط,9
بيريل,9
الوثيقة,9
والأمراض,9
بروكسل,9
السدود,9
مجددا,9
كاليفورنيا,9
وليد,9
نظرا,9
تقدير.,9
سرطان,9
الأمريكية.,9
مقال,9
بمحاولة,9
والتنسيق,9
يوم.,9
تقرر,9
السهل,9
أفغانستان.,9
مورينيو,9
النرويجية,9
الأكسدة,9
الائتلاف,9
مستوياتها,9
بحجة,9
ويجعل,9
الكاميرا,9
والذين,9
سلمية,9
نية,9
0.1%,9
طالبان،,9
المشكلة،,9
الططري,9
السجون,9
ستارمر,9
واليوم،,9
أعقبت,9
ميلان,9
أسهمها,9
وتقنيات,9
صدرت,9
جوي,9
حجر,9
وزن,9
الفلكية,9
وماذا,9
إحصائيات,9
ومخطط,9
الرئيس،,9
الموردين,9
معين,9
بالماء,9
مركبة,9
كلاهما,9
يعطي,9
لمكتب,9
الفاكهة,9
الوزن،,9
يمكنني,9
وتولى,9
وأردف,9
ريف,9
حصته,9
حياتهم.,9
المواجهات,9
ألقاب,9
الطابق,9
الإذاعية,9
عليك,9
النووية.,9
الوجود,9
يدل,9
صرحت,9
أشبه,9
حديقة,9
نريد,9
ذاتية,9
والطائرات,9
انتخابية,9
يطلق,9
قواتها,9
لمنطقة,9
"""إيجار""،",9
النقل،,9
وأماكن,9
الدموية.,9
أعد,9
السويداء,9
ان,9
وكيفية,9
منزلها,9
الطريق،,9
صفي,9
الأدبية,9
المناخ.,9
المناخي,9
"""بلومبرغ""",9
الفنية.,9
مجانًا,9
بأفضل,9
هاجمت,9
أقيم,9
ديمقراطية,9
التنافس,9
الوطني.,9
الضائع,9
وتسهيل,9
القارات,9
القدر,9
الموالية,9
95,9
وجودها,9
بالمئة،,9
مدبولي,9
المحرك,9
نتج,9
آب,9
والتمييز,9
الفيديو،,9
"تايمز""",9
(نحو,9
السياسة،,9
الأرجنتين،,9
أمامه,9
النوعية,9
بشركة,9
المئات,9
وسرعان,9
المرشد,9
غذائية,9
الجناح,9
بنمو,9
مسيرتها,9
الناس.,9
تستعد,9
طرازات,9
المراجعة,9
فانس,9
فحسب,9
بسرطان,9
المرونة,9
كاليفورنيا،,9
رمزية,9
الجماعية.,9
صحافية,9
تقترب,9
محركات,9
خفيفة,9
أعماله,9
لإصدار,9
عشرين,9
تقريرًا,9
المحللين,9
تبريد,9
توثيق,9
تدهورت,9
السودانيين,9
السكانية,9
الوثائق,9
ينظر,9
يتطلع,9
المضي,9
يديرها,9
الجالية,9
والسياسات,9
وحده،,9
تأسيسها,9
اضطر,9
0.4%,9
الأعمال.,9
لجمع,9
سيطرت,9
وخارج,9
المدينة.,9
إحصاءات,9
السياسات.,9
شهود,9
كاملاً,9
ووصل,9
سير,9
للاعتراف,9
حصتها,9
براك,9
ارتفاعها,9
حشد,9
بقرار,9
الإسرائيلى,9
مثلما,9
لمؤشر,9
لخام,9
للبرميل،,9
للهجرة,9
نار,9
لوبيز,9
المُؤجر,9
يدعى,9
إعانات,9
ارتفاعه,9
الكربون،,9
حقيقي,9
المرتفع,9
نيبال.,9
رحيل,9
اعتبارا,9
زعمت,9
الاضطراب,9
تتعارض,9
العقل,9
فائق,9
الرواية,9
انعكس,9
المقر,9
"العالم"".",9
البيوت,9
محادثة,9
عشر.,9
العاطفية,9
ألتمان,9
الاستدامة,9
أمرا,9
الرياض.,9
الشريف,9
إيرانية,9
اصطناعي,9
السيارات،,9
المجاعة,9
الاستكشاف,9
طهران.,9
عاما،,9
زوجها,9
الباحث,9
التسعينيات,9
المقترح,9
رئيسياً,9
حرم,9
المساكن,9
الفدرالية,9
ويبلغ,9
منتجاتها,9
لمشاركة,9
العسكريين,9
مشددة,9
لعلاج,9
والبنك,9
خليفة,9
أفكار,9
عرب,9
للمعلومات,9
باستهداف,9
تحويلها,9
المكاتب,9
القانون.,9
الحزمة,9
تأخذ,9
مكعب،,9
الحيوي,9
سواحل,9
والبيانات,9
),9
الرحباني,9
المعهد,9
صغار,9
الآراء,9
صديق,9
مباشر.,9
الألمان,9
الحديثة،,9
المتطوعين,9
الشكوك,9
كله،,9
الفتاح,9
شنغهاي,9
ويضمن,9
بالاس,9
الجوع,9
لتسوية,9
“لقد,9
الأمتعة,9
التأخير,9
موثوق,9
عبرَ,9
والثاني,9
مدغشقر,9
الظاهرة,9
قصارى,9
منزوعة,9
بورز,9
الإعدام,9
والفعاليات,9
إنشاؤها,9
تحذيرات,9
ولدت,9
فلسطينية،,9
مليء,9
الضيافة,9
هذين,9
يبحثون,9
اعتمد,9
علماء,9
"""كل",9
لغات,9
صدى,9
للتخفيف,9
المقالة,9
بالدفاع,9
يوتيوب.,9
مثلت,9
لصندوق,9
الشديدة,9
تخدم,9
حروب,9
المخضرم,9
هنا،,9
حافظت,9
توقعاتها,9
)،,9
المتطرف,9
الخط,9
حكومته,9
شيفا,9
وقّعت,9
يُطلق,9
والخوف,9
عاش,9
إنجلترا,9
شهرة,9
وبيّن,9
العاصمة،,9
نيابة,9
الصحراوي,9
الكيان,9
"""هل",9
مبادلة,9
الكهربائيةِ,9
تقدير،,9
الفرنسية.,9
اللعبة,9
اقترب,9
لعبة,9
دقائق,9
للمعايير,9
طرحها,9
“ما,9
وضعية,9
غويانا,9
التطبيق،,9
أراد,9
دولية،,9
السياراتِ,9
مدونة,9
الصيانة,9
الوجبة,9
مظاهرات,9
يُعاد,9
الإيجارية,9
لسنة,9
سيبدأ,9
ونشرت,9
أوقفت,9
كليًا,9
بنداً,9
140,9
المعروضة,9
سنتًا,9
الاعتقاد,9
يطلب,9
بتعليق,9
المناسب,9
سقط,9
تاريخه,9
مفتوح,9
للعلوم,9
وشك,9
التقلبات,9
اللازمة.,9
بانتظار,9
الحفر,9
عميقًا,9
والمحيط,9
الكمية,9
الدنماركية,9
الثانوية,9
عائلاتهم,9
العاملون,9
المنصوص,9
تتويج,9
بذل,9
العناية,9
النهائي.,9
مزودة,9
كامل.,9
محدد,9
الطعام.,9
ضمنها,9
الخبرة,9
والصناعات,9
للاستفادة,9
للخطر.,9
نظارات,9
والحكومة,9
نجد,9
وصفته,9
شهراً,9
مليوني,9
البنغاليين,9
للسيارات,9
ولدى,9
شروق,9
زيارات,9
المكثفة,9
مزاعم,9
سعودي,9
النحافة,9
أكثر.,9
تحولًا,9
المجمعة,9
توجيهات,9
الفيضانات،,9
لإحياء,9
منحت,9
تهريب,9
الكرملين,9
للأونصة,9
لأمر,9
أجريت,9
ودون,9
للفترة,9
النشر,9
نواب,9
دمشق،,9
عصام,9
البريطانية،,9
المركبة,9
آخرين.,9
واتهم,9
الصحية.,9
الشهادات,9
بمساعدة,9
للقضية,9
منشورات,9
المشجعين,9
يبرز,9
النهائي،,8
العشوائي,8
بلغة,8
ساركوزي,8
تلوح,8
الائتماني,8
متوقعة,8
نجل,8
سنويا,8
والأطفال,8
وفقدان,8
قلقه,8
0.9%,8
النقاد,8
وتعادل,8
البيئات,8
الانفتاح,8
ابنة,8
مراراً,8
استقرت,8
لسنوات،,8
خاص.,8
القائمة،,8
ناساف,8
إدانة,8
وتحديداً,8
الهزيمة,8
اتخذتها,8
وباكستان,8
فائض,8
للمعادن,8
0.5%,8
مشتركًا,8
يقبل,8
أسوان,8
أندرويد.,8
لارتفاع,8
اقتصاديًا,8
وبرامج,8
التنفس,8
الطرفان,8
فإنَّ,8
تقدمت,8
التصدي,8
سعود,8
لسيطرة,8
جني,8
الاجتماع،,8
آذار,8
استقلال,8
عمّا,8
أعمالي,8
لوران,8
المهلة,8
الإنشاءات,8
وتعود,8
متوافقة,8
يضر,8
ينطوي,8
اضطراب,8
بكين.,8
الحربية,8
بلاد,8
حب,8
الذات,8
معماريان:,8
الجسم،,8
تضاعفت,8
وثلاثة,8
تايلور,8
البيئي.,8
اكتشف,8
روبيو،,8
نقاشات,8
لتوجيه,8
تولي,8
مختبر,8
فيتنام،,8
تغريدة,8
"و""الحدث.نت""،",8
والمدافعين,8
الزيادات,8
رود,8
الفضاءات,8
الدعوى,8
وتغير,8
سمير,8
يقوض,8
سينعكس,8
مباشرًا,8
تديرها,8
المنتظر,8
الشيباني,8
للعيش,8
العمر،,8
الماضيين،,8
بمعنى,8
أقام,8
إليهم,8
موضحا,8
للحكومة،,8
موسكو،,8
القصص،,8
والصواريخ,8
والمستأجر،,8
واصفًا,8
كبح,8
سانتوس,8
أحرز,8
أمازون,8
الموافق,8
كازاخستان،,8
باتوا,8
74,8
شهرًا,8
إثبات,8
ومنصات,8
وحققت,8
السكوالين,8
"""أبل""،",8
التطبيع,8
المؤيد,8
ولماذا,8
وتوفر,8
ذهب,8
النهاية.,8
الجنرالات,8
إبقاء,8
الصغير,8
بالموافقة,8
بأسلوب,8
السائقين,8
الوضوح,8
ويوم,8
المرتكبة,8
والقانون,8
الانتصارات,8
والهجمات,8
لمخاطر,8
القائد,8
السريع.,8
أحاول,8
تسارعت,8
مطلوب,8
مشروب,8
بزشكيان،,8
ويواجه,8
المؤثر,8
ضغوطًا,8
وجذب,8
مشجعي,8
الموسيقى،,8
النمط,8
الحي,8
الهندسية,8
الدموية,8
الكاتالوني,8
مواطني,8
المبرم,8
للمسلمين,8
والاقتصادي,8
تاريخه.,8
تعاونها,8
تاريخه،,8
اعتمادها,8
فرنسي,8
كريم,8
الدكتورة,8
بمنح,8
أكمل,8
أعمارهن,8
التقدير,8
المعاهدة,8
إل,8
استدعى,8
ومصادر,8
الفريدة,8
ثروة,8
لمعظم,8
بشرط,8
بأحد,8
رواتب,8
المكتبة,8
الفرار,8
اعتراض,8
غارة,8
الاستئناف,8
يتعلم,8
وإقامة,8
الغرفة,8
أحمدي،,8
قرض,8
لأجهزة,8
الشمال،,8
لاحقة,8
104,8
للحيوانات,8
روابط,8
رسمي،,8
الممثل,8
الغرض,8
لتشغيل,8
بيتكوين,8
واليابان,8
طبي,8
مصنوع,8
المنتج,8
المالي،,8
اللبنانيين,8
عقدت,8
الأخريات,8
ليونيل,8
تطلعات,8
وأجزاء,8
طبق,8
الخطيرة,8
لإزالة,8
القسري،,8
الأجنبية.,8
كواليس,8
حاسمًا,8
ليفربول،,8
بموجبه,8
فيضان,8
اعتادت,8
الجسدية,8
اليمن.,8
تدرك,8
يلجأ,8
التجريم,8
الإمارات،,8
بسببِ,8
الفاعلون,8
مدنية,8
الأمازيغية,8
حقوقها,8
أتوقع,8
المنشأة,8
وشرق,8
الفترة.,8
يُنصح,8
والتضامن,8
النشطة,8
إف-35,8
الباهظة,8
ونزع,8
نقله,8
زلت,8
لإسرائيل.,8
بالتوازي,8
فرحان،,8
ولأن,8
جايير,8
التدهور,8
حلّ,8
الجبهة,8
ضابط,8
فرز,8
م.د:,8
واقعة,8
المصدرة,8
والمساعدة,8
الآخرون,8
عاما),8
اقتصادية،,8
حجمها,8
القومي.,8
متجذرة,8
إف,8
العراق.,8
المترتبة,8
أهلي,8
إنتركونتيننتال,8
أثبت,8
الدودية,8
تتسم,8
الذباب,8
لحوالي,8
وممارسة,8
هداف,8
اللحظة،,8
رودريغيز,8
التطبيق.,8
لقادة,8
الاستوائية,8
ديمبلي،,8
للأسهم,8
القرية,8
المتخصص,8
المسرح,8
أوريغون,8
الزوار,8
الهادئ.,8
التوصيل,8
قروض,8
النوم.,8
لتحرير,8
الفشل,8
إسرائيليين,8
الجمع,8
"""علي",8
غوغل,8
وحين,8
"العقاري""",8
هذه.,8
متوقع,8
مثالًا,8
حجمه,8
للدراسات,8
والنشر,8
الإجراءات،,8
أجراها,8
وإيطاليا,8
الشائعة,8
أوصى,8
الافتراضي,8
الذهبية،,8
الأم،,8
1200,8
ترينيداد,8
المساعي,8
ودور,8
أستطع,8
النيجر،,8
وطالب,8
المستشفى,8
مدارس,8
تيم,8
بالتواصل,8
750,8
للدعم,8
بالرئيس,8
يضعف,8
المأساة,8
الليبرالية,8
نعلم,8
كافٍ,8
وأفريقيا,8
السير,8
يحب,8
للإشارة,8
سفارة,8
الحصان,8
تقدمه,8
انطلاقة,8
لاريجاني,8
الصوتية,8
التتويج,8
التبريد,8
نهضة,8
قرارها,8
النازحون,8
يشغل,8
الداخلية،,8
حادًا,8
الحراك,8
لسياسة,8
65%,8
تلقت,8
الهندية،,8
صحفيين,8
بديلاً,8
أبسط,8
الجاهزة,8
التشيكية,8
زمنية,8
وتظهر,8
230,8
مكالمة,8
استمرارية,8
فوزا,8
ساعدت,8
صينيين,8
تستثمر,8
بجهود,8
بالحفاظ,8
البنى,8
اكتمال,8
رغبتها,8
لكثير,8
إسقاط,8
جزئي,8
للشرق,8
يتكون,8
وجودة,8
2005,8
ماك,8
الطلبة,8
والهندسة,8
المستدامة.,8
متى,8
"""لكن",8
المبالغ,8
إضفاء,8
"""مايكروسوفت""",8
البيئي،,8
الشعبية،,8
التحرش,8
الميلاد,8
الأفراد،,8
الأسترالية,8
مغلقة,8
أُعلن,8
شريحة,8
"""سبوتيفاي""",8
وتدمير,8
المشاريع،,8
ومدى,8
ومحاسبة,8
النوم،,8
ويخشى,8
مدنيين,8
النفطِ,8
الشرائية,8
شخصي,8
الابتدائية,8
الاستقلالية,8
فحسب؛,8
المدعمة,8
قتلت,8
التلوث,8
برنتفورد,8
لاحقًا.,8
اللوتين,8
قادرًا,8
دافع,8
"""إيجي",8
تأثيره,8
وسعت,8
العائلية,8
الناجم,8
جدة،,8
كارولين,8
ليفيت،,8
الشبكة،,8
ببطولة,8
فإننا,8
تركيب,8
التنموية,8
الفتى,8
أتحدث,8
استقطاب,8
والاقتصادي،,8
رواد,8
قوله,8
تحدياً,8
عاطفية,8
للمستهلكين,8
عوائد,8
الفلسطيني.,8
السيناتور,8
مبرر,8
جدران,8
تشديد,8
17،,8
ستفرض,8
مفاتيح,8
وأشاد,8
التغير,8
إنتاجية,8
يرجع,8
الحبس,8
ماركوس,8
بهدفين,8
جغرافية,8
بمنع,8
وإضافة,8
الكبيرة،,8
منعها,8
التدمير,8
وهكذا,8
إدارية,8
بشبكة,8
أعمالك,8
الكويتي,8
المهني,8
الأداة,8
إسلام,8
ضحيتها,8
والتأثير,8
المتأثرة,8
المزيفة,8
السبل,8
مقرات,8
الدينية.,8
بيرنلي,8
منجم,8
المجتمعية،,8
والمساواة,8
الدواء,8
وجبة,8
الاستماع,8
تكافح,8
المتضررة,8
أعيد,8
متنوع,8
الضمان,8
محورية,8
رائع,8
للشعوب,8
بالعام,8
القارة.,8
يستفيد,8
الاضطهاد,8
أسبوعية,8
مايكروسوفت,8
الاختراع,8
أرسم,8
البلد،,8
تسريب,8
وإيران,8
يقومون,8
أعطى,8
حكومات,8
دائمة,8
الليل.,8
يضطر,8
المعنية،,8
"""غوغل",8
برؤية,8
بالطبع،,8
أدرك,8
ويعتقد,8
المتوسط.,8
وصور,8
الديون،,8
تطبيقها,8
2012،,8
المفاجئ,8
زلزال,8
البترول,8
أغلق,8
للبلاد،,8
احتيال,8
عامة،,8
معها،,8
كثيرة،,8
تشريع,8
النظارات,8
التخفيضات,8
رجعة,8
الطبخ,8
المحركات,8
أوسلو,8
السكر،,8
التفوق,8
الاختراق,8
وتابعت,8
عقدين,8
أنشأ,8
كيفوركوفا,8
الليل،,8
التلاميذ,8
دفاع,8
اصطدام,8
المدفوعات,8
تأخير,8
احتلت,8
بلدانهم,8
شعارات,8
هدد,8
142,8
والوقاية,8
المختلفة.,8
للكثيرين،,8
الحاكم.,8
لقائه,8
ملتقى,8
غذائي,8
منخفض,8
تجلب,8
ومواصلة,8
وكندا،,8
نظامها,8
وانعدام,8
بصحة,8
أسطول,8
عاجلة,8
الوقود،,8
"غزة"".",8
والتواصل,8
والدولية،,8
العشرينات,8
اتفق,8
للكشف,8
اليساري,8
أحدهما,8
عالٍ,8
زعيمة,8
والسياسة,8
الذراع,8
اكتسبت,8
التام,8
ندرك,8
إمبابي،,8
للصناعات,8
سرقة,8
وأثارت,8
ساحات,8
السن،,8
البكتيريا,8
اللوحات,8
علمية,8
مقربة,8
لكوريا,8
يرفض,8
أطر,8
للمخاوف,8
قادها,8
وتعمل,8
الاعتراض,8
غزو,8
أجد,8
حقبة,8
يحظر,8
الدار,8
جدار,8
ينطبق,8
الجوية،,8
بالأسواق,8
التقرير،,8
الرسمي،,8
بشدة،,8
بسيطة،,8
المدنيون,8
موسكو.,8
الراحة,8
الأهمية،,8
طُلب,8
قرون,8
وأسفرت,8
اللوجستية,8
يهيمن,8
الصوت,8
دعاوى,8
فُرضت,8
ليل,8
تزامن,8
لتبادل,8
بكثافة,8
رسوما,8
بث,8
رمز,8
كبيرا,8
المنصة.,8
الرهائن،,8
الأوكرانية،,8
فارق,8
وأميركا,8
للمجتمعات,8
أوكرانية,8
طبقًا,8
الأصليين،,8
وشبكات,8
3-0,8
فون,8
تدافع,8
الأفق,8
هذه،,8
تتكون,8
إفريقية,8
والتفكير,8
الصفقة،,8
ثلاثين,8
الرحيم,8
غونزاليس,8
تجدد,8
فك,8
تنطلق,8
متجددة,8
لسياسات,8
هادئة,8
بإنشاء,8
للأسبوع,8
الموضوعات,8
للسلطات,8
ووفق,8
المعلن,8
حرق,8
مناقصة,8
الحوثيين،,8
نظامًا,8
تُشير,8
ميزان,8
لعقد,8
إيجابياً,8
الوفود,8
للبنك,8
ستظل,8
الصور،,8
روايات,8
اللتين,8
الاستقالات,8
الجامعات،,8
تلقيت,8
المستويين,8
المشاهد,8
وكأن,8
6-3,8
لمفتشي,8
تلبي,8
الأسهم،,8
تضرب,8
مستقلة،,8
المصنفة,8
تعدين,8
كومنز,8
حقوقهم,8
نشاطها,8
لمتابعة,8
الاسمية,8
ستواصل,8
تشابي,8
عامِ,8
يتمّ,8
منهم.,8
الأغنية,8
علاء,8
بطاريات,8
اعتبره,8
السلامة،,8
يومياً،,8
مهددة,8
حاليًا.,8
الحقوقية,8
ينجح,8
مستخدم،,8
تدعي,8
التراخيص,8
بتوسيع,8
كازاخستان.,8
للدراسة,8
العنيفة,8
صناعي,8
خاضها,8
أجنبي,8
وُصفت,8
الجوي،,8
طوارئ,8
يُسمح,8
بتة,8
عدة،,8
وتحويل,8
سيحدث,8
بأعمال,8
للحوثيين,8
والفتيات,8
سنغافورة,8
الشرقي،,8
مرات،,8
الجلوس,8
للشخص,8
بارك,8
قانوني،,8
انتهاكًا,8
بلغاريا,8
المسابقات,8
لمحاولة,8
أسفل,8
أفكر,8
الترتيب.,8
تصب,8
الصلاة,8
والدتي,8
غدا,8
"فلسطين"".",8
المستغلة,8
التشيك,8
الخيارات,8
نيوكاسل,8
نوعاً,8
ذهبية,8
عاماً.,8
الشوارع.,8
تباين,8
أركان,8
الجدول,8
دائمًا.,8
"""ديلي",8
"ميل""",8
يُسمى,8
وتنص,8
كقوة,8
تشيكوسلوفاكيا,8
أموالهم,8
للمركز,8
لهم.,8
بالذكر,8
أميركية،,8
المثيرة,8
أساسياً,8
وأحد,8
مجزرة,8
المحليين،,8
للاتصالات,8
لاتخاذ,8
المتطورة,8
مبعوث,8
قوتها,8
العليا.,8
الحدودية,8
منظومات,8
التسويق,8
تنتقل,8
لتبرير,8
المؤسسي,8
تمهيداً,8
بيلنغهام,8
للفائدة,8
بايدن,8
موظف,8
والأنظمة,8
والكرامة,8
عدت,8
وواشنطن,8
أولية,8
الحادة,8
سابقا,8
الألفية,8
ألم,8
قاطع,8
حكاية,8
تصدرت,8
مركزية,8
الأحدث,8
يسرائيل,8
كاتس,8
أقرت,8
يتزايد,8
تحطم,8
غيغاواط،,8
يختار,8
اللاعبون,8
أصابع,8
(اسم,8
للسيدات,8
أمريكي).,8
بالقول,8
وتل,8
خلقت,8
عينات,8
إعفاء,8
ينمو,8
تجريم,8
وأصحاب,8
لا.,8
الخضراوات,8
بتغيير,8
شيء.,8
بتطبيق,8
وتشغيل,8
تكفي,8
وسوريا,8
يُشير,8
معًا.,8
والاعتماد,8
لنحو,8
أعربت,8
مسودة,8
توماس,8
تراكم,8
وقود,8
النهائية،,8
عالميًا.,8
دراسية,8
الراسخة,8
ستقوم,8
ببناء,8
وإمكانية,8
غطاء,8
مسبوقة.,8
الصحة،,8
وبعدها,8
المالي.,8
فمع,8
ل,8
صميم,8
تقوض,8
ونشر,8
لتنمية,8
لافتا,8
عاشوا,8
لحسن,8
دمرت,8
ويتنافس,8
جمعتها,8
للتوسع,8
بقتل,8
ومجموعة,8
المطاعم,8
التجارة.,8
للرقابة،,8
القانونية.,8
الخوارزميات,8
تسليط,8
بقليل,8
للعالم,8
مستعدون,8
تعديلات,8
حسينة,8
التعبير.,8
العاشرة,8
ترغب,8
يعرفون,8
إيدي,8
69,8
والزراعة,8
السوري.,8
ستبقى,8
غريب,8
التوصية,8
ملاك,8
للقلق,8
حظيت,8
أيضا،,8
الربحية,8
العبء,8
جسيمة,8
وعد,8
مشروعاً,8
الجزر,8
2.1,8
الآمن,8
فيرستابن,8
تشهدها,8
الافتتاحية,8
يأخذ,8
تأهل,8
إجابات,8
الانتقادات,8
والأعمال,8
"""بي",8
شائع,8
وراق,8
الصداقة,8
الإسكندرية,8
مقرها,8
ومقرها,8
علمي,8
نجوم,8
ألمانيا.,8
يحل,8
المديرة,8
صادرة,8
الميدانية,8
مديرية,8
المدربة,8
صعد,8
كثافة,8
ومدينة,8
ارتبط,8
الأهالي,8
سمو,8
الخاص.,8
أشعلت,8
رغبته,8
مهد,8
للسلام،,8
الصلة.,8
قسرًا,8
كيلوغرام,8
وصفتها,8
اليونانية,8
بقضايا,8
بتنظيم,8
نتيجةً,8
لاري,8
ذلك؟,8
للمياه,8
2010،,8
أعمل,8
لجأت,8
قديمة،,8
الكميات,8
الدراسي,8
للتفكير,8
لاعباً,8
تسلط,8
الحجاب,8
الأسماء,8
تنهار,8
"""حل",8
إردوغان,8
تصريف,8
آنذاك،,8
وتقليص,8
والاتصال,8
لسلامة,8
نعرف,8
5.5,8
المفهوم,8
"""هسبريس""",8
إنجازًا,8
الصحي.,8
الأدوار,8
المتقدمة،,8
هدنة,8
ونصف،,8
والد,8
الإسبان,8
المكسيك.,8
جهدًا,8
بسعة,8
بحكم,8
إعدادات,8
التخزين,8
2007,8
2008,8
يوجه,8
جزئياً,8
"دانس""،",8
مرغوب,8
الإحصاءات,8
يحول,8
كيس,8
"""يجب",8
مبيناً,8
لجان,8
سلطت,8
التدريجي,8
الطبيعية.,8
المحليون,8
والحياة,8
تضررت,8
بمسؤولية,8
للاستثمارات,8
حلفائها,8
المساواة،,8
المسابقة.,8
سيسمح,8
المحاكمة,8
اعتباراً,8
التداولات,8
قليلا,8
توصل,8
جانبها،,8
مورغان,8
والصين.,8
إي,8
واقتصادية,8
تمارسها,8
اللاحقة,8
للهروب,8
يفرضها,8
بإرسال,8
سلام،,8
أمانًا,8
السحابية,8
والزمالك,8
ازداد,8
الجدارة,8
ألقاه,8
عدّة,8
المستخدمين،,8
فإنّ,8
تقدّم,8
الإنجابية,8
يجتمع,8
حكمًا,8
أسبوع،,8
بذلك.,8
الإعاقة,8
مزورة,8
والحد,8
الشرقية.,8
لمستقبل,8
مسجلة,8
وعبر,8
لغتهم,8
والأخرى,8
سالم,8
تأييد,8
صوتية,8
ولذلك،,8
وإيجاد,8
فكان,8
نواف,8
التأهل,7
مقعد,7
المدنية.,7
محظورة,7
الذكور,7
تقديمه,7
باللوم,7
تخرج,7
جسدي,7
محوريًا,7
تشتد,7
فازت,7
لأني,7
عاصفة,7
الزجاج,7
مكان.,7
المستبعد,7
لامتلاك,7
بأني,7
بفيروس,7
الجانبان,7
صانعة,7
بالتأثير,7
المؤثرة,7
لإلغاء,7
السياسي.,7
وعدة,7
مزيدًا,7
الكردية،,7
نوايا,7
لنا،,7
اعتبروا,7
للاهتمام,7
التحتية.,7
المقابلة،,7
لحكومة,7
للصراع,7
سيجري,7
لمواقع,7
الأحذية,7
بالاعتماد,7
الكرات,7
بالبشر،,7
جبل,7
المرأة،,7
استنزاف,7
البرية,7
مستثمرين,7
بأكمله,7
هويته,7
المدى،,7
إقراره,7
بنقل,7
تتناسب,7
داعية,7
وإعلان,7
برمجيات,7
عندها,7
فيدا,7
الأصليين.,7
المخالفة,7
للتعليم,7
وإجراءات,7
للتاريخ,7
بشمال,7
ملاحظة,7
الأمريكية،,7
الذهبفي,7
أندية,7
الجانبية,7
محضر,7
البلجيكي,7
الملعب،,7
الزناد,7
أحادي,7
وأعادت,7
الضعيفة,7
دولية.,7
الملكة,7
غيتس,7
الحاكم،,7
بالسكان,7
طريقه,7
إتاحة,7
زعزعة,7
فخلال,7
داخلي,7
واسعة،,7
كاراكاس،,7
وكمبوديا,7
ارتكبها,7
خياراً,7
أسامة,7
مودي,7
أودت,7
عاشت,7
توطين,7
الاتفاق.,7
لتمرير,7
شخصًا.,7
وجيزة,7
أكاديمية,7
العزلة,7
وبذلك,7
للضغط,7
تسمى,7
وسيادة,7
العلاقة،,7
رأيت,7
شاطئ,7
النخيل,7
تُحدد,7
سري,7
للإغاثة,7
سيطرتها,7
المتواصل,7
بالسيطرة,7
متجاوزة,7
القسرية,7
الهادفة,7
حرة,7
ادعاء,7
جمعها,7
يسيطر,7
أخيراً,7
معتدل,7
عوضًا,7
نسبيًا،,7
سجناء,7
ترقب,7
سورية,7
البيولوجي,7
يونس,7
حفرة,7
طاقم,7
"المقبلة"".",7
مارس/آذار،,7
ميدان,7
المدن.,7
للشهر,7
ردا,7
شبابية,7
لهما,7
فعال,7
أخرج,7
وعززت,7
المناهج,7
تمارس,7
ميل,7
وقفز,7
أنهما,7
2.2,7
وتعديل,7
ممثلو,7
الموريتانية,7
سيدي,7
للخطر,7
يشكّل,7
المحتوى.,7
الأذى,7
الحرائق,7
زار,7
الشيوخ،,7
تعرضوا,7
واستخدامها,7
المعركة,7
والعودة,7
سرية,7
وبشأن,7
تحوّلت,7
ينبع,7
الأعراف,7
لقمع,7
أمريكية,7
وقائع,7
اللبناني،,7
كثرة,7
كورونا,7
انتقلت,7
"""أنا",7
النزاع،,7
المدفوعة,7
الكلى.,7
الأحمر.,7
اثنان,7
تتأثر,7
والخبرات,7
تزوير,7
انتصار,7
الاقتصادات,7
أشعل,7
"""سامسونغ""",7
رؤيتها,7
ملاءمة,7
الطقس,7
للمؤشر,7
المؤيدين,7
تضارب,7
منهم،,7
محنة,7
إنجازات,7
القضية.,7
والمخاطر,7
اتساع,7
الفيضان,7
الطوعي,7
تزامنًا,7
التوصيات,7
المصنوع,7
يريده,7
للشركة.,7
وعضو,7
تقبل,7
مجانية,7
الإسباني.,7
بيتا,7
البلدان،,7
حظي,7
باعتراف,7
الاختلافات,7
فلوريدا,7
مقرًا,7
تستغل,7
فضل,7
المغادرة,7
وقتٍ,7
الفتيات،,7
المنافذ,7
الأحقية,7
السمك,7
ويصل,7
غاز,7
المسبق,7
قصوى,7
للموافقة,7
التكنولوجي,7
الضيوف,7
ساعات،,7
علما,7
للمملكة,7
تكتفي,7
خضع,7
الصناديق,7
للمساهمين,7
يوما,7
"""ذا",7
130,7
مكافأة,7
التصريح,7
ومدن,7
سيواجه,7
شاشات,7
بمتابعة,7
تعالج,7
راح,7
المكرمة,7
بالدخول,7
فوكس,7
للأنباء,7
حاسم,7
المنصب,7
وطريقة,7
إجلاء,7
تحيط,7
تشجع,7
سيدني,7
بتأثير,7
الوحشية,7
اعتقاله,7
كثب,7
نموذجاً,7
شبيهة,7
أبراج,7
وتبني,7
"لـ""العربية.نت""،",7
المستدام،,7
جيه,7
تتراجع,7
وتؤثر,7
حاملي,7
الدنماركي,7
لبرشلونة,7
الاستغناء,7
مادورو.,7
والفساد,7
البحوث,7
الهيكلية,7
46,7
لدخول,7
ابنه,7
يتمتعون,7
اللاجئين،,7
المتحولين,7
لوائح,7
ويتضمن,7
وقائية,7
تشريعات,7
قياس,7
تمكّن,7
عملاق,7
السعوديون,7
الذكي,7
إيناسيو,7
الحوافز,7
وكلاء,7
وبدء,7
أميركيين,7
يقدّم,7
الإيرانية.,7
2029،,7
14%,7
تقليدي,7
ابتكار,7
المريخ.,7
مصدرًا,7
بشدة.,7
تنفي,7
لنمو,7
حققها,7
المتعاملون,7
وصرحت,7
المتحدثين,7
لولاية,7
أ.م:,7
أسبوعين،,7
البطاقات,7
عملياً,7
الحقيقي،,7
الأب,7
موضوعات,7
ضررًا,7
900,7
الكافي,7
منغوليا,7
والانخراط,7
الفريقان,7
انتصارات,7
الممنوحة,7
القادمين,7
اللذان,7
المحكمة،,7
وفهم,7
الكرواتي,7
وفاء,7
الانقلاب,7
ضعيفة,7
للأندية,7
والتركيز,7
جونز,7
تهميش,7
بإضافة,7
داو,7
المسلح,7
88,7
الشمول,7
ازدادت,7
والثانية,7
الفائقة,7
الزوجيِّ,7
جورج,7
يرتدون,7
بظلالها,7
المعرض,7
عيان,7
أسطورة,7
التعاقد,7
لمثل,7
صراحةً,7
الممثلين,7
المخيمات,7
مضللة,7
الشمالية.,7
فورية,7
خاضعة,7
يستطع,7
سابقاً،,7
الأنظار,7
الكافية,7
لاستقبال,7
المعدنية،,7
شرط,7
مؤخرا,7
وآيفون,7
هالاند,7
تتصدر,7
وتعكس,7
القنابل,7
تحذر,7
الإفلات,7
للشباب,7
البولندية,7
"إسرائيل"".",7
"جورنال""",7
غمرت,7
ثلث,7
ثابتة,7
برغم,7
توحيد,7
الأسوأ,7
2006،,7
وإنتاج,7
معينة.,7
يستدعي,7
المسيّرات,7
إلينزانيتانت,7
الفيتناميين,7
(فرنسا,7
الشحنات,7
بضمان,7
القمامة,7
ينظم,7
طيران,7
باستثمار,7
الكاذبة,7
المحليين.,7
قراراً,7
الترجمة،,7
لتقليص,7
أردف,7
الميزات,7
ملحوظاً,7
أساسية،,7
الإيطالية,7
تشارلز,7
تُمكّن,7
يستخدمها,7
الاعتقالات,7
تحقيقها,7
بوالوي,7
وانتهاكات,7
بصور,7
مصنوعة,7
منسوب,7
محذراً,7
الانتقالية,7
2025م،,7
1.6,7
يستغرق,7
ذكي,7
الانهيار,7
الاستراتيجيات,7
ارتفاعات,7
التوزيعات,7
يتردد,7
الإماراتي,7
يُقدر,7
الماليزي,7
بطولات,7
أميد,7
نشطة,7
سيتمكن,7
ويؤدي,7
ومصالحها,7
الإسرائيليون,7
تليها,7
وتعاني,7
بيسكوف,7
غرينتش.,7
يصدر,7
برّاك,7
الكيانات,7
تبذلها,7
اثنتين,7
سيعقد,7
تُصدر,7
والإنتاج,7
والبيئية,7
للاشتباه,7
بقانون,7
إنستغرام.,7
هواء,7
67,7
رحلته,7
فيروس,7
للتطبيقات,7
اللاعبة,7
والرابع,7
يتذكر,7
الاتجار,7
اختراع,7
فردي,7
والأمن،,7
المصارف,7
ومشروع,7
الارتفاعات,7
كلغة,7
2000،,7
-التي,7
يكافح,7
عملنا,7
(نيسان),7
دونغان,7
نفسك,7
ساعتين,7
للفلسطينيين.,7
الشرب,7
الغازات,7
السامة,7
يلي:,7
فلسطينية.,7
التعليم.,7
اللقطات,7
لبنانية,7
الشرطة.,7
تمريرة,7
المعلنة,7
أنتجت,7
تواكب,7
فيكوريا,7
الكورية.,7
"""أوبر""",7
وجمع,7
والإبادة,7
يفترض,7
حاليا،,7
تُسهم,7
الجزائرية.,7
المستدامة،,7
قصوى.,7
مؤكدةً,7
مثيرًا,7
و6,7
دلالة,7
أتمكن,7
تُشكل,7
الداخل،,7
فاضل،,7
المال.,7
225,7
الإرهابية,7
لكأس,7
غضبًا,7
كسب,7
الجهاز.,7
وجوه,7
سلة,7
حالياً،,7
واستحوذت,7
النباتي,7
عملية،,7
تغذية,7
وأفضل,7
الدوري،,7
مبارياته,7
لعمليات,7
لحماس,7
تحقيقه,7
الين,7
ين,7
غرينتش,7
والعلوم,7
الأعداد,7
جواز,7
طوفان,7
لجهاز,7
الناجحة,7
كخطوة,7
عملات,7
مدفوعًا,7
المستقلين,7
والمستأجر,7
الإيجابية،,7
التكيّف,7
شهري،,7
يناير،,7
الضار,7
التأثيرات,7
بأهمية,7
توليه,7
أسرار,7
شريف,7
مصرح,7
جانبي,7
الحديث،,7
فئات,7
تامة,7
اعتُقل,7
مشروبات,7
رموز,7
بقيام,7
وكتبت,7
التونسية,7
لهيئة,7
بالمياه,7
لتتبع,7
جعلها,7
الملموسة,7
وكلاهما,7
المستقلة.,7
للإنترنت,7
الفريق،,7
معتمدة,7
حيوانات,7
والأدوية,7
المظالم,7
بدورها،,7
الشاغرة,7
عملهم,7
الأوعية,7
ملتزمة,7
الإعلامية،,7
نظم,7
فهمي,7
اللعب،,7
وسرعة,7
سيساعد,7
"""تاس""",7
يورتشيتش,7
بهم،,7
إلقاء,7
الكهربائية.,7
ستؤدي,7
وأشباه,7
تسجيلات,7
الكردي,7
وبفضل,7
الصناعي،,7
“لي”,7
والقانونية,7
بدوام,7
مثلَ,7
يرغبون,7
وتراجعت,7
الضيق,7
تنظيف,7
بدافع,7
لجأ,7
بغية,7
"""إيه",7
وبسبب,7
الجلسات,7
التعاقدية,7
نادر,7
المتابعين,7
ثمرة,7
وقطاع,7
أميركيون,7
المعني,7
تغذي,7
باستئناف,7
والمنصات,7
تداولات,7
يورو.,7
أردنا,7
حرمان,7
450,7
الطائفة,7
الخلفية,7
الوراثية,7
التالية،,7
كريستيان,7
وتشريد,7
نمطًا,7
فينيسيوس,7
التقييمات,7
عاتق,7
بالضبط,7
بنفيكا,7
التشخيص,7
2.4,7
للمضي,7
مفتوحاً,7
أقرّ,7
تُطلق,7
رام,7
لرئاسة,7
المحافل,7
«تنظيم,7
أيمن,7
قوبلت,7
المفرطة,7
لتمديد,7
مهاجر,7
بالاتفاق,7
البيان،,7
إتش,7
السلبي,7
الثلاثينيات,7
وأسعار,7
أرسل,7
المعاملة,7
الهياكل,7
رحب,7
2018.,7
والمسؤولية,7
السوفيتية,7
الغلاف,7
بالنظام,7
سجين,7
أسباب،,7
لكنّ,7
أبيب،,7
تذكر,7
قلت,7
بالعديد,7
نجا,7
بتمويل,7
ويعمل,7
ونددت,7
التكنولوجية،,7
بعبارة,7
تسرب,7
وقدمت,7
امتياز,7
نُفذت,7
دونَ,7
تغلب,7
تجسيد,7
المعالجة,7
بكثير.,7
الميليشيات,7
إطلاقها,7
والأوعية,7
الاستعانة,7
التسلل,7
يبرر,7
الفجوات,7
المدافع,7
نحتاج,7
الفنزويلي,7
البيئةِ,7
البريطانية.,7
دولتين,7
الثابتة,7
الغرامات,7
بالرغمِ,7
للمباراة,7
التقنية.,7
الكثيرة,7
الإيجابية,7
أداءً,7
"""",7
يعتبره,7
واستمر,7
فولوديمير,7
السؤال:,7
ربح,7
للحياة.,7
استحوذت,7
13%,7
سارعت,7
فرع,7
المسلسل,7
مصحوبة,7
برسالة,7
الإطار،,7
نفوذها,7
قوية،,7
العنصر,7
تحل,7
تضرر,7
الذينَ,7
المتنامية,7
وأسفر,7
بأمراض,7
الوافدين,7
أعوام،,7
دياز,7
الشرع،,7
2-1,7
الالتزامات,7
مسؤوليتها,7
جدتي,7
والسرد,7
الآخرين.,7
واللوائح,7
أُجبر,7
2.3,7
لانتخابات,7
كيات,7
"""وعد",7
متواصلة,7
كينيا،,7
لقطع,7
التحوّل,7
معادن,7
شنتها,7
الرئاسة,7
جنيهاً.,7
عاملًا,7
اعتباره,7
التوريد،,7
أشياء,7
الأمهات,7
يوماً،,7
لقبول,7
جذبت,7
التوقعات.,7
فهناك,7
يدخلون,7
تأخر,7
حدّ,7
مهنة,7
"""إكس""،",7
خفيف,7
استجابت,7
التاريخية،,7
يقال,7
التنفيذيين,7
أوراكل,7
والموسيقى,7
وإنهاء,7
الدورات,7
حقيقيًا,7
المركزي،,7
موضوعًا,7
والتعبير,7
السوقي,7
غوما.,7
تتدفق,7
خطرا,7
المصابين,7
الصليبي,7
انقطاعات,7
الصغيرة.,7
الباكستانيين,7
سيرتفع,7
62,7
النيجيرية,7
القطاعات،,7
فيراري,7
القادر,7
الإرث,7
للمرأة,7
مستعد,7
بوينس,7
المؤسس,7
المدة,7
سراحه,7
إضافية،,7
وبدون,7
التدوير,7
تقرأ,7
الوعد,7
حظرًا,7
الانقسامات,7
العقاب,7
بمرحلة,7
إيجارات,7
وتابعت:,7
تموز,7
الرقميين,7
محلية،,7
غيرها,7
الخليجي،,7
للضفة,7
أندري,7
البلقان,7
تقويض,7
النقدية.,7
المدنيين.,7
مقابلات,7
الجماعي.,7
كحل,7
القيادي,7
يرد,7
تضغط,7
أتخيل,7
الماضي:,7
معاً,7
بمراقبة,7
سريعًا,7
والصحفيين,7
الممثلة,7
البالغين,7
تحريك,7
ممثلين,7
الجواب,7
التعويضات,7
الرؤساء,7
للتعذيب,7
"ستيل""",7
الإسلامية.,7
شهريًا،,7
لإعداد,7
الإغاثة,7
والعقوبات,7
قالت:,7
كوراليس,7
أذربيجان،,7
حوافز,7
التنبؤ,7
لوصف,7
السياقات,7
عمان,7
المتراكمة,7
أطفالهم,7
فإنهم,7
والثالثة,7
كومي,7
للثقة,7
يفيد,7
التهجير,7
والبقاء,7
هجوماً,7
بنكية,7
عطل,7
والمكسيك,7
موناكو,7
المتتالية,7
واعدة,7
حذّرت,7
الحكومي،,7
2001،,7
وفاته,7
لمجرد,7
خصم,7
بمكاسب,7
عالية،,7
غانا،,7
شخصيًا،,7
بثقة,7
تجعلها,7
بتقنية,7
بأنّ,7
مفرط,7
الإقليم،,7
التركي.,7
الهيئة،,7
التصوير،,7
والضغوط,7
فوري,7
بالاقتصاد,7
عزل,7
أقمار,7
والضفة,7
الكريكت,7
ويخلق,7
النوبة,7
"""تروث",7
المراعي,7
دفاعية,7
والرسوم,7
ومشاركة,7
للبرميل,7
للبرميل.,7
إخواننا,7
تنتهي,7
تطبيع,7
تترك,7
أغسطس/,7
واستعادة,7
اليهودي,7
المصدر،,7
الخبيثة,7
واجهات,7
القضية،,7
البنزين,7
ويزيد,7
يضرب,7
التقرير.,7
المؤقت,7
بطارية,7
الآخر.,7
رخصة,7
"اليوم"".",7
الربط,7
حديثًا,7
عالمنا,7
حجز,7
أبلغ,7
أليكس,7
مساراً,7
لهم،,7
انخفاضاً,7
"""البنك",7
وخسر,7
الفصول,7
نيودلهي,7
اعتبارًا,7
برنت,7
واستكشاف,7
الصنع,7
ارتبطت,7
الأبطال,7
الدوافع,7
المسح,7
تواجد,7
إدارته,7
فكرت,7
تتخلى,7
جانبه,7
الأم.,7
تصرف,7
مستمر،,7
الصيفية,7
متانة,7
لطرح,7
والدراسات,7
قررنا,7
ستصبح,7
الداخلي،,7
تماماً،,7
الدعاية,7
للنظر,7
أبريل/نيسان،,7
التضليل,7
لاستهداف,7
هيئات,7
تقليديًا,7
أجبر,7
وفرضت,7
الانقطاع,7
ضرر,7
يتراجع,7
الجمارك,7
سياسيين,7
السلمي,7
الثقة،,7
مسافر،,7
أوضاع,7
أطباء,7
لحد,7
الثالث.,7
الناطق,7
المنتدب,7
لأزمة,7
بيرابورا,7
للجمهور,7
الميناء,7
الوزن.,7
واضحة.,7
قضائي,7
أسعد,7
إنقاص,7
اللافت,7
سعد,7
شعبها,7
الخبز,7
مطاردة,7
وتُظهر,7
بمستقبل,7
نفكر,7
المستقبلية.,7
بطاقات,7
البديل,7
التواصل،,7
الاشتراكي,7
البنود,7
أثرًا,7
ميانمار،,7
والتاريخ,7
ممرات,7
إليك,7
عداد,7
رسمي.,7
تزالُ,7
الزاهد,7
لدولة,7
التحويلية,7
تجميع,7
الاستثماري,7
وغالباً,7
تلفزيونية,7
إسترليني,7
معتبرا,7
الـ16,7
وعمليات,7
وتفاقم,7
ألفا,7
روبن,7
آمال,7
بتغطية,7
تتشكل,7
حلقات,7
الإذاعي,7
يتسم,7
وطرح,7
مساكن,7
الساخنة,7
حجب,7
و30,7
الأصوات.,7
خصائص,7
آذار/مارس,7
مرسيليا,7
التصويت،,7
تحديدًا,7
كاتماندو،,7
المشاورات,7
نصيب,7
واجتماعية,7
ببيع,7
"بابا""",7
صعب,7
لإضافة,7
النظامية،,7
المرور,7
والمساءلة,7
تركت,7
أبحث,7
نوعًا,7
المستثمرين.,7
الشريعة,7
القديمة.,7
1948,7
فهل,7
السنين.,7
كريستيانو,7
وضد,7
للقاء,7
وعمل,7
موقعًا,7
2028.,7
الظهور,7
وتتضمن,7
والقمع,7
لافت,7
التوعية,7
بسرعة،,7
الاستشارات,7
38,7
نوعها,7
الزيجات,7
بالدوري,7
والدبلوماسية,7
الهويات,7
بأكملها.,7
يانبين,7
"للاستثمار""",7
المسيل,7
الأصوات،,7
مستهدفة,7
استثنائي,7
الإدارات,7
تأمل,7
تطرح,7
رقمًا,7
يلقي,7
بتعديل,7
":""",7
المخاطر،,7
الاستيلاء,7
ركز,7
ويضم,7
الغجر,7
الأفريقية.,7
يسهل,7
مطعم,7
رأينا,7
الاستبدادية,7
الدخول.,7
شياع,7
عاما.,7
الذعر,7
أقدمت,7
الصناعة،,7
رقابة,7
الكلي,7
اللجان,7
وسندات,7
الطموح,7
الجذرية,7
وفرة,7
هكذا,7
كدولة,7
أبدأ,7
توقعت,7
المتوسطة,7
لسد,7
وغزة,7
وتعزز,7
الاحتجاجات،,7
تميز,7
عُقدت,7
للبلدان,7
وثقافة,7
هائلًا,7
امتنعت,7
أسمنت,7
دولارٍ,7
مساهمي,7
تقفز,7
خوسيه,7
الأستاذ,7
المماثلة,7
وتصاعد,7
يرسل,7
واستمرت,7
2013،,7
توتر,7
الاتحاد،,7
مكثفة,7
داعش,7
مخزونها,7
أورسولا,7
المحادثة,7
علّق,7
بالأمر,7
فصائل,7
هام,7
أشعة,7
وشهد,7
نيك,7
حساباتهم,7
بالدول,7
وغيرها،,7
مماثل،,7
الفيدرالي.,7
لبدء,7
والمراكز,7
العمر.,7
الهيليوم,7
مايكل,7
كريس,7
55%,7
يخلو,7
استندت,7
المنخفضة,7
كتلة,7
بذور,7
رايتس,7
تحرص,7
تعلق,7
التربوية,7
والشرق,7
متناسب,7
انضم,7
2009،,7
يفعل,7
الكبار,7
وتكشف,7
جسم,7
الامتياز,7
الأفلام،,7
الجمركي,7
يروج,7
النابضة,7
قريباً.,7
توترات,7
استثنائية,7
الرأسمالية,7
الانتحار,7
ميشيغان,7
المحاولات,7
صفحتها,7
ولد,7
أندرو,7
بتوجيه,7
باريس،,7
باير,7
لوجود,7
ضريبية,7
المستحضرات,7
الجوفية,7
خبر,7
تونس،,7
بأقل,7
سيتعين,7
هنا.,7
بإدخال,7
توني,7
الممتد,7
إيراداتها,7
وألا,7
ستوكس,7
المعلمين,7
اختفت,7
النخب,7
الطبقات,7
الأمة,7
الأفغانية,7
"""أوراكل""،",7
والعراق,7
تو,7
والإعلام,7
مبررة,7
معربًا,7
المائة),7
الولادة,7
(من,7
النفايات.,7
للنازحين,7
وأحرز,7
الأسد.,7
أهلية,7
الخضوع,7
الاختبارات,7
السجل,7
جوازات,7
كمال,7
ونجح,7
إسلامي,6
الجامعة،,6
النواحي,6
نظرت,6
بأنظمة,6
اللغوي,6
بطول,6
كهذا,6
علنية,6
والإقليمية,6
سهلة,6
سناب,6
أى,6
شدة,6
سجله,6
الصورة،,6
ساويرس,6
المتوقع،,6
القاهرة.,6
فلسطينيين,6
ماضية,6
حُكم,6
أملك,6
الكبيرة.,6
المعابر,6
الجثث,6
الممتاز،,6
أمينه,6
"""شينخوا""",6
قدرت,6
لكني,6
جفاف,6
قلوب,6
عليهما,6
للقصص,6
أخيرًا،,6
آخرها,6
مهمته,6
الشمسية.,6
التوسعية,6
كرد,6
التشكيك,6
تابعت,6
وحشية,6
الفطور,6
التحذير,6
الجسم.,6
تجارية.,6
القومي،,6
رفعتها,6
غوما،,6
هاوس,6
التأجيل,6
مستودع,6
بدرجات,6
وآليات,6
طويل،,6
الفاعلين,6
عدالة,6
الأخير.,6
سارية,6
“إن,6
رئيسية:,6
والمالية,6
اضطهاد,6
الانفجار,6
3%.,6
الأراضي.,6
كيلومتراً,6
مقبولة,6
مولدوفا,6
101,6
تداولها,6
ليتم,6
رايدر,6
قصير،,6
والآلات,6
مكعبة,6
حالاتِ,6
أهدافًا,6
هوغو,6
المفارقة,6
المحترفين,6
كوك،,6
كاراكاس,6
صفحات,6
تستجيب,6
يُشكل,6
حاولوا,6
حياتنا,6
يوسف،,6
و2025،,6
موحد,6
وسيشارك,6
توقعاته,6
تدريس,6
بلومبرغ,6
(أو,6
نائبة,6
أيار,6
بالإجراءات,6
انضمام,6
ارتفعتأسعار,6
بعمل,6
يانغ,6
والقلق,6
الحريق،,6
لشباب,6
لضحايا,6
معارك,6
الرياح،,6
الكاملة،,6
الحرارة،,6
الفاعل,6
خارجها،,6
"""روشن""",6
ورغبة,6
باراك,6
1.8,6
بأننا,6
الفوز.,6
تدخلت,6
إكسبو,6
بالبقاء,6
والقدرات,6
سيوفر,6
تام,6
هيثرو,6
الآتي,6
تعافي,6
جاهزية,6
الأخير،,6
لقائهما,6
السّكان,6
ميانمار.,6
راميل:,6
الزهور,6
الداخلية.,6
والتقى,6
التسامح,6
الفاشية,6
شباك,6
لقواعد,6
يقترب,6
رياض,6
يرسم,6
مايلي,6
استقلالية,6
الموارد،,6
إرساء,6
هائل,6
سلاحه,6
تذهب,6
عناوين,6
طويلاً,6
المستأجرين,6
كافة.,6
المعروفين,6
بالكشف,6
اتجهت,6
تخفي,6
المسجل,6
مئوية،,6
2006,6
أراضيها.,6
والأنشطة,6
المعلم,6
فمنذ,6
أعلنتها,6
ارتباطها,6
لتوثيق,6
حافة,6
الرئيسين,6
الماريجوانا,6
فكيف,6
بلده,6
تتحكم,6
يتعرضن,6
والحوكمة,6
للتصويت,6
"""اتفاق",6
تنامي,6
المريخ،,6
اليمينية,6
العصابات,6
يجدون,6
متناول,6
يدور,6
أراضيها,6
لقاحات,6
والتصنيع,6
الواعدة,6
واكتشاف,6
ماكرون،,6
الخصوص,6
الدفاعي,6
الأمد.,6
مثبتة,6
غينيا,6
يتأثر,6
أشخاصًا,6
المانحين,6
للشوط,6
بنفسه,6
تطوراً,6
عرف,6
القلب.,6
لأشهر,6
الجيوسياسية،,6
الفم,6
بكتيريا,6
منشئو,6
يُترك,6
تجربته,6
يعيق,6
والشباب,6
بسهولة.,6
كبيراً،,6
شدّد,6
الرهبان,6
برودة,6
الاستغلال,6
مزيدا,6
"الوطنية""",6
يتصدر,6
متزايدًا,6
وأصدرت,6
ومؤسسة,6
أحياء,6
ناحية،,6
المنتديات,6
بعودة,6
و15,6
خطيرة.,6
التصديري,6
سبتمبر.,6
الأمية,6
الفحوص,6
للزوار,6
الحالتين،,6
يشهدها,6
سكر,6
بالهوية,6
الموقعة,6
استثمارها,6
بمفردهم,6
إحساسًا,6
التركي،,6
تتعاون,6
النهر,6
أجنبية،,6
القصيرة،,6
الماء.,6
استثمرت,6
استجابةً,6
ترين,6
مؤلمة,6
أثّرت,6
بالسلاح,6
الحكومات،,6
البحث،,6
هشاشة,6
النسائية,6
المعبر,6
وصدر,6
مشروعها,6
أوباما,6
يفتقرون,6
إيلات,6
الوساطة,6
تُعيد,6
تمويلية,6
عالميا،,6
الإحصائيات,6
للاكتتاب,6
شخصا,6
مدربا,6
وحجم,6
رؤيته,6
والاستثمار.,6
قدرتهم,6
الحديقة,6
ملحوظ.,6
خسرت,6
أسهمت,6
العاطلين,6
والسلطة,6
ومنعها,6
الشبكة.,6
بقطع,6
بالقطاع,6
سياسيّة,6
إسرائيلية.,6
خلة,6
مهمة،,6
صورته,6
إلّا,6
ارتكب,6
موقفها,6
الناطقين,6
انتقاد,6
تتنوع,6
البارالمبية,6
فيفا,6
الأمل.,6
الظروف،,6
أخصائية,6
يوليو.,6
وتضم,6
أفغاني,6
"""بعد",6
الحلقات,6
تساءل,6
بالخطأ,6
والمعروفة,6
لمحة,6
هددت,6
غروسي,6
مواطنون,6
شهور,6
ووسط,6
مالية.,6
عاجزة,6
طن،,6
أحقية,6
العمّال,6
سواءً,6
البشري،,6
باللقب,6
حرفيًا,6
المتبادل,6
بوصة)،,6
والتعدين،,6
كتبه,6
ستوفر,6
وعرض,6
لتوضيح,6
المتمثلة,6
ويستضيف,6
لترسيخ,6
إضافية.,6
يتطرق,6
الجزئية,6
انتحار,6
للعب,6
محدودة.,6
تشفير,6
انتعاش,6
التوجهات,6
روس,6
الأبوية,6
بجروح,6
عمل،,6
أخطاء,6
لحقت,6
هاجم,6
للشراء,6
موريسي,6
الخمسة,6
الحكم،,6
توج,6
سلع,6
العرق,6
غلي,6
فاعلة,6
2.7%,6
دائمًا،,6
الدولارات،,6
الكيميائية,6
الطرود,6
انهار,6
زملاء,6
أوردته,6
ومقاومة,6
فنون,6
صارت,6
القصص.,6
الثقافات,6
زكي،,6
اهتمامات,6
سُمح,6
جيدة،,6
تشخيص,6
المرض,6
تكمل,6
مفاجأة,6
بتشكيل,6
الحاسم,6
البصري,6
الدوائية,6
بحذر,6
المشترك،,6
جندي,6
يُطلب,6
ويسهم,6
يخوض,6
للبيع.,6
بفوزه,6
باعتماد,6
والإنفاق,6
الانتخابي,6
وتكاليف,6
متبادلة,6
تعقيد,6
مازالت,6
وكثير,6
أعلى،,6
تُركز,6
وحماس.,6
جميعا,6
التصيد,6
موضع,6
للشركات.,6
دينيس،,6
كثيرين,6
وترك,6
جانبها,6
الوفاء,6
باستخدامها.,6
الوفاة,6
مبابي,6
كيليان,6
اصطدمت,6
لمسافات,6
يجذب,6
مجالها,6
أهل,6
شكّلت,6
ليسوا,6
2.8%,6
الحادث.,6
أبلغت,6
المناسبة،,6
يوحي,6
"""غلوبال",6
تلقائيًا,6
ووصفتها,6
التجمع,6
قدمها,6
التغيير.,6
إخفاء,6
ويرجع,6
هضبة,6
العلمي،,6
نقابة,6
لنقلها,6
فانس،,6
لسداد,6
يستند,6
وغرب,6
وأنهى,6
الغني،,6
حيان,6
إقالته,6
سانتو,6
العكس،,6
لوسائل,6
قتلى,6
الإسبانية،,6
ملك,6
استعداده,6
عالية.,6
وذات,6
37%,6
المرتقبة,6
يدرس,6
الأكاديمي,6
براءات,6
المنفعة,6
يتعرضون,6
(بي,6
مهلة,6
الإناث.,6
المنتهية,6
تصاميم,6
الاكتشاف,6
السيسي,6
يزالون,6
كردفان.,6
يفقد,6
خطيرة،,6
ليبيا،,6
العقوبة,6
أرسلت,6
السلم,6
التعبير،,6
أسوشيتد,6
3.5%,6
سيولة,6
وسوريا.,6
اليقين،,6
بإقامة,6
الراغبين,6
أمامنا,6
والدولية,6
وأوروبا،,6
وزعيم,6
لمنصة,6
وتواصل,6
رياضية,6
تشن,6
فجأة,6
تنفيذياً,6
193,6
شهيرة,6
ووجهات,6
العثمانية,6
متوازن,6
القرارات،,6
واضح،,6
المتعاملين,6
استقالة,6
آدامز,6
والدولي،,6
للتأثير,6
الطين,6
الأصدقاء,6
سيئ,6
يتحدثون,6
والتجارب,6
جرعة,6
صحية.,6
2024م,6
ويمنح,6
معبد,6
بالجولة,6
الغاز،,6
المادي,6
تتواجد,6
عجلة,6
أفعالها,6
تشتهر,6
بموقع,6
المشروعة،,6
لاستخدامها,6
موثوقة,6
الشمس،,6
2008،,6
متأخرة,6
الإقراض,6
توقيت,6
نقدي,6
وخارجها.,6
الموصلات.,6
حيّون,6
68,6
البدو,6
قانوني.,6
والقضايا,6
وتُعدّ,6
الأساس،,6
قاضي,6
مالي.,6
والطلب،,6
ومعدات,6
بالي,6
واشنطن.,6
الأول/,6
المعرفية,6
"""تم",6
تدريجي,6
لتداول,6
والتهديد,6
الجنوب.,6
للناس,6
لحرب,6
برايم,6
العقارية،,6
والنشاط,6
السياحي,6
وقائد,6
النسوية،,6
والعشرين.,6
ومتاجر,6
النفايات،,6
1-1,6
لتعويض,6
والصحافيين,6
وإسبانيا,6
السردية,6
المنزل.,6
بمصالح,6
منافذ,6
يخرج,6
تمس,6
ميدفيديف,6
لمواكبة,6
طابع,6
نراه,6
ويقع,6
الردود,6
مشواره,6
كثيرا,6
سؤالًا,6
تشكّلت,6
ملاذًا,6
هياكل,6
تضاعف,6
زوج,6
يصنع,6
المتنوعة,6
تفصيلية,6
للاعتداء,6
الأثرية,6
كُتب,6
الذاتية،,6
إنسان,6
كمصدر,6
لأفراد,6
الجسدي,6
"""هواوي""",6
أعلن،,6
أقل،,6
شركته,6
الأوروبيين،,6
المهندسين,6
للثقافة,6
اتخاذها,6
تقديرًا,6
يفعلون,6
مصنعي,6
إرهابية,6
عضواً،,6
لتأجيل,6
الخيول,6
ووزارة,6
وطن,6
إبداء,6
والابتكار,6
الصينيون,6
ساينز,6
مشابه,6
أصولها,6
اختبارات,6
وتيك,6
قدّمت,6
"الدولتين""،",6
أُلغيت,6
المشجعون,6
دولٍ,6
للمسافرين,6
إيجابًا,6
مسجد,6
بالتوقيت,6
كبيرًا.,6
الأمد،,6
الشارع،,6
الفترات,6
ونظرًا,6
والبالغ,6
والمعلومات,6
الأمن.,6
غربية,6
لتخفيف,6
الاتفاقية،,6
أحياناً,6
التوليدي,6
دينار.,6
نسخ,6
تتلقى,6
مقتصرًا,6
بأنني,6
والتوسع,6
ذاته.,6
وأضافوا,6
الأعطال,6
وأشعر,6
الفاخرة,6
الحاضر,6
مبنية,6
والعديد,6
بلومبرغ.,6
والنفوذ,6
39,6
ببدء,6
تتحمل,6
نقلهم,6
رفضوا,6
لتجارة,6
التحليلات,6
المواهب،,6
ويبقى,6
وغيره,6
سيسهم,6
والحاجة,6
المعلومات.,6
رباني،,6
والحدود,6
لين,6
ورؤساء,6
الإنجليزية،,6
وترسيخ,6
"""إعلان",6
وتصف,6
مماثلة.,6
ناجمة,6
لثقافة,6
العكس,6
حكومية.,6
يومين،,6
جود,6
الممتلكات,6
أفغانستان،,6
الصومالية,6
بالطائرات,6
الصباح،,6
وأرجع,6
السلطة.,6
لتخزين,6
الملكية،,6
خلافات,6
بأكملها،,6
الاستقطاع,6
كشمير,6
“هناك,6
يقول:,6
الاحتفالات,6
المغربية.,6
فقر,6
لشخص,6
منحها,6
تستدعي,6
الليلة,6
بصرية,6
التنفيذية.,6
ميلاً,6
تقديمها,6
عامًا),6
1%.,6
يُصبح,6
الألماني،,6
الحفل،,6
"""قد",6
المفاوضات.,6
فرط,6
بصاروخ,6
ألفي,6
نتحدث,6
يملكون,6
واضحاً,6
إصابته,6
بأنَّ,6
النفسية.,6
لمجتمع,6
وبنما,6
وتشيلي,6
"""مكافأة",6
الصعوبات,6
صاروخ,6
ستعود,6
بئر,6
بالمغرب,6
والوكالة,6
واجهوا,6
تساقط,6
عقودًا,6
المستمر.,6
ثانوية,6
صنعت,6
الناجين,6
بالخارج,6
والناشطين,6
المقاطعات,6
كيلومترا,6
البيئة،,6
التواجد,6
الإجباري,6
مناهج,6
رسومًا,6
الدبلوماسية.,6
بمقتل,6
المعترف,6
العلامة,6
وفدًا,6
قادت,6
الضريبي,6
لاحق،,6
واللجنة,6
المأوى,6
للأسمدة,6
"""بالنسبة",6
بوقت,6
شاملًا,6
لسعر,6
المفتوح,6
بمستويات,6
للموقع,6
سيعاد,6
صادراتها,6
كانا,6
جدارية,6
لقياس,6
ها,6
1.9%,6
تصادم,6
أكتوبر/,6
وميزة,6
الورق،,6
وتبين,6
لاختبار,6
ودفعت,6
رصدت,6
للقضاء,6
ووجود,6
مستقبلاً,6
التباطؤ,6
التشيكية،,6
ثالثة,6
ومراقبة,6
الكردستاني,6
لرسوم,6
270,6
الصلة،,6
تناسب,6
المعمارية,6
معابد,6
والأدوات,6
زفاف,6
جيسوس,6
جورجي,6
نجاحًا,6
"""أوراسكوم",6
الاشتراكية,6
والعمال,6
الكبير،,6
للأونصة،,6
البشرية.,6
مظاهر,6
اليمنيين,6
مرت,6
مدني,6
لأعمال,6
يحق,6
يتكرر,6
مشاريعها,6
تدعى,6
وتوثيق,6
فاينانشال,6
الفني،,6
المستمر،,6
اجتياز,6
واللاجئين,6
التلفزيونية,6
جائزة،,6
التنظيمي,6
المواطنين،,6
أساسيا,6
ستتخذ,6
حزبه,6
أثير,6
لتأسيس,6
الاعتبارات,6
عقبات,6
والقضاء,6
سهل,6
دقيقة.,6
النيبالي,6
وهي:,6
قريب,6
استقبال,6
جزئيا,6
"""إعادة",6
ويحدث,6
تاركة,6
المجتمعات.,6
وعليه,6
ورداً,6
أجيال,6
ألحق,6
لآخر,6
انتصارا,6
الأثرياء,6
الملاجئ,6
مأوى,6
قزوين,6
الموصلات،,6
الأجندة,6
ينتج,6
الكوادر,6
منسقة,6
إبلاغ,6
قادمة,6
لحالة,6
المستأجر,6
والتأكيد,6
شركاتها,6
مسجلاً,6
قياسية.,6
السويلم،,6
"""فيتش""",6
البنغلاديشية,6
الحقبة,6
للغاز,6
دماء,6
شجع,6
لافتات,6
المتبادلة،,6
مضادات,6
غاب,6
مواقفهم,6
الإدلاء,6
السلطات.,6
تراث,6
اليونسكو,6
تسارع,6
والبيئة,6
صغيرة،,6
المؤلمة,6
إخفاقات,6
للاستعمال,6
والمحتوى,6
المحدد,6
الأول/ديسمبر,6
حلم,6
المتصاعدة,6
التعاون،,6
الملء,6
وتحولت,6
لأوكرانيا,6
مسافات,6
أنهن,6
بديلًا,6
او,6
نيسان/أبريل,6
مهمّة,6
تهجير,6
وكبار,6
متوقعا,6
حرائق,6
تجهيز,6
الجوية.,6
اليمنى,6
التنازل,6
المدنية،,6
لوح,6
كافيًا,6
للكهرباء,6
لون,6
أقلّ,6
آيرس,6
سريعاً,6
بضبط,6
وخطة,6
"الدولتين"".",6
يرتكز,6
الثقافي.,6
2.9%,6
بالأمازيغية,6
تنشط,6
اقتصادين,6
النرويج,6
الفهم,6
وتعهدت,6
كوبا،,6
الإثيوبي,6
الاختلاف,6
عينة,6
شيئاً,6
ومؤسس,6
أظن,6
المحيطات,6
شخصين,6
المقاطعة,6
"""جاكوار",6
دوت,6
الجانبين،,6
صادقة,6
تتابع,6
يتواجد,6
ثانية،,6
المصرح,6
يحصى,6
قماش،,6
فجوات,6
بالأمان,6
مبدئي,6
سعره,6
تدمج,6
وقلة,6
تصنف,6
المهرجانات,6
رمضان،,6
إلزامية,6
بالكثير,6
موظفين,6
لتصحيح,6
تعقيداً,6
تكريمًا,6
قولها،,6
ويتكون,6
خوادم,6
اللحم,6
عنهم.,6
الإلزامي,6
مؤيد,6
كاليفورنيا-لوس,6
لمنشئي,6
ذاتيًا,6
المسارات,6
وبناءً,6
"""الأمر",6
الوزراء.,6
اغتالت,6
حماس.,6
لقيمة,6
وطنية.,6
شركتا,6
أثرية,6
الصلاحية,6
أُغلق,6
بمعايير,6
ناقوس,6
للقيمة,6
الإناث,6
يخفض,6
شكوى,6
مختلف.,6
المنشورة,6
تحويلات,6
المدعوم,6
للأجهزة,6
بأكملها,6
للمنطقة,6
متوقع.,6
مشروعة,6
عادوا,6
واستغلال,6
يعتمدون,6
منشئي,6
1967،,6
تتضح,6
السنة،,6
المثل,6
بنا,6
للسندات,6
نظمت,6
الدروس,6
المذكورة,6
تخسر,6
أولى،,6
يمكّن,6
الآخر،,6
ولعل,6
باربرا,6
ستعزز,6
مازن,6
تحكم,6
مصرية,6
أعلنه,6
الحركة،,6
جنح,6
وضعوا,6
مفوضية,6
التاريخ.,6
والنصر,6
بوينغ,6
المتاحف,6
دفعات,6
للتقنيات,6
وجهها,6
سانشيز,6
لاجئي,6
العداء,6
فرار,6
عبارات,6
استخدمها,6
الهنود,6
مارس/,6
مغادرته,6
نقول,6
الطهي,6
للأسر,6
المياهِ,6
ولوائحه,6
صاحبة,6
فورا,6
وبداية,6
العالية،,6
550,6
شركتها,6
اعتداء,6
الميليشيا,6
فلماذا,6
قانونية.,6
الصومال،,6
الفضية,6
تتحرك,6
وكلما,6
ميلاد,6
أحادية,6
عمري,6
والتكنولوجيا،,6
الثورة.,6
يعودوا,6
يترقب,6
سقطت,6
نظرتها,6
أبداً,6
عاملاً,6
تعارض,6
الذاتي،,6
واضحة:,6
المبدعين,6
دمار,6
ظروفًا,6
دميتري,6
لحين,6
الأمامية,6
اليومين,6
كبيرًا،,6
تعرضها,6
تمييز,6
العنيف,6
موتا,6
عددٍ,6
مكب,6
كيفو,6
عيوب,6
إضاءة,6
سياساتها,6
العدو,6
تصفية,6
أنفسهم،,6
"المتحدة"".",6
ارتكبتها,6
شملهم,6
للبنية,6
التماسك,6
تتدخل,6
أنَّهُ,6
محاكمة,6
شمسية,6
وحكم,6
تعويضات,6
سيباستيان,6
عالميا,6
والمُستأجِر،,6
تأجيرها),6
التنس,6
ورحّب,6
عالمية.,6
استُخدمت,6
تور,6
بالإفراج,6
والمشاريع,6
وترامب,6
للعقوبات,6
تضخيم,6
قضاها,6
صمت,6
كافية،,6
"""لو",6
غفير,6
اليوناني,6
المرشحون,6
التقليد,6
الغابات،,6
الركاب،,6
الروبية,6
الأخضر،,6
لآلاف,6
حسن،,6
ناديجدا,6
الصحافية,6
المؤثرين,6
ينهي,6
والمرونة,6
الأشخاص،,6
أمريكي.,6
الحاكمة,6
لتسهيل,6
معروف,6
تكامل,6
إدارتها,6
سيناريوهات,6
و.هـ:,6
الملعب.,6
الإرادة,6
الحربي,6
واي,6
كخيار,6
الاستخدامات,6
سليمة,6
ومطار,6
تقاليد,6
تأطير,6
رحل,6
المحوري,6
مناسيب,6
التدفق,6
جملة,6
تنوي,6
يومياً.,6
رحبت,6
مخزونات,6
غارقة,6
ويهدف,6
زمني,6
للمؤسسات,6
وإتاحة,6
ويعيد,6
ويسمح,6
يخفف,6
بلادهم,6
وأرقام,6
أنك,6
الانفصال,6
اجتمع,6
تجدر,6
كوتة,6
ساويرس،,6
تنافسية,6
الحزام,6
الأيام،,6
بصفتي,6
الحقيقي.,6
أمرٌ,6
"""سانا"".",6
الصرف،,6
نشاطًا,6
عامين.,6
قبلَ,6
مدفوعات,6
الاختبار,6
بروتوكول,6
تسجيله,6
الاختيار,6
وأساليب,6
الإلكترونية.,6
الابتكار،,6
لافروف,6
لأداء,6
يحفظ,6
بالمقارنة,6
باعتبار,6
سنتين,6
للمصانع,6
عماد,6
يتولى,6
يدرسون,6
بإعلان,6
أساس،,6
زوكمان,6
الكيميائي,6
غيّرت,6
بحثي,6
واجب,6
خطرة,6
صلاحيات,6
والبنوك,6
كوفيد,6
السوريين.,6
غزّة،,6
"""أفضل",6
اعتاد,6
القابضة,6
سواء،,6
للسماح,6
المستوطنين,6
قوائم,6
لحرية,6
المعدلة,6
المقدسة,6
الأغنام,6
النيكلِ,6
واسعة.,6
الإسلامية،,6
وصولها,6
مستواه,6
الكاتبة,6
وانتشار,6
إصداره,6
الأشجار،,6
اتصالاً,6
التمسك,6
يجعلهم,6
الحشد,6
وصناعة,6
المنحة,6
تختفي,6
محرك,6
المستهلكين،,6
سيستمر,6
المائدة,6
للاتفاق,6
يتساءل,6
التساؤلات,6
الحرفيين,6
المرتفعة،,6
ووضعها,6
ثم،,6
بالثقة,6
جديرة,6
الرئيسية،,6
مباشراً,6
يُقلل,6
أريزونا,6
1989,6
مشاركين,6
الدستوري,6
مايو،,6
7%,6
اختطاف,6
القرض,6
دييغو,6
خوان,6
مفاهيم,6
وتكنولوجيا,6
ستبدأ,6
الذهبية.,6
للموسم,6
تقاسم,6
وتعتزم,6
والتقنيات,6
).,6
تفعله,6
مكونة,6
عرقية,6
جاكوار,6
ستعمل,6
الاحتجاجات.,6
كوارث,6
فنحن,6
وجرائم,6
وتتنافس,6
الفعلي.,6
يتبع,6
المفرج,6
وتخفيف,6
التحالفات,6
التركية.,6
وحيث,6
التشغيلي,6
الحلم,6
"أخرى"".",6
ازدهار,6
الفواكه,6
إشراك,6
الإنجليزي،,6
أولها,6
وقادة,6
الكويكبات,6
3.8%,6
والأمان,6
اليابسة,6
يتوافق,6
البشر،,6
2013,6
لجمهورية,6
بإغلاق,6
مزاري,6
رقمي,6
القطاعين,6
لمستثمرين,6
"الأركان""",6
لشيء,6
يدفعها,6
لدمج,6
خطراً,6
سينما,6
مركزي,6
سابقة،,6
تضطر,6
يُجبر,6
فعندما,6
تُقدم,6
وحي,6
السجال,6
أصواتهم,6
الأقوى,6
صوتًا,6
الذكية.,6
المقترحات,6
العسكري،,6
يُلزم,6
التوجيهية,6
وحظر,6
بإدارة,6
ينخفض,6
ببرنامج,6
مرتفعة،,6
تقطع,6
المشتركة،,6
جاي,6
المجتمعي,6
ولعب,6
الكاريبي.,6
ستارلينك،,6
المتفق,6
ووالده,6
متجاهلين,6
بند,6
ملابسات,6
روى,6
بروكس,6
الرموز,6
لاعبيه,6
للرعاية,6
للنادي،,6
الإندونيسي,6
تُتيح,6
الأوفر,6
أني,6
نارية,6
تمسك,6
وحذرت,6
المنازل،,6
ويكيبيديا,6
كردفان،,6
مؤتمرات,6
5-2,6
ثقيلة,6
بقضية,6
بجنوب,6
للضحايا,6
والقرارات,6
شرعت,6
العمرانية,6
الأمعاء،,6
الأهلية،,6
حيازة,6
باليستي,6
ونائب,6
والخسائر,6
رجلًا,6
الأسواق،,6
آخذة,6
الصعبة,6
هويتهم,6
الرعب,6
الغرب،,6
سريلانكا,6
انتقالية,6
التجسس,6
قديم,6
المصطلحات,6
لرعاية,6
المسال,6
الثقافية.,6
عارضت,6
لتفعيل,6
الثغرات,6
وسرقة,6
"""الوزارة",6
شعبي,6
واستخدمت,6
أعنف,6
حازم,6
للالتفاف,6
أمم,6
جيد،,6
كايا,6
المستخدم.,6
الحجب,6
للقمع,6
متنوعة،,6
مادية,6
يشرح,6
عمرو,6
مدرجة,6
الأمس,6
بهم.,6
يتسبب,6
للحرس,6
تُلزم,6
وتحقق,6
عظيم,6
تشكّل,6
معدن,6
تهديداً,6
انسحبت,6
بالانتخابات,6
لأسهم,6
والدهون,6
المستقبلي,6
شاهدت,6
كلاعب,6
فكر,6
الجائحة,6
ملموس,6
نتائجه,6
بالعملات,6
التزاماتها,6
بالتراجع,6
سار,6
لتهريب,6
والتدريب,6
تبرير,6
المحامين,6
الدول.,6
مشيرةً,6
مخزون,6
أرشيف,6
محققًا,6
المرء,6
البلطيق,6
الأميركيدونالد,6
ومخاطر,6
إندونيسيا.,6
وبريطانيا),6
أدركت,6
للدولار,6
"""كولينز",6
المجاورة.,6
الثقافي،,6
الكيمياء,6
لكسر,6
"""مشروع",6
"العقارية""",6
طليعة,6
نيكاي,6
كتابه,6
وتلك,6
محاور,6
ومجموعات,6
مصحوبًا,6
تمرد,6
ساليبا,6
الفيزياء,6
التخصصي,6
هي:,6
وحدها،,6
التزمت,6
جمهور,6
تبيع,6
تحدٍ,6
الجائزة،,6
الثاني),6
زوكمان،,6
الإعلام،,6
نقبل,6
بمشروع,6
شائعات,6
وتسجيل,6
قاضية,6
اعتبرته,6
والفواكه,6
الأحجار,6
الألماس,6
إجابة,6
يعلم,6
اعتقدت,6
لست,6
موظفيها,6
أوقف,6
الشطرنج,6
إشعار,6
حقيقية.,6
الديزل,6
للعملاء,6
المعقدة،,6
والحوار,6
النقيض,6
تصريحاته,6
الخبر,6
يرتدي,6
أرواح,6
تمكنوا,6
البلاتين,6
0.7%,6
لمسة,6
الذّكاء,6
تدين,6
العربي،,6
المباشرة،,6
الأثناء,6
بموجبها,6
فيريرا,6
التخفيف,6
تسمية,6
بالمعلومات,6
الضباط,6
ممكنًا,6
العميق،,6
مفتشي,6
الإطاحة,6
الصامتة,6
تمويلها,6
الساحات,6
حولت,6
الحيوية،,6
مؤشرًا,6
يقرأ,6
هجومًا,6
الدوائر,6
يتعامل,6
الجافة,6
القصة.,6
استراتيجيتها,6
متأكد,6
جارية,6
وإنستغرام,6
فحوصات,6
والنفسية,6
يتفق,6
سعيها,6
والاجتماعي,6
ويلتقي,6
للحق,6
انكماش,6
الموريتانيون,6
الاستراتيجية،,6
الضحية،,6
حليب,6
والسودان,6
وبطبيعة,6
سياسي،,6
تعاطي,6
لقائمة,6
الودائع,6
التجريبي,6
188,6
المناسب،,6
يخسر,6
مأزق,6
الأمريكي،,6
استعراض,6
الّذين,6
والأسواق,6
يؤمن,6
اتفاقاً,6
شحنات,6
هاشم,6
5.6,6
طموحات,6
شراكات,6
عرضه,6
البروفيسور,6
الجيش.,6
التحويلات,6
الأساليب,6
السخط,6
ووجدت,6
الفرعية,6
البدائل,6
المبالغة,6
تيكان:,6
منهما.,6
سيلفا،,6
النصوص,6
توصية,6
وأداء,6
280,6
والجمعية,6
[…],6
بلغات,6
يتلقى,6
بالحقوق,6
المسيحية,6
اعتقد,6
والتقاليد,6
المالكة,6
مشاركتها,6
حكمت,6
زر,6
المميزة,6
المتضررين,6
صعبة،,6
سيميوني,6
تعقيدات,6
لصحة,6
السعرات,6
السكاني,6
الغربي،,6
الجدار,6
خوفاً,6
الأزوتية,6
عصير,6
وأوكرانيا,6
مقدار,6
بافيت,6
مكلفة,6
الأوسع.,6
فنان,6
لإظهار,6
نووي,6
وها,6
الموظفون,6
المائي,6
زينيتشا,6
جامعات,6
أباد,6
أدار,6
حاجز,6
السائل,6
التسبب,6
الحليف,6
يجوز,6
مفتاح,6
مجمل,6
وتضيف:,6
أشهرٍ,6
وحالة,6
سوسييداد,6
أنشطتها,6
أبقت,6
التناسلية,6
محليًا،,6
ويمتد,6
عُمان,6
تقود,6
لتسليم,6
دانيال,6
عرضاً,6
سلط,6
أولياء,6
عائلتي،,6
تعيينه,6
سفرزو,6
قياسيا,6
وتشكيل,6
دوليًا،,6
والحقوق,6
الجنسية،,6
الوضع،,6
بإزالة,6
حيوان,6
خاصّة,6
يخضع,6
المنظم,6
الملاذ,6
غاية,6
الحساسة,6
تتزايد,6
الزيتون,6
انقلاب,6
2.5%,6
جهوده,6
الناشطة,6
الاستيراد,6
قادته,6
بابل,6
تتجلى,6
الإيجارات،,6
محتملة.,6
ناسداك,6
للشباب.,6
ممثلة,6
المقاهي,6
بحمل,6
تروث,6
منصته,6
للمنافسة,6
السودانية،,6
إنستغرام،,6
تهيمن,6
والنظام,6
الفنزويلية،,6
المدنيين،,6
لحجز,5
الجماعية،,5
هدفنا,5
فورمولا,5
الهولندية,5
الانتماء,5
أنه،,5
بالثقافة,5
سوشيال,5
نسمح,5
تفكر,5
مسبقًا.,5
للوهلة,5
أوغلو،,5
القوة.,5
لزيارة,5
النظام.,5
لوحاتي,5
العريقة,5
وحرية,5
المتهمة,5
ودولية،,5
للصحة,5
وبعضها,5
الغيار،,5
والتوصل,5
الابتدائي,5
المدرسي,5
آلة,5
59,5
الكلاسيكية,5
التصدير،,5
تجمّع,5
يعارض,5
بإصلاح,5
قراره,5
فتحه,5
وإسكات,5
"المستقبل"".",5
بالقلق,5
يحيط,5
روحية,5
شراؤها,5
الحكم.,5
التسول,5
حياتي.,5
سيرًا,5
"""فوبوس""،",5
موريتانيا.,5
التخفيض,5
بصدد,5
البدني,5
بكفالة,5
دعاة,5
المركب,5
نحصل,5
البارز,5
هبط,5
أهدافه,5
251,5
إمداد,5
للأغراض,5
المنهجي,5
بكونها,5
71,5
وسلطات,5
الألبان,5
الإقليمي،,5
"العراق"".",5
أصعب,5
سؤاله,5
ديني,5
جار,5
متطورة،,5
الهشيم,5
الاستمرارية,5
معه،,5
بالأمل,5
الكنيست,5
كاملة،,5
وتصل,5
هونج,5
لمراكز,5
84,5
دوائر,5
العقارات،,5
مرجعية,5
بمديرية,5
بحماس,5
ونشرها,5
مذكرات,5
الإساءة,5
الأجانب،,5
كيانات,5
وغالبا,5
إيمان,5
التجديف,5
يجلس,5
والتجزئة,5
منطقةِ,5
المجالات،,5
مناسبة.,5
فوهة,5
الأمور،,5
توعية,5
الحدّ,5
للأفراد,5
ثلاثي,5
وقالوا,5
ويستخدم,5
والكأس,5
حمد,5
زواجها,5
التوترات.,5
للتطبيق,5
وبالنظر,5
خلفها,5
معالجته,5
خطيرًا,5
تُسمى,5
غيغابايت,5
إسبانية,5
ملم,5
قبل،,5
برعاية,5
كأول,5
الجنسي،,5
ترامب..,5
كلًا,5
وبحضور,5
تماما,5
ومايكل,5
المبتكرة,5
مساعدته,5
ريما,5
مناجم,5
الصدمات,5
الحالات.,5
وتشاد,5
وكيانات,5
الكلية,5
السفر.,5
جواو,5
معجزة,5
ورسم,5
اللجنة.,5
القنبلة,5
مقتطفات,5
سنوياً.,5
80%.,5
ولفتت,5
جوان,5
(12,5
إجازة,5
لمصادر,5
الدرة,5
وجوههم,5
تعاملها,5
سابقين,5
الفيدرالية،,5
بفلسطين,5
حامية,5
أُقيم,5
نجاة,5
1.3%,5
تدقيق,5
2027،,5
المعلوماتية,5
المنتخبات,5
بأية,5
لفكرة,5
التبرير,5
واقعي,5
يُتيح,5
الأكبر،,5
موت,5
الاستقلال،,5
كردستان،,5
فيكتور,5
تحفظًا,5
لكنّه,5
وِفقَ,5
توقّعت,5
تكاد,5
غادرت,5
بريد,5
بحدوث,5
يعتقدون,5
ناهيك,5
القصوى,5
نخبة,5
منتديات,5
المكملات,5
وعادة,5
المشتري,5
انفصال,5
يُحتفل,5
للجدل،,5
للإدارة,5
السماء،,5
والتمثيل,5
دعماً,5
حيّون،,5
أنجلوس،,5
الشعبي.,5
الزيارات,5
"""فيسبوك""،",5
البارودي,5
هيومن,5
عيش,5
البيولوجي،,5
لمعهد,5
المستوى،,5
والتعذيب,5
بالقتل,5
الحاليين,5
المفترسة،,5
الحلّ,5
بدعمٍ,5
يقوده,5
فاعلية,5
الدهنية,5
وتزيد,5
ذاكرة,5
أولا,5
و10,5
المأساوية,5
صحيح،,5
بلادهم،,5
الكتاب،,5
للنظام،,5
الخامس،,5
علاوةً,5
يفكر,5
الارتياح,5
للنخبة,5
الحظ,5
4.8,5
"""بيتكوين""",5
باللون,5
الصعود,5
2%،,5
يمنحها,5
الفلك,5
قناعة,5
المائية،,5
وانتهت,5
التعريفات,5
والحماية,5
وطالبت,5
أحمد،,5
يصطدم,5
موطنًا,5
مواهب,5
إعجاب,5
وتغيير,5
الرئيسي،,5
الذاتية.,5
وبرلين,5
إخماد,5
تصميمه,5
طفيفًا,5
إضافيًا,5
لكنك,5
الشباب.,5
%.,5
نموا,5
الأسمنت،,5
باكستانية,5
قريبا,5
المسؤولية.,5
بريطانية،,5
سوابق,5
التركية،,5
يفضل,5
الهجوم،,5
الشعارات,5
بتروإكوادور,5
بالدولار,5
صوتها,5
سابقًا،,5
الدرزية,5
ونزوح,5
والرقمية,5
الثنائية،,5
كحد,5
المدعي,5
وعملت,5
“زد”,5
ودراسة,5
رائع.,5
دائم.,5
المناجم,5
يحتمل,5
والدتها,5
الزوج,5
تذاكر,5
العذبة,5
مزيجًا,5
خوف,5
إنتاجه,5
الارتفاع.,5
والوحدة,5
نابولي,5
جميعِ,5
المصالحة,5
ومواجهة,5
مباحثات,5
والمجموعات,5
لقضاء,5
وتقوم,5
الداخلة,5
نفوذه,5
للحكومة.,5
إجراءاتها,5
بعثة,5
بتقدير,5
غيره,5
الكافيين,5
للغات,5
بليون,5
باولو،,5
الحجر,5
تنظمها,5
للاستدامة,5
اللمسات,5
المبدأ,5
(18,5
يتدخل,5
الشرعيين,5
أعين,5
عالقين,5
الكثير.,5
العيد,5
الثقيلة,5
التفاعلات,5
مثلًا،,5
بلادنا,5
تتذكر,5
الإمدادات.,5
والعشرين،,5
احتياطات,5
بالديه,5
الكيفية,5
الغازية,5
والأكثر,5
الباحثة,5
فيديو،,5
اهتمامي,5
فعال.,5
مشروطة,5
للسلع,5
النسخ,5
البنغلاديشيون,5
الماشية,5
باطلة,5
التوصيل،,5
عقابية,5
للتهجير,5
المحبوبة,5
العمانية.,5
مستعار),5
تيسير,5
الركبة,5
إنما,5
واضح:,5
والصور,5
الملوثة,5
المشفرة،,5
الرجال،,5
العنف.,5
مليون،,5
ينشر,5
التجديد,5
أصلًا,5
الصعوبة,5
المغاربة,5
علاقاته,5
1974،,5
أرخص,5
طقوس,5
للمسار,5
ملغاة,5
باهتمام,5
تُعرض,5
"2""",5
الموضوع،,5
بعناية,5
يطمح,5
الآمنة،,5
حكمها,5
ينفذ,5
مئوية.,5
الضبابية,5
ميديا,5
وإيقاف,5
ثقافيًا,5
والاقتصادية،,5
الناخب,5
صدام,5
مواطنًا,5
استشهدت,5
اللبنانية.,5
2007.,5
طيبة,5
"""بتوقيت",5
التنفيذية،,5
مؤسساتها,5
يتجلى,5
تفاقمت,5
وصيانة,5
سون,5
دكا,5
ساري,5
الصوتي,5
والهدف,5
قبائل,5
المايا,5
اعتذر,5
فضاء,5
وعلق,5
لأرسنال,5
طيار،,5
للوكالة,5
الروح,5
الإحصائية,5
الحوارات,5
قرن,5
فارقة,5
الحب،,5
الموانئ,5
ستحدد,5
المستفيدين,5
بالعربية,5
115,5
الأخذ,5
للفساد,5
متجاوزًا,5
الخريف،,5
طابعاً,5
الفنزويليون,5
وزنه,5
تحضير,5
تقدماً,5
سرية.,5
يوليو/تموز.,5
العلي,5
المعتمد,5
جانب،,5
الأفوكادو,5
وتعظيم,5
الهيدروجين,5
وتغطي,5
الورقية,5
ويوفر,5
آمن،,5
الإنتاج.,5
حافلة,5
حيويًا,5
الخلط,5
وألوان,5
البطولة،,5
سيل,5
لصنع,5
والروبوتات,5
والحرية,5
الروحية,5
يهود,5
الوقتِ,5
تعدد,5
مستوحاة,5
بدايات,5
ومدير,5
التوطين,5
والإسرائيليين,5
تقوده,5
للأزمة,5
الفنادق,5
سيارته,5
وهاشم,5
للحزب،,5
المعالم,5
شابا,5
التضاريس,5
تسر,5
يشكك,5
يقدمون,5
الأضواء,5
لإخفاء,5
المحاصيل,5
الأردن،,5
للقوانين,5
متقدم,5
البلدان.,5
ولدوا,5
أتساءل,5
الشمس.,5
المعتمدة.,5
ليو,5
للعالم.,5
ديلسي,5
للشراء،,5
قدمته,5
سرديات,5
سادت,5
لتغذية,5
الشكاوى,5
محدودًا,5
سيساهم,5
سكانه,5
أغاني,5
صنعاء،,5
وطرق,5
لحق,5
للاضطهاد,5
الكوريون,5
السوفيتي,5
غزيرة,5
1960،,5
روائع,5
اللياقة,5
وتتجه,5
العقد،,5
بإعداد,5
الكتب.,5
مطوري,5
وكسر,5
وحقوقه,5
مفوض,5
إليه.,5
تبعًا,5
لاي,5
فريدًا,5
ممثل,5
لحشد,5
زخمًا,5
العدالة،,5
جيدًا.,5
جيداً,5
العرض،,5
ضمت,5
للتحدث,5
ينتظرون,5
بتحسين,5
راسخ,5
مستقل.,5
اشتداد,5
5.7,5
"الوطن""",5
بيننا,5
تشياباس,5
قطب,5
علناً,5
غيرِ,5
الرأى,5
الشيعي,5
فيرس,5
الزواج،,5
"""الكتلة",5
حاملين,5
تلزم,5
دخان,5
بنزيمة،,5
ممر,5
الجزائرية،,5
المدرسية,5
الأسطح,5
سر,5
الامتثال.,5
الأوروبيون,5
قتلوا,5
التحقيق،,5
لأعضاء,5
مارس/آذار):,5
الاشتراطات,5
"""إدارة",5
عضوًا,5
فاضل,5
ركضت,5
ومحو,5
بالتعليم,5
وجهود,5
جهة،,5
وكيل,5
موسعة,5
المذيع,5
الأمان.,5
وجعلها,5
لنفسها,5
حادة،,5
البيتكوين،,5
الراهنة,5
القصور,5
وحده.,5
للاعب,5
لتتجاوز,5
هائلة،,5
المصلحة،,5
سلعة,5
اليقظة,5
المكتسب.,5
إدانتها,5
والضمانات,5
وسان,5
الأدنى،,5
الإلكترونيات,5
الأيدي,5
ربطت,5
بيترو,5
الفساد.,5
%،,5
كفاية,5
حياته.,5
حجة,5
الكهرباء.,5
سئل,5
وحشي,5
أحد،,5
وحالات,5
إليكم,5
الصالحة,5
نووي.,5
تراه,5
«أفغان,5
الصغار,5
مشي,5
ركزت,5
المتنازع,5
الفلسطينيّة,5
بالانقراض،,5
لمشروعات,5
الاحترام,5
بطائرة,5
غداة,5
صنعاء,5
أطفالها,5
شطب,5
تتسابق,5
والذهب,5
العاطفي,5
التعايش,5
حيثما,5
وتركز,5
وآمنة,5
وأنواع,5
المشروبات,5
أمريكي)،,5
يغيب,5
مسبوقة،,5
كابوس,5
الأساطير,5
والعضو,5
هواتفهم,5
المجتمعي،,5
ميليشيا,5
الرياضية،,5
ساخنة,5
الادخار,5
يظهرون,5
الثلاثينات,5
أزياء,5
المراسلة,5
المستشارين,5
وأنت,5
الوجبات,5
يدافع,5
وتقييد,5
3.3,5
حراك,5
مجهزة,5
غريبة,5
ومعظم,5
الإدانة,5
عقار,5
البنجاب،,5
الإبداعية،,5
رؤى,5
شرف,5
التصنيعية,5
يعتبرها,5
المجانية,5
وإعطاء,5
رويترز.,5
صوب,5
الكندية,5
طبيعي،,5
القوائم,5
القانوني.,5
بارا,5
تعقد,5
ندوة,5
ويعتمد,5
صيغة,5
لتشكل,5
الاستثمارية،,5
المقالات,5
إبعاد,5
يدعمون,5
المدمر,5
تُغذي,5
يُحدث,5
معادية,5
الشرق،,5
منصّات,5
البناء.,5
العنف،,5
وخيمة,5
مفيدة,5
المنطقةِ,5
مساحتها,5
السليمة,5
والاستدامة،,5
"""الذكاء",5
استقلالها,5
بلوشستان,5
مسائل,5
ومركز,5
ادعى,5
حدودها،,5
تصوير:,5
عقلية,5
للأسف,5
لبطولة,5
لمركز,5
190,5
الوعود,5
أغسطس/آب.,5
الجزئي,5
152.4,5
وضعه,5
والشخصيات,5
الألم،,5
حرصت,5
الجذع,5
الفول,5
وأصر,5
بحالة,5
الورقة,5
الكامل،,5
أعلنها,5
مزيداً,5
تتلاشى,5
يتعاون,5
والرياضيات,5
تعبر,5
مستقبلهم,5
النسوي,5
الدماغ،,5
عرقي,5
الدروز,5
"""دي",5
والسياسية.,5
جمعه,5
أعمالي.,5
لأوروبا,5
القطعة,5
الكلمة,5
روتيني,5
نحتفل,5
زارت,5
الحقل,5
سمك,5
الإقرار,5
الأتراك,5
كأكثر,5
حث,5
ناسا,5
للهجوم,5
يطرأ,5
زراعية,5
وبدلًا,5
ثابتًا,5
والمدارس,5
نوافذ,5
المجال.,5
كاملًا,5
ككل،,5
شاملة،,5
احتفالية,5
المهاجمين,5
ميرتس,5
لعضوية,5
لربط,5
لكيفية,5
المرة،,5
واعتماد,5
إضعاف,5
الهضم,5
الهيكلي,5
تشغل,5
المعابد,5
الجذور,5
لاجئون,5
هوارد,5
زائر,5
حاكمة,5
البدني،,5
انفصالها,5
تصحيح,5
تكنولوجية,5
الخيام,5
(آذار),5
إسكات,5
“ماسك”,5
الأصليّين,5
تراوح,5
ليخت,5
لجمعية,5
تنازل,5
العقاري.,5
والقتل,5
الأبد,5
التعريف,5
بوم,5
كرامة,5
رون,5
الدعوات,5
طن.,5
الحلفاء,5
للبيع,5
الملاك,5
رحيله,5
لمسؤول,5
وأعرب,5
استبعد,5
وسكان,5
والسياسية،,5
"""نيويورك",5
يعبرون,5
مسلمون,5
الصحي،,5
مكتظة,5
تُقدّر,5
العربيّة,5
السقا,5
الأوكرانية.,5
ناطقة,5
للبعض,5
بالحق,5
لعلاقات,5
الأفريقي،,5
فريد,5
والزراعة،,5
الأعياد,5
الغربيين,5
والشعوب,5
سوك,5
ملحوظة,5
والسماح,5
أطفاله,5
والصراع,5
للتعرف,5
ترحب,5
البنوك،,5
لدوري,5
والكويت,5
ثقل,5
وثيقًا,5
تزل,5
رسوماً,5
وتنويع,5
لبنك,5
أجمل,5
1990،,5
بكامل,5
مصمم,5
المسماة,5
رياضة,5
الرمزي,5
التمثيلية,5
انه,5
شجرة,5
ينصح,5
بسحب,5
4.2,5
قادراً,5
طبيعتها,5
منحة,5
المستخدم،,5
لاغتيال,5
رئيسية.,5
بوجه,5
يتابع,5
تنطبق,5
الدرجات,5
المطلق,5
وبريطانيا)،,5
بمعالجة,5
تنفيذي,5
يوافق,5
ألهمت,5
بتعويض,5
شنغهاي،,5
والمدن,5
أجانب,5
والدعم.,5
مظاهرة,5
القلب،,5
بالغًا,5
جامايكا.,5
المخرج,5
المقاول,5
الهجمات،,5
بسوء,5
حساسية,5
أميركا.,5
الحجة,5
المنظمون,5
الفاصل,5
الصحراوي،,5
العاصفة،,5
تكريم,5
القطارات,5
الحكام,5
المؤامرة,5
(ألمانيا,5
عامها,5
الشّباب,5
للحقوق,5
صادمة,5
بنى,5
وعاصمتها,5
تاريخياً,5
المسيحي,5
كاترينا,5
محلية.,5
ووصلت,5
باللغتين,5
كالاس,5
اللحوم,5
الزوجي,5
الأوقات,5
الوقوف,5
الصدارة,5
ستخضع,5
ذهبيات,5
عون,5
الجنرال,5
وتقع,5
لنفسي,5
ملاحقة,5
المقبلين,5
الميراث,5
وتسلط,5
العظيم,5
الثلاثية,5
تمثّل,5
قصتها,5
الجزيرة،,5
محددة،,5
اقترحت,5
يُعرض,5
نيل,5
لتوجيهات,5
عميد,5
ووحدة,5
بلس,5
بقوا,5
و40,5
التقليدي.,5
الاستخدام.,5
الباردة,5
أصبحنا,5
حكيمي,5
مفتوحًا,5
"سي""",5
الجاد,5
الفظائع,5
الملحوظ,5
الحلويات,5
الميكونغ,5
تحديا,5
لأبحاث,5
لمانشستر,5
وتزداد,5
بتصريح,5
إبريق,5
رشوة,5
المناهض,5
الشفاء,5
المباحثات,5
الجامعي,5
لدور,5
مثلاً,5
أنتج,5
بمفردها,5
وفرت,5
التضخم.,5
وتقييم,5
ترينداد,5
مفصلة,5
ويتحدث,5
وجرى,5
اختفاء,5
الدب,5
النجاة,5
اقتحام,5
محتجزين,5
أسيراً,5
أساس.,5
"كورب""",5
قنا،,5
النفقات,5
اعتقاد,5
عنهم,5
ومعامل,5
قط,5
المناسبات,5
موافقته,5
مشاركتهم,5
عتبة,5
شريان,5
والتعليم،,5
وتحفيز,5
تأجير,5
فأكد,5
بالقول:,5
مهاجمة,5
حضرية,5
النمو.,5
أسرهم,5
بذلت,5
رئيساً,5
اقتصادياً,5
وصياغة,5
قليلة.,5
الأمريكيين,5
المنظمة،,5
المميز,5
كورب,5
ومعه,5
"""الرياض",5
والدفع,5
العقيدة,5
البرازيلي،,5
كاميرا,5
البيئية،,5
للأنظمة,5
مطالب,5
مستورد,5
الوطن،,5
تحملها,5
نفذها,5
وحوالي,5
يتصل,5
الميثاق,5
التربية,5
حدودها,5
وتفعيل,5
محققة,5
مروان,5
"مورغان""",5
بصواريخ,5
التصحر,5
أموالها,5
الطبيعي.,5
المحددة,5
أب,5
السواحل,5
مزارع,5
ناديه,5
الطرفين.,5
أميني,5
موثوقة،,5
الشهور,5
بمركز,5
القوقاز,5
ومنتجي,5
الأبعاد,5
45%,5
التهم,5
شكر,5
بتر,5
لتوقيع,5
فعّال,5
2.9%،,5
وتضمنت,5
وإجمالي,5
اللجوء،,5
رائعا,5
الجمعة:,5
هو:,5
1994،,5
مثلي،,5
الجيوسياسية.,5
لصراع,5
الأزمة،,5
التأييد,5
الدونغاني,5
للتحول,5
سرًا,5
مصنعًا,5
وشراء,5
إبداعية,5
والتمويل,5
ومساعدة,5
طلبه,5
لسندات,5
بصعود,5
نتانياهو,5
فرقة,5
أساسيين,5
عسكرياً,5
تأهب,5
مؤسسي,5
ناشطين,5
المزارع,5
تترجم,5
ويلعب,5
"""كومون",5
ومعدل,5
أطول،,5
إيطاليا،,5
للجميع,5
تُقدَّر,5
تحالفات,5
والشعور,5
وتصريحات,5
سافر,5
مؤخرا،,5
تقييدية,5
الأنثوية,5
فجأة،,5
يصر,5
تصديق,5
الكويت،,5
بريطانيا.,5
ويصعب,5
لمحمد,5
والعالم.,5
وأعتقد,5
قائلين,5
تتزامن,5
بيكاسو,5
عديدة.,5
والبنى,5
توغل,5
بعيد،,5
الإسترليني,5
عنه.,5
المعادي,5
موجودًا,5
المباراة.,5
الإنفاذ,5
وبحث,5
الهواء،,5
فيكتوريا,5
المتفاقمة,5
هامة,5
الإصدار،,5
محذرين,5
بغزة,5
للواقع,5
الفرز,5
"""مجموعة",5
فعلية,5
وتخزين,5
التونسي,5
رهن,5
والصيانة،,5
العشوائية,5
الخصم,5
اجتاحت,5
برج,5
1400,5
اليهودية,5
الشائع,5
الحظر.,5
صورة.,5
زوايا,5
والخارج،,5
غامبيا,5
سيجعل,5
سمة,5
كوري,5
ميتا،,5
ينتقد,5
ودولية,5
والدولة,5
(…),5
والشركاء,5
وكولومبيا,5
العشر,5
الحظر،,5
الذهنية,5
المستهلكة,5
المتكرر,5
2005،,5
مباراة،,5
والدفاع،,5
مبكرة,5
طائلة,5
الألمانية،,5
المعنى،,5
البريطانيين,5
برحلة,5
للإجراءات,5
قنابل,5
ستار,5
السند,5
اليسار،,5
إلكترونيًا,5
خصوصا,5
والهرسك.,5
"""رؤية",5
الولاية،,5
والطيور,5
الخارجية.,5
الأجهزة،,5
معاداة,5
العلاجية,5
المجرمين,5
حذرا,5
ملموسة،,5
السليم,5
للمواد,5
النصائح,5
و20,5
حسم,5
الطبية.,5
للتنقل,5
الأشخاص.,5
تفرق,5
فرّوا,5
فرنك,5
المبادرة،,5
مشددًا,5
القوية،,5
للخطر،,5
نديريتو,5
شلل,5
منهجية,5
الشعبية.,5
إيراني,5
بحيرات,5
الوضعية,5
الموسيقية,5
العالميّة,5
القمم,5
"3,000",5
المعدلات,5
السداد,5
الأشكال,5
صعدت,5
السياحة،,5
والتحديات,5
المنصات.,5
الأطر,5
أمريكي،,5
والإبداع,5
الشرعية،,5
التلميذ,5
الأسنان,5
والجامعات,5
الولاء,5
لتصدير,5
والتوقعات,5
احتياجاتهم,5
الأجانب.,5
الانتقالات,5
وانضم,5
إصدارها,5
موهبة,5
تتوسع,5
يسعون,5
كرر,5
سلوكيات,5
ومسؤولين,5
القطاعات.,5
شامل.,5
مواليد,5
خصصت,5
التشهير,5
الترخيص,5
الصكوك,5
تنشيط,5
المعتمدة،,5
الجدل،,5
الأوكرانيين,5
رغبتهم,5
العمق,5
الجيدة,5
إطالة,5
منتظم,5
الملاذات,5
المنتظمة,5
لتحفيز,5
كيميائية,5
إيجاباً,5
أطفالي,5
المهنة,5
التطبيقات.,5
مقاتلي,5
طموحة,5
بالاستثمار,5
صراعًا,5
سيقود,5
للأعمال,5
بلاستيكية,5
المرئية,5
وابنتها,5
مرات.,5
عباس،,5
الصغيرة،,5
وخاض,5
بعلاقات,5
الترحيب,5
حولَ,5
الحصة,5
وقتها,5
خاطئة,5
بالبلاد.,5
فيدرالي,5
بصمة,5
محوريا,5
(15,5
الاتجاهات,5
ضواحي,5
غلق,5
تحركت,5
مرتفعة.,5
ويقلل,5
الثقيلة،,5
"""كانت",5
الوقائية,5
المواد،,5
الأرصفة,5
دلالات,5
المخلفات,5
ضغطًا,5
خادم,5
مواطنيها,5
الحقيقة.,5
مجتمعاتهم,5
رسميا,5
92,5
خصبة,5
الأعشاب,5
الأنبوب,5
ويحذر,5
السكنية.,5
التهاب,5
وخبراء,5
الوقود.,5
مباشر،,5
الجدران,5
الأكياس,5
لمصالح,5
حدًا,5
أصفهان,5
فرقًا,5
الدبابات,5
للامتثال,5
موزمبيق,5
استقراراً,5
ويحقق,5
ستسمح,5
كهذه,5
الإبداعي,5
يوقف,5
علوم,5
التحقت,5
صفر,5
المدخل,5
قارب,5
امتنع,5
حلاً,5
التخارج,5
تطويرها,5
لاتحاد,5
قوله،,5
لحم,5
منزلي,5
سفارتها,5
هولندا,5
غزّة,5
البنك،,5
تنسج,5
الممتاز.,5
رفقة,5
ردة,5
الذرة,5
الدوحة،,5
ومضادات,5
المستمرة،,5
"آي""،",5
يعانين,5
الحوامل,5
كيفن:,5
اليسرى,5
بممارسة,5
منفتحة,5
"""إنفيديا""،",5
لآخر،,5
امتدادًا,5
لتعليم,5
تقم,5
مستثمري,5
التصرف,5
والأراضي,5
خاصًا,5
المصير,5
مقدم,5
مألوفة,5
دقائق،,5
المستشفى.,5
تنفيذها,5
طائل,5
حصان,5
تتعايش,5
ومسلسل,5
تنتمي,5
الهش,5
تواجده,5
ديمقراطي,5
بأكبر,5
عيون,5
“شاي,5
الجليد,5
ذهبيتان،,5
الغانيين,5
المضيفة,5
للجميع،,5
شتى,5
ينحدر,5
هندسة,5
تُشكّل,5
إليسون،,5
الأمل،,5
العنصرية,5
الخارجي،,5
تكفل,5
تشاك,5
لتحليل,5
الولاية.,5
(وهو,5
صمدوف,5
متنوعة.,5
البند,5
الغبار,5
صُممت,5
السن.,5
بترتيب,5
أرسنال،,5
ستدافع,5
وسعر,5
الحب,5
إصابتي,5
"الحرب"".",5
الجسر,5
الاغتيال,5
الراهن،,5
الخليجية.,5
السيناريوهات,5
وجزر,5
توي,5
للدين,5
ودولة,5
كاميرات,5
الحاضر،,5
مساءً,5
2.7,5
وقام,5
بتأمين,5
ساوث,5
للجهات,5
والتنوع,5
لاكتشاف,5
والاهتمام,5
كله,5
تعثرت,5
يونيو/حزيران.,5
الواضحة,5
توصف,5
رقميًا,5
تُرى,5
"""إسرائيل",5
المصادقة,5
الرحل,5
إلهام,5
مدفعي,5
وحماس,5
الشام,5
باتحاد,5
قصر,5
يسارية,5
لإجبار,5
إنكار,5
النسبية,5
ينتقل,5
توقيتها,5
بالمثل،,5
المعارك,5
الصيف،,5
الفئران,5
لاستغلال,5
غافي,5
وتهجير,5
ويضيف:,5
رحمة,5
وأجرى,5
آدم,5
الشيوعي,5
الاتحادية،,5
درس,5
التوليد,5
المنافسات,5
المرسوم,5
وتمت,5
العريق,5
كابيتال,5
لتقديرات,5
يُتداول,5
اجتماعيًا,5
المقياس,5
يجادل,5
وُجدت,5
التصاميم,5
لأميركا,5
السبعين,5
للكتب,5
الخبراء،,5
المنتشرة,5
النادي،,5
طورته,5
وضغوط,5
وصلوا,5
التشريعي,5
تعليمات,5
البصرة,5
شواطئ,5
“الحلم,5
السرطان,5
الأعضاء،,5
السجن.,5
للطيران,5
العائدين,5
وإسرائيل.,5
العنوان,5
لمقتل,5
قط.,5
و”,5
"""دويتشه",5
تعهّد,5
الأسلوب,5
الحريات,5
الجماعيّة,5
المآسي,5
عوائق,5
يلقى,5
لاتفاق،,5
لكتابة,5
رفاهية,5
قاسم،,5
ماري,5
فاسو،,5
ومبادرة,5
0.1%،,5
ويثير,5
المناقشة,5
بيونغ,5
التجزئة.,5
مأساة,5
والقصص,5
بتناول,5
احتفلت,5
للهوية,5
حلقت,5
للإبلاغ,5
وعزا,5
يفكرون,5
بنجاح,5
الأوائل,5
باعتبارهما,5
ارتكبت,5
فحسب.,5
المنصات،,5
يانيك,5
طالبًا,5
واحتل,5
الخرطوم،,5
لاس,5
القمح,5
كاف,5
والإدارة,5
"""أم",5
عربي,5
مساءلة,5
وخلص,5
عاملين,5
أخبر,5
وسانت,5
أيضا.,5
2.8,5
المشاهد،,5
الأرز,5
الرؤوس,5
صوتي,5
لإسكات,5
عزلة,5
فدان,5
يُدعى,5
مساءً،,5
وكلية,5
صديقة,5
الجزيرة.,5
للاستقرار,5
قسوة,5
زوكربيرغ،,5
"كبيرة""",5
سند,5
درعا,5
ستجمع,5
الاستحقاق,5
المالكين,5
لذلك.,5
نقلة,5
محملة,5
العيني,5
القائمة.,5
الاستقرار.,5
خطته,5
اسمها,5
بوسي,5
ضروريًا,5
قلل,5
2500,5
عجلات,5
والثقة,5
العديدِ,5
بشيء,5
الخطرة,5
قاعات,5
ملاحظات,5
سيبراني,5
تخريب,5
قوة.,5
(24,5
الاختباء,5
تجاهلها,5
بالانقراض,5
لمنصب,5
وتسريع,5
لديها،,5
الغرف,5
المطور,5
سعودي،,5
أشجار,5
أولي,5
وأيضا,5
خاصاً,5
مباراتهما,5
اليأس,5
الحمل.,5
النهر.,5
وبدا,5
للمتضررين،,5
سيغيب,5
موقفاً,5
الصفر,5
يشربون,5
الصحافة.,5
لصحافة,5
يائسة,5
مضى،,5
"""مايكروسوفت""،",5
للإعلان,5
لأشخاص,5
قصور,5
وإعداد,5
حلولاً,5
يغذي,5
ويأمل,5
قريبًا،,5
شاملاً,5
هيبة,5
الهجومية,5
إنزاغي,5
برنامجه,5
الخدمة،,5
والصيد,5
وتطالب,5
وحصة,5
وبيرو,5
وكوستاريكا,5
وربط,5
ب).,5
(أ,5
غيرت,5
نيسان,5
يسعني,5
مرشحي,5
ميران،,5
وتحظى,5
بإخلاء,5
يُعيد,5
امتد,5
أرباع,5
طريقًا,5
مفترق,5
الحظ،,5
متر،,5
الإسرائيليين.,5
اللوجستية،,5
للنقل,5
لتقييد,5
ويسعى,5
القصة،,5
متوقعًا,5
"""بشكل",5
والدخول,5
وحث,5
الجادة,5
عدن,5
مطالبات,5
تتوفر,5
التيتانيوم,5
المباشر.,5
لكلية,5
المورد,5
للتعليق.,5
مختبرات,5
تقتل,5
لتشديد,5
للأوراق,5
أضاف:,5
للسكن,5
أقاربه,5
أبريل.,5
تغيير،,5
البطاقة,5
تغيرات,5
مورد,5
ألمانيا،,5
أدنوك,5
"""يوتيوب""",5
بوك,5
الحماية،,5
يتضاعف,5
السرية،,5
شومر,5
معرضة,5
الحمراء,5
الفعالة,5
أزال,5
وتقضي,5
وسوف,5
الفن.,5
استحواذها,5
مختلف،,5
وتمتلك,5
بإمكانه,5
تحترم,5
وتعتمد,5
وانهيارات,5
طويل.,5
"""ون",5
الأميركية:,5
حاملة,5
إسطنبول،,5
المستقلة،,5
يغادر,5
لإعلان,5
استغرقت,5
أضفى,5
وتقارير,5
والنقل,5
الأفريقية،,5
الجندرية,5
لتنويع,5
والاستثمار،,5
حفلات,5
سكني,5
غروب,5
شهر،,5
ونفت,5
حديثة،,5
الفحص,5
شرفة,5
الصريحة,5
وصفه.,5
لإبقاء,5
باكو,5
التزامًا,5
الطيران،,5
تتضمّن,5
لهجة,5
نيجيريا.,5
بتدريب,5
وانتشر,5
احتياجاتها,5
إقليمياً,5
متعاملون,5
المدارس.,5
برلمانية,5
اليوم:,5
الجريمة،,5
مزعجة,5
وجبات,5
وبدلاً,5
الصويا,5
نفسيًا,5
الحرجة,5
بالتالي،,5
سحابية,5
وبنية,5
بميزة,5
الحزبين,5
العواصم,5
المحتلة,5
وساهم,5
مؤقت،,5
وتلقي,5
بنين,5
نقدًا,5
تزوج,5
لتولي,5
مكان،,5
بالعملة,5
خيبر,5
والأمل,5
هويات,5
وحيد.,5
العقود،,5
أمة,5
يتفوق,5
حصرية,5
بمبادرة,5
مطلق,5
البحيرة,5
يحملون,5
المؤيدون,5
بالشكل,5
واحدةً,5
الميزانية.,5
الأقلية,5
وتعتبر,5
اسطنبول,5
كلب,5
موسيتي,5
بينهما.,5
وانهيار,5
تصريحه,5
واختتم,5
معها.,5
لحفظ,5
شكلًا,5
الإنشائية,5
بنيويورك,5
يتحرك,5
لسنوات.,5
لتأهيل,5
الكبد,5
شعبة,5
موازين,5
مسمى,5
الإجمالي،,5
ومستدام،,5
للعقار،,5
الجميع.,5
مجددًا.,5
ينتمون,5
النشط,5
التوقع,5
النفق,5
أُطلقت,5
الابتعاد,5
التخصيب,5
المتهمين,5
كلفة,5
بنيويورك،,5
وتخطط,5
لسنا,5
مضى.,5
بدراسة,5
المشار,5
الأجداد,5
المولودين,5
أقلية,5
أضعاف،,5
استقبلت,5
سيّما,5
لإغلاق,5
ويليام,5
يُصنع,5
سويسرا,5
بفوز,5
أ.م.:,5
"الفلسطيني"".",5
يلوح,5
غُللو,5
يُحسّن,5
المتظاهرين،,5
الحزن,5
عقود.,5
الأفغان،,5
الفيدرالية.,5
المعمول,5
بالقوانين,5
يضاف,5
لتشجيع,5
ككل.,5
البنغلادشي,5
الخلاصة,5
التقدم،,5
والاستفادة,5
إستراتيجية,5
الكسوف,5
وتوحيد,5
الاثنان,5
الموسمية,5
معضلة,5
لأمن,5
فوراً,5
كارتر,5
مساءً.,5
دول،,5
المثالية,5
والعلاج,5
غامض,5
للهجرة،,5
بدوي,5
ويعزى,5
قائمة.,5
يلتزم,5
تستطع,5
وثّقت,5
حربية,5
جذابة,5
وبالتأكيد,5
استأنفت,5
بالمؤسسات,5
تتصاعد,5
وكثيرًا,5
طويلًا,5
القديم،,5
معروفًا,5
تركّز,5
المراقبين,5
ملخص,5
مركزاً,5
صديقي,5
2025م,5
والإحصاء,5
تاركًا,5
ديون,5
مفاجئ،,5
(11,5
جانبِ,5
لمستخدمي,5
تكافؤ,5
تجمعات,5
الحواجز,5
المسارح,5
أجرة,5
وحفظ,5
تلجأ,5
السابقين،,5
إكس.,5
صندوقي,5
رصيف,5
القفزة,5
تحويله,5
بمجلس,5
وبالتالي،,5
حديثها,5
3.7,5
السوريين،,5
المصافي,5
والتطوير,5
الخدمة.,5
بحياتهم,5
وقضايا,5
تعاملت,5
الثماني,5
تحولات,5
لفتح,5
مشابهة,5
8%,5
يتزامن,5
والدوري,5
مباراتين,5
صارخًا,5
تذكيرًا,5
مستقر,5
يحرز,5
لحياة,5
وكراهية,5
الفتنة,5
شحنة,5
كير,5
تعداد,5
الصمت.,5
يفهم,5
عبدالرحمن,5
فندق,5
خلصت,5
الهيكل,5
للارتفاع,5
المستودع,5
كموقع,5
الوضع.,5
رمزي,5
عوامي,5
برو،,5
المقيم,5
الأمنية.,5
ماني,5
التكاليف،,5
شكلها,5
قنا,5
الملاحة,5
مرشحة,5
يتوفر,5
مجهولة.,5
خامنئي,5
لفقدان,5
تستحوذ,5
لجائزة,5
86,5
وقرر,5
شقيقه,5
وتكرارًا,5
مروعة,5
التفاصيل.,5
محلياً,5
لتمثيل,5
بطء,5
الزراعية.,5
نظرية,5
وجهاز,5
والمساهمة,5
الموت.,5
وأولئك,5
صعب،,5
للأحداث,5
تعرقل,5
الجامايكي,5
تُجبر,5
الأسر،,5
دوليًا,5
تختبر,5
مجالي,5
مُقدمة,5
الأكل,5
انسجامًا,5
مخصصًا,5
للجرائم,5
قيود،,5
خلية,5
تلتقط,5
الطارئ,5
الإهمال,5
مغلق,5
تدريبية,5
وسلطت,5
تشيلي,5
للناتج,5
وقّعها,5
إيتمار,5
سيبقى,5
المهاجرين،,5
سيلفر,5
احتلال,5
وطنهم,5
وبعدما,5
ومكافحة,5
سامبا,5
الرئيسيين,5
انقضاء,5
بلجيكا,5
الزاوية,5
مؤثر,5
للمشترين,5
بكثير،,5
المذكور,5
الضفة،,5
ورش,5
علني,5
المهنية.,5
تخوض,5
صفحته,5
العصبية,5
انتهاكاتها,5
السنغال،,5
الدفاع،,5
والمواقع,5
والجهود,5
التضحيات,5
يرتقب,5
منسق,5
بريف,5
أوراسكوم,5
مؤقتاً.,5
زمام,5
التشغيل.,5
غرقت,5
للصين،,5
الأعراض,5
يحتفظ,5
الطلاب،,5
نما,5
بطلبات,5
والرياضة,5
انضمت,5
ماليزيا،,5
المُؤجِر,5
للعقارات,5
وفتح,5
زوكربيرغ,5
تستورد,5
للطاقة،,5
ضدّ,5
المليون,5
تأثرًا,5
الأصيل،,5
لإقرار,5
وُلدت,5
رئيسيين,5
تلفزيون,5
حلفاء,5
شهدوا,5
الجولات,5
ليوناردو,5
الحراري,5
سانتوس،,5
تضر,5
العصور,5
للبيان،,5
إستونيا,5
للطن,5
بفلسطين،,5
1991,5
"الدولتين""",5
الصحراء،,5
فاجأ,5
نصت,5
الطرفين،,5
بنت,5
عادية.,5
يغطي,5
بكيفية,5
كامب,5
الخطورة,5
ومحدودية,5
“إنها,5
الدماء,5
وظهر,5
أكريليك,5
التأمل,5
لتعديل,5
القمعية,5
وأخيرًا,5
أصدقاء,5
الظروف.,5
وكسب,5
أجهزتها,5
لتبلغ,5
جنسي,5
المدان,5
والاعتداء,5
المخصص,5
والتزييف,5
جذري,5
ولذا,5
والعالمية,5
التالية:,5
للفعاليات,5
للمنظمات,5
ستدفع,5
اطلعت,5
وإصدار,5
قصيدة,5
الكهربائيةُ,5
السياراتُ,5
الأطراف،,5
للهواتف,5
الموظف,5
بوريك,5
عُرض,5
التبرعات,5
متكرر.,5
تطرق,5
عددا,5
الغرام,5
طنطا,5
متحركة,5
و18,5
اشتعال,5
قادرون,5
لأحدث,5
مسبقاً,5
تقلص,5
وتزايد,5
شركة،,5
الأقارب,5
سام,5
اليمين،,5
الشكر,5
وبالطبع,5
البلدي,5
لإعطاء,5
وتجاهل,5
أعلى.,5
شنها,5
لاقى,5
الجو,5
الشأن،,5
بمسألة,5
وتحديدًا,5
إطاراً,5
وزعزعة,5
وجهتها,5
نيبالية,5
تسليمها,5
نهائيات,5
الطوارئ.,5
الزملاء,5
تورط,5
تنفذها,5
منصتها,5
الرئيسية.,5
والتوترات,5
تُروى,5
الحرمين,5
بريطانية,5
التقليدي،,5
الأحوال،,5
تضررًا,5
بتزايد,5
مسيّرات,5
"""شاومي""",5
المجلس،,5
المصريون,5
ويشعر,5
المحافظ،,5
بكين،,5
الشعر.,5
ركلة,5
التذاكر,5
ليتمكن,5
وأفغانستان,5
افتقار,5
أخرى:,5
انتهكت,5
عشت,5
التقت,5
مثلي,5
تُساعد,5
أطلقتها,5
الهروب,5
لأصحاب,5
الناشطون,5
النقطة,5
أبل.,5
بسلسلة,5
متصاعدة,5
فاراج,5
يستهلك,5
المطورون,5
العشرينيات,5
مشابهًا,5
العاملات,5
شكك,5
يستلزم,5
وقضاء,5
المبرمة,5
والتى,5
منصبه،,5
نموذجًا,5
وترى,5
ساعدني,5
نتذكر,5
2025م.,5
تواصلت,5
مزرعة,5
سبتمبر/أيلول.,5
للعاملين,5
تجويف,5
الرجوع,5
الخليجية,5
ستطبق,5
لانتهاكات,5
براءة,5
يستحيل,5
الصورة:,5
منفصلة.,5
نوفمبر/,5
جاذبة,5
اغتيل,5
"""ربما",5
مرورًا,5
بمعدلات,5
تُسبب,5
الآسيوية،,5
بتحويل,5
التحديات،,5
محلل,5
كينيا,5
الأسماكِ,5
فخر,5
مشابهة،,5
نفق,5
التصنيع،,5
والانتقال,5
دامت,5
بمرض,5
بالمملكة,5
1500,5
شخصًا،,5
الشيخة,5
الالتهاب,5
والسكر,5
المدافعين,5
خطرًا,5
وتجاوز,5
كيفن,5
ميلاده,5
الاستبدادي,5
مصنعها,5
التقويم,5
يرأس,5
مستخدمين,5
استعرض,5
مقبول,5
قشقاي,5
أصدرتها,5
عميل,5
إحصاء,5
التحضير,5
السداد،,5
يُنشئ,5
أوروبي,5
لتأثير,5
شغل,5
بلير،,5
والنصف,5
ووضعت,5
تتجاهل,5
التركيبة,5
للرد,5
بلاده،,5
وأرسلت,5
لترامب,5
المادية,5
التقاعد,5
الموضة,5
والجماعات,5
"""وضع",5
كاتبة,5
للسعودية,5
القبول,5
المغادرة،,5
بشرية،,4
شاملة.,4
متجرها,4
داني,4
شخصاً،,4
ضائقة,4
النادرة.,4
فالصورة,4
(حزيران),4
ذاتها.,4
يغطون,4
حلٍّ,4
الحية,4
وتخدم,4
بيئيًا,4
أندريه,4
المشاهدين,4
القارية,4
جوهره,4
الثمانين،,4
الحرفة,4
وتوزيع,4
متساوية,4
بيدرو,4
ولاوس,4
للهجمات,4
ومنظومات,4
المهندسة,4
وواجهت,4
طبيعية.,4
محاولاتهم,4
أفتقد,4
3-1,4
التخزين،,4
مشروعة.,4
(أي,4
اللغة.,4
لمعايير,4
عائلتها,4
الماضيين.,4
والبحرين,4
الفيتنامي,4
ستضمن,4
الأسماك،,4
“عندما,4
بورصات,4
احتفل,4
الدقيقتين,4
أعلنتهيئة,4
الشأن.,4
معدة,4
ورسالة,4
اقتصادها,4
منازلهم.,4
779,4
المؤلفين,4
وعلماء,4
"الأوسط""",4
المخططات,4
2-0,4
تدبير,4
استثناء,4
بسلطة,4
ماريانا,4
تنضم,4
الأصيل,4
المعيشية,4
أظهرته,4
كيلومترات,4
داخلَ,4
الرشيد,4
اعترافات,4
تسود,4
والعيش,4
الهيكلية،,4
بالصحة,4
بالمجتمع,4
ليلاً،,4
وإندونيسيا,4
الدستورية،,4
والممارسات,4
والبرازيلي,4
المتميز,4
بتوازن,4
المضافة.,4
لكنّها,4
أميركي،,4
أنجزت,4
1.7%,4
الفوارق,4
دمّرت,4
والحليب,4
الأسرى.,4
هيرنانديز,4
منير,4
خزانات,4
أنظر,4
سيطر,4
85%,4
الإكوادور,4
القيادة،,4
أنوسة,4
دوائي,4
إجبار,4
المحاور,4
إخراج,4
المرحلتين,4
الطائف,4
"""بنك",4
بخسارة,4
غزةَ,4
التنقيب,4
سأل,4
61,4
المباريات،,4
متاح,4
الخفيف,4
قلّ,4
قرون.,4
شهريًا,4
الصافي,4
تسحب,4
بطالة,4
المئة،,4
لترد,4
أوبرادور,4
أندريس,4
تتجنب,4
والترويج,4
"إس""",4
والعدالة.,4
تنشأ,4
إضراب,4
"ومناسب"".",4
وستُقابل,4
بحزم,4
ساخرة,4
غفير،,4
النارية,4
فحتى,4
والمؤسسات،,4
5.4%,4
أُلقي,4
عمارة,4
تشابه,4
القيادة.,4
ولايتي,4
الخضراء،,4
موانع,4
اللاعبين.,4
للسوق.,4
مستغلين,4
قابلية,4
أمني،,4
العرب،,4
والمرأة,4
الإنشاء,4
رفح,4
لشبكات,4
الكندي,4
الشرعي,4
مستقبلًا,4
والقبول,4
الشاعر,4
وأهداف,4
"""حرب",4
حدٍ,4
غيّر,4
المعزز,4
ماكس،,4
لبيروت.,4
قطاعاً,4
المصرفي،,4
بدأنا,4
رغمَ,4
المنشور,4
2004.,4
153,4
وأعاد,4
قابس,4
الرئيسة.,4
ربيع,4
لهن,4
بمؤشرات,4
المحاصرة,4
العالقة,4
اقتراحات,4
التايلاندية,4
الجديدة),4
(القائمة,4
الحرة،,4
تبعد,4
للمحطات,4
الناعمة,4
الزائر,4
مرفق,4
مئة,4
العميل,4
التمر,4
قادتها,4
رسمت,4
والألياف,4
كارولاين,4
والثالث,4
بيلي,4
مسبقة,4
يناهز,4
تشيتشيستر,4
بالتحديات,4
معسكر,4
أجبرتها,4
غرامًا,4
حزم,4
نتوقع,4
المنظمة.,4
المهربين,4
المكتبية,4
ملجأ,4
والتجمعات,4
الثانوي,4
إلحاحًا.,4
موثوقًا,4
المواصفات,4
رسالتها,4
لواقع,4
لفريقه,4
و17,4
"""الجمهورية",4
الدين.,4
فريقه.,4
العاصمي,4
عصرية,4
الاستعدادات,4
الانتماءات,4
لبايرن,4
فريدريكسن,4
الجمهور.,4
قائمة،,4
مهامهم,4
إغفال,4
زعمه.,4
مباريات،,4
شجعت,4
الموقف،,4
مواقعه,4
ودمرت,4
وعما,4
انتشارًا,4
لحلف,4
مايا,4
تفضيل,4
ومشاريع,4
للنزوح,4
وقيمة,4
يُعاني,4
ومبادرات,4
وورش,4
بمقاطعة,4
ليلًا.,4
الحضانة,4
السلاحف,4
مسؤولاً,4
والمجوهرات,4
الظهر،,4
أقسام,4
عنبر,4
والشركات،,4
الغد,4
ليقود,4
"""العربية/الحدث""،",4
ورعاية,4
توجهه,4
التوجيه,4
روبكه,4
كملاذ,4
وجدوا,4
خيمة,4
(أكثر,4
"""ميتسيرا""",4
"""فايزر""",4
لشرب,4
حمام,4
الرئاسية،,4
سكانية,4
الموريتانية،,4
التأشيرات،,4
البروتوكول,4
اخترقت,4
المستخدمين.,4
اعتقالات,4
الكالسيوم،,4
وصعوبة,4
ويتميز,4
228,4
رائعًا,4
للتخلي,4
ألفابت،,4
لرسم,4
بوري،,4
أنشطتهم,4
سلبية،,4
والمؤثرين,4
تامر,4
خامس,4
الممر,4
تخيل,4
ذلك:,4
نلاحظ,4
التاريخية.,4
سبائك,4
الهدف،,4
الداخل.,4
حداد,4
أنتوني,4
ستعتمد,4
الغابات.,4
اللاتينية.,4
وإثارة,4
الحرارية،,4
أشخاص،,4
الرأس.,4
5200,4
اتجه,4
تعطلت,4
الدولتان,4
وتحت,4
صورتها,4
العيوب,4
انتشاره,4
شيكا،,4
وختمت,4
فرغم,4
وتوباغو,4
33%,4
ومعها,4
الأجداد.,4
ومصانع,4
وتفيد,4
لمنشور,4
علامتها,4
2028,4
بيروت.,4
الرمزية,4
القيادات,4
لاين,4
خضمّ,4
1%،,4
شرائها,4
"""رياض",4
شيكاغو,4
الجريمة.,4
معدنية,4
وتفاصيل,4
سيعود,4
"""أبل"".",4
كتان،,4
الاحتياطيات,4
غيابه,4
ناري,4
العواصف,4
الاحتباس,4
110,4
بلدات,4
"روفر""",4
الإضراب,4
بالمدينة,4
عودتهم,4
تمريرها,4
العبارة,4
مشددا,4
منفصل،,4
السَّلِّ.,4
الضالة.,4
المملوك,4
أليجري,4
لواشنطن,4
الميدانية،,4
الشخصية.,4
ونظام,4
١٠,4
النجمة,4
أسمدة,4
استثماري,4
سيتحدث,4
المعماري,4
الرابط,4
أرادت,4
تقنين,4
داخليًا,4
للجيل,4
تبذل,4
المخزونات,4
التحديات.,4
والإصلاح,4
نادرة،,4
النهر،,4
"""قرار",4
مرتفع,4
أصرت,4
نفد,4
الدسوقي,4
تلاعب,4
سكوت,4
والدولي,4
ديسمبر،,4
الابتدائية.,4
ووسيلة,4
تجاري.,4
المنافسين,4
المسطحات,4
وشامل،,4
للتبادل,4
نظمته,4
داعيًا,4
مطروحة,4
1990,4
اليسارية,4
تشاندان,4
بيكر,4
بسياسة,4
الصومال.,4
يحدث.,4
تعدّ,4
معاقبة,4
الأفلام.,4
الفضل,4
العسكري.,4
الأرباح.,4
إغاثية,4
مجتمعهم,4
زلتُ,4
منهن,4
الطبع,4
ساحلية,4
الأصليّة,4
بمدة,4
يزور,4
قرارا,4
موريتانيا،,4
تواجهه,4
الرّقميّة,4
حسام,4
عظيم،,4
الطوابق,4
غوما,4
التعصب,4
سياقات,4
السريعة،,4
اجتمعت,4
2014.,4
مكشوفة,4
تُحسّن,4
نحاول,4
أطعمة,4
للطلاب,4
إدلب,4
صحيحة.,4
التقدُّم,4
احتساب,4
بالحاجة,4
للمتر,4
الطبي.,4
لتطبيقات,4
المرخصة,4
أغلى,4
يقام,4
روسكو,4
هاميلتون,4
المطبقة,4
الإرشادات,4
فانس:,4
هجومها,4
المشاركات,4
والأرجنتين,4
تغريم,4
موردي,4
التابعين,4
الحكاية,4
وممارسات,4
استفادت,4
سماعات,4
نوفل,4
والإسكان,4
وكأنني,4
عصبة,4
يُشيرُ,4
الفيلم،,4
الوظائف،,4
صيني،,4
أممي,4
لعامة,4
والتعامل,4
كاهل,4
مجاني,4
الغذاء،,4
فوري.,4
جيجاوات,4
1800,4
"بان""",4
حملاتها,4
مشكلة،,4
الكرة،,4
"""لوس",4
مقيم,4
محتواه,4
وإشعال,4
يفضلون,4
الجانبين.,4
الماليّة,4
والاحتجاجات,4
العملاق,4
ليبيديف,4
عريضة,4
افتراضية,4
نشط,4
عادات,4
المندوبية,4
الشركس,4
باليوم,4
السعيد,4
ملخصات,4
طبيعته,4
وينص,4
يحمله,4
المادية،,4
حالةِ,4
ماكاسار,4
لإصلاح,4
محله,4
"""العربية.نت""",4
و200,4
خبيثة,4
للأسرى,4
ترسي,4
ملموس،,4
يُتخذ,4
خطأً,4
ويمتلك,4
الدراسي،,4
يحترم,4
السوار,4
الواقعة،,4
99,4
ليبلغ,4
سبباً,4
بمنصة,4
للشركات،,4
صلبة,4
حجمًا,4
روفر،,4
الفرحة,4
بتجديد,4
الجدوى,4
مسجل,4
الاحتياطية,4
والسيارات,4
بنتائج,4
الحصيلة,4
أقنعة,4
تفجير,4
سيدلي,4
تعديلها,4
وتساعد,4
بعداً,4
الأولمبية,4
عمره،,4
فريدريش,4
لليفربول,4
للتصدي,4
مائة,4
الدماغ.,4
“الديمقراطية,4
عالمي.,4
يحتاجه,4
اخترع,4
الانزلاق,4
يتمثّل,4
المفقودين,4
بالانقراض.,4
فقدوا,4
لشعب,4
وأميركا،,4
وشكلت,4
رأسا,4
المشابهة,4
احتشد,4
لمناهضة,4
بتجارة,4
تخلو,4
المبكرة،,4
ووجد,4
وإغلاق,4
إدمان,4
المواقف،,4
درمان,4
حرص,4
طرحتها,4
تؤسس,4
الفقر،,4
ورأى,4
يمثلون,4
بصراحة,4
النيل،,4
نصّ,4
نظافة,4
المستوردة،,4
إليسون,4
الماليزية,4
وأتبع:,4
مكعبة.,4
عالٍ،,4
روستافيلي,4
بالأصل,4
مجموع,4
عضوة,4
أرغب,4
ليواصل,4
مبكرا,4
إرلينغ,4
ضحى,4
خذ,4
فوجئ,4
2035.,4
الاستعمارية،,4
إنّه,4
والأسلحة,4
تقوية,4
إجراؤها,4
تكلفته,4
الصمود.,4
وضمن,4
التلاميذ،,4
العدوى,4
المقاطع,4
ويعرض,4
كوشنر,4
الدبلوماسيين,4
منتجة,4
معاً،,4
الشرعيين،,4
كقاعدة,4
والتجارية،,4
متوازنة,4
النيران،,4
وبصفة,4
اشتراك,4
سيحصل,4
يدفعون,4
الدوليين.,4
العربية.,4
يُكشف,4
مونديال,4
عقدة,4
7.7%,4
كيرك،,4
دلهي,4
نموها,4
"""اعتراف",4
الإسرائيليّ,4
تاتا,4
أودى,4
للتغيير,4
النيل.,4
خلالَ,4
نيبالي,4
المحتملين,4
والإسرائيلية,4
آرثر,4
مينور,4
يساهمون,4
غراند,4
الزبدة,4
صورت,4
أرمينيا،,4
سينمائية,4
ضخمة،,4
متطورة.,4
دفاعات,4
وبقية,4
ينشأ,4
والإبلاغ,4
وتعميق,4
الفساد،,4
واعد,4
الهادئة,4
سلاحًا,4
القدية,4
توتال,4
موازية,4
اللامركزية,4
تتخطى,4
مندوب,4
آفاقًا,4
إضافياً,4
ليمنح,4
التنظيمات,4
ألواح,4
أونصة,4
ويعكس,4
لتقنية,4
الاحترافية,4
بحجب,4
يحاكي,4
الهاتف،,4
أذون,4
تباينت,4
قفزات,4
وتداول,4
الهبوط,4
البنجاب,4
شاسعة,4
الاثني,4
لبضع,4
بينت,4
وخطاب,4
أبعاد,4
استثنائي،,4
غانا.,4
اللتان,4
الظاهرة،,4
المنتجات،,4
تراوحت,4
شك،,4
امتلأت,4
للمقاومة,4
الأسواق.,4
لتعبئة,4
تمركز,4
20%.,4
إدماج,4
قشقاي،,4
شراكاتها,4
تشي,4
السابع،,4
التناقض,4
صلب,4
والحقيقة,4
معتبرًا,4
أمثلة,4
15.9,4
تُجسد,4
الفلبين،,4
صيدنايا،,4
هائلاً,4
التربوي,4
"""غروك""",4
التأكد,4
وعليه،,4
رين,4
تسجيلها,4
التربوية،,4
الوقوع,4
يمنحه,4
وتفتح,4
الليبية،,4
ببرنامجها,4
التجاريين,4
وشملت,4
ستبلغ,4
المكانة,4
وراءه,4
الكردية.,4
المهتمة,4
ساردار:,4
مسحوق,4
يُضاف,4
الحرص,4
الطازج,4
تسخين,4
كاري,4
والجيش,4
سيصبح,4
الرومانية,4
والأعراف,4
2025-2026,4
بالإجماع,4
الصفقة.,4
ضعيفة،,4
الرائعة,4
والتوجه,4
وعيار,4
بالقانون,4
قناته,4
ناريندرا,4
ستركز,4
لنهائيات,4
خرقت,4
ويُساعد,4
المائة.,4
للبنوك,4
أرقامًا,4
بياستري,4
نوريس,4
أهميةً,4
والكهرباء,4
أسرع،,4
الأقصر,4
الظواهر,4
الحاضر.,4
شفاء,4
تنظم,4
بمصادر,4
الجمهوريون,4
يلغي,4
محتملة،,4
متصفح,4
القرآن,4
"الدولي""،",4
العملاء،,4
وغادر,4
المعقول,4
اللجوء.,4
الحدودي,4
القاعدة»,4
السنوي،,4
لسبعة,4
93%,4
"المنطقة"".",4
التوزيع،,4
المتطرفة،,4
مدفوعاً,4
تبنت,4
تحسباً,4
لانتفاضة,4
خالدة,4
كليوباترا,4
متابع,4
أنماطًا,4
ونُقل,4
إنشائية,4
المرورية,4
أرزو,4
هينتردوبلر,4
ويطالب,4
الحركة.,4
توبكس,4
الائتمانية,4
للصناعة،,4
ألفاً،,4
ثالثًا،,4
2003،,4
ملموسة.,4
اقتحم,4
بحكومة,4
ويجري,4
فضيات,4
العملي,4
مطلعة،,4
نصل,4
قوله:,4
تقريره,4
بالمقابل،,4
الشريط,4
سبعينيات,4
الزلزال,4
المخاوف.,4
بالحياة.,4
ملوك,4
الأعصاب,4
للقراء,4
الماجستير,4
يمثّل,4
لهاتف,4
رقيقة,4
فقاعة,4
أغابكيان,4
مقدمًا,4
13.5,4
بطرسبرغ,4
المولود,4
يليهم,4
باستمرار،,4
بنيتها,4
واسعا,4
ينشئه,4
الخرطوم.,4
أميري,4
أحمدي,4
الأموال،,4
قاضٍ,4
1974.,4
الثالثة،,4
الجزائري.,4
1994,4
وتركيب,4
المظهر,4
تُحافظ,4
البطيخ,4
يتطلّب,4
اتفاق.,4
وعالميين,4
جاهدة,4
بالفرنسية,4
كوتة،,4
مدحت,4
شخصيا,4
تعاونت,4
نائية,4
الخضر,4
الطلاب.,4
إثيوبيا.,4
للوفاة,4
للصفقة,4
برو.,4
جدعون,4
الابن,4
فليك،,4
للتضخم,4
تلقائياً,4
غنى,4
فيتينيا,4
قمنا,4
يندرج,4
تسريح,4
كثيرة.,4
ستصدر,4
تشون,4
إلحاق,4
الإدارة،,4
أوروبيون,4
وتأثير,4
محاكمته,4
متوسطة,4
ستمتلك,4
البحر.,4
أدان,4
ستحصل,4
صربيا,4
التفاوض.,4
باستقرار,4
محللين,4
واصفة,4
مناشئ,4
مصداقية,4
المستفيد,4
لجنوب,4
الإنتاجية.,4
لكان,4
اللوحية,4
يزيل,4
توترًا,4
للموارد,4
القارة،,4
للالتحاق,4
أدخل,4
أراهن,4
المستهلكين.,4
وغرفة,4
56%,4
الجمهوري.,4
التوحد,4
المذكورة،,4
الميزانيات,4
التحيزات,4
تتطلع,4
قصته,4
أونصة،,4
صحيحة,4
الأبيض:,4
مستحيل.,4
3.3%,4
للرقابة,4
فعالة.,4
بغرض,4
وتبدأ,4
فارغة,4
أطلقه,4
الأليفة،,4
الرسام,4
للمنزل,4
استطاع,4
بيّنت,4
الصراع،,4
سقوطها,4
5.6%,4
ثلاثة،,4
ستطرح,4
تنافس,4
والسلع,4
تؤمن,4
الثقافة،,4
"تينة""،",4
ليحدث,4
يومي،,4
انقسام,4
والأخيرة,4
المزدوج,4
البداية.,4
الأنظمة.,4
وفشل,4
سيحتاج,4
وتجربة,4
"""نيبون",4
المقارنة,4
وتوضح,4
المسائل,4
الحزب،,4
الإصلاح،,4
وطلاب,4
لقرابة,4
يدوية,4
وأُعيد,4
المستعبدين,4
والضريبة,4
أممية،,4
فلسطيني،,4
الكيلومترات,4
للعلامات,4
يكونون,4
ألبرتو,4
أوفييدو,4
بلقاريا,4
مشتركاً,4
دوسِت,4
المجهولة,4
لأنظمة,4
أهمية،,4
رتبة,4
ملحة,4
العبرية,4
يقمن,4
لديهن,4
الوادي,4
سيعني,4
درست,4
أعلنته,4
يسري,4
الشخصي.,4
التقارب,4
ومانشستر,4
التشريعات,4
بمبادئ,4
"""بلاك",4
المترجم,4
الجسور,4
سارما,4
صعبا,4
جرانيت,4
القاتلة,4
والسؤال,4
وُصف,4
لذكرى,4
الأرجنتينية,4
الأقاليم,4
وتوليد,4
خلفه,4
بصرف,4
القتل،,4
للسينما,4
والغابات,4
الفردي،,4
النفسية،,4
الأهمية.,4
للمناطق,4
ويُمكن,4
للموقف,4
الأحفوري،,4
هبطت,4
نعم,4
ليوني,4
لعزل,4
"للخطر"".",4
بمواد,4
يسميه,4
سباقات,4
المئوية,4
الجورجي”,4
أنفاق,4
تقريبا،,4
أبريل/,4
منافع,4
للأندية،,4
المتاحة،,4
النقر,4
وريادة,4
ورصد,4
تجلس,4
القصصي,4
لاذعة,4
وواجه,4
نوم,4
وصنع,4
الأطباء،,4
احتيالية,4
وعيادات,4
الطريق.,4
ألمح,4
النزعة,4
الثلاث،,4
ستتعرض,4
بالحدّ,4
"فلسطين""",4
إمساك,4
أبنائها,4
10%.,4
يُشكّل,4
زخم,4
مرسوم,4
المتجذرة,4
لضرب,4
التجربة،,4
استفادة,4
معرضين,4
الأكسجين,4
بانتظام،,4
للسهم.,4
للضرب,4
وزارةُ,4
رباني,4
أهدافها،,4
القصوى،,4
منخفضًا,4
الصدارة،,4
بالمزيد,4
والاستثمارية,4
ملتزمون,4
وبث,4
الخميس:,4
أطلقوا,4
والأردن,4
كراكاس,4
يُهدئ,4
قادمة.,4
الإشرافي,4
واتجهت,4
للتخلص,4
الجنسين.,4
الإعلانات،,4
يومية,4
سعيدة,4
1947,4
المخالفين،,4
لتاريخ,4
مداخل,4
الحوار.,4
الواردات،,4
بالحزب,4
والمفاوضات,4
الاستشارية,4
موسى,4
علي،,4
وتباع,4
كسور,4
تغيير.,4
الاتصالات.,4
لتعقب,4
بالتحرك,4
تنفيذيًا,4
المشتركة.,4
إحصائية,4
استغل,4
الفيروس,4
واقعية،,4
الفورية،,4
والاقتصادية.,4
النشاطات,4
صاروخاً,4
الأصفر,4
تسهل,4
"""جامعة",4
لاحقاً،,4
ابنتها,4
إنني,4
الفرح,4
"""ميتا""،",4
باستمرار.,4
الشهري،,4
لممارسة,4
علمًا,4
وتهديدات,4
وتُعتبر,4
حكمه,4
يستضيف,4
بمئات,4
وُجد,4
الخضراء.,4
دولًا,4
تُشغّل,4
يلبي,4
التطويرية,4
تربية,4
المفقودين،,4
مهدّدة,4
ألمانية,4
بالتكنولوجيا,4
ومواقع,4
الصبر,4
مستهدفاً,4
مزاج,4
توزع,4
صدمات,4
بزيارة,4
يتجاهل,4
و30%,4
انقلب,4
القرية،,4
سيف,4
وزرائهم,4
"""منذ",4
فردية,4
فيها:,4
أسعارها,4
وجهت,4
روسية.,4
الصادرات،,4
جسمك,4
المهندسون,4
لتوظيف,4
وثقت,4
ظروفاً,4
يومًا،,4
بحظر,4
بروتينات,4
معارض,4
مربع.,4
بتقنيات,4
والعامة,4
سريعا,4
كردفان,4
مقاتلة,4
الغاشمة,4
والدواء,4
بشهر,4
سجون,4
اعتقاله،,4
تخفض,4
أبوابها,4
قريباً،,4
الصفقات,4
كراوثر,4
عملك؟,4
بظهور,4
حساسة.,4
للتركيز,4
مخاوفهم,4
المائةِ,4
لرجال,4
الميلاد،,4
نطاقًا،,4
سيشمل,4
يبعث,4
متجاوزةً,4
بالإحباط,4
الحادية,4
حكومتهم,4
سياسيًا.,4
مدريد.,4
المطار.,4
المنورة،,4
أهبة,4
"نيويورك""",4
والموظفين,4
حساس,4
هيمنتها,4
تريده,4
المصرفية،,4
عبثية,4
للنزاعات,4
الإغاثية,4
لمسافة,4
المناخية.,4
مبينًا,4
للداخل,4
حماة,4
التفاؤل,4
رفضها,4
الرجل.,4
الاتحاد.,4
هواتفها,4
المكتسبة,4
بالتسبب,4
معدلة,4
القيمة.,4
قاتل,4
وأهم,4
العادلة،,4
والنزاعات,4
يكفي،,4
“قد,4
لنفس,4
الأحداث،,4
واعتراف,4
العودة،,4
الدراسية.,4
تشترك,4
طرقًا,4
كنيسة,4
بأمور,4
بواجباتها,4
قبضته,4
يهتم,4
الباقية,4
علبة,4
أشمل,4
2027,4
طفيفاً,4
ميناس,4
تسببه,4
احتل,4
بأحدث,4
والإنسان,4
كرمان,4
لسوء,4
المبكرة.,4
للانتخابات،,4
سيرفع,4
حوارًا,4
أحبائهم,4
حضروا,4
المقابلات,4
وفر,4
قائمًا,4
البولندي,4
يسمع,4
وظائف،,4
العادات,4
الصينيين.,4
عبرت,4
الوجهات,4
مفارقة,4
فهمًا,4
النفيس,4
يونايتد.,4
المفروض,4
وتبدو,4
الرابع،,4
متوسطه,4
ميتا.إم,4
إنساني,4
جميعًا.,4
السودانيون,4
الساحلية،,4
بانتشار,4
انقطع,4
معزولة,4
والأسبوع,4
النظيفة،,4
ـ,4
بغير,4
فيهما,4
الأسرع,4
تمثلت,4
وأصاب,4
الديناميكيات,4
هوانغ،,4
جينسن,4
تُعلن,4
هجومه,4
معارضتها,4
وعشرات,4
وصولا,4
استقدام,4
هاجرت,4
(8,4
عبّرت,4
التحليق,4
هدية,4
قاموا,4
2009.,4
التدريبية,4
بيرد,4
الهند:,4
لأشباه,4
بحرية.,4
الرائجة,4
عربة,4
امتيازات,4
خفية,4
ومراجعة,4
صرخة,4
حزيران,4
مؤخراً.,4
بفترة,4
قريتي,4
يضبط,4
أبهيمانيو:,4
استعارة,4
الأعلى.,4
ترافق,4
"""فوبوس-جرونت""",4
لثلاثة,4
الأنسب,4
شركةُ,4
الريفية.,4
وتصنيع,4
المعدية،,4
بطوطة,4
قسري,4
النائية,4
عمليًا,4
والغضب,4
وصناديق,4
النظيفة.,4
موظفًا,4
تشو,4
تضامن,4
محلي,4
يومها,4
الإنجليزية.,4
نظيراتها,4
بالمرونة,4
مدمّر,4
مسبوق،,4
الهلال،,4
استطاعت,4
والدة,4
تسجيلهم,4
0.3%،,4
الإذن,4
51%,4
ويستقبل,4
عوامل،,4
تاليا,4
الإفطار,4
وتعيد,4
"""راجاسا""",4
مناقشتها,4
بتجربة,4
السويسري,4
برئيس,4
إثيوبيا،,4
لأكبر,4
التشيلي,4
يولد,4
ليلية,4
قاوم,4
والازدهار,4
غامضة,4
المتضررة.,4
الهجري,4
إجرامية,4
ألماتي,4
الرهن,4
إنسانية.,4
الرهائن.,4
"غزة""،",4
سماء,4
للشروط,4
غزوها,4
الشتاء,4
للآباء,4
يترتب,4
كائنات,4
اندماج,4
ستقابل,4
وتدرس,4
المرغوب,4
القمة،,4
"2030""",4
استطلعت,4
بفتح,4
أهميتها,4
1،,4
يون،,4
مختلفاً,4
المهتمين,4
دين,4
سنتا,4
العالميين,4
السيليكون,4
تجنيب,4
ثقب,4
راسخة,4
جاسم,4
تقريرها,4
حكايات,4
مقومات,4
ساعات.,4
أقوى،,4
تمتلكها,4
الفخذ,4
أياماً,4
موناكو،,4
الموريتاني,4
لليهود,4
المسؤول،,4
أجبرت,4
المواساة,4
المجموعة.,4
ونمو,4
"""أوبك+""",4
انعكاس,4
لكامل,4
والصحية,4
صوتت,4
بغارات,4
الرقائق،,4
أُنشئ,4
خير,4
سراييفو,4
الزوجة,4
الأتاسي,4
رضا,4
الزور,4
اقتصادية.,4
ودخلت,4
وشهادتا,4
تفاعلا,4
للتعبئة,4
السيادي,4
روفر,4
والأرجنتين،,4
87,4
الجمهور،,4
ورجال,4
جوهريًا,4
المهاجرة,4
تصفح,4
مزودي,4
لتحديث,4
تعويضًا,4
للعراق,4
طوابير,4
يسوده,4
عزم,4
شهباز,4
تفادي,4
الثلاثة،,4
بجدة,4
دعمهم,4
مؤقتاً,4
1.1%,4
كهربائي,4
بوزارة,4
سي),4
(إيكاو),4
الاحتمال,4
الجنسية.,4
رسميًا.,4
بزعم,4
منتشرة,4
الصحيفة،,4
الدنمارك،,4
يتوسع,4
الحجم،,4
الريادة,4
سليمان,4
الكازاخستانية,4
وانتشرت,4
والهيئة,4
و2023،,4
الجامعي،,4
تعنيه,4
قلصت,4
محتجزاً,4
أينما,4
بسلاسة,4
بالألياف,4
عليهن,4
بتمزق,4
بخط,4
المتحالفة,4
النهار،,4
30%.,4
العاطي,4
وإبرام,4
ستستضيف,4
بيانات،,4
سيول،,4
كرور,4
البلاغات,4
وروسيا،,4
أدائها,4
مطبخ,4
للفتيات,4
الفناء,4
للرجال,4
ظلّت,4
ولبنان،,4
جدوى.,4
البارالمبي،,4
ناشئة,4
تلو,4
والخضراوات,4
للأطفال،,4
يلزم,4
باحثًا,4
يتجول,4
أجور,4
مبكرًا,4
رحلاتهم,4
المختصة.,4
يسود,4
الفنانة.,4
"""مؤتمر",4
الحاسوب,4
غو,4
فإنك,4
راديو,4
تشكلت,4
الانتشار.,4
والصوت,4
ضع,4
الواحد.,4
الزراعي،,4
لتحدي,4
نيمار,4
يشاركون,4
مثلث,4
تُحدث,4
بحصر,4
قبوله,4
الترقية.,4
بازار,4
انتقدت,4
فنانون,4
بشفافية,4
والمتوسطة،,4
شيوعًا,4
إعلانه,4
حزبية,4
السيرك,4
والظروف,4
"""عدد",4
استعدادها,4
يتناولون,4
زالوا,4
الجائحة،,4
ومخاوف,4
بسياسات,4
اختلفت,4
وسوق,4
والأصول,4
المفرط،,4
معقدة،,4
أشكالًا,4
وقابلة,4
النمطية,4
لتحول,4
النسويات,4
يؤمنون,4
حاويات,4
البلاستيكية،,4
يتبعها,4
تُطبق,4
المنفيين,4
كلف,4
تقدمه،,4
الأسود،,4
مبارك,4
مملكة,4
"""الأهلي",4
مستهلك,4
"الدولة"".",4
أمهات,4
لإدخال,4
تعرضن,4
والشابات,4
القيود،,4
ولدينا,4
الفضاء،,4
معاني,4
تنصيب,4
القرى،,4
غيرها.,4
شيرين,4
مريع,4
عداء,4
الفرنسي.,4
انقلابه,4
بوضوح:,4
باراغواي,4
ترتيبات,4
بادرت,4
ونما,4
المكان،,4
سمعت,4
موثوقية,4
"""علينا",4
رغبتي,4
تتبنى,4
مضاد,4
"صاغة""",4
وتنامي,4
مدعومةً,4
يعالج,4
وعادل,4
أدّى,4
ملياري,4
هوامش,4
المناصب,4
أولوية،,4
لأحكام,4
وتتماشى,4
المشورة,4
الاستبعاد,4
الاتصال.,4
أمتلك,4
الجوار,4
64,4
لمراجعة,4
والخاص,4
تجنبت,4
زميل,4
الأردني,4
تقاطع,4
تعي,4
باتفاق,4
حقًا.,4
“حتى,4
أقامته,4
مورايس,4
لغته,4
3.,4
فسوف,4
تقنيًا,4
البنغال,4
السكنية،,4
منزلية,4
توريس,4
المعيار,4
أطلس,4
لعقود،,4
ومعدلات,4
"نيويورك"".",4
الثّاني,4
بضمانات,4
بجمع,4
بأنشطة,4
واحداً,4
المعيشة.,4
و2024،,4
لتناول,4
تويتر,4
بارك،,4
قاسية.,4
لإنقاص,4
الملايين.,4
لارتكاب,4
للتدقيق,4
بضربة,4
لكبار,4
والتكامل,4
ويتيح,4
عُرضت,4
الزمنية,4
والمقاومة,4
للتفاوض,4
الهضمي.,4
تريدين,4
الجمال,4
الحزب.,4
هش,4
هاجر,4
نزح,4
ينافس,4
باستيراد,4
اختلاف,4
المائي.,4
جوية،,4
المحظورة,4
احتجاج,4
الكابتن,4
الإفريقيّة,4
المراقبة،,4
ستلعب,4
36%,4
الطموحات,4
بوروندي,4
موردًا,4
توحي,4
النهار,4
وتفتقر,4
الإفصاحات,4
“كانت,4
لمدير,4
لنفسه,4
التابعة،,4
بالإشارة,4
بررت,4
"""ريبيليكاتور""",4
منفصلة،,4
التعسفية,4
الراهنة.,4
أخصائي,4
صن,4
توقفها,4
صناعةِ,4
بالبورصة,4
أحد.,4
للإنتاج,4
وتشارك,4
بالخروج,4
ثلاثية,4
بدأوا,4
الكوبالت,4
المسجلين,4
حثيثة,4
الأعراق,4
بتوجيهات,4
إميلي,4
لصالحها,4
عكست,4
نجاحها,4
السائدة،,4
والجمعيات,4
أسير,4
الاستياء,4
السياسيين.,4
المرحلة،,4
الصيني.,4
الاستعمار.,4
ذمة,4
حكومية،,4
بالأسعار,4
عدمه،,4
91,4
الزيارة،,4
التشديد,4
الأجيال،,4
التنفيذيون,4
الغضروف,4
إيني,4
الرطبة,4
ترينيداد،,4
تمنحها,4
لي:,4
الإثنين,4
لقاح,4
بالوسائل,4
الماضيين,4
للإصابة,4
مايو/أيار.,4
التعثر,4
للسياحة,4
الشعبة,4
جيسيكا,4
المشاريع.,4
فرجينيا,4
حاسماً,4
أولدر,4
المليارات,4
الأبواب,4
مناسب,4
الأونروا,4
الأخلاقية،,4
وإسرائيل،,4
عضوا,4
لتعطيل,4
الشمسي,4
تبعاً,4
الأفغان.,4
أفكارهم,4
تكتسب,4
يوفنتوس,4
شيخوخة,4
مضاداً,4
مرحب,4
تكسر,4
ستشهد,4
طوابق,4
ناقشت,4
اثنتي,4
للسنوات,4
الأسري,4
والتعلم,4
احتجازه,4
أطفالنا,4
عين,4
نيابةً,4
أنفق,4
باعتقال,4
مؤقتة،,4
كاركي,4
شركات،,4
ناو,4
أوكسفام,4
إطارًا,4
بمصر،,4
ضفاف,4
لاستطلاع,4
اليونان،,4
موثقة,4
كينيدي,4
نشأة,4
ومحاولة,4
"دولار""",4
مدني،,4
مصرفية,4
بالرسوم,4
المائة،,4
فبدلاً,4
وتقدير,4
الصمت،,4
يتناقض,4
دقيقًا,4
قدمه,4
الشابات,4
أجمع,4
وتعتقد,4
مجتمعة,4
"""بدأت",4
تذكير,4
الثمينة,4
ناتجة,4
موحدة.,4
فليس,4
سقوطه,4
الزيات,4
سلباً,4
السيول,4
والاجتماعية،,4
النضج,4
بجرائم,4
منصبا,4
لتزويد,4
أخيرة,4
"""بلوسكي""",4
التحذيرات,4
ولبنان,4
للأرصاد,4
للتحقق,4
مقهى,4
ليبقى,4
هدفا،,4
58,4
فنانة,4
المزدوجة,4
للملياردير,4
بأعلى,4
الراهنة،,4
وأم,4
مشروعين,4
الأخيرين,4
يوقع,4
تكتمل,4
الجغرافيا,4
وخارجها,4
فنزويلي,4
تجبر,4
بأزمة,4
الوثائقية,4
جارٍ,4
لاستثمار,4
يتحدّث,4
التقطت,4
أطاحت,4
تمهيدًا,4
عزلتها,4
الزوجان,4
قطرها,4
للسيادة,4
المعجبين,4
المجموعة،,4
حقيقياً,4
هائلة.,4
جرفت,4
شون,4
بشأنها.,4
حققته,4
الألومنيوم،,4
يستقر,4
خريف,4
أصابت,4
دارفور،,4
منفذة,4
الحريق.,4
الاحتجاج،,4
بروز,4
قاربت,4
وحملات,4
الصيف.,4
توسعًا,4
مي,4
2016.,4
عبدالفتاح,4
بقصد,4
طبية.,4
مستغلاً,4
الشبابية,4
وجودهم,4
النسيج,4
بيرشكوت,4
الاستهلاك،,4
درجة،,4
قومية,4
المصدر.,4
وروايات,4
وكذا,4
القيلولة,4
1996،,4
إرشادات,4
إسبانيا،,4
التشيك،,4
وداخل,4
شينجو,4
للطلب,4
يقفز,4
جميل,4
ليعلن,4
مانويل,4
ويعرف,4
والهجوم,4
التربة,4
وثائقي,4
مستمرًا,4
استراتيجيًا,4
التعداد,4
سلالة,4
أؤيد,4
"""سُلان""",4
(أ.م):,4
يمتلكون,4
اليابانية،,4
المتجر,4
أمي,4
سعته,4
سافينيو,4
أيه,4
مساهم,4
حصوله,4
يتناول,4
والدولية.,4
فروع,4
حزبه،,4
عرفت,4
والتزام,4
أنوتين,4
الألمانية.,4
إنشاؤه,4
توجهت,4
جريئة,4
يونغ,4
لنا.,4
لصرف,4
المشاركة،,4
(آب),4
للتقارير،,4
الأمني،,4
القتال،,4
المطروح,4
وصمة,4
بكسر,4
والعلامات,4
الأقران,4
مباني,4
و190,4
السينمائية,4
بمحطات,4
بسقوط,4
ومرة,4
دوروف,4
سمير،,4
2024-2025,4
جذابًا,4
أندرويد،,4
53%,4
بورتو,4
مخرج,4
المستحقات,4
أرباحها,4
والمكسرات,4
تخص,4
المدفوع,4
الشام،,4
مستمراً,4
تأكد,4
تبسيط,4
الاستبداد,4
اعترض,4
جماهيره,4
بالمناخ,4
استحوذ,4
السعة,4
والغاز،,4
الأوسع،,4
والسنغال،,4
والمسلمين,4
وهجمات,4
وآخرون,4
"""لوفتهانزا""",4
بمكافحة,4
تُوفر,4
المستجدات,4
أصاب,4
المخالفة،,4
125,4
كلمتها,4
والرقابة،,4
الأمريكيون,4
للإعلام,4
توضيح,4
عديمة,4
"""عندما",4
و2023,4
القرصنة,4
قويا,4
حملته,4
جنيف,4
عمار,4
تقطعت,4
دارفور.,4
هجماتها,4
كثفت,4
والتدخل,4
لاستراتيجية,4
لظهور,4
عيشهم,4
تهديدا,4
"عام"".",4
وغريمه,4
"لـ""حزب",4
لغياب,4
والإسلامية,4
التوتر،,4
بيب,4
المتاح,4
أدّت,4
لأربعة,4
تروّج,4
الوسطى.,4
وأفكار,4
منحه,4
نهجاً,4
والشمول,4
يعرفها,4
لاختراق,4
العاطي،,4
بمدى,4
ومنظمة,4
جريدة,4
بجدية,4
أثري,4
عالمياً،,4
الخليج.,4
استلام,4
عِفرين,4
نسبياً,4
أوبك+,4
اغتياله,4
1300,4
وبفارق,4
شهرِ,4
كثيف,4
للاستغلال,4
لمعلومات,4
الاحتياط,4
الديانة,4
الناجح,4
إلزام,4
المساعدات،,4
وتنسيق,4
إسعاف,4
بعضنا,4
"إل""",4
تجار,4
وطنهم.,4
بذلك،,4
الهجمات.,4
قتيلاً,4
بالمدارس,4
دليلاً,4
الشهود,4
ويُعتقد,4
3.1%,4
يمنحنا,4
نوفمبر،,4
حمض,4
ويساعد,4
للطائرات,4
لبث,4
أعيرة,4
للمحكمة,4
عسكرية.,4
الفدية,4
والبريد,4
جعلتها,4
ملمحاً,4
ويقول:,4
بنجي,4
تدمر,4
الضرورة,4
الوالدين,4
طفلًا,4
بالقدر,4
الورق,4
وبيّنت,4
الفراغ,4
لشعوب,4
شهدته,4
اهتمامها,4
شعرتُ,4
شراقي,4
واط.,4
واط،,4
(الصورة,4
الصليب,4
حانة”,4
“ثلاثة,4
المقابلة:,4
نونو,4
المغلي,4
لنتنياهو,4
النقدية،,4
والمكملات,4
الجوهرية,4
فابيان,4
الوزارات,4
زودت,4
محتجزون,4
توجهات,4
وتنتشر,4
مستشهدة,4
لكون,4
الاستشاري,4
مستحقات,4
والإسباني,4
المحاضر,4
ياسين,4
الرطوبة,4
العلاقة.,4
وتحد,4
22%,4
المطاف.,4
الوزيرة,4
مضايقات,4
واقتصادية.,4
صف,4
"""خطة",4
"و""سيلفر",4
والنتائج,4
وستعيد,4
النهائية.,4
نشطًا,4
بارزين,4
ستارت,4
تعاونًا,4
ببطء،,4
جوًا,4
الوثوق,4
الشهرين,4
تراجعه,4
(سومو)،,4
صحيح.,4
الإمداد,4
وتحلية,4
ذهبوا,4
محتواها,4
اليونيكورن,4
لكم,4
جنسيًا،,4
الاستهلاكي,4
أليخاندرو,4
أوليفر,4
معاهدات,4
والطبية,4
الطرق،,4
الأسبوعين,4
جذوره,4
الأمطار،,4
الناخبين،,4
والوضع,4
الحدائق,4
والحكومات,4
والتعليم.,4
شولتس,4
لكنَّ,4
مشاعرها,4
الواحدة.,4
ف.ر:,4
للمستهلكين.,4
البنكرياس،,4
بالعالم,4
ولديه,4
تيكو,4
نفسي،,4
المناسبة.,4
الطريقة،,4
وتأخير,4
إرادة,4
للإنفاق,4
يساعدون,4
حقيقي،,4
مبدئياً,4
الجبال,4
ثبت,4
اليمني,4
علاقتنا,4
4.7%,4
والموافقة,4
المتزايدة.,4
وقيودًا,4
"""أبو",4
للوحدة,4
الأفق.,4
المصير،,4
تزايدت,4
قائلا,4
تزود,4
سيعزز,4
أحجام,4
المستثمرين،,4
نهب,4
الليالي,4
رونالد,4
المحاكمة،,4
لقيام,4
للقطاع،,4
تدريجيا,4
الفعالية,4
إننا,4
نسعى,4
بالضفة,4
مساعيها,4
قائلةً:,4
المُجتمعاتِ,4
صريح,4
ويؤثر,4
وتأثيرها,4
سفاح,4
الموثقة,4
والنشطاء,4
بحصة,4
"المحدودة""",4
"""خفض",4
مفضلاً,4
لقوات,4
وتطبيقات,4
فقال,4
137,4
كاملة.,4
وعناصر,4
مستشفيات,4
وبالرغم,4
والمحلية,4
«الديمقراطيين»,4
البحرية،,4
واستشهد,4
"الله"".",4
التدريبات,4
حال،,4
(رئيس,4
نقيب,4
خدم,4
هادئ,4
العاروري,4
الارتباك,4
صمدوف،,4
برلين،,4
والترويكا,4
الكتب،,4
سبيس,4
الضخمة.,4
فرضية,4
أرضي,4
للدولة،,4
والتبادل,4
فكانت,4
ستتأثر,4
ورؤية,4
ومساحة,4
يُعدُّ,4
إدراجها,4
تتلق,4
تحمله,4
خل,4
"و""طريق",4
بلقبه,4
المدافعون,4
الفنية؟,4
أعلنتشركة,4
تشغيلية,4
استخدامات,4
آركابيتا,4
يناير/,4
قدرتنا,4
القيمة،,4
الخريّف،,4
بالانتقال,4
نشأتي,4
جمركية،,4
أعني,4
تشكيلة,4
أندرياس,4
ألقيت,4
واسع.,4
السعوديين،,4
ولكن،,4
فنلندا,4
بخصائص,4
"""غوغل""،",4
أكده,4
الرسوم،,4
وحددت,4
1.6%,4
وأتبع,4
تركيزها,4
التنظيمية.,4
أقارب,4
تندمج,4
الدخان,4
سائقي,4
للمنظمة،,4
التباين,4
الاتّحاد,4
الإلغاء,4
باختلاف,4
الدراسة.,4
المنظور,4
متزايد.,4
الفور.,4
الحمى,4
أماناً,4
المجففة،,4
واعترف,4
مضيق,4
نفوذاً,4
نظامية,4
يُشار,4
والفنانين,4
ستعيد,4
بقبول,4
خطر.,4
وأعيد,4
والطلاب,4
أيقونة,4
والإمدادات,4
تجريها,4
أعمق.,4
أحكامًا,4
قفل,4
تنمو,4
3.4,4
الركض,4
كمنطقة,4
عملياتها.,4
قليلاً،,4
استُخدم,4
هاتفي,4
لإيصال,4
سعيدًا,4
مستقرة.,4
بوتر,4
والصحفيين،,4
والتصدي,4
يدويًا،,4
الفكرة،,4
رفعها.,4
جدولة,4
للزواج,4
لحفل,4
ربحية,4
تيكان,4
أجدادهم,4
تيكي,4
خيول,4
الرأي،,4
بوعد,4
لسبب,4
تنس,4
"ووتش""",4
حذف,4
ويرتبط,4
تتفق,4
وأبقى,4
أشادت,4
واقتصادية،,4
لجراحة,4
النساء.,4
الدوري.,4
الروماني,4
أقال,4
"الزناد""،",4
البديلة,4
المدنيّة,4
بآخر,4
قُتلوا,4
الإعلاميين,4
دولي،,4
وشبه,4
أعقب,4
الفيصل,4
المبنية,4
جنين,4
الزفاف,4
وقفزت,4
وقاد,4
للتغيير.,4
الديموغرافية,4
تينة,4
سيطرتها،,4
الخارجة,4
للعربية/الحدث،,4
والحزن,4
عديمي,4
اللغات،,4
سيقوم,4
للتأهل,4
رمسيس,4
الحواسيب,4
جعلا,4
كرئيس,4
الكفاح,4
سابقين،,4
الجامايكية,4
ومستوى,4
الأمعاء.,4
نفسَها,4
حياتنا،,4
ليزا,4
متورطة,4
بمواجهة,4
إيجابيا,4
عموم,4
حبوب,4
يشكلون,4
بالمركز,4
"أحرونوت""",4
"""يديعوت",4
80%،,4
حققه,4
اتفاقًا,4
لوسي,4
الدبلوماسية،,4
اغتصاب,4
عاطفي,4
يملأ,4
الأنابيبِ,4
"للسياحة""",4
القسم,4
بطائرات,4
طيلة,4
مغطاة,4
أسرة،,4
والكتب,4
الحرف,4
بأمان,4
حاضراً,4
المحاسبة,4
لاستخراج,4
فنانين,4
جددت,4
شنايدر,4
لجهة,4
بلقاء,4
ولبنان.,4
"""العمل",4
الاقتراع،,4
ويوضح,4
إير،,4
الفاشر،,4
حالتها,4
المتطورة،,4
التجارة،,4
تفسيرات,4
بالمساعدة,4
المستورد,4
يطال,4
إخبارية,4
برفض,4
الموازية,4
المشكلة.,4
الاحتلال،,4
الفخر,4
للأطفال.,4
العنان,4
مؤكد.,4
وقوانين,4
لأنفسهم,4
سجّل,4
مجددًا،,4
الكلام,4
متفوقة,4
شاهدة,4
إحداها,4
أثّر,4
قيادي,4
الأطراف.,4
وتقنية,4
العزل,4
جد,4
منها:,4
عمرها،,4
"باك""",4
الآفاق,4
-عن,4
الضمير,4
الشهرة,4
وصعدت,4
ينشرون,4
للملابس,4
تشرح,4
البودكاست,4
وآخرين,4
طبيبة,4
الحدث،,4
ترخيص،,4
الجيوسياسي,4
ضغوطا,4
كورونا،,4
السيارات.,4
البرازيليون,4
إذاعي,4
مهني,4
410,4
كثيرًا.,4
الخالية,4
لاعبينا,4
الإيمان,4
لموسم,4
قمت,4
حالياً.,4
المحررة,4
"1,000",4
أبرم,4
محايد,4
بالمنافسة,4
ورق،,4
حصار,4
"""صندوق",4
واتباع,4
"و""الحدث.نت""",4
دائم،,4
الرّغم,4
فيمَا,4
انفجرت,4
"""أميركا",4
بالتأكيد،,4
غيانا,4
يسفر,4
قياسية،,4
تجعله,4
أصغر.,4
وزنها,4
انتُخب,4
مستوطنات,4
الاستيطان,4
الانضباط,4
أعمالنا,4
بلادهم.,4
الاحتجاز،,4
والسعي,4
الإشعارات,4
المرمى,4
كلفت,4
الإنساني.,4
يرفضون,4
الثراء,4
"""تي",4
بإمكانهم,4
فأنت,4
نصفهم,4
قرعة,4
بيشات,4
المسمى,4
والمراهقين,4
العلاجات,4
إصابات.,4
كثيرًا،,4
"فيها""",4
القتلى،,4
يبقون,4
ماتياس,4
الأوان,4
تناقش,4
استدعت,4
أرسى,4
المتعددة،,4
الحلو,4
قابس،,4
حصرية،,4
القضايا.,4
عملًا,4
الراهن.,4
والمطالبة,4
والدبلوماسي,4
مداهمة,4
مدبولي،,4
الغيار,4
فرضته,4
بشأنِ,4
العسكر,4
مداهمات,4
التطوير،,4
والاتجار,4
واجهتها,4
"""إس",4
شهراً،,4
سلمي,4
إمكان,4
وبروكسل,4
الطبول,4
الموسيقي,4
ممكنة.,4
الأسرة،,4
المسبقة,4
للتصرف,4
المعرضين,4
تسيير,4
إرهابية،,4
بتسجيل,4
تعذر,4
وتغطية,4
يفضح,4
بحب,4
حينها،,4
دعبول,4
الترقب,4
متطور,4
9.5,4
أعباء,4
سيواصل,4
غوارديولا,4
غضباً,4
مسابقات,4
أيدت,4
أرصدة,4
سلام.,4
القاضية,4
81,4
الصلب،,4
برازيلي,4
بوساطة,4
طالبا,4
ويزداد,4
للأسمنت,4
مالفيناس,4
يخطر,4
ورواد,4
وجرح,4
تراكمت,4
يخالف,4
والقوة,4
حوثية,4
البرلمان،,4
المطلقة,4
معلن,4
الإنماء,4
آب،,4
بيلاروسيا,4
والنمو،,4
الطيور,4
"العمل"".",4
ياباني,4
والظلم,4
المعنيين,4
لإنفاق,4
تتعمق,4
والاندماج,4
للمصالحة,4
مصاب,4
سول،,4
إسعاد,4
تكلف,4
الجماعي،,4
روما,4
المال،,4
جون،,4
ديريك,4
نموذجها,4
العابرة,4
هاو,4
متينة,4
"للغاية""",4
أعمالهم.,4
عالميين,4
التكرار,4
منافس,4
المنزلية،,4
وحدها.,4
صعّدت,4
لتشويه,4
الكويتية،,4
لنسبة,4
وواصلت,4
أنس,4
بعيدا,4
وأمام,4
المتوفرة,4
فارس,4
شغف,4
الشهير،,4
ستتيح,4
وبلجيكا,4
عادي,4
البقالي,4
مخاوفه,4
بخير.,4
الإجهاد,4
مستوطنة,4
لنقطة,4
هاتفآيفون,4
جمهوري,4
مجانية،,4
ع.ف:,4
شبان,4
وأمازون,4
يتحكم,4
الصّنعيّ,4
واحتمال,4
لتوطين,4
أهميته,4
بملايين,4
براك،,4
طاقتها,4
مرتبة,4
خاض,4
المحتلة.,4
كامل،,4
بيركشاير,4
يقاوم,4
ماركت,4
يركض,4
خيبة,4
العقد.,4
الطاقةِ,4
ومتطلبات,4
حفاظاً,4
وحسب،,4
ضيق,4
غريليش,4
147,4
ماتشادو،,4
الإشارات,4
والكتابة,4
متوقعاً,4
وبالفعل,4
معقد,4
للزراعة,4
للتراث,4
ضده,4
يحسد,4
"لـ""الحزب""",4
اتهامه,4
الجمهوري،,4
يسأل,4
ضعيف,4
إعلامي,4
تتناقض,4
بصمت,4
الكونجرس,4
قيادته,4
صبر,4
وتايوان،,4
قدمتها,4
2001,4
حكماً,4
أخذت,4
توقيعه,4
السكرتيرة,4
فض,4
تخارج,4
امتداداً,4
راشد,4
خلفت,4
آمنة.,4
هاري,4
فخ,4
المزايا,4
أخبرته,4
قلته,4
أمريكيًا,4
للدبابات,4
مراسم,4
سيأتي,4
هرب,4
الهادئ،,4
المخ.,4
الدقة,4
مردوخ،,4
المقربة,4
وحصلت,4
"والتضامن""",4
الواقعة.,4
الخلل,4
الرصاص,4
للدموع,4
للتلاعب,4
الناشئة.,4
بغداد،,4
نشاطه,4
ومحركات,4
الإخلاء,4
بمفرده,4
2004,4
"الله""،",4
استجوابه,4
الإمكانيات,4
تحسينات,4
الإعلانات.,4
وصولهم,4
الحقيقية.,4
البنكرياس.,4
ينتيميروف,4
مجرّد,4
تُدار,4
دعوته,4
التعيين,4
نفاذ,4
الآتية:,4
الاثنين:,4
الأزمات.,4
الشكل،,4
آثاره,4
العربي.,4
محاكم,4
جوميز,4
وسائط,4
اللقاءات,4
نقوم,4
72%,4
صوّت,4
مخلفات,4
تخطيط,4
الخوف.,4
الخيانة,4
يتألف,4
بتغير,4
وباب,4
شخصا،,4
المعرفي,4
التفاوتات,4
دورتموند,4
جدا.,4
لبيئة,4
بتسلئيل,4
وحاولت,4
معتقل,4
فعلاً,4
82,4
وقللت,4
الـ20,4
كلٌ,4
المناظر,4
باولو.,4
الشرائح,4
ابني,4
الفاشلة,4
والبرامج,4
توسعت,4
نجلة,4
وريال,4
الدوام,4
المركزة,4
ترحيلهم,4
الحاصلة,4
التمييز،,4
صحتها,4
بديلة،,4
كابل,4
كوفيد-19.,4
ملحوظًا،,4
ناد,4
غازي,4
لاختيار,4
ذهبية،,4
فعّالة,4
"""سبايدر",4
بحل,4
الإمبريالية,4
الحماس,4
на,4
الأمينين,4
البصمة,4
القدامى,4
الكومنولث,4
مكوناتها,4
"""بلومبرغ",4
التميز,4
افتتحت,4
تاريخها,4
الدافئ,4
وانغ,4
الأسلحة.,4
نوك,4
الصفراء,4
شجاعة,4
المثلية,4
عقوبته,4
يستطيعون,4
جدتها,4
منظمة،,4
الفحوصات,4
استرداد,4
مباريات.,4
انتخابه,4
وأخيرًا،,4
المهاجرين.,4
تخميره,4
الجامايكي،,4
والسبب,4
دفاعي,4
بالتسجيل,4
جدال,4
للمستخدم,4
الاستثمارات.,4
الجريدة,4
بفهم,4
نيكاراغوا,4
انتهاج,4
جمعيات,4
بتأييد,4
وتدهور,4
طرازي,4
نتوء,4
واختتمت,4
مسبقًا،,4
والصادرات,4
الخام.,4
وتعطيل,4
الرحلة،,4
الإنتاجية،,4
براندون,4
قتامة,4
يوتيوب،,4
مصرع,4
ثقيل,4
رفضهم,4
مجالس,4
وإهمال,4
تقصير,4
الفضائية,4
الإعدادات,4
الرخص,4
شخصية،,4
تستكشف,4
للأرض,4
المجتمعية.,4
186,4
الانفصال.,4
ارتباك,4
يي,4
فيرتز,4
البنغلاديشي,4
”،,4
تشكلها,4
عامة.,4
أمضى,4
بوسط,4
مستهدفاتها,4
طلاء,4
مدروسة,4
المبكر.,4
السمعة,4
210,4
ليفركوزن,4
للمستهلك,4
الفعال,4
قطعِ,4
105,4
البرازيلية،,4
بوقوع,4
المطبخ,4
يتدفق,4
الآبار,4
المفعول,4
مالياً,4
لعرقلة,4
استشارات,4
بينغ،,4
وضوحًا,4
بقايا,4
بياناتهم,4
بعنف,4
سوروس,4
التوجيهات,4
اللبنانيين،,4
ضغطاً,4
"الزناد"".",4
الميم,4
للترويج,4
كفالة,4
شركائها,4
"""إتش",4
وأمرت,4
تنبع,4
نحوٍ,4
ثراء,4
تمضي,4
الغريب,4
والضغط,4
"""بلومبرغ"".",4
أراقب,4
الموضوع.,4
السطح.,4
كافٍ.,4
والإقليمي,4
المحتالون,4
قلقها,4
توغلت,4
عملٍ,4
تبعية,4
(بما,4
تنظيمي,4
أبطأ,4
شديدًا,4
الالتماس,4
المجفف,4
الوطن.,4
لإضعاف,4
بتدمير,4
الدكتاتورية,4
النيوزيلندي,4
سيعتمد,4
التلقائي,4
أنهار,4
والأدب,4
متداولة,4
الطوارئ،,4
بالذنب,4
التفكير،,4
الصِّحَّةِ,4
المكسيكي,4
وألمانيا),4
يحضر,4
مُنعت,4
نشوء,4
صرخات,4
ترشيح,4
لاحقاً.,4
السبع,4
ا,4
138,4
سلسلةِ,4
للطاقةِ,4
*نقلا,4
تلاحظ,4
وتشيلسي,4
راي,4
التشيكيين,4
رويترز،,4
تسدد,4
وتنوع,4
"""أركتيك""",4
وبمجرد,4
مواتية,4
أنت,4
آخرون،,4
أسام،,4
العلنية,4
الرقابة،,4
الدينيين,4
المولدة,4
العنصري,4
الرخاء,4
لاين،,4
“إل,4
ختان,4
3.9,4
ومثل,4
مهاجرين,4
البدنية,4
الخصوص،,4
جسدية,4
يقصد,4
آباد,4
الروحي,4
الكرم,4
البحرينية,4
تشريعية,4
للتعافي,4
رحلتها,4
ويترك,4
"""أمازون",4
أخيرا,4
البرنامج،,4
يكتسب,4
قمعية,4
مدخراتهم,4
وانخرطت,4
أراضيها،,4
تضمين,4
شاه,4
اعتقدوا,4
ذروتها,4
تزامناً,4
تقييمًا,4
ريتشاردز,4
الغربي.,4
مذهلة,4
روني،,4
قيراطاً,4
"""رداً",4
قادرات,4
ثمار,4
الهيئة.,4
ودعمه,4
الحضارة,4
حرصه,4
وإثيوبيا،,4
مزيفة,4
شربه,4
كيرك.,4
لريال,4
باللاعب,4
فيديريكو,4
لآلية,4
التسعينيات،,4
المتطرفين,4
اثني,4
عمالة,4
لبنى,4
وواصل,4
"باك""،",4
السوقية.,4
لرحلات,4
عادل.,4
والبرتغالي,4
تسو,4
(أوبك),4
الكوميديا,4
لساعات,4
هزائم,4
وقرارات,4
أرمينيا,4
محاكاة,4
موازٍ,4
قتالية,4
محافظهم,4
متحدثين,4
الإرهاب،,4
ومجتمعات,4
كيان,4
والحالة,4
الأفضل،,4
نحمل,4
نشعر,4
الذهبي,4
الكاملة.,4
استشارة,4
دولارا,4
لمصانع,4
عائلته.,4
تقترح,4
التّواصل,4
دخوله,4
سفير,4
تنفيذاً,4
للأعوام,4
تماشياً,4
والعرب,4
صُمم,4
بتدخل,4
يكتفي,4
المدعومين,4
السويداء،,4
كربونية,4
والطريق,4
فهمنا,4
صحفيًا,4
أسطح,4
وحصد,4
ونادرًا,4
طغت,4
مسجلين,4
بالآثار,4
الموت،,4
دوامة,4
بحثية,4
المؤرخ,4
وغرامة,4
لزم,4
كاراباخ,4
الفكري,4
جهدي,4
أطفال.,4
والسياحة،,4
بالاعتداء,4
الدائمين,4
حاملًا,4
الأقدام,4
عزام,4
6.7,4
أحيانا,4
واضطرت,4
الأشجار.,4
حكومي،,4
بوسورث,4
انعكست,4
ثقته,4
حاشدة,4
تمكنه,4
طلبا,4
لإحراز,4
لتكوين,4
مرخصة,4
ولائحته,4
أراض,4
العلي،,4
الأحادية,4
لجامعة,4
1600,4
البعيد,4
اكتشافات,4
الأنسجة,4
سوءًا,4
بايدن،,4
وتحويلها,4
للاستحواذ,4
ليك,4
"""ليكيب""",4
و2,4
والمصارف,4
المتخصصين,4
مضافة,4
وتختلف,4
لكلا,4
المضاعفات,4
نوفو,4
وطاقة,4
وعناوين,4
والنقاش,4
مدغشقر،,4
ومما,4
التضحية,4
اللازمة،,4
الاحتياطات,4
أخفقت,4
وحكومته,4
رئيسا,4
وغواتيمالا,4
متوقفة,4
تقيم,4
حدٍّ,4
والباحثين,4
إحاطة,4
مبينة,4
والبث,4
جدي,4
الإيرادات،,4
ويُقال,4
مجالِ,4
الحليم,4
عودتها,4
ووتش,4
وباتت,4
وانتهى,4
وعودة,4
تُنشر,4
للتكنولوجيا،,4
مبيعاتها,4
رهينة,4
السياحة.,4
المؤلفة,4
بياناتها,4
خلاصة,4
وآسيا,4
قدموا,4
بأمر,4
"""إيجاس""",4
عصور,4
أيڤاليك,4
ويضع,4
للغازات,4
أحيانًا.,4
إبستين,4
اليومي.,4
يتحمل,4
و27,4
والمؤشرات,4
وحركة,4
مجمّع,4
تفاوت,4
بالسرعة,4
الجودة.,4
بعوائد,4
المزيج,4
يسلم,4
الروبوت،,4
الراديو,4
للأراضي,4
للاحتجاج,4
انطلاقاً,4
وعلي,4
تحليلات,4
أراها,4
مقالًا,4
أوف,4
"""تايمز",4
الأغنياء,4
كانتِ,4
ذلكَ,4
و500,4
الدراسية،,4
الدكتوراه,4
منافسين,4
ذهبت,4
الحيوانية,4
المتبقي,4
الجزاء,4
وقانونية,4
"لـ""العربية.نت"":",4
لموقف,4
سلطنة,4
وحكمت,4
القرم,4
الدفاعية،,4
غيرُ,4
يصلون,4
رسمياً،,4
للناشئين,4
للمعلوماتية,4
المتنوع,4
المطلوبة،,4
لاستضافة,4
المنفى.,4
صامتة,4
49%,4
وتدفع,4
المقدم,4
مالكة,4
يكلف,4
لجمهور,4
بفخر,4
الزناد،,4
مقترحة,4
وتحتاج,4
لقضية,4
الأعمار,4
الإنجاب,4
الاستهدافات,4
البعض.,4
أكملت,4
مستواها,4
3790.82,4
بنداً.,4
مساعٍ,4
(د,4
المتواجدين,4
(الذي,4
القارةِ,4
معارضته,4
تفويض,4
والاجتماعي،,4
للمنظمة,4
الحوار،,4
مترابطة,4
ركّزت,4
عارمة,4
الأواني,4
بثلاث,4
فاصلة,4
للمصالح,4
تراقب,4
أقوم,4
كندا،,4
وهكذا،,4
المناسب.,4
ماجد,4
الخصوصية،,4
لجهود,4
حليف,4
انطلق,4
مترًا,4
بالانتماء,4
إقبال,4
ضخمة.,4
لبلدية,4
كمرشح,4
عابر,4
ميلي،,4
الحيوية.,4
وزيارة,4
أعلنتوزارة,4
أصر,4
تلت,4
تتخذها,4
الحبوب,4
الفريق.,4
الوقائع,4
سراً,4
العاجلة,4
عاملة,4
الإصرار,4
يميز,4
محفز,4
كعامل,4
دقيق،,4
تبعات,4
السد،,4
العبور,4
متفاوتة,4
الرياضيين,4
الأجل.,4
والاحتياجات,4
الترتيبات,4
وعانى,4
العائلات،,4
وأثرت,4
العدل،,4
الجغرافية،,4
كبريات,4
يُسهم,4
فرانك,4
تخلي,4
الحكومةُ,4
أحدثت,4
ودوري,4
الماهرة,4
رفعها,4
الصوت،,4
فترة،,4
وتعليق,4
منطق,4
يصمد,4
هاني,4
لمفهوم,4
الأوقات،,4
وستقام,4
موانئ,4
2.3%,4
بالجملة,4
أمبات,4
راجا,4
كانتْ,4
استضافت,4
لستة,4
غارسيا,4
قبلت,4
البطاطس,4
التباعد,4
بأجر,4
ويكون,4
جبهات,4
عنه،,4
الفريد,4
القضائية،,4
ماضٍ,4
سلوت,4
للصحافة,4
دفعه,4
رواسب,4
سيمون,4
لتهدئة,4
ويُعتبر,4
والمرسوم,4
الواضح،,4
والولادة,4
الصحافيون,4
لمرحلة,4
الطموحة,4
"الوقت"".",4
ويستمر,4
أصبحوا,4
لالتقاط,4
دود,4
شهرا,4
زايد,4
الشجاعة,4
شو,4
١٥,4
والجامعات،,4
كونغي,4
لتجربة,4
نقدم,4
وحمل,4
والتدمير,4
ينتقلون,4
بتخصيص,4
الاستشعار,4
المزمع,4
فلسطينياً,4
لقرار,4
والانقسام,4
شهاب,4
يعملان,4
مجاورة,4
يشعرون,4
للاستشارات,4
تناوله,4
الليلي,4
حاوية,4
شياو,4
واحتجاز,4
وحظي,4
أصولاً,4
بتدهور,4
الموقع،,4
البحثية,4
منصبها,4
وارداتها,4
للكتابة,4
المؤسسية،,4
وضبط,4
قاب,4
المحامية,4
محلفين,4
الخطر،,4
التقليديين,4
ووجه,4
الطويلة.,4
نفطية,4
شديد،,4
يقدمه,4
سيدني،,4
متر.,4
وظل,4
1994.,4
وقتاً,4
التسوق,4
مقولة,4
بالفوز,4
العالي،,4
الفرص،,4
مصادقة,4
ستدخل,4
تجارياً,4
الغريري،,4
1993،,4
لفتت,4
كربلاء,4
والعسكرية,4
الأمام.,4
إذًا,4
يفوز,4
حملتها,4
اقتلعت,4
ستيوارت،,4
استيعاب,4
بيّن,4
انسحب,4
فان,4
المضللة.,4
بالمثمرة,4
بقرب,4
الجدد،,4
لمرة,4
الحكومتين,4
وظهرت,4
البطيء,4
أعاقت,4
للسفر,4
الوسيلة,4
950,4
عملائها,4
مؤتمرًا,4
والتفاعل,4
الأهداف،,4
النادي.,4
سياسياً،,4
الاشتباك,4
دولته,4
المواسم,4
الأمعاء,4
وإدموندو,4
تقليدي،,4
لخطة,4
"""فاينانشال",4
كويلو,4
تلامس,4
تُقام,4
للهند,4
بالتحكم,4
نانومتر,4
انتصاره,4
العقارية.,4
دخلوا,4
الأفغاني,4
النفس.,4
ونيوزيلندا،,4
ستيفاني,4
عالمة,4
قريباً,3
للتحالف,3
يُنسب,3
не,3
الموحدة,3
الزفاف،,3
أجاب:,3
والصراعات,3
مؤامرة,3
مشمولة,3
المحاور،,3
وفوق,3
"اليد""",3
جنوبه,3
شبر,3
الوزاري,3
بطرح,3
الروبوتات،,3
وفاة.,3
الإنجابية،,3
قراراتها,3
معلم,3
الظهيرة,3
بالجلوس,3
“ميليسا”,3
وبطل,3
الابتكارات,3
الداعمين,3
الروتينية,3
"شيء"".",3
النظر.,3
وشدة,3
انتخب,3
نائباً,3
ناشطة,3
“تسوديبي”,3
للصحفيين،,3
للإنترنت.,3
يحملن,3
للوقت,3
والاحتفال,3
للموساد,3
إنهن,3
الشعبوية,3
الوحيدة.,3
متزايد،,3
التموينية,3
خبراتهم,3
سيناقش,3
"""ماركا""",3
رائعة.,3
والعاطفية,3
المتبقية.,3
ورزازات,3
للحدث,3
1988،,3
لخبراء,3
تتطور,3
3500,3
وطنيًا,3
لمديري,3
ينكر,3
نسيج,3
الحثيثة,3
برمجة,3
الجديدة؟,3
مركزها,3
السبت:,3
التجول,3
والعسكري,3
العلمي.,3
يتشارك,3
سورلوث,3
استهدافات,3
أعرب،,3
بقفل,3
شفيونتيك،,3
المبادرة.,3
زينب,3
هادي,3
واللحوم,3
الإماراتي،,3
سيادتها,3
اللبناني.,3
ممنهج,3
رده,3
صمت،,3
تلا,3
ابنتي,3
التنويع,3
الالتحاق,3
قيل,3
مرتقبة,3
بالغين,3
يتعافى,3
أبعدته,3
للتصدير،,3
بُنيت,3
ومحاربة,3
ردع,3
للاعبين,3
أتمنى,3
صداقة,3
للبيئة،,3
تُنسب,3
ويخوض,3
إهمالها,3
داخلياً،,3
1.196,3
اعتقالها,3
جغرافي,3
ورسوم,3
يرجى,3
وشارع,3
التعليمي,3
بربادوس,3
جذاب،,3
مراسلة,3
لورا,3
الجاليات,3
وماليزيا,3
(أ),3
الرسم.,3
المواقع،,3
تكساس،,3
مقرب,3
ديل،,3
اتُهمت,3
وتعرضه,3
لتقدم,3
حقِّ,3
الذخائر,3
والتقدم,3
كنتَ,3
عملاقة,3
دانييل,3
إسميرالداس,3
باستقالة,3
حسينة،,3
التخصصات,3
عدّ,3
للعملة,3
مؤقتًا،,3
الأمان،,3
مشاركاتها,3
والقادم,3
الاكتشافات,3
إهدار,3
وتبقى,3
أسبوعيًا.,3
وتركيا،,3
بمفردهم.,3
وشعب,3
رسول,3
رامي,3
مصنعا,3
المقبلين.,3
اتفقت,3
الافتراضات,3
(20,3
حكيم,3
عرقل,3
بشهادة,3
وبالطبع،,3
لليونيسف,3
٢٠٢٣,3
ستمثل,3
الفلاسفة,3
محافظي,3
اليورت.,3
بوليفيا,3
وهندوراس,3
عرضًا,3
حقا,3
خياطة,3
المرسوم،,3
آذار/مارس،,3
العمد,3
المؤدي,3
الشيباني،,3
المهنة.,3
التكتيكات,3
وستعلن,3
أنجح,3
ونشرها.,3
للعمل.,3
الأسفل،,3
متميزة,3
كاشمالا,3
لتأكيد,3
وعرقلة,3
التصفية,3
الدولارات.,3
لأجيال,3
وتنفي,3
الوظائف.,3
الرهانات,3
ميلا,3
فيو,3
محفظتها,3
للاعبه,3
ماجدة,3
المشفرة.,3
المرحلية,3
انتقاله,3
يقيد,3
كونهم,3
الأحمر”،,3
ليلًا،,3
(700,3
للسهم،,3
وقتٌ,3
صدّرت,3
الـ12,3
بالرصاص,3
خارجية،,3
شيئًا.,3
للاستمرار,3
مجانًا.,3
"""الغالبية",3
الانفجارات,3
ستواجه,3
فرصاً,3
وموافقة,3
والدته.,3
بيولوجية,3
الإدراكية,3
أسبوعيًا,3
جسيمات,3
اللقاحات،,3
مرحلية,3
"الروسي"".",3
تقاريرها,3
لليورانيوم,3
لامس,3
احترامها,3
"""نظراً",3
داعمة,3
السيبراني.,3
الهندوسية,3
يقدمها,3
شقيق,3
تطبيقاتها,3
كوبين,3
البيومترية,3
عقيدة,3
النّظام,3
آر,3
الإصابة،,3
الشتوية,3
والمغرب.,3
يختبر,3
ندوبًا,3
أصدقائي,3
ويشهد,3
لتدمير,3
مبان,3
وألحق,3
الأدوات،,3
نشطة،,3
تأبين,3
لغز,3
أطلال,3
«,3
مغايرة,3
المسلمون,3
أعدادها,3
تضامنية,3
خبرات,3
الافتراضي،,3
بالملفات,3
المتواجد,3
يوروبا,3
الإقصاء,3
هز,3
الجثة,3
الأولمبياد,3
العاهل,3
قُطعت,3
الجيولوجي,3
ضمير,3
كثر,3
احتساء,3
واستقلال,3
واليمن،,3
تشق,3
لدورة,3
تطهير,3
للمشاركة.,3
بصافي,3
التفاصيل،,3
يالوفا,3
مدعيًا,3
غيبولاييفا,3
"الكبرى"".",3
أردا,3
سلفه,3
أضرت,3
أولاً:,3
مقدمو,3
كونت,3
لأسطول,3
تونس.,3
المتهم.,3
منطقةً,3
عيسى,3
هاتفياً,3
الأخوية,3
تعملُ,3
وكينيا,3
طرق،,3
جراحة,3
أساساً,3
عمالقة,3
ودخل,3
المتوترة,3
حياتها،,3
ترشيد,3
سنة.,3
القوائمِ,3
البيضاءِ,3
"ميغاواط"".",3
"البلدين"".",3
والمعاملة,3
الرقمية”,3
مشتري,3
والمهندسين,3
تُترجم,3
الدائرة,3
صفائح,3
للأدوار,3
احتفالات,3
الاستهلاك.,3
السطح,3
بالسيارات,3
الشكوى,3
15%،,3
الأعلى،,3
التعليمية.,3
وأمراض,3
السرطان.,3
جعلنا,3
فريقا,3
إيما,3
بالشركة,3
للتدريب,3
أيديولوجية,3
خروجها,3
والمستشفيات,3
والنقص,3
فخارية,3
واستلام,3
وتظل,3
الكربونية,3
حساباتها,3
بمواقع,3
قوانينها,3
النظريات,3
رويدا,3
عطية,3
وتدابير,3
تتكرر,3
ومايكروسوفت,3
البوب,3
إبراز,3
المجازر,3
"""إنها",3
الباطن,3
سيئة،,3
(دي.إن.أو),3
"الدولية"".",3
تحتضن,3
بوشهر,3
نبأ,3
اضطرار,3
منازلها,3
بالإعدام,3
قانونيون,3
ظلمًا,3
الحشود,3
أمانات,3
القبائل,3
العقلية،,3
إنجاب,3
يختفي,3
الشّعب,3
خلافه,3
للعلم,3
بموسيقى,3
بدران,3
صحراء,3
الخطير,3
سدير,3
أمنهم,3
تفرضه,3
مصافي,3
"""فايننشال",3
للعلماء,3
أردفت,3
باع,3
أصيبت,3
معنا,3
المؤسسي،,3
واتهامات,3
البينية,3
الصينُ,3
خضير,3
واحتلال,3
للدوري,3
للتقارير,3
الملاحظة,3
شعبه,3
«إعلان,3
المعنويات,3
اليابان.,3
بعقد,3
تبنّاه,3
برسوم,3
إينيغو,3
إدخالها,3
أبنائه,3
مرتكزات,3
للعملات,3
وجودنا,3
ولّد,3
غرينتش).,3
مستودعات,3
كشفه,3
سلاحها،,3
الليمون,3
وفواتير,3
السادسة.,3
قتيل,3
الجنة,3
تُرجمت,3
الصاروخية,3
منافسيه,3
"اللّه""،",3
هتافات,3
الدوائي،,3
اقتصادات,3
73,3
عُرفت,3
الاسترداد,3
أزمة.,3
يتفاعل,3
كوريين,3
القريب،,3
التحفيز,3
الوزارة:,3
توقّع,3
أساسا,3
للبقاء.,3
لنيل,3
الإعمار،,3
الأحداث.,3
الخطة،,3
والعقارات,3
وجاريد,3
كوشنر،,3
صهر,3
العار,3
للإرهاب,3
واعتمدت,3
نوفمبر.,3
اقتراض,3
1980,3
واستقرت,3
تربطها,3
تحضيرها,3
218%،,3
منتجي,3
والفضاء,3
الخدمات.,3
نضال,3
يلامس,3
زملائها,3
فرانكلين,3
معبراً,3
امتنانه,3
قوبل,3
مقيمة,3
تحتها,3
الحياةِ,3
دينية،,3
2019م،,3
الزهور،,3
التّطبيق,3
بنودها,3
إسرائيليون,3
تعليمها,3
وردًا,3
يحصلوا,3
لتصوير,3
صحية،,3
"تايمز""،",3
"لاب""",3
الفلسفة,3
"""تاس"".",3
الصحيَّةِ,3
ستُعلن,3
مدمرة.,3
لحماس،,3
0.9,3
البشري.,3
متخصص,3
بقدرات,3
الأوزبكي,3
سيعمل,3
فنزويلية,3
وانتهاك,3
حقيقي.,3
محاولته,3
الروائح,3
مقرراً,3
والجمهوريين,3
النسبي,3
يتمكنوا,3
والاجتماعات,3
لوتواك,3
بخير,3
وحالته,3
صباحًا،,3
الممولة,3
الباليستية.,3
الأذربيجانية,3
عاماً):,3
ورث,3
2005.,3
الجمارك،,3
أراه,3
لدي،,3
ورق,3
إلينا.,3
ترسيته,3
فجاء,3
الثالثة.,3
يُمكّن,3
ثالثة،,3
وامتناع,3
احتفظ,3
“لكن,3
معنية,3
يتباطأ,3
1.8%,3
وحيداً,3
لحاملي,3
الجوازات,3
غدت,3
نزل,3
ومثيرة,3
بتصميم,3
مقرّ,3
فنك؟,3
أسراب,3
ونقلها,3
للكثير,3
ازدحام,3
108,3
انخفاضه,3
فرّ,3
وزعماء,3
خفّض,3
السويدية,3
الدراسات،,3
تحتاجه,3
سعيًا,3
الجمهوريين.,3
للرياضيين,3
تركه,3
تأسيسه,3
لولا،,3
صريحًا,3
والتحريض,3
1.35,3
الإدراج,3
لقي,3
وخبرة,3
لمصنع,3
أطفالي،,3
فعلي,3
51.2,3
انخرط,3
التدريس،,3
الوقائية،,3
العزم,3
ووافقت,3
و25%,3
المسرح،,3
البصرية،,3
بهروز,3
بجمهورية,3
يعدّ,3
وكرم,3
تدوين,3
تيزي,3
قير,3
مرارًا،,3
ضمك,3
والتهديدات,3
مطاري,3
ألماتي،,3
برصاص,3
والرد,3
تتكامل,3
جادل,3
سكب,3
سلاحاً,3
وفوزه,3
هيكس,3
والمحامين,3
طائرات.,3
"""إلكترونيك",3
"آرتس""",3
الذكرى،,3
الشمالية),3
كارولاينا,3
نجمت,3
والتعايش,3
بالغُ,3
تعول,3
والحوسبة,3
وتأمل,3
وأنَّ,3
العقابية,3
النهضة،,3
أحاط,3
بالتحقق,3
تخلت,3
تلاها,3
رقمنة,3
وضغط,3
وجواو,3
برأسه,3
ومُستخدمة,3
هناكَ,3
عيشِهم,3
وشحن,3
برازيل,3
حاصلة,3
بكالوريوس,3
بتسجيله,3
استهلكت,3
وستتولى,3
يُباع,3
وتوزيعها,3
تنتحل,3
ضبطت,3
والجفاف،,3
واعتبروه,3
سيبيريا,3
يبكي,3
قلبه.,3
جسيمة،,3
لساعات،,3
يمزج,3
كردية,3
الوسائط،,3
الأرواح،,3
قرص,3
شمالًا,3
المتراكمة.,3
وبهذه,3
"بها"".",3
شعبيته,3
المدفوعات،,3
"""لسنا",3
بأعداد,3
نقدي،,3
الكيماوية,3
ومنح,3
فهد،,3
بشخص,3
زي,3
بالآلية,3
مصدرة,3
"أوروبا"".",3
الحجج,3
شهرين،,3
التسريح,3
بنغلاديشيًا,3
معرفتها,3
التوربين,3
خصص,3
يخاطب,3
يدي,3
مترو,3
ثامي,3
1985،,3
والأفكار,3
تفكير،,3
وتفرض,3
سابقا.,3
ورفضها,3
ودع,3
مؤهلين,3
وموسكو,3
خطابه،,3
البيولوجية,3
مدنها,3
رامانوش,3
موظفة,3
لطموحات,3
بالنّسبة,3
وفرّ,3
ومصر،,3
يخاطرون,3
وخطيرة،,3
نفسي.,3
احتكار,3
أكدوزير,3
مطرد,3
ممارسةِ,3
ويحتاج,3
المحافظة،,3
حثت,3
والمعارضة,3
المجتمعات،,3
العناصر.,3
للقاحات,3
نأخذ,3
لتصريف,3
ونوبات,3
وجودي,3
وتعلمت,3
"""يونايتد",3
والإرهاب.,3
والسوق,3
السيئة,3
7.5,3
حدوثه,3
ملزمة،,3
يتخذون,3
للنساء،,3
بالاستمرار,3
حالته,3
وسيطرة,3
والناشطون,3
لقناة,3
غازات,3
الزائفة,3
الشيعة,3
لجعلها,3
اللغة،,3
الخارجي.,3
أوروبية،,3
حفظها,3
الخصوصية.,3
ديناميكيات,3
الهشة.,3
مذيعة,3
العلني،,3
الاعتقال.,3
والعبارات,3
عطا,3
تتاح,3
مرتين،,3
وتتصدر,3
"إكس""",3
البحثية،,3
مكتبية,3
وبذلك،,3
صادراته،,3
أمريكيٍّ,3
آنٍ,3
دوليا,3
فتيات،,3
بالصدفة,3
يورت,3
ارسنال,3
بعشرة,3
مملوك,3
"""أي",3
تجول,3
حشود,3
متكامل,3
ومرافق,3
5.2,3
التوسط,3
استقطب,3
الآثار.,3
بالمواقف,3
التغيّرات,3
كانت،,3
والجانب,3
للمجموعات,3
لبلوغ,3
إنتركونتيننتال،,3
الفريقين.,3
ألسنة,3
والاتفاقيات,3
التشاور,3
"""بحر",3
أدواراً,3
بالخطاب,3
الخلوي،,3
غزال,3
بنين،,3
المستعبدين.,3
المزودة,3
مارشال,3
والكاتبة,3
جغرافيًا,3
الأذربيجاني,3
وأدت,3
أطول.,3
عوالم,3
للنخبة.,3
(1966-,3
1970)،,3
سيدفع,3
واتصالات,3
حراً,3
وسلط,3
أصولهم,3
والغير,3
لإطعام,3
اقتناء,3
مسكن,3
وأعربت,3
موظفون,3
الفارسية,3
بسرقة,3
وعبّر,3
لإتاحة,3
المخصب،,3
واحتاج,3
النيوزيلندي،,3
بإعطاء,3
فيالسوق,3
"""سيتي",3
ونيبال,3
وتأسست,3
12%,3
43%,3
صادفت,3
دبلن,3
الخارطة,3
وربطها,3
المجزرة,3
يومًا.,3
كييزا,3
تمنعها,3
القارئ,3
أعود,3
بلفور,3
واليأس،,3
جادة,3
حقوقه,3
باتريك,3
يخوضون,3
"""فيري",3
رئيسها,3
آرت,3
الأنماط,3
للعلاقات,3
ويل,3
منحتني,3
بالحرب,3
السجاد,3
الإشادة,3
شرقِ,3
يتطور,3
الماليين,3
كفنان,3
البرتغالية,3
طارئة,3
مستقبلًا.,3
العملية؟,3
للصحيفة،,3
فبراير/شباط.,3
سانجيتا,3
سويتشا,3
(س,3
س):,3
زلنا,3
كارين,3
للجهاز,3
والإلكترونيات,3
القنب,3
262,3
للعمليات,3
نستهدف,3
القاري,3
“مع,3
الشهيرة.,3
ميخائيل,3
وتصدير,3
الليبرالي,3
الكلب,3
تفجيرات,3
"""إنه",3
نلعب,3
اليوروبية,3
الائتمان،,3
"""أفيليس""",3
منحى,3
يعشن,3
أخلاقية.,3
لشكل,3
بلوغهن,3
الطبي،,3
73%,3
ويترقب,3
والتهجير,3
للبطولة,3
تثقل,3
تناقص,3
التخلّي,3
"عاماً"".",3
المنهجية,3
المشاركين،,3
نفذتها,3
كثف,3
غالبًا،,3
أبواب,3
نفوس,3
زيادات,3
تديره,3
تستحضر,3
“24/7″,3
غولر,3
يضطرون,3
بالغضب,3
رواندا,3
شرطًا,3
البلدة,3
للبلديات,3
أمريكيّ,3
وتقاليد,3
ترشح,3
وبخاصة,3
الديمقراطيين،,3
همدان,3
الخلف,3
وتحديدا,3
لركبته,3
الأوروغواي,3
الدائر,3
وجهه،,3
جيوسياسية,3
قامَ,3
المؤسسات.,3
مؤقت.,3
يؤيد,3
حريصة,3
الظل,3
شخصا.,3
حكرًا,3
وواصل:,3
"بـ""غير",3
تحقيقِ,3
الصلبة,3
أفريك,3
الإخوة,3
لعشرات,3
نداءات,3
المستهدفة.,3
لأهداف,3
وتهيئة,3
وتطرق,3
لإخلاء,3
والإفراج,3
المحتجزين.,3
عشرة،,3
محامية,3
وقامت,3
علاقة.,3
بمراجعة,3
لدراسات,3
أعظم,3
الاجتماعيين,3
وبصفتي,3
الهدايا,3
تسليح,3
يونيكورن,3
السياسات،,3
المرتفع،,3
عُرضة,3
تأسس,3
والإسكان،,3
تضطلع,3
وصرّح,3
سلاب,3
طاقته,3
التتبع,3
انتعاشًا,3
الدفء,3
الهيل,3
رفعه,3
سنرى,3
تتسع,3
والمرئيات,3
أبدا،,3
قومي,3
الهواتف،,3
"بلفور""",3
مسرحاً,3
التنافسية.,3
النارية،,3
أسبوعين.,3
(16,3
الأورغواي,3
وأوروغواي,3
يُمكنك,3
الإيماءات,3
والصحفيون,3
وقفاً,3
تدفعه,3
مستقبلها,3
ولادتها,3
المكررة,3
هانغ,3
سنغ,3
بانتهاكات,3
استثماراته,3
رائد,3
رافائيل,3
بيرو,3
مولود,3
تشافي,3
نيوزيلندا,3
الشحن.,3
وأمريكا,3
باكو-تبليسي-جيهان,3
واردة.,3
المشغل,3
لتحلية,3
اليسوعيون,3
الضار.,3
أوصت,3
بلغَ,3
المحدود,3
المثبتة,3
يانغون,3
لأوكرانيا.,3
آمنًا,3
تجريدهم,3
لمحاربة,3
الصدر,3
بالقوى,3
بأسماء,3
حبس,3
الطرق.,3
مسموح,3
(مؤسس,3
المليار,3
الزنجبيل,3
للأعضاء,3
احترافي,3
"""أكوا",3
المكرمة،,3
النباتية,3
العالمِ,3
الأمرُ,3
اكتملت,3
للبيانات،,3
العطل,3
للركاب,3
استجابوا,3
المستهدفات,3
إتقان,3
المحررين,3
لنتائج,3
العقيد,3
بيريز,3
الإجراءات.,3
والمدينة,3
متنها,3
هبوط,3
للتحقيق.,3
نامتاريونغ،,3
ليفاندوفسكي,3
وتصدر,3
تصويره,3
القريبة.,3
صوتوا,3
المعلق,3
الجامعة.,3
كاتز,3
4.5%,3
يستعدون,3
إكمال,3
النصيحة,3
الصيفية،,3
وزارات,3
والمالية،,3
المؤشرات،,3
يثيرها,3
ممولة,3
الجونة,3
وآلاف,3
وحفلات,3
للأفلام,3
العائدات,3
سامة,3
المسببات,3
إدواردو,3
خطوةً,3
نيران,3
ولها,3
حماة،,3
بري,3
والافتقار,3
"""وزير",3
الضابط,3
طبعة,3
بثبات,3
لطاقة,3
بتحليل,3
أنصاره,3
المحققون,3
بالطريق,3
ألسوب,3
الحمية,3
مجتمعًا,3
نادراً,3
بشاعة,3
تمييز.,3
والدمار,3
نهائي،,3
التكتل,3
البحث.,3
وازدياد,3
سيستخدم,3
تجذب,3
للقصة,3
بتقييم,3
التعدي,3
سنغافورة،,3
أخطأ,3
الاستراتيجيين,3
لرقابة,3
اختيرت,3
ترفيهية,3
التجاري.,3
التواصلِ,3
وحيد,3
المأساوي,3
سينر,3
وأجرت,3
بتكليف,3
صامتًا,3
المتكررة،,3
الموثوق,3
“اليمين,3
العطاء,3
وأجبر,3
أنفسهن,3
يشتبه,3
إحداهما,3
أطل,3
تود,3
المنهج,3
سيحدد,3
المُتبادلة،,3
والروايات,3
للأحداث،,3
عائلية.,3
الهيكلي.,3
مؤشراً,3
للصيد,3
الإعصار،,3
عشوائية,3
محكومة,3
العنب,3
مصالحه,3
بوتين،,3
مرسوماً,3
الأمازون,3
يطغى,3
وماريا,3
المحمية,3
المانجروف,3
آرويو,3
النحو,3
يومه,3
تدريجيًا.,3
والكيانات,3
والناس,3
للجميع.,3
"""فيسبوك""",3
القطار,3
الحال.,3
أُجبرت,3
وتعبئة,3
"""تشات",3
واستخباراتية,3
للتغلب,3
نظّمت,3
جاك,3
الراسخ,3
متطورة,3
متقدماً,3
مورينيو،,3
تُرك,3
المسلحة،,3
التمرد,3
المسلح.,3
يحث,3
المعارضون,3
للعبة,3
حمص،,3
الداخلي.,3
بتوقعات,3
قلص,3
محلياً.,3
أعدادًا,3
بوروسيا,3
بالقاهرة,3
للنقاش,3
تداوله,3
"""أهمية",3
تماسك,3
تعيق,3
يتصرفون,3
تتلاقى,3
والهوية.,3
الكلمات.,3
موقعي,3
الروتيني,3
المذهل,3
الطوائف,3
"بـ""ضربة",3
"وموجعة""،",3
مصاباً.,3
تكهنات,3
لطلب,3
خانقة,3
لتقترب,3
شرعي,3
الرحيل.,3
وبولندا,3
تصنيعها,3
مواسم,3
ومتعددة,3
مسؤولا,3
محاسبة,3
6.3,3
الأميال,3
أنفسهم.,3
أدائه,3
ومليون,3
الترشيحات,3
الثاني).,3
عادية,3
للنظام.,3
سهاد,3
المدمجة,3
المضللة،,3
“الروهينغا,3
ويناقش,3
المرشحة,3
الاتصالات،,3
مصريون,3
بالحصول,3
حصاد,3
جمجمة,3
بشرى,3
تتسبب,3
وانتقل,3
قادماً,3
ناخب،,3
المنفلوطى,3
“مدينة,3
للانقسام,3
المعتاد،,3
عدا,3
عُرف,3
بالدرجة,3
استبدالها,3
ولقاء,3
أفغانية,3
سلوت،,3
لواء,3
أغرب,3
ضئيل,3
وكمية,3
لفعل,3
رقمية،,3
رقصة,3
"و""مايكروسوفت""",3
المترجمة,3
أذهان,3
خيوط,3
ممثلون,3
سكانها.,3
والشراكات,3
الضخ,3
منطقتي,3
للدبلوماسية,3
طياتها,3
الجرأة,3
حوّلت,3
المؤتمرات,3
الطالب,3
يتتبع,3
كابل.,3
السَّلِّ،,3
مسؤوليات,3
ديبسيك,3
بالدور,3
البطالة،,3
قُبض,3
رأيته,3
البازلاء,3
الثلاثي,3
استعدادًا,3
تنفيذًا,3
شاقة,3
جسديًا،,3
الإمدادِ,3
عاملي,3
للوكالات,3
وحدود,3
كلتا,3
طلبها,3
"""نعلم",3
خيالية,3
الصغرى,3
استولى,3
ومستقر،,3
بفريق,3
للابتكار,3
الخلفي,3
والزهور،,3
الكارثية,3
إشعال,3
وتوباغو،,3
تتواصل,3
عقدا,3
ذخيرة,3
استثماراً,3
والمياه،,3
السمعة،,3
المقاعد,3
المقترحة،,3
مستهل,3
الإدراك,3
ومقابل,3
بسيطًا,3
بتركيب,3
بأخبار,3
10،,3
إيساك,3
مكبرات,3
لحصر,3
شكله,3
بصيص,3
أنغام,3
وصيف,3
جهتها,3
وحال,3
الفدية،,3
واختراق,3
والمرافق,3
الترهيب,3
بسداد,3
ميدفيديف،,3
التظاهرات,3
طور,3
لتيسير,3
يتنافس,3
جوستافو,3
أملي,3
دمشق.,3
أبنائهم,3
شبح,3
الصغيرات,3
يواجهن,3
رخيصة,3
للعمال,3
تملكها,3
حياتهن,3
غابرييلا,3
العشبية,3
الأكاديميين,3
سيخلف,3
وأكاد,3
أجساد,3
أكثرُ,3
وُضِع,3
أجزاء،,3
مرشحًا,3
"""أوبك",3
والر,3
تخاطر,3
أحجار,3
المنجم,3
الزرقاء,3
لمياه,3
زفيريف,3
عربياً,3
بتهيّبٍ,3
الألماني.,3
المعاصرة,3
بالشارع,3
تعليقه,3
تخريبية,3
تعيشها,3
معركته,3
والسكان،,3
الغفار،,3
استأنف,3
مزاولة,3
للشفقة,3
بعيد.,3
المتضررة،,3
الملحية,3
توقفه,3
الفاصلة,3
الأشد,3
الأيديولوجيات,3
والخط,3
لاستقطاب,3
ماجستير,3
الإجهاض,3
منزلنا,3
والأمطار,3
وظيفته,3
برغبة,3
تتصدى,3
علي.,3
أمنية.,3
بيسنت,3
ليحقق,3
مجتمعاتهم.,3
مجموعته,3
بالتصفيات,3
يبني,3
الأرثوذكسية,3
حقوقية,3
العاطفي،,3
رسمتُ,3
نشاطهم,3
الإبادة.,3
مساهمته,3
استمرارها,3
إنقاذه,3
و16,3
وصفَ,3
الفوضى،,3
سريان,3
الإنشاءات،,3
المحو,3
للتمييز,3
اعتداءات,3
وبلاد,3
العائلاتِ,3
اقتلاع,3
وتُحدد,3
ومعرفة,3
لتهديد,3
بزمن,3
والقيم,3
كثب،,3
الاشتراكات.,3
الأسطول,3
تتجسد,3
الاكتتاب،,3
الزي,3
أجر,3
أساسي،,3
مسجلا,3
ولتحقيق,3
للقلق.,3
وزعم,3
جيفري,3
إبستين.,3
للشراكة,3
تعميم,3
كبديل,3
نهال,3
"توك"".",3
والإهمال,3
الرقابة.,3
خزان,3
الطفرة,3
مدته,3
والإدارية,3
القارس،,3
المكان.,3
إحلال,3
التغريدات,3
وسلطنة,3
لهؤلاء,3
راينبرغ,3
مثله,3
اليوروبا,3
المقربين,3
السفلي,3
والمصارعة,3
الخيل,3
جميلة،,3
"حقيقي"".",3
والري,3
عصمت,3
التسعة,3
يتحدى,3
العقدين,3
الشريفين،,3
أمناء,3
المشهد،,3
جديدة:,3
أمتار,3
سلامته,3
لاستخدامه,3
الأسبوعية،,3
سيبيغا,3
افتراض,3
الصيادون,3
جامعةِ,3
للنوم,3
النقاط.,3
مارس،,3
للأفارقة,3
وطرد,3
لمُدَّة,3
صون,3
الكاميرون،,3
وفيسبوك,3
المنطقي,3
يقتل,3
أبل،,3
للمؤجر,3
متحدثة,3
وصفوه,3
والتشويه,3
الرسم،,3
(5),3
بأصواتهم,3
للوحدات,3
تراخيص,3
والفوضى,3
بالميدالية,3
ومقاطع,3
والاضطهاد,3
جريمة،,3
فريسة,3
بطريرك,3
القسطنطينية,3
للخدمة,3
الضوئية،,3
لمنصات,3
للبرنامج,3
بتأشيرة,3
للتجديد,3
راية,3
الحمل،,3
مرضى,3
ومحافظات,3
(عند,3
والتنمية.,3
تسلّط,3
للغابات,3
ومحددة,3
زمنياً,3
برونو,3
دق,3
ليلاً,3
وإدارتها،,3
لتثقيف,3
المهمة.,3
الشمبانزي,3
بالتراث,3
والحال,3
البوليفارية,3
الواجهة,3
أجله,3
“هونغشي”,3
والنجاحات,3
إسرائيلياً,3
البؤس,3
البيضاوي,3
أذربيجاني,3
المباشر،,3
للاعتماد,3
فالأمر,3
اتهامها,3
ياكوب,3
بمباراة,3
الضرائب،,3
السفيرة,3
الهوسيّة,3
الأخشاب،,3
البكر,3
تنتجه,3
وبريطانيا.,3
الأنهار،,3
لصيد,3
الضرورية,3
وثلاث,3
تجارية،,3
العناصر،,3
هشة.,3
الأموال.,3
المطارات،,3
متزامنة,3
واتحاد,3
"الوطنية"".",3
معاملات,3
مهم،,3
وجونزاليس,3
روجت,3
لوجستية,3
اللوجستي,3
نهائية,3
كوندي,3
الإيواء,3
التكفل,3
الملائمة,3
يحتفل,3
موازاة,3
لآيفون,3
للمعارضة,3
بنغلادش,3
ومصري,3
وقيل,3
إصرار,3
الزراعة،,3
‘,3
الإعلامي،,3
أحياناً،,3
صدوره,3
مبكرة.,3
بموارد,3
للتفوق,3
لإيران،,3
والوعي,3
الأهم:,3
وخدمة,3
التمكين,3
لحكم,3
موفلين,3
والتفاوض,3
والمصلحة,3
كلاسيكو,3
الثقيل,3
البوتات,3
"الاصطناعي+""",3
للتنمية.,3
البث.,3
ميلانو,3
محتجز,3
الصخرة,3
لخوض,3
21،,3
تداولًا,3
تعافت,3
مقلقًا,3
صارخ,3
للأخبار,3
ويتراوح,3
يقتلون,3
الهندوس,3
تتحدى,3
دولاً,3
تجاربي,3
المزدحمة,3
"المجتمع"".",3
إنفاذًا,3
الشائعات,3
الكاذبة،,3
تُصنف,3
الغولف,3
ميامي،,3
الزئبق,3
المجاعة.,3
والمستوطنين,3
يرصد,3
مقطوعة,3
مبهجة,3
ماديرا,3
للشرب,3
تحدى,3
دفاعهم,3
“إلى,3
صمتها,3
تاريخًا,3
المفتاح.,3
ويركزون,3
يركزون,3
للفئات,3
إصابتها,3
ومعايير,3
وتضعه,3
بالألوان,3
وشاشة,3
اللقب،,3
الوحدة،,3
وحاولوا,3
يتصور,3
اشترت,3
يتهم,3
واستهدفت,3
وتجمع,3
"الفلسطينية"".",3
بروتوكولات,3
للتغطية,3
المعاينة,3
بادر,3
ميتسوتاكيس,3
“غير,3
“هذه,3
المعمل,3
وسلاح,3
وثّق,3
تثبيتُ,3
وِفقًا,3
لأجرة,3
وتُحتسَب,3
يُتفق,3
انطباع,3
“البيجر”,3
للتكيف.,3
دراما,3
استفاد,3
جهاد,3
الإنسانيين,3
المنقذة,3
وتدعو,3
توغو,3
تميزت,3
والتراث,3
للتعافي،,3
بالاتحاد,3
البري،,3
المكوّن,3
بالموارد,3
والإقليمية.,3
يعاقب,3
لغرض,3
المتبعة,3
للصيانة,3
3.2%,3
التقدّم,3
المحتمل.,3
تلقّت,3
معنوية,3
الفائزون,3
إيتايم,3
العائلية،,3
تولت,3
الجمعيات,3
أحاديث,3
يحكي,3
ورقابة,3
لملايين,3
المقيدة,3
ضجيج,3
المذابح,3
العوامل،,3
سريرية,3
صلابة,3
قلبي,3
آصف,3
63,3
لمنظومة,3
والمزيد,3
ذكية,3
بأغنية,3
صورها,3
"""سانا""،",3
التعقيد,3
تتخيل,3
الازدواجية,3
عداءً,3
ستتمكن,3
مستندًا,3
الذكريات,3
تُعامل,3
الترفيهية,3
كافة،,3
نائية،,3
"بلس""،",3
ويشيرون,3
الأنفاق,3
والإسلامية،,3
عريقة,3
واجهتك,3
غمر,3
تجنيد,3
بأيدي,3
"""متغيب",3
"العمل""",3
إس-400,3
ديسمبر/,3
بحصوله,3
شرسة,3
حبه,3
مشتركي,3
"""الهدف",3
انهياره,3
اعتبرا,3
1982,3
وحُرموا,3
لحملات,3
وصراعات,3
الحكمة،,3
71%,3
الركاب.,3
الحكايات,3
القصر,3
وأغلقت,3
والإنصاف,3
استوفت,3
الممرات,3
والاضطراب,3
بكونهم,3
يغفل,3
لوكورنو,3
صمود,3
العميق.,3
التطريز،,3
أغلبها,3
مجموعه,3
عادي،,3
تُغلق,3
الحائز,3
البرونزية,3
البطولات،,3
وتعادلا,3
لإبرام,3
متميز,3
وايكيرت,3
وصوماليلاند,3
مناورة,3
يترأس,3
والتوتر,3
خلل,3
الخلفية.,3
غُو,3
للدراسة،,3
القرن،,3
للمنطقة،,3
أورمية,3
ساعر,3
حدة،,3
متقدمة،,3
المؤدية,3
النقيب,3
لاعبون,3
فلسفة,3
المتقدم،,3
القارةُ,3
المجالات.,3
النّيفخ,3
المغنية,3
الأغاني,3
احتفظت,3
تُغطي,3
شوي,3
منتجًا,3
سلبي,3
أنغولا،,3
البروتين,3
"""يجري",3
التعهد,3
السلوكيات,3
المستويات.,3
عالمًا,3
والتحدث,3
نقلًا,3
للتخصيص,3
للتكيف,3
جمهوره,3
وأكدوا,3
حددها,3
متأثرة,3
قوية.,3
40%،,3
الإضرار,3
فنادق,3
بنيت,3
تحث,3
16%،,3
إميلي:,3
بالهجوم,3
الجدير,3
للثورة,3
الرابعة،,3
ثرواتها,3
أسر,3
الروس،,3
سبق،,3
كمهددين,3
تفاؤل,3
السنوار»,3
114,3
محاكمتها,3
جذورها,3
سهما,3
للصعود,3
العوائق,3
استراتيجياً,3
رمزية،,3
العملاقة،,3
يقر,3
"""نحثكم",3
"الخبراء""،",3
شاب،,3
كولينز,3
ائتمانية,3
أنجب,3
للبرامج,3
الأسرة.,3
نادرة.,3
تخشى,3
تعليقها,3
حضري,3
سيخضع,3
الهجوم.,3
التاريخي.,3
الإسلامي،,3
مقومة,3
المحمولة،,3
ومحور,3
وجعلته,3
تنمويًا,3
صارخٍ,3
بحزب,3
وأكبر,3
تُرسم,3
يرام،,3
كبيرا،,3
وأوضح:,3
لديّ,3
الأردنية،,3
انسيابية,3
والخدمات.,3
الكأس,3
التجربة.,3
الوجبات،,3
وعائلاتهم,3
وتجري,3
لمضاعفة,3
وراثية,3
عائلة،,3
المركز،,3
مناداة,3
نيكول,3
للقناة,3
الكريولية,3
طفولتي,3
"""تليغرام"":",3
لمنزل,3
يدركون,3
المقيدين,3
الإيداع,3
مصريًا,3
اتسم,3
الجو.,3
تلتقي,3
التراكمي,3
المستحقين,3
للمنحة,3
مساهم.,3
العاديين,3
محموم,3
الحوكمة.,3
أطرافًا,3
357,3
والخدمات،,3
الموجه,3
وشعرت,3
وإثبات,3
موقفهم,3
الكوبي,3
للمسؤولين,3
النحو،,3
بشن,3
يايسله,3
وتخفض,3
تُدرك,3
وعاش,3
مزرية،,3
لتغير,3
ج.ف:,3
جذبك,3
والطرق,3
التكنولوجي،,3
حديثاً,3
العدوان،,3
والديّ,3
استثنائية.,3
نشارك,3
ودائم.,3
الصامت,3
التكوين,3
بينج,3
سلطته,3
تنقطع,3
يصب,3
طريقهم,3
تحقيقا,3
الزعماء,3
للجدل.,3
لبنغلاديش,3
يتركز,3
تلقيه,3
أملًا,3
اعتقل,3
طاهية,3
لتسميم,3
"""الأخضر""",3
بنسخة,3
ثغرات,3
الركود,3
النقاد،,3
ستسهم,3
المد,3
ديسمبر.,3
أخضر،,3
غلوكان,3
"""أمازون""،",3
حقه,3
نظيفة,3
وصحية,3
سواريز,3
للمشاهدين,3
يصبحون,3
وتنظيمية,3
شريطة,3
القطعي,3
والنقد,3
الانتهاكات،,3
يافي,3
قيصر،,3
بإصدار,3
أنا،,3
وتصعيد,3
تتلاعب,3
بحثت,3
لنصوص,3
ممنهج،,3
والعيادات,3
إزعاج,3
أضع,3
وتأهيل,3
واجتماعي,3
بوزن,3
غزة..,3
"""نيكاي""",3
199,3
العمري,3
البديوي,3
واقع،,3
مردفاً,3
متمسكة,3
ولعبت,3
الردّ,3
الانطلاق,3
جينيل,3
يتعرف,3
تأسيسية,3
وشكل,3
والتلفزيون,3
فضائية,3
جوتا,3
هاتان,3
وطنياً,3
يأتِ,3
الإيجارات.,3
تطوّرت,3
الإسرائيليّة،,3
سامي،,3
بعرقلة,3
للمواطنين،,3
ذراعاً,3
كهذا.,3
جرّاء,3
الوعي.,3
ومرسيليا,3
يحرم,3
المرموقة.,3
شوكة,3
بارزة،,3
وأضرار,3
ذروته,3
دموية,3
الاعتبار.,3
ثمنًا,3
التمويلية,3
المبتكرة،,3
التمويلي,3
عقوداً,3
يُرى,3
أناس,3
المصانع.,3
الدموية،,3
ف.ن.:,3
واختبار,3
أحببت,3
أيلول،,3
أبقى,3
دين،,3
بالعيش,3
خالٍ,3
ويبدأ,3
جوهرياً,3
فريد،,3
باللعب,3
بالبرنامج,3
طموحًا,3
أبدًا،,3
كتبها,3
تشاد،,3
والتجارة.,3
شخصاً.,3
اشتراكات,3
ممكن،,3
والانهيارات,3
علاقتي,3
المتداول,3
محللو,3
الثقب,3
حينها:,3
اعتماداً,3
التشغيلية.,3
الأصول،,3
وذوي,3
نظهر,3
«طوفان,3
كمساحة,3
133,3
تحدّ,3
بدوافع,3
احتياطي,3
كرج,3
أتشيبي,3
خليل،,3
"""شركات",3
وستوفر,3
"""إساءة",3
"ولاغية""،",3
تطبيقها.,3
طموحاتها,3
والاستخدام,3
18%,3
الإجمالي.,3
الصرافة,3
9%.,3
"ديارهم"".",3
الثاني/,3
بالمثل,3
4.0,3
فورو,3
والترحيل,3
لثقة,3
ساعدتني,3
مزدوج,3
الواحد،,3
مربحًا،,3
القمّة,3
لشبونة,3
السلطوية,3
الهامش.,3
وشكّلت,3
مرتفع،,3
والجمهور,3
المناصرة,3
اليومي،,3
واتفق,3
الثاني/يناير,3
العادي.,3
بمشاهدة,3
تزويدهم,3
مؤكد,3
باتباع,3
اللاحقة.,3
الحزن،,3
وقمع,3
بالنسبةِ,3
وفداً,3
وأسهمت,3
الكهروضوئية.,3
القبيل,3
أُجري,3
ويوليو,3
لله،,3
محافظات,3
وميانمار,3
صوّرت,3
ف,3
لقدرة,3
حوله,3
يصبحوا,3
لمقدمي,3
"و""أندريسن",3
يمس,3
لفيلم,3
ثوانٍ،,3
وآمل,3
تضامنهم,3
للنفوذ,3
صاروخي,3
بقاءه,3
المفتاح,3
معلوماتهم,3
سانشيز،,3
الحرية.,3
توشك,3
التنمية.,3
ستُطرح,3
الشديد.,3
متظاهر,3
سول,3
بالماء.,3
أوري,3
هيمي,3
اللغتين,3
مضيفاً:,3
أصواتنا,3
عشبة,3
حضورهم,3
إعلانات,3
الترانزستورات,3
المئة.,3
منطقية,3
النموذجية,3
المصابون,3
يضيف:,3
البرازيلي.,3
حياتي،,3
فر,3
الأسبوعية,3
اليسرى،,3
"بأكمله"".",3
اقتصادياً،,3
لمصطلح,3
27%,3
5000,3
العبارة.,3
وإجبارهم,3
الفلسطينيّين,3
وقيادتها,3
وتقدمت,3
المرئي,3
وناشطة,3
للبدء,3
سريلانكا،,3
احتفاظ,3
لعكس,3
اختراقات,3
«حماس»،,3
المدعومون,3
طولها,3
الأجداد،,3
والدوائر,3
الانسجام,3
الأموي,3
قيادية,3
إيجابيات,3
نداء,3
المنتخبة,3
بالعلاقات,3
كوبا.,3
حملها,3
الإنترنتِ,3
ميكلسن,3
ومواطنه,3
بعضهن,3
يربا,3
قضيت,3
الغياب,3
طبقاً,3
والقوانين,3
لشخصية,3
الارتكاز,3
والتغطية,3
للبكتيريا,3
والممكنات,3
التطلعات,3
لندن.,3
والغرامات,3
"الدولي""",3
بالرسم,3
فاونان,3
السلطان,3
يروا,3
يُمكنُ,3
جاذب,3
ستوقف,3
تنخرط,3
المعجنات,3
سعادته,3
لإجراءات,3
وخصوصية,3
والشبكات,3
جيرانهم،,3
تتعدى,3
يجري.,3
مسيرتي,3
أحيانًا،,3
سأكون,3
أساعد,3
معتدلة,3
والأعاصير,3
يول,3
للنسوية,3
أثارها,3
التشيكي,3
عادل،,3
غارق,3
"بذلك"".",3
كوبنهاغن،,3
بلغورود,3
فيلا,3
يستمتع,3
"""يقول",3
والتقنية,3
بأحداث,3
انتخابي,3
اللوم,3
28%,3
ينطلق,3
اشتهرت,3
أخال,3
عبرها,3
التلفزيوني,3
الضرر.,3
والتخلص,3
فُتح,3
أسرية,3
عجزًا,3
أعيش,3
البصرة.,3
مستحضرات,3
المعمرة,3
فيالولايات,3
السابقين.,3
تحكي,3
مصالحها,3
الإعدام،,3
وجيل,3
فيتنام.,3
وأراضي,3
التوفو,3
وعصير,3
سواريز:,3
طاهر،,3
سعيه,3
والتخزين,3
بإظهار,3
الصحف،,3
بسرعة.,3
المستقل،,3
والإصرار,3
الأوامر،,3
مزاد,3
معلنة,3
مقابله,3
التوضيحية,3
أصدقاءه,3
بميزانية,3
دشنت,3
"""سكاي",3
"سبورتس""",3
إدوارد,3
والتاريخية,3
الغرض.,3
تستمع,3
سياسيًا،,3
وُضع,3
واختارت,3
الأجور،,3
استخدامهم,3
للثروة,3
يعقدون,3
"سي""،",3
حذرًا,3
العريضة,3
متعة,3
أسماء،,3
الساخن,3
الأيام.,3
ستوكهولم,3
بالبحر,3
آبار,3
الجمود.,3
السندات.,3
نقابات,3
القرب,3
للمغرب,3
وأنهم,3
والقطع,3
المنامة,3
جديد؟,3
حكومتها,3
مشددين,3
مبررة،,3
القوانين،,3
1997,3
صلاحياته,3
الخريطة,3
وموقع,3
للطرح,3
وأستراليا),3
بإمكاني,3
لنشاط,3
لامسه,3
المسبار,3
والشمالية,3
التَّمويلِ,3
المجر,3
يسعيان,3
بإنجاز,3
يلاحظ,3
الوثائقي,3
(رجال),3
طلابية,3
الطبيعة،,3
السلعة,3
بكلمات,3
المفتوحة.,3
الأخطبوط,3
الأصفر،,3
رأسهم,3
ثبات,3
والقوات,3
لاعبو,3
(إتش–1,3
بي),3
النسوي،,3
الإنجابية.,3
إجابته,3
للتحرش,3
بالاهتمام,3
الإصغاء,3
أنفسهن.,3
ترويج,3
المهنى,3
ظهوره,3
دب,3
مفصلية,3
الفكر,3
متباينة,3
الانتصار,3
الجوهري,3
المرجعية,3
المبني,3
وتحليل,3
أفقر,3
لاعبوه,3
الملقب,3
بارزًا,3
لأعلى,3
بتجنب,3
آرائهم,3
الإعادة,3
خورخي,3
السلسلة,3
سراييفو،,3
اللعبة،,3
رودريغيز،,3
مدفوعةً,3
بعده.,3
إدريس,3
ونادي,3
تنسحب,3
الكتل,3
وقت.,3
فوردو,3
عزمها,3
الهوائية,3
الإعلان،,3
بمشروعات,3
وتوضيح,3
"روسيا"".",3
ستشمل,3
لصوماليلاند،,3
بصوماليلاند,3
وإدارتها,3
متقدمة.,3
أخريان,3
ثريا,3
إيداع,3
المنفى،,3
ستبذل,3
الأحد:,3
هاربفيكن,3
الملفوف,3
والحراك,3
وإظهار,3
ورثت,3
تلقائيًا.,3
تعظيم,3
لوكورنو،,3
الافتراضية,3
ويشارك,3
الاحترازية,3
للترفيه,3
طويلًا.,3
الضعيف,3
تدعمها,3
خطورة.,3
انتظارها,3
وحظرت,3
"""توماهوك""",3
كييف.,3
الزبادي,3
الطيارين,3
(مع,3
لاحظت,3
لتحضير,3
وسيارة,3
بالواقعة،,3
يضاهي,3
أديبا،,3
شينواري,3
عدنا,3
يظلان,3
قيادتها,3
ال,3
ديمبيلي,3
يفعله,3
الإعلامية.,3
بخيبة,3
البطيئة,3
النباتي،,3
والقومية,3
المتورطين,3
وتشويه,3
اشتكى,3
الكُتّاب,3
تاي,3
التقديمي,3
واستهلاك,3
الصعبة.,3
المعدنية.,3
والمسؤول,3
رودري،,3
تورطها,3
إقصاء,3
جزءٌ,3
لاريجاني،,3
للمفاوضات,3
ووفرة,3
الساعية,3
وطُلب,3
ويتطلب,3
بـ3,3
المطرب,3
وإنستجرام,3
تشاد,3
لتصريحات,3
صلاة,3
الخوارزميات.,3
فحين,3
يدينون,3
كأساس,3
باريسا،,3
103,3
نصرة,3
وخط,3
تبليسي،,3
التجاوزات,3
والاقتصادي.,3
نظرنا,3
الهوية،,3
المحاكم،,3
البحثي,3
(أستراليا),3
عالميًّا،,3
وقعتها,3
التعسفي,3
قانونية،,3
وتويتر,3
بأنهن,3
حقهن,3
جيلٍ,3
يحذرون,3
خسائرها,3
أصغر،,3
داخلية،,3
واليأس.,3
التصورات,3
ستينيات,3
مارتن,3
والاستغلال،,3
نسائية,3
الذين،,3
للجماعات,3
4500,3
ويحرص,3
نافذة،,3
يمشي,3
الموازي,3
بصريًا,3
ويعاني,3
الثمن،,3
بالعناصر,3
التشويه,3
وتخلق,3
تشغيله,3
الانتحارية,3
تصاعدًا,3
طب,3
آلام,3
لاتفاقية,3
الكوكب,3
وتدوير,3
التأليف,3
أصولًا,3
ناعمة,3
لى,3
وتحدثت,3
بي.,3
حسّنت,3
تاج,3
بالتزامن،,3
لتنشيط,3
"العالمية"".",3
رانا,3
يتنازل,3
للنجم,3
(فرانس,3
فعلته,3
أملا,3
متخصصين,3
تعتذر,3
المحورية,3
تتقدم,3
طازجة,3
بعاهة,3
مستديمة.,3
أرباحاً,3
الشاب،,3
والاستراحات,3
الإجهاض.,3
ائتلافه,3
الوحشية.,3
أميركيين،,3
سنّ,3
"إيران"".",3
موقعاً,3
المنصّة,3
وانخفضت,3
المستهلكون,3
التوفيق,3
خصائصه,3
حكومي.,3
الإباحية,3
(سومو),3
مشوار,3
والدي،,3
دخله,3
يتغير.,3
الشعلة,3
وإدراج,3
اللبنانيّة,3
أدعو,3
الحجز,3
ألياف,3
ذائبة,3
تُبطئ,3
بؤرة,3
وإيران),3
الخير,3
الفائت,3
محمية,3
وتجارب,3
ضده،,3
ومنخفضة,3
الكربون”.,3
سالب,3
الكاثوليك,3
نتحرك,3
ينامون,3
أهمها,3
الوباء،,3
ولجنة,3
استثنائيًا,3
الآمال,3
الانتفاضة,3
الاستهلاكية,3
اتبعت,3
فيمكن,3
بشأنه,3
تحضيره,3
العظام,3
أولاً.,3
الجزائري،,3
الكوبية,3
ترسخ,3
المصادر،,3
سامح,3
1971،,3
ميغاواط.,3
اليونيسيف,3
المهدد,3
أتردد,3
مرددًا,3
وتجنّب,3
الشفافية،,3
التعذيب،,3
سانتياغو,3
كوالالمبور,3
النزاهة,3
يُكتب,3
وتروج,3
طقس,3
باردة,3
يساعدك,3
وفضول,3
جرأة,3
إنَّ,3
والنظر,3
الكتّاب,3
قوي،,3
1.5%،,3
والعالم،,3
وزيرا,3
هامشية,3
للمجموعة,3
ساحقة،,3
ويتقدم,3
هاينز,3
ديمبلي.,3
0.28%,3
الأعمدة,3
تكرر,3
ومطالب,3
الخاضع,3
إحالة,3
حزينة,3
بتفعيل,3
جسيمة.,3
لاعبًا,3
وترامب،,3
والحب,3
الصدد,3
إعلاناً,3
نادر،,3
الأوامر,3
لمجاله,3
التمويلات,3
وعلينا,3
وقفة,3
50%،,3
حصراً,3
المصاحبة,3
"جلوبال""",3
والقهوة،,3
الجورجية,3
قاسية،,3
للأدب,3
الرقابية.,3
الوصف,3
تنعدم,3
أنتِ,3
والمساعدات,3
وشعبه,3
للتحرك,3
إحراز,3
ثمّ,3
ونظم,3
"العقوبات"".",3
المسألة.,3
المضيف,3
الطارئ،,3
تأليف,3
وإخراج,3
بخسارته,3
للعمالة,3
يُبنى,3
3-0.,3
إيربودز,3
الشيء،,3
وأكثرها,3
يُغلق,3
باحثة,3
"كامل"".",3
التوقف.,3
والصدمات,3
المسافات,3
يستهان,3
57%,3
الدومينيكان.,3
تحاكي,3
دفاتر,3
"الشركات"".",3
التحويل,3
إقامتي,3
شيخة,3
تمارين,3
شعبها.,3
متسارع,3
مخططات,3
الريفي,3
التقيت,3
وضعهم,3
"""تداول""",3
"السوق"".",3
لويس،,3
نجمه,3
تجر,3
(حزيران).,3
الريجي,3
تسلم,3
أبعدُ,3
86%,3
بورتلاند،,3
أجدادي,3
لاحتمال,3
ممارستك,3
ويرون,3
سُئلت,3
2029.,3
أُدين,3
220,3
باطن,3
أكتب,3
الصحفيين،,3
والخاصة،,3
الوشاح,3
الضعف،,3
وطنه,3
مستدام.,3
البحار,3
العثمانية.,3
تلغي,3
وتحسن,3
الآيفون,3
ولديهم,3
ليفربول.,3
ناخبي,3
للتفاوض،,3
يمارس,3
والدوليين,3
السادسة،,3
الصاروخ,3
لبداية,3
للدخل,3
هدايا,3
اعتقالهم,3
تلاه,3
وجماعات,3
بالبشرة,3
يونيو.,3
مرشحا,3
الوجوه,3
الدلالات,3
المعادون,3
وأوائل,3
نظامٍ,3
ومعاقبة,3
يلقَ,3
المسؤولية،,3
قوياً،,3
الوعاء,3
تمرين,3
وأمضى,3
باستعادة,3
ممداني,3
يعتبرون,3
تعارضه,3
واستقراره,3
للعدالة,3
ركبته,3
الخمسين,3
مكانا,3
الضباب,3
الممزقة،,3
فشلها,3
طورت,3
متقطع,3
المفاصل,3
دعائية,3
لقيت,3
المصاعب,3
والمصالح,3
معهم،,3
جنب،,3
الضارة.,3
أوزبكستان،,3
1.,3
بالسلطة,3
الأقسام,3
يحميها,3
المصريّة,3
السينما،,3
اكتفى,3
المفقودين.,3
للمواطن,3
والإمارات،,3
اقتصاداتها,3
وتضع,3
التنموية،,3
شوهدت,3
ألفارادو,3
الورق.,3
لمنح,3
وطموحات,3
بيوتهم,3
بالقوة،,3
لبنفيكا,3
فيسنتي,3
احتباس,3
صارم,3
"الأكبر"".",3
بريدًا,3
معي,3
5-2.,3
الهشاشة,3
البنيوية,3
الاستوائية،,3
ساكنًا,3
تهب,3
الخيام.,3
"""يبدو",3
الآلي,3
شخصٍ,3
قويتشو،,3
سلامتهم,3
تايمز،,3
أسقطت,3
ديوان,3
الحقيقية،,3
مزمنة،,3
معززة,3
يستعيد,3
بائع,3
خبز,3
يردد,3
محتمل.,3
مسلح,3
الفرقاطة,3
تتبعها,3
الغوص,3
البكالوريوس,3
مواقعهم,3
تُبرر,3
مترا,3
هواجيانج,3
وأدانت,3
تحمّل,3
لفيضانات,3
وشخص,3
يكتشف,3
صديقه,3
إلكتريك,3
مواقفه,3
وأعماله,3
القوقازي,3
للتمويل,3
العمليات،,3
اشترى,3
لإساءة,3
"للغاية""،",3
لوحاتها,3
تعبير,3
الحار,3
العقول,3
باهظة.,3
وحلفائها.,3
وضم,3
للإيرادات,3
نزلاء,3
الشاملة،,3
للبحوث,3
تضعف,3
ساعده,3
التأقلم,3
الكتالوني،,3
وقدّم,3
دشنا,3
الملوك,3
بمقدور,3
اليمنى،,3
والدولي.,3
الناقد,3
غرينتش),3
للشابات,3
"فلسطينية"".",3
المختبر,3
طموحا,3
والبحرية,3
تبقي,3
وديمبلي,3
احترامًا,3
عمالية,3
أشارتْ,3
القرنين,3
الملف.,3
للإسكان،,3
وأقر,3
ولقد,3
وجميعها,3
القرويين,3
الغاباتِ,3
الصغيرةِ,3
لتضخيم,3
الدبلوماسي.,3
الإحباط,3
غريغ,3
نورمان,3
وموظفي,3
ليتصدر,3
ركنية,3
لعبها,3
وينتظر,3
قواته,3
مزورة،,3
تصديرها,3
«من,3
بالحدود,3
المزعومة,3
الكريمة,3
لثاني,3
ميداني.,3
مشيدا,3
الريادي,3
دفعتها,3
فيلم»,3
الشكاوى،,3
بضربات,3
وقانون,3
والصناديق,3
الأليفة,3
التخلف,3
والخاص،,3
لخسارة,3
مرير,3
مهندسة,3
بر,3
الأفريقيةِ,3
والتشغيل,3
وتوجهها,3
للرئاسة،,3
القذافي,3
وبقاء,3
البرتغالي:,3
نسبياً،,3
مقتضبة,3
والتنازل,3
وأمان,3
بالأمراض,3
والهرسك،,3
النادر,3
بان,3
يحوّل,3
ميليسا,3
الرافض,3
"لـ""رويترز""",3
المدمرة،,3
وغاب,3
سدد,3
البطن,3
والتغيرات,3
المهمة،,3
الشتائم,3
للعاصمة,3
(إم,3
بطبيعتها،,3
أثرها,3
محدوداً.,3
واستخدموا,3
للدعوة,3
المؤسسي.,3
الفضلات,3
ملصقات,3
المستهلك،,3
كانديس,3
بلندن،,3
بنما,3
فأثناء,3
بو,3
إبان,3
اقتصاديين,3
للتعلم,3
الذاكرة،,3
وتُسهم,3
131,3
العقاريين,3
رأوا,3
الإخبارية،,3
أثارَ,3
مرجعًا,3
يقوي,3
جيمي,3
بيل,3
حاضر,3
تحضر,3
الكنيسة،,3
المسابقات،,3
استقطابات,3
تفويت,3
الأبراج,3
التاجر,3
مقدمتها,3
وتهديد,3
وواشنطن.,3
بأنفسهم,3
متصدر,3
مينغ,3
ازدهارًا,3
"""ستيلانتيس""",3
صربيا،,3
"""فيات",3
متزايدة،,3
نيته,3
نرحب,3
والشرطة,3
الإنفاق.,3
اللفظية,3
"نيوز""،",3
واختيار,3
ونال,3
للفيزياء،,3
وحصر,3
المزاجية,3
الشهية،,3
للسهم,3
سنحتاج,3
الأولوية.,3
لترك,3
إنساني.,3
بلديات,3
انفجارات,3
الموقع.,3
الثقل,3
تمثله,3
لاختبارات,3
الغامضة,3
نبع,3
تهتم,3
لقائد,3
السنوات،,3
للمستثمرين.,3
ينجو,3
بتطبيقات,3
"""البلديات",3
تتجاوب,3
بالإعلان,3
"أيضا"".",3
المسعى,3
ولولا,3
رئاسي,3
منفصل,3
فرانشيسكو,3
السيليكون،,3
قطاعًا,3
4.3,3
متطوع,3
للاستطلاع,3
أيلول/,3
راجولينا,3
المعهد،,3
للتأجير,3
النسب,3
الدستور.,3
الاتهامات،,3
أسمع,3
الشبكات،,3
بصمت.,3
زيتية,3
مرسومة,3
مجتمعك,3
غريبا,3
المتكرر،,3
جثث,3
التعذيب.,3
بالوعي,3
بينبوستا,3
الرسالة،,3
العشرية,3
أمس.,3
المناورة,3
طابق,3
الضرائب.,3
ذاك,3
المحور,3
التشغيل،,3
وضمانات,3
والمواطنين.,3
القماش,3
فتم,3
بالمشاركة,3
معالجات,3
البارد,3
بالمواد,3
الزمان,3
للإخوان,3
يعدو,3
(10,3
والحزب,3
العاملة.,3
ومحطات,3
الإيجار،,3
مستمرة.,3
نزاهة,3
أعلنالرئيس,3
المألوف.,3
الممنهج,3
مكون,3
تُطالب,3
الهواء.,3
المنافس,3
عقدته,3
التصاريح,3
كارنيغي,3
الحاسوب،,3
و8,3
الأكريليك,3
57.15,3
وفول,3
واعداً,3
مقوماتها,3
وانطلقت,3
الرقيقة,3
البحر،,3
وتمنح,3
"القاهرة""",3
جنيها,3
"""غالاكسي",3
للشاي,3
عميقا,3
لمواطن,3
وإما,3
التوقيت,3
ومعظمهم,3
وكانوا,3
النضالات,3
والقوالب,3
كلِّ,3
مليارا,3
تتشارك,3
ق.:,3
أحدًا,3
الأتمتة,3
ترسانتها,3
كارفاخال,3
اقتصاديون,3
وسمحت,3
مليارِ,3
أمريكيٍّ),3
بخلق,3
كنتيجة,3
مقابلتهم,3
السلعية,3
"""مستمرة",3
للبنان,3
المعين,3
الشاي،,3
حقيقيًا.,3
فروة,3
سألت,3
"""أكثر",3
التوثيق,3
العمرية،,3
وإسلامية,3
التدوير.,3
تعادله,3
دبي.,3
22.5,3
"الطبية""",3
المتلقي,3
المقاومة.,3
العذراء,3
للخارج,3
بصحبة,3
للتأكيد,3
ولوائح,3
بالتفصيل,3
وألمانيا،,3
وزنهم,3
كريستوفر,3
2035،,3
الرحيل,3
ورأس,3
والأخلاق,3
لتكشف,3
ميديا),3
2031.,3
إضافي،,3
باشا,3
1988.,3
للاهتمام،,3
الفوزان,3
مسافرين,3
التقديم,3
العديدُ,3
1995،,3
ترمز,3
لمقاومة,3
تغيرت,3
المشترك.,3
بسمة,3
بأجواء,3
كرارة,3
تُصبح,3
الشركة:,3
وستقدم,3
قدّمه,3
يقترح,3
المنصرم,3
موطناً,3
بتعزيز,3
تركيبات,3
والمساحة,3
يتعرّض,3
تتعرّض,3
التجويع,3
صحي.,3
ومتان,3
داعم,3
تحتفي,3
شريف،,3
للحاجة,3
الصبرة,3
السورية.,3
مزدوجة,3
الانطباع,3
بالتخلص,3
إعطائها,3
فوك,3
المراهنات,3
الاستثمار.,3
3718.56,3
المتقاعدين,3
والسلطات,3
رافاييل,3
المقدس,3
خضراء,3
شهرًا،,3
باغ,3
معرّضين,3
مستقلون,3
بالتوقف,3
أمنها,3
الترحيلات,3
عقلي,3
بالأخص,3
مدمجة,3
مطولة,3
بتأجيل,3
اقتصاديًا،,3
الإمداد،,3
سياسيين.,3
الأزرق.,3
الشريحة,3
الأولمبية.,3
سماه,3
غاضبة,3
2.9,3
روايتها,3
ضفة,3
تخطي,3
متراجعًا,3
ليلة،,3
غادروا,3
بنفسها,3
للجانب,3
مساهمتها,3
تهمًا,3
فريدة،,3
يفضّل,3
المستشفى،,3
داخله,3
الأعراض،,3
جيري,3
أرفع,3
الرسومات,3
6.5,3
"""حراس",3
بالموقف,3
يستجيب,3
السنوية.,3
قلبية,3
بمشاريع,3
المبكر،,3
السكن،,3
للظلم,3
مينجوزّي,3
"""نريد",3
فاق,3
بأسهم,3
المروع,3
لقصف,3
مونتريال,3
تموز،,3
ولندن,3
سألني,3
المثلج,3
الضوءَ,3
تتوافر,3
“صفا”,3
“كل,3
وتشهد,3
قطارات,3
برمته,3
بحوث,3
لقبائل,3
الوحشية،,3
20%،,3
"دانس"".",3
لتواصل,3
لعملائها,3
المنتقدون,3
بفلسطين.,3
جماعيًا,3
موستار,3
الماء”,3
مرئية.,3
اتحادية,3
المبنى،,3
بالأساس,3
234,3
يأتوا,3
الأكاديمية،,3
الحسن,3
يكمل,3
السجينات,3
الثورية,3
الآن؟,3
المتغيرات,3
الثلاثة.,3
بالرياض,3
3.2,3
بايدن.,3
كيلو,3
بتصدير,3
بنفسج,3
الانخفاضات,3
المتقدم,3
توفرت,3
"النووي"".",3
والإلكترونية,3
الشرف,3
مسلسلات,3
الشعار,3
باغرام،,3
فرعية,3
بتفاصيل,3
30.2,3
الصحة.,3
الوكيل,3
لرويترز،,3
بيزنس,3
للإنتاج.,3
المضادة,3
فاعل,3
التعاقد،,3
التواصل.,3
عمدًا.,3
حديثي,3
تُنتج,3
تسوق,3
سيكورسكي,3
وعالمياً.,3
احتلتها,3
التسعير،,3
فضيحة,3
الاستطلاع،,3
مراسلون,3
الأفق،,3
سرقت,3
وبطاقات,3
وهبي،,3
الدرامية,3
المكافأة,3
الطارئة,3
هذان,3
الولادة.,3
الانتخابية،,3
ومصر.,3
"""تليغرام""",3
(أيار),3
الفصلية،,3
استئجار,3
وعنف,3
كالنار,3
قالوزير,3
بتدفق,3
"""ممكناً""",3
دوبريه,3
"""قبل",3
العشرين.,3
التفوّق,3
والمخاوف,3
التصعيد.,3
الاستهلاكية،,3
نابلس,3
نيلجيري,3
أغرقت,3
مسلمي,3
الخدمات،,3
وأثر,3
النتيجة،,3
المسابقة،,3
ومرونة,3
يتربع,3
للتصنيف,3
اعتُبر,3
الصواريخ،,3
دولةً,3
دومينيكا,3
والداي,3
بالوكالة,3
رافقت,3
الحلف,3
"""نبتون",3
لنفايات,3
بالبشر.,3
وخفيف,3
موسوعة,3
وظائفهم،,3
للترويكا,3
نتفليكس،,3
"""العمق""",3
الشاملة.,3
مريم,3
نجوى,3
طعنة,3
المقيمة,3
واصف،,3
مون,3
بدقة،,3
والمفاهيم,3
للشرب.,3
والأشياء,3
المظهر،,3
الدهشة,3
لطلبات,3
المارة,3
حموضة,3
مضاعفات,3
نهى,3
مقارنتها,3
أصدقائها,3
مؤشرا,3
الكويكب,3
تصمد,3
خاص،,3
حمود,3
وألعاب,3
إيفرتون,3
إسترليني،,3
الصناعة.,3
للتخطيط,3
الحزم,3
عائقًا,3
محتواها،,3
للتمكن,3
محتويات,3
مرخص,3
الفناء،,3
مركزية.,3
التطرف,3
نصوص,3
والعمل،,3
بك,3
سخر,3
كثيفة,3
المنزلي,3
شوهد,3
الحمولة,3
ومجتمع,3
تربطه,3
تيليغرام,3
سبيلِ,3
الويب,3
تحطيم,3
تُثير,3
لتقنيات,3
جنيهًا.,3
تكبدها,3
استيائهم,3
المحاولة,3
كأنها,3
المسيحيين,3
جذريًا,3
1.2%,3
3.4%,3
باختصار،,3
الرائجة،,3
رائحة,3
قناتها,3
ملابسهم,3
الجاهزية,3
نايجل,3
إعفاءً,3
الغاضبة,3
وبادر,3
لمصلحة,3
عنتيبي,3
توجهًا,3
لإطار,3
الرحلات.,3
يفاقم,3
نسخته,3
علمت,3
معي،,3
أرتيتا،,3
الضيف,3
ملموسًا,3
جيدا،,3
سيخفض,3
15%.,3
لإيقاف,3
ننظر,3
100%.,3
3.7%,3
هوي,3
الفضول,3
وتوسع,3
رابين,3
لاكانديلاريا,3
اليورانيوم،,3
"""أورانو""",3
ملحوظ،,3
اعترضت,3
إبطاء,3
قصصهم,3
بنقطة,3
الأسبق،,3
السحابية.,3
للغولف,3
نقرات,3
وحُكم,3
أثناءَ,3
أقره,3
وصلنا,3
"2025"".",3
عصيان,3
مررت,3
تسميته,3
محاولتهم,3
للحركة,3
بعدها،,3
التسلح,3
النبطية,3
لوالابا,3
الأوغندية,3
العاديين،,3
الشاسعة,3
الدقيقة.,3
الشوق,3
النقاشات.,3
رحلاتها,3
تجاريًا,3
وفلسطين,3
والمسافرين,3
تاريخيًا،,3
سليم,3
ولاحقًا,3
وتحديث,3
معاقل,3
لترامب،,3
مصطلحات,3
وتملك,3
أديتشي,3
اللاجنسيّة,3
وانضمت,3
صالحي،,3
بالسعي,3
والشركة,3
والجهاز,3
وتتمتع,3
البراميل,3
وأغلق,3
الجلسة.,3
ووقعت,3
كُتّاب,3
وأحداث,3
الطاولة.,3
لتقصي,3
للروهينغا,3
المتأثرين,3
الأقصى،,3
اللعب.,3
سيحل,3
مساعدة،,3
إفريقي،,3
قادرا,3
رشفة,3
حرفي,3
والفصائل,3
كزعيم,3
المسجونين,3
الصينيين،,3
الكثير،,3
المجموعات.,3
أحالت,3
ويهدد,3
بالمملكة،,3
إرهابية.,3
بنغلادشيّ,3
مروراً,3
بالعقوبات,3
سيظهر,3
"المعلومات""",3
دهون,3
فعالية.,3
ضئيلة,3
ورحلة,3
لمحطات,3
الحرارية.,3
ملصق,3
“هذا,3
لتحركات,3
صوته,3
إعلامياً,3
الجلد،,3
الخلايا.,3
نضع,3
روايته,3
"""هجمات",3
الاتفاقية.,3
"""قوات",3
بقذائف,3
قصفها,3
المحكمة.,3
يجرؤ,3
بدعوة,3
ستطلق,3
المتخيلة,3
وعقد,3
والأضرار,3
المصالحة.,3
المغطاة,3
الأحمد,3
السفارات,3
روسيا..,3
سكنية،,3
12.5,3
بسهولة،,3
الشبيه,3
الإغلاق،,3
محاولًا,3
التأخيرات,3
الخريجين,3
وتأسيس,3
والخداع,3
لإقناع,3
متزايداً,3
المليارديرات,3
ثرواتهم,3
4.4%,3
أسبوعي,3
ليجري,3
"""حققت",3
هروب,3
والصحة،,3
للقارة,3
وثاني,3
شهاداتهم,3
الحاصلين,3
الإقليمية،,3
وقادرة,3
لأمراض,3
الفردي,3
المنتجات.,3
إنفاذاً,3
والتقنية،,3
والشريك,3
تايلر,3
(22,3
نزحوا,3
التحكيم,3
دخولنا,3
مبنى،,3
التجريبية,3
سابقة.,3
​​كومنز,3
تورونتو,3
و22,3
المنبعثة,3
كفاءتها,3
تضاف,3
اصطحاب,3
مستلزمات,3
السفر،,3
ليوم,3
وعندها,3
سهم.,3
المختلفين,3
توسّع,3
للقروض,3
رسمية،,3
المروعة,3
السخرية,3
استنساخ,3
الوهمية،,3
الشجري,3
الهلع,3
كتابًا,3
يستكشف,3
الاتفاقات,3
الإبراهيمية,3
«التوك,3
شو»,3
الإعلامى,3
ينسجم,3
الجلد,3
خطير،,3
صورةً,3
الهندي،,3
الاستثنائية.,3
187,3
لمتحدثي,3
بمغادرة,3
"""سيتم",3
"""الخطر",3
البيتكوين,3
واقتصادي,3
محترفة,3
التصوير.,3
التوجّه,3
صداه,3
"""فرنسا",3
"فلسطين""،",3
الشرط,3
يراعي,3
رابطاً,3
بتفتيش,3
وأوكرانيا.,3
أرامكو,3
الانتقام,3
المفاجئة,3
بتقليص,3
التوجيه،,3
جان,3
واصفاً,3
أفق,3
للتقرير,3
بالجمعية,3
تُبدي,3
وتنفذ,3
والبيئية،,3
(آيفون,3
النقل.,3
واستضاف,3
بارنيل،,3
330,3
حية،,3
العائلة،,3
عفواً,3
الجندي,3
الصدارة.,3
الجنس،,3
واتساب،,3
تحذيرية,3
ويتمتع,3
تجربتي,3
بلدٍ,3
تدل,3
الانتشار،,3
اعتُبرت,3
الخزانة،,3
حضوره,3
وسيطرت,3
التالية.,3
ضئيلة،,3
الموسيقي،,3
ترسانة,3
المزاج,3
اتصل,3
يختاروا,3
الواضحة.,3
الصخرية,3
الكوريّ,3
لملء,3
القاسي,3
سيئًا,3
الطائرة،,3
الحج,3
ومسيرة,3
بالسلام,3
الليبيين,3
الدنماركية،,3
بأربع,3
تكتفِ,3
والتفتيش,3
“الشاي,3
الكازاخستاني,3
متفوقا,3
والمعرفة,3
يُطرح,3
2%.,3
اليسوعية,3
الاحتراق,3
شباكه,3
"متوقعاً"".",3
المقال،,3
ندّدت,3
الجيد,3
سيلان,3
الأنف,3
الآلية،,3
ملكيتهم,3
رفعها،,3
بالشهر,3
ترحيباً,3
أسسوا,3
الاستوديو,3
فوزي,3
المتزايد،,3
الغموض،,3
وباكستان.,3
لعوامل,3
للجفاف,3
غيرهم،,3
المنتظم,3
بورتسودان,3
جميعًا،,3
ومطالبة,3
السعر،,3
العدوانية,3
دراستي,3
الطب،,3
وزملاؤه,3
وتستضيف,3
بإمكانها,3
مقترحًا,3
مجهول,3
المنتجون,3
أسسها,3
12%،,3
تتماشى,3
والحريات,3
تبع,3
ملزمة,3
بشراء,3
القاري.,3
أوروبية.,3
والمكونات,3
البيئة.,3
“مشروع,3
"""إجراءات",3
بمعزل,3
بمزيج,3
الامتنان,3
مرخصة.,3
وتباطؤ,3
"دولار""،",3
تُسلط,3
ومحكمة,3
معاشات,3
انتصر,3
3.1,3
يحذّر,3
بمهام,3
وناقش,3
امتدّت,3
المؤمنين,3
ليعود,3
والخسائر،,3
كوم,3
تتراجع.,3
وعلاقاتها,3
حدّدت,3
للدخول,3
المهارات،,3
التنافسية،,3
افتتاحه,3
شباط,3
أغلقوا,3
كوننا,3
للحماية,3
طريقته,3
بدءا,3
"""سينومي",3
للقرارات,3
أمكن,3
الأجواء،,3
الاستراتيجية.,3
الدليل,3
تحتلها,3
الفردية،,3
الإياب,3
النتيجة.,3
تصدى,3
لنادي,3
البافاري,3
بالتفاصيل,3
الشرارة,3
يتابعون,3
بتكاليف,3
الحالاتِ،,3
متوترة,3
مدربة,3
كراهية,3
الأسقف,3
يُشبه,3
والانغماس,3
وزيت,3
البطة,3
بمساندة,3
القاتل,3
ترشيحات,3
أوبيرن,3
الأجسام,3
المقصد,3
يدعي,3
والأرق,3
"سوشيال""",3
العنفِ,3
الجنسيِّ,3
تنهض,3
شقة,3
لطبيعة,3
للطاقة.,3
تُفرض,3
زوراً,3
للبيع،,3
إنفيديا،,3
بناؤها,3
والنتيجة,3
الطرد,3
عقدها,3
إشعارات,3
غرابة,3
طبيب,3
‎,3
المتكررة.,3
ستتضمن,3
حظراً,3
66.2%,3
الأميركى,3
المتعددة.,3
سيرجيو,3
جلوبال,3
هويتنا,3
انشغل,3
36.5,3
235,3
ميلًا),3
(60%),3
والأمم,3
الساسة,3
الحذر،,3
والإعدام,3
الإمكانات،,3
دواعي,3
حرس,3
خيّم,3
1.7%.,3
بالذات,3
وتعزيزها.,3
رفيق,3
ويؤمن,3
ونواف,3
بإمكاننا,3
ترسية,3
لملاحقة,3
المحتملة،,3
الطائرات.,3
الأبد.,3
خزينة,3
سيركز,3
معهم.,3
متبادل,3
النصية,3
والبطاريات,3
محتملًا,3
ريفية,3
ميوبو,3
والجنوبية,3
لممثلي,3
موزعين,3
للمتطوعين,3
بيساو,3
المونديال,3
السبعينيات,3
التحقيق.,3
ورأيت,3
(على,3
المساء,3
ونفس,3
النازية,3
"""كاسيو""",3
تاكيوتشي:,3
المخاطرة,3
باختراق,3
اليوان,3
كونج,3
ترجملي,3
"كونستراكشون""",3
"""هو",3
لفترة،,3
تُذكر,3
الدستور،,3
وسقط,3
الفور،,3
تجاوزات,3
تطال,3
الأخطاء،,3
وخطوط,3
أخبرني,3
فارسين,3
المجالين,3
المسيحي،,3
شبان،,3
سيدخل,3
بالأطفال,3
لوحاتك,3
انجلوس,3
حتفهم,3
الإنساني،,3
الاستجابات,3
سينجح,3
ستدعم,3
بايان,3
"""نأمل",3
وستبلغ,3
أيون,3
النزاعات،,3
تبنيه,3
شح,3
وهى,3
"دائم"".",3
ويضاف,3
الديبلوماسية,3
مناهض,3
بالرعاية,3
مختصة,3
لوك,3
الحفل.,3
الخيوط,3
أضافوا,3
معلناً,3
والضرائب,3
البقية,3
بأداء,3
الأنقاض.,3
وشهادة,3
احتوى,3
استباقي,3
وأودت,3
طالبي,3
(بعد,3
الفطايرجي,3
تباطؤاً,3
2.525,3
1.359,3
1.367,3
ورسملة,3
جليدية,3
الا,3
التفسير,3
بوصة,3
"مودرن""",3
جنرال,3
بالنشاط,3
"""محاولة",3
مائي،,3
الشركتين,3
النتائج،,3
ميزانيتها,3
(40,3
خلايا,3
سلمت,3
للمشاريع,3
وانتقد,3
يلعبون,3
"""إيكونومي",3
الطحالب,3
الصناعي.,3
وسهولة,3
(باللون,3
والّتي,3
مُتَّ,3
الّذي,3
نقاشًا,3
"بلس""",3
علمها,3
يضاعف,3
منظمي,3
قميص,3
نيلها,3
ينسى,3
الامتيازات,3
جنائي,3
التاريخي،,3
مقابر,3
الترتيب،,3
بعروض,3
تقديرية,3
الطن,3
والشحن،,3
بالبنوك,3
تقيد,3
أيٍّ,3
والفرنسية,3
دبلوماسيون,3
الجوي.,3
ارتفاعا,3
هامبورغ,3
لإضفاء,3
غذائية،,3
رواندا.,3
ضارة,3
المتحدث،,3
وعرضت,3
استعان,3
وبدت,3
حصري,3
المنخفض,3
94,3
"صاغة""،",3
5100,3
2.2%,3
والخامس,3
رغيد,3
أمهرة,3
الرواسب,3
بإيران،,3
واعتبرت,3
تموت,3
"""أحد",3
الضريح,3
وحوكمة,3
خشبية,3
ممكن.,3
مذيع,3
قاموس,3
بدَّ,3
الفصائل.,3
معبرة,3
الخفض.,3
محتمل،,3
وديمقراطية,3
الشعوب،,3
المحفظة,3
بيعت,3
وتمتد,3
البابا,3
للتشاور,3
+,3
الطالبات,3
والانتهاكات,3
روتينية,3
والذاكرة،,3
وقصص,3
النفق.,3
المقومات,3
اتخذته,3
المخدرات.,3
أحدهم:,3
آخر:,3
اجتهاد,3
مناخي,3
الصريح,3
الهجينة,3
العليمي،,3
"""جي",3
مطالبا,3
فعّالة.,3
طرفاً,3
حظرا,3
"""مهمة",3
الكهربائي،,3
بالأعمال,3
سليماني,3
وتايلاند,3
وفيتنام,3
"""عن",3
المتخصصة،,3
تسلك,3
التقني،,3
يُصنّف,3
دوروف،,3
التنفيذ.,3
الهضمي،,3
دمجت,3
يأخذون,3
وتجذب,3
المفضل.,3
ألكسندروفيتش,3
1905،,3
والعربي،,3
هُناكَ,3
الرئيس.,3
ليجد,3
بالامتثال,3
الغريبة,3
الحقن,3
استلهم,3
للمسألة,3
جدلا,3
موظفو,3
الليبية.,3
يُعطي,3
كأصول,3
وسيبقى,3
للرحلات,3
قياسياً,3
ببرمجيات,3
يُقدَّر,3
والعلاوات,3
ويليامز,3
تسافر,3
الواسع،,3
للأحكام,3
المعضلة,3
بجولة,3
32%,3
المديرين,3
مظهر,3
“تبرير,3
الدفاعات,3
"المستقبل""",3
والتر,3
المزيد،,3
لتسليط,3
تزن,3
الحرّيّة,3
الفنّانون,3
أعداء,3
وتجارية,3
المسلمة,3
نجاحات,3
اللاذقية،,3
عقل,3
جابر,3
بيرايوس,3
يسهر,3
الكهربائي.,3
وتؤدي,3
محورياً,3
فقبل,3
"""تهامة",3
والقطاعات,3
رهانات,3
النجاحات,3
ويتجه,3
يوظف,3
(بين,3
الأمانة,3
أعقد,3
هلال,3
تساي,3
حر,3
/3,3
6.,3
لمستهدفات,3
لتقويض,3
0.2,3
الظهير,3
ماهر,3
والذرة,3
الملح,3
عليا,3
"سينس""",3
متابع.,3
النفطية،,3
ومدته,3
الحافلات,3
صوماليلاند.,3
الشغب,3
فؤاد,3
كهذه.,3
فريقاً,3
صادقت,3
وتحمي,3
الفارين,3
إنسانيًا,3
وتتركز,3
الفرصة،,3
1991،,3
وعزل,3
مصوّرة,3
تُقدر,3
بعمق.,3
متلازمة,3
تباع,3
المتقدمة.,3
ومشاكل,3
أمنياً,3
سويسرا،,3
0.1,3
علاقتها,3
العابر,3
انتحارها,3
قارة,3
أبهيمانيو,3
للتو,3
التصفح,3
نكهة,3
جونغ,3
أون,3
الأنظمة،,3
انتشال,3
متهماً,3
و25,3
مؤتمره,3
الإرهاق,3
والإنساني.,3
تاريخية،,3
حريص,3
الأرجح،,3
التطور،,3
مأساوي,3
حصاراً,3
للصراعات,3
اهتمامه,3
الفوهة.,3
ذكر.,3
“لماذا,3
والصومال,3
المنشأ,3
خاصة.,3
"النووي""،",3
خارجية.,3
سموتريتش،,3
الإحساس,3
العلني,3
ترتدي,3
يتبنى,3
يسكن,3
قريب،,3
بيانها,3
ويحاولون,3
المصمم,3
تامبا,3
3400,3
ويضيف,3
رئيسي،,3
مسؤولان,3
طائفة,3
فورت,3
وناشطين,3
المحتلة،,3
المحك,3
تقديره,3
للحياة،,3
تعرّضت,3
للنشاط,3
تراهن,3
بروتين,3
قيادته.,3
إدراكًا,3
الأمنيّة,3
نعتقد,3
لقيادة,3
وعزت,3
يمثلها,3
السادات,3
بكلمة,3
ممدوح،,3
"""الجميع",3
سئموا,3
التلميذ،,3
نانج,3
للتقليل,3
بقصف,3
بتنفيذه,3
الإصلاح.,3
4%،,3
والمشغل,3
يبيع,3
المعتقدات,3
حولي،,3
عائد,3
يونيو/,3
التلفزيونية،,3
الأذونات,3
معقدًا.,3
انزلاق,3
بحثاً,3
خانيبودوم,3
لردع,3
بالظروف,3
للتوقعات,3
بالتعادل,3
الاستراتيجي،,3
برونزيات،,3
الواقعي,3
ستعاني,3
ضمانات.,3
المعيشة،,3
ويربط,3
بثقل,3
مواءمة,3
المطورة,3
سيزيد,3
للباحثين,3
أغانيه,3
النظرية,3
يستوعب,3
عسكريًا,3
**,3
المكوّنات,3
البشرة،,3
مثالياً,3
يخشون,3
الحزبية,3
"فرانس""",3
قانوناً,3
إنفاقها,3
والأمنية،,3
أعلاه،,3
ملتزم,3
بالتعامل,3
لتجديد,3
بدايته,3
جينية,3
باحث,3
الإيطالي،,3
إبداع,3
رسومات,3
وباقي,3
تُسمع,3
مطابقة,3
المتطرفون,3
لأنهن,3
ويشكل,3
12:30,3
طمس,3
المعطيات,3
أفضلية,3
عائدة,3
«القاعدة»,3
زابوريجيا,3
وتقوية,3
تريليوني,3
للخارجية,3
وأصدقائه,3
مستقبلاً.,3
"""لوجيترانس""",3
النجاح.,3
المقاوم,3
"الأوسط"".",3
يكتفِ,3
كشفها,3
98,3
كبيرٍ,3
الدولِ,3
أرز,3
وتداولها,3
اللامي،,3
للموت,3
موافقتها,3
"ليك""،",3
"""حجم",3
وموارد,3
بوابات,3
موّل,3
مُستشارًا,3
جونسون،,3
يُؤدي,3
تدخلات,3
ويمكنهم,3
تمهد,3
يشاهد,3
وظهور,3
الإدارة.,3
الإيدز,3
أكبرَ,3
الرؤية،,3
الجذور.,3
أنغولا,3
نفهم,3
وأعاق,3
ريع,3
والممتلكات,3
وسياسية,3
وثقتها,3
يليه,3
جدته,3
مدعوم,3
الانتقام.,3
والحالات,3
أحسن,3
نقاط،,3
متأخرا,3
بعوامل,3
ويجسّد,3
براين,3
"""تمثل",3
تخارجًا,3
"""إيجار""",3
0.25,3
التمويل.,3
طفولتي،,3
إيجابية.,3
والقدس,3
إسلامية,3
تحذيرًا,3
بالذهول,3
بارزاني،,3
ويحظى,3
الخطيب,3
قباردينو,3
الأقصى.,3
64%,3
الاستدامة،,3
بدايته،,3
4970,3
نماذجها,3
تلكَ,3
لأسابيع,3
الرباعية,3
مؤلم,3
الإقليميين,3
المتوقعة،,3
بينهما،,3
تتكيف,3
وتحاول,3
أسابيع.,3
المرعيّة,3
استهدافه,3
الطائفية,3
القاحلة,3
الحصار،,3
يُفاقم,3
التجميعي,3
لمسؤولين,3
يمارسون,3
الأخبار،,3
"الآن""،",3
الكوارث.,3
المحلة,3
ستةِ,3
4960,3
الاهتمام.,3
تورخام,3
للشاحنات,3
الأفغانية.,3
تيد,3
"جيت""",3
يجدر,3
شخصيته,3
الرهان,3
جورنال,3
والواقع,3
الإضافي,3
1960,3
الرائع,3
صافية,3
المدى.,3
تعهده,3
محمل,3
وجّه,3
سعود،,3
جماح,3
المتصاعدة،,3
التجديد.,3
لسيادة,3
بالتقدم,3
المحرز,3
السمراء,3
الخوف،,3
بختام,3
الأداء.,3
أسد,3
للحالات,3
استكمالاً,3
الطلاق,3
مختار,3
لتعيين,3
عقد.,3
إمكانيّة,3
تُضيف,3
عشاء,3
الديناميكية,3
النفيسة,3
البلاديوم,3
بإحياء,3
للمرشحين,3
رصيدها,3
1999,3
2001.,3
نصرًا,3
متواصل.,3
بالتجمع,3
لسلاح,3
مشاة,3
المشاركين.,3
سليمًا,3
فهذه,3
المُدَّة,3
ريتا,3
اصطدم,3
17%,3
يحسم,3
تلقوا,3
97%,3
وسريعة,3
أسلافهم,3
الرعاة,3
للعاملين،,3
الوظيفية,3
والثقافية،,3
الكرنك,3
والشيخ,3
السويد,3
للحوار,3
يرمز,3
أحياناً.,3
"""أسمنت",3
متذكرًا,3
منشورة,3
"""ستواصل",3
الجامعية،,3
تلقائيًا،,3
(60),3
يُشتبه,3
عادة،,3
انفصل,3
بالبلاد,3
المتعاقد,3
العقبة,3
وأثبت,3
جامعية,3
ويُعرف,3
سماع,3
لوصول,3
استيقظت,3
وحق,3
الحمام,3
النزوح،,3
لجلسة,3
والأسرار,3
بالموت,3
2012,3
معقولة،,3
أميركي.,3
مكتبات,3
لديهما,3
للقيم,3
أصيلة,3
الحرّ,3
إدارية.,3
بلغتهم,3
نزوحنا,3
دجلة,3
التوترات،,3
ألبانيز,3
أكياس,3
الترابط,3
المميز.,3
الحصص,3
بتشديد,3
عرقلة,3
فيروز,3
تحدثنا,3
تحديداً،,3
الأبوي,3
اختزال,3
الرمادي,3
تجاهله,3
حياتهم،,3
أقساط,3
شهدناه,3
تيسّر,3
مليوناً,3
الأفريقي.,3
فترتين,3
يُشحن,3
وحلفاؤها,3
النور,3
الأخلاقيات,3
قُدّر,3
توقيعها,3
التنفيذي،,3
المعروض.,3
المهربون,3
بمتطلبات,3
"و""تشاينا",3
القطرية،,3
والمحسوبية,3
لولام,3
السيل,3
"أيه.آي""",3
تستبعد,3
التيم,3
دمر,3
اتباعها,3
خليل,3
المؤسف,3
عبءٍ,3
سيؤثر,3
مستفيدة,3
برنت،,3
شركائنا,3
بالنفع,3
بستة,3
إشكالية,3
العروبة,3
والأداء,3
اهتمامهم,3
سترفع,3
صحتهم,3
لقرون.,3
ضجة,3
الذاتي.,3
التحدي،,3
يتصورون,3
الخطابات,3
اللازم،,3
مضيفة:,3
استحسانًا,3
أصدق,3
اليورت,3
يوصي,3
للقوة,3
لي.,3
شقيقتي,3
يرسّخ,3
النهج،,3
وحاول,3
خارجي،,3
الحارة,3
أستاذة,3
فضفاضة,3
قوسين,3
والقرار,3
فتحها.,3
السامبا,3
فشله,3
السكري،,3
لمرض,3
تسأل,3
تثق,3
دمرتها,3
الإرهابيين,3
وتتراوح,3
للنوم،,3
الجسيمات,3
تصطدم,3
الحاجة.,3
والاتصالات،,3
كسرت,3
متوقعة،,3
"""ميتا",3
كريستي,3
استغلت,3
غيابية,3
والباقي,3
رهينة.,3
ذاتي,3
بالتوازن,3
باستضافة,3
خديجة,3
رايس,3
الكردستاني،,3
وتلقت,3
عروضاً,3
154,3
لمنظمات,3
للضغوط.,3
كيث,3
صُنعت,3
ثمناً,3
تنزيل,3
القمة.,3
وجدد,3
الثابت،,3
الأثاث,3
التبغ,3
يتكشف,3
ويواصل,3
الإنترنت”,3
أرضًا,3
لعمل,3
للانتخابات.,3
وطالبوا,3
الجماهير،,3
سيصدر,3
لأوكرانيا،,3
الإضافي،,3
لبدائل,3
يتبعه,3
وجميع,3
يُسبب,3
الملاجئ.,3
الأمراضِ,3
سَلٍّ,3
قمح,3
المستشارة,3
بصعوبة,3
والوثائق,3
المطارات.,3
بروكسبي,3
هولغر,3
رونه,3
الحياد,3
كلوديا,3
باهظ,3
العراقيةعن,3
متخصصة،,3
للعلاج,3
وحضور,3
شينباوم,3
(آب)،,3
للأصول,3
تسفر,3
فإنني,3
اللؤلؤ,3
الحميمية,3
باقة,3
الأنقاض,3
تمكنهم,3
للقضايا,3
جنيف،,3
محامٍ,3
ومستشار,3
أيًا,3
والابتكار،,3
ستغير,3
جوهرها،,3
لمسيرة,3
أفضت,3
والطموح,3
استثمارية.,3
الاقتصاديون,3
محصورة,3
ديسكورد,3
الهباش,3
معالجتها,3
وآلام,3
العضلات,3
مفاجئة.,3
سميث,3
للإناث,3
6.1%,3
لتبدأ,3
والمركز,3
وأقرّ,3
تقريبا.,3
سيستغرق,3
وشرح,3
جاد,3
أيِّ,3
الرَّغمِ,3
"إن""",3
المصورة.,3
كلٌّ,3
للحرب.,3
"البلاد"".",3
أهدافاً,3
واستمرارية,3
الحيلة,3
البطارية,3
المعنى,3
بنفسك,3
أطفال،,3
عينه,3
جازان,3
بالاستماع,3
الصنع.,3
أغسطس.,3
تمارسه,3
العرقي,3
القلعة,3
عملياتِ,3
البيئيِّ,3
العَلمانية,3
للهندسة,3
السياسيّة,3
أكّد,3
الباقي,3
اللّه,3
"الإيراني""،",3
الأهم،,3
الانهيار.,3
الاحتياط،,3
كأدوات,3
إغضاب,3
لأنّه,3
التثقيف,3
ين،,3
والفترة,3
الإغلاق.,3
وإكمال,3
حياً,3
قلعة,3
تفوقها,3
وجَّه,3
دستورية,3
جربت,3
خفضين,3
إضافيين,3
"""فيد",3
تركي,3
البيروقراطية،,3
للأسلحة,3
إبلاغه,3
الدامية,3
والدخل,3
1914،,3
تجمعه,3
رُفض,3
بنغلاديشي,3
ولكي,3
يميني,3
بتحرير,3
متأثرًا,3
موسيقية,3
الناخبون,3
أقامت,3
تركيبة,3
وعسكرياً,3
عسيري,3
بسيطة.,3
الإنستغرام,3
تستخدمه,3
ديربي,3
إقلاع,3
وركزت,3
لمختلف,3
لملف,3
وتكريس,3
وعادةً,3
الإرباك,3
الشمندر,3
أنحف,3
اختفى,3
اعتدت,3
مخاوفها,3
"""أن",3
بالقمر,3
حطام,3
لبضعة,3
التوم,3
قدمًا،,3
مركزية،,3
إسبانيا.,3
منزلاً,3
شهرية,3
ومنحت,3
حظرها,3
24.9,3
الامتناع,3
الدحيل,3
محمول,3
والتراخيص،,3
تُهيمن,3
فولد,3
دينية.,3
موالية,3
ويمارس,3
الزكوية,3
بحثا,3
الاغتصابِ,3
يموتون,3
جثته,3
"القابضة""",3
الزكاة,3
مرضِ,3
"و""أوبن",3
التوظيف.,3
"""بيزنس",3
التنظيمي،,3
الرؤية.,3
الأسير,3
اعتُقلت,3
نظرهم,3
البعيدة،,3
خبيرة,3
7.2%,3
الكارثة.,3
استفتاء,3
الهشة,3
وتوجت,3
بخمس,3
يحظَ,3
بالوقوف,3
تتأرجح,3
الصداقات,3
"الأزرق""",3
بالفن,3
تحلم,3
المركزية،,3
والبتروكيماويات،,3
وبيع,3
"""تأثير",3
أقوى.,3
الانكماش,3
وصعوبات,3
بمحاسبة,3
أعوام.,3
والطاقة،,3
الأصلي.,3
يمثله,3
0.3,3
الممنوحة.,3
مضي,3
والدينية,3
صحافي،,3
فعالًا,3
جوعًا,3
وبنغلاديش,3
البريطاني،,3
الموارد.,3
آرائه,3
الطفولة،,3
تقلب,3
لاقتصاد,3
سعيدان,3
لمؤتمر,3
المسبوق,3
دفن,3
مش,3
زمني،,3
اليابانية.,3
السائدة.,3
لويزيانا,3
شيئاً،,3
إجابات.,3
...,3
منصور،,3
خفايا,3
نهجها,3
اشتهر,3
مضمون,3
التعديل,3
رفضًا,3
مقام,3
انجذبت,3
للجمهوريين,3
المحتمل،,3
تركزت,3
وذهب,3
إحراج,3
وفشلت,3
والتجديد,3
٢١,3
والمعلمين,3
والسلامة,3
يركّز,3
للتبرع,3
بيتر,3
يُسهّل,3
850,3
التأهب,3
محلات,3
بيئتها,3
قدراته,3
ملتزمين,3
مسنة,3
محتجون,3
أوجلان,3
مجتمعي,3
وبغض,3
الإلكترونيّة,3
الديمقراطيّة,3
الترسية,3
أطلقها,3
هاريس,3
لأمة,3
واضطر,3
(14,3
السابق:,3
بالشبكة,3
6-4,3
المعادن.,3
يراقب,3
لعائلة,3
ستشغل,3
المنتدى،,3
المخالفات،,3
الضغط،,3
والخوف،,3
والتهميش,3
لغتي,3
"""أوبك"".",3
سياسته,3
التوسع،,3
وبرو,3
المُعاد,3
الفيتنامية.,3
الحداثة,3
"""منظمة",3
معسكرات,3
"العقاري""،",3
مدروس,3
الليلة.,3
تراعي,3
كيلسي,3
يُحسم,3
والهوية,3
ويشار,3
بإيقاف,3
لاتباع,3
الجمود,3
استخراجه,3
الفرقة,3
الحرارة.,3
التوقعات،,3
حاد،,3
الموجودين,3
لمحو,3
وتاريخها,3
مشروعه,3
242,3
الكربون.,3
يفرضه,3
والنحت,3
الطائرات،,3
للطعن,3
الأفراد.,3
بسيط،,3
أحفاد,3
والحركة,3
الساحلية.,3
لسحب,3
وفا,3
وقررت,3
لقمة,3
إطفاء,3
يطور,3
ويوقف,3
الهوا,3
المتكاملة,3
التوت,3
بالذهب,3
أذربيجان.,3
الفصل،,3
الحكومات.,3
بأسلحة,3
وطائرات,3
تطويرِ,3
"""باطلة",3
مشهدًا,3
مألوف,3
روبوتًا,3
والحل,3
كارولينا,3
ويمنع,3
يؤيدون,3
غموض,3
المخ,3
"""أول",3
حاضرًا,3
كواي,3
كابول,3
بالتركيز,3
مرّت,3
“أنت,3
شمالي,3
والسكك,3
التجاري،,3
الكينية,3
والرياح,3
والنفايات,3
اختيارها,3
ظننت,3
و50,3
الأبرياء,3
السطور,3
152,3
واقية,3
الأنفلونزا,3
مواجهته,3
المنطقة-,3
والخيار,3
تُعاد,3
العاري,3
شخصياً,3
وتعدّ,3
نيكولاييف،,3
سكة,3
يوميا.,3
والإنسانية,3
الحوكمة،,3
ومقاطعة,3
«لا,3
الحضرية.,3
الشورى,3
يسترشد,3
القرى.,3
ويلز,3
"""صناعة",3
3-2,3
رائعًا.,3
أسبابها,3
اللاإنسانية,3
والكثير,3
مرحلةً,3
تغريدات,3
منشآتها,3
اضطلاع,3
المسجد,3
"""الوضع",3
لبحيرة,3
لضخ,3
تضخ,3
وإنه,3
ينال,3
والفوز,3
واتخذت,3
فيلما,3
بولارد,3
المتحرك,3
طرأ,3
نشوب,3
"جديدة"".",3
1.1,3
بالمصالح,3
الظلم.,3
لقرارات,3
النقص,3
عليهم.,3
سكن,3
بتمثيل,3
القادم.,3
هجماته,3
المطبوعة,3
نابضة,3
بالحياة،,3
لإفساح,3
دومينغوس,3
والأسر,3
الفولاذية,3
المتنوعة،,3
المحتجّ,3
"5,000",3
فاشيون,3
غرسات,3
مبانٍ,3
البائعين,3
يطلبون,3
الختامي,3
ليبرتادوريس,3
والتخزين،,3
هدر,3
أسلوبه,3
يبذل,3
استقال,3
عمرها.,3
المكتبات,3
الأيض،,3
حس,3
لترتيب,3
الفوز،,3
الإنجيل،,3
إنزال,3
الدجاج,3
ومسارات,3
قراصنة,3
فرقهم,3
أوضح:,3
ويلسون,3
الطبعة,3
ضيف,3
بالاستثمارات,3
الاشتراكيين,3
الجينات,3
وأربع,3
للأبحاث,3
وتعويض,3
ذراع,3
تنحدر,3
جزاء,3
بريمن,3
انضمامه,3
لقربها,3
والجريمة,3
الربحية،,3
للنادي,3
قادما,3
نيكاراغوا،,3
للمزارعين,3
الكروية,3
توك.,3
حسابًا,3
معالي,3
الملاحقة,3
شفيونتيك,3
الإنجليزي.,3
الدفع،,3
فيغار,3
الشيخوخة,3
الصباح.,3
منغوليا.,3
جوائز،,3
اللحاق,3
والشرعية,3
صغر,3
التقييدية,3
سيكونون,3
الجنسانية,3
الملكي،,3
الطلب.,3
نازح,3
اصطدامه,3
بجدار,3
ازدواجية,3
يعرّض,3
وبمعدل,3
شهرياً,3
بلاده.,3
وتشجع,3
عانوا,3
وهيثرو,3
توفّر,3
تخطت,3
2.4%,3
لاستمرار,3
المدرسة.,3
عودتي,3
يُمكننا,3
سارة:,3
بذله,3
وأعضائها,3
أوصال,3
التوحد.,3
والهيئات,3
الواردات.,3
هجوما,3
النجمة،,3
بكرامة,3
للقطاعين,3
"بـ""آلية",3
بتوليد,3
جمهوريات,3
وكبير,3
يستثمر,3
الناخبة,3
شوبير,3
لوقت,3
بأشد,3
الفضيحة,3
المنخفضة.,3
وقدرات,3
وقدرة,3
الأجنبي.,3
بطيئًا,3
القواعد.,3
بيبي,3
السباق.,3
واكتشفت,3
حليفًا,3
206,3
استعمار,3
منتهية,3
المتعاقبة,3
الشخص،,3
الأطوار,3
بمكانة,3
بالترويج,3
المهنيين,3
القانونيين,3
أجسام,3
جدياً,3
ديلوفيو,3
يُلبي,3
والكأس،,3
للتأمل,3
عملي.,3
المنعقدة,3
مفاوضاتها,3
وسيظل,3
لإدراج,3
ركّز,3
جعلته,3
العودة.,3
فعاليته,3
جوليان,3
وتطور,3
سعداء,3
-الذي,3
"""ريلز""",3
”صوت,3
النمطية،,3
قاسم:,3
بونتا,3
كاتالينا,3
التكاليف.,3
الكيميائي،,3
اختناق,3
79,3
يُقدّم,3
داخلياً,3
للتكرار،,3
بالذهاب,3
تثقيف,3
الشيطان.,3
المطلب,3
"منها""،",3
كردي,3
مصابين,3
بالمقارنة،,3
البحيرة،,3
محذرة,3
مديونية,3
والمباني,3
سيمضي,3
الدراجات,3
البنزين،,3
بميزات,3
تتسلم,3
التداول،,3
وأيضًا,3
الطروحات,3
مايكروسوفت،,3
فرضعقوبات,3
بتصوير,3
"""ريفولوشن",3
آيلاند,3
قرع,3
امتلاكهم,3
المنسقة,3
"ستريت""",3
موسع,3
شرارة,3
وفيتنام.,3
والنيجر,3
للدورة,3
زاخاروفا،,3
المنتمية,3
الإجرامية,3
وبالتحديد,3
ميلًا,3
1975،,3
مجتمعية,3
السيسي،,3
للعقد,3
متحدثون,3
التقدم.,3
هوي،,3
موقفًا,3
غارسيس،,3
تنقسم,3
خشية,3
العطلة,3
تُسهِم,3
"""أنغلو",3
الثنائي.,3
بالرأس,3
بمعاقبة,3
التأديبية,3
قائمًا.,3
الطبق,3
مليارديرات,3
الرقم،,3
وجون,3
صيدنايا.,3
متماشية,3
"الوطني"".",3
وبريطانيا،,3
نقلتها,3
تسنيم,3
للأنباء،,3
بزشكيان:,3
صاخبة،,3
وهبط,3
يُعترف,3
بإحدى,3
47%,3
والمتعلقة,3
الصديقة,3
أؤمن,3
لطلاب,3
أعربوا,3
قلقهم,3
زوجات,3
الشهرية،,3
الغذاء.,3
مقاطعات,3
بباكستان،,3
قمر,3
مطلقاً,3
إجرامي,3
والحكم,3
"العقاري"".",3
طواعية,3
بتهريب,3
الفاخرة،,3
عثر,3
تزامنت,3
المرور،,3
"""الحكومة",3
الأتمتة،,3
للتنفيذ,3
المنبر,3
ثلثا,3
بتوقيع,3
صعباً,3
لأربع,3
تأخرت,3
المظلمة,3
تنموية,3
وتبريد,3
دفاعًا,3
بقائهم,3
يدمج,3
ونفوذها,3
أداةً,3
تُهدد,3
وظائفهم,3
مهسا,3
الحرية),3
“أكثر,3
7.7,3
للعامة,3
أحمال,3
أمريكيّ),3
ووقع,3
رأسمالية,3
والجدير,3
توصي,3
وفحص,3
المعتقد,3
الشغف,3
وتسير,3
إلي,3
أنطوان,3
كومباريه,3
المستعمرون,3
يدعمه,3
الهتافات,3
ويتوجه,3
فيلد,3
النكهات,3
بإخطار,3
يخفي,3
الواجب,3
وصالح,3
المساعد,3
تتنقل,3
بقليل،,3
الشعبوي,3
الخيزران,3
جرى،,3
بتفويض,3
وأخيراً,3
واللغات,3
مردود,3
أطلقته,3
للسياسات,3
"الطائف""",3
وتمّ,3
ترسيم,3
منازلهم،,3
الفتح,3
سقالات,3
صار,3
التصدير.,3
وتقوض,3
النجاة،,3
181,3
والبقاع،,3
إيهاب,3
رمي,3
والبحرينية,3
والذهاب,3
الديمقراطي.,3
المجالس,3
التاج,3
عظيمة,3
تزامنا,3
تحديدًا،,3
منشوراته,3
يحرض,3
الإجماع,3
ديانا,3
أبرزهم,3
يصدّق,3
وتكراراً,3
وأطفال,3
داعش،,3
بفقدان,3
هاتين,3
الاستفتاء,3
العضوية,3
المنصب.,3
هزت,3
ونشطاء,3
الاختراع،,3
و2023.,3
خضوع,3
هاماك،,3
عدمها،,3
وعجز,3
مجالًا,3
عائداً,3
نستفيد,3
يسعلون,3
يواصلون,3
استياء,3
وخصوصاً,3
مارغو,3
عنصراً,3
تكنوقراط,3
الزمان،,3
الليلي،,3
الفعلية،,3
الجماهيري,3
تندلع,3
والأسمدة,3
متضرر,3
للمحترفين،,3
ستسير,3
دينباسار,3
3800,3
الغاني,3
أسعاراً,3
الأوروبيّة,3
بالتقاليد,3
ولمن,3
نيكولا,3
أمضت,3
أعلام,3
سلامتها,3
توصيل,3
السوائل,3
الفائزين,3
مسيرةً,3
كروز،,3
الصمود،,3
الثانوية،,3
يعقد,3
تقليديًا،,3
الطريقة.,3
(منتخب,3
للسلام.,3
خلاله.,3
الأمهرية,3
خطّاب,3
ستطلب,3
737-8,3
و737-10,3
بدران:,3
تخفف,3
نشاطات,3
للجماعة,3
أرنو,3
والتحكم,3
لتهديدات,3
الجذري,3
المحليّة,3
"""إل",3
حاضرين,3
(الجيش,3
المخلوع,3
البشير,3
وحياة,3
مواطنيها.,3
ويتماشى,3
علقت,3
"روك""",3
وون،,3
منتجاتها،,3
يحلم,3
حمايتهم.,3
استشعار,3
التشغيلية،,3
اليمنى.,3
الكائن,3
أجندة,3
"تايمز"".",3
استقراره,3
اختبارًا,3
اعتبارات,3
إعلانها,3
مشغولة,3
مشاعري,3
العون,3
جسدي.,3
تايوان،,3
لانعدام,3
لتقديراتها,3
3.3%.,3
أولويتنا,3
للتعدين,3
كابول،,3
بيننا،,3
وتواجد,3
الافتراض,3
فكلما,3
الجامايكيين,3
قشرة,3
يُلحق,3
أرضاً,3
ثراءً,3
القريبة,3
سابقًا.,3
لتكاليف,3
اليونيسكو,3
مراحلها,3
استراتيجيتها،,3
جماعية،,3
الرومي،,3
أعاني,3
كليمان,3
النقض,3
الرئيسي.,3
فاجأت,3
وأطلق,3
بتخزين,3
باعت,3
لاحتجاجات,3
محققا,3
جيبوتي,3
بالاستقرار,3
"تكلفة"".",3
الدؤوب,3
حميمة,3
وسطاء,3
المقامة,3
المدانين,3
لتكريس,3
تمتلكُ,3
الصخرة.,3
هان,3
كشكل,3
الروحانية,3
بينه,3
ضخم،,3
لصالحه,3
بيئته,3
لمجلة,3
هيَ,3
يمكنهن,3
ولوكسمبورغ,3
النصيب,3
بهما,3
مثلِ,3
كلُّ,3
يتمُّ,3
المنال،,3
بموافقة,3
للسوريين,3
الاعتقالات،,3
الحربية.,3
للإبقاء,3
الأصغر.,3
ناشطًا,3
تحرر,3
ملزم,3
دعونا,3
بأحماض,3
وجورجيا,3
"""اليوم",3
قماشية,3
توظف,3
والقادة,3
تجاهله.,3
ووصفه,3
جهودهم,3
مستدام,3
حداً,3
(سيدات),3
واليابان).,3
الاستثناءات,3
بالإنترنت,3
بالالتزامات,3
بابازيان,3
وتخفيض,3
البوذي,3
دارت,3
وقدرته,3
للقرار،,3
والدفاع.,3
والخارجية,3
ومحبة,3
اللباس,3
الترجمات,3
الرأس،,3
1.2%،,3
الصحيحة,3
تترقب,3
وجدنا,3
الصخور,3
الإعفاءات,3
والمقيمين,3
كوردوفا,3
للمستثمرين،,3
الانتظار،,3
واكتساب,3
بيرو،,3
أقاليم,3
سردًا,3
تعريفة,3
الطاقم,3
والهواتف,3
خلالِ,3
شومر،,3
دراسي,3
الإحصائي,3
أصيل,3
يحوم,3
للرسم,3
لحقيقة,3
المغول,3
يهاجرون,3
ملء,3
إعادتها,3
"""أرامكو""",3
ومالية,3
يتقاطع,3
صغير،,3
درهم،,3
ثمانين,3
والحيوانية،,3
بأنَّ,3
أعطاه,3
للإجابة,3
الذنب,3
لمجتمعات,3
نال,3
"""كنت",3
ونيكاراغوا,3
صفوفه,3
السويدي,3
الشاسع,3
2003,3
مرةً,3
لزعيم,3
مواطن،,3
"""موسكو",3
"""لطالما",3
تنظيمها,3
بالحديد,3
و2024,3
تفوقت,3
العدائية،,3
الإعلان.,3
قدّر,3
"""سوريا",3
الطعون,3
تسويقية,3
وبمشاركة,3
الدودية،,3
ترأس,3
بلادها,3
رومينيغه,3
هونيس,3
وجودها،,3
أذهب,3
بعلم,3
والأطر,3
المواد.,3
والمغناطيسات,3
سلطان,3
رابط,3
المعززة,3
منكم,3
أخاه,3
كهذه،,3
الدمج,3
توعوية,3
وأنّه,3
المحدودة،,3
الرمضانية,3
بأسرع,3
صارمة،,3
حياتك,3
ميته,3
رايسنج,3
"السياسية""",3
غوارديولا،,3
البائع,3
العسكريّة,3
مارشيشينا,3
اعتبارها,3
للناشطين,3
شركة.,3
الروبوتات.,3
الأيديولوجية,3
بفحص,3
متوفر,3
والعنف.,3
تطغى,3
تصديره,3
تُعزّز,3
بحسن,3
جثة,3
أكرم,3
أوغلو.,3
أنيس،,3
سعرية,3
رأسك,3
لاعتراض,3
إنذار,3
لضرورة,3
للنفايات,3
الشيخ،,3
وتعزيزها,3
الأولية،,3
معجون,3
الأمراض،,3
القتال.,3
تفاعلت,3
المؤلم,3
بصدمة,3
التشافيزية,3
سنتات,3
ويفتح,3
أشاروا,3
يكاد,3
بالخيارات,3
رئيسيًا.,3
واللوحات,3
وراءها,3
سرًا،,3
و800,3
والشعب,3
وكندا.,3
المديرية,3
شيكاغو.,3
العيسى،,3
الأذهان,3
زائرًا,3
بشؤون,3
لكشف,3
1925،,3
عمد,3
الوافدة,3
المصالح،,3
مبني,3
أحدها,3
للضغوط،,3
تتآمر,3
كونكورديا,3
لأهم,3
الصارم,3
للخصوصية,3
"""إيران",3
ترضخ,3
مرارة,3
المشروب.,3
التضييق,3
والمقاطع,3
متورطين,3
"""نتوقع",3
وشركاء,3
"الآن"".",3
البنكي,3
ونجحت,3
فليك,3
سيفوز,3
مسؤوليها,3
وإصلاح,3
وشفافة,3
جراحية,3
شهرين.,3
لترتفع,3
إذن،,3
هى,3
استراتيجية،,3
بمنزلة,3
واستفادت,3
متصاعدًا,3
تطورها,3
تواجدها,3
والسلوك,3
تطرقت,3
مكني،,3
رفضاً,3
كنوز,3
وخارجها،,3
للصومال،,3
تناقضات,3
تهمة,3
الأصدقاء،,3
للنيل,3
الخدوش,3
تنفيذه,3
قياسي،,3
المكالمات,3
الجيران,3
كرّر,3
اعترافها,3
ورسمت,3
أميركياً,3
"""الحفاظ",3
منفذ,3
أصداء,3
حقن,3
إله,3
السلوفينية,3
وتجميد,3
إكسبرس”,3
للصحافيين:,3
انحسار,3
شهده,3
وتقيم,3
برشلونة.,3
الألعاب،,3
متساوي,3
الشعائر,3
كاشفة,3
للعربية/الحدث,3
نصبح,3
والصحافة,3
بافيل,3
المنشور.,3
الانحياز,3
إدخاله,3
أثارتْ,3
تشملُ,3
الوظيفي,3
بتضمين,3
يتغيّر,3
المجلس.,3
وأوكرانيا،,3
يجلسون,3
البورصة،,3
الشعبين,3
موجوداً,3
وعلاوة,3
قبضتها,3
والتحرش,3
بإسرائيل,3
تعاوناً,3
جهدها,3
الفون,3
ستُنهي,3
1967.,3
وجوده,3
ستمنح,3
علاقتهما,3
بالأحداث,3
[في,3
سيرغي,3
مشبوهة,3
نفسية.,3
وإبراز,3
حقوقنا,3
المحلات,3
فعاليتها,3
التصريحات،,3
الحجي,3
نهجًا,3
خيتافي,3
للإصلاح,3
والمواطنين,3
الديوان,3
تشاينا,3
وأخذ,3
تايلينول,3
يعيشوا,3
بالحماية,3
تظاهرات,3
واجبه,3
فصيلة,3
مسرح,3
جماعيًا،,3
التشابه,3
ليثيوم,3
وظلت,3
خطواته,3
حذرة,3
المريض,3
البعثات,3
طبقتها,3
عاتية,3
الفلبين.,3
الدراسي.,3
الفرات,3
يومان,3
بصناعة,3
جسديًا,3
رصاص,3
الاحتفال.,3
وجوجل,3
"الأميركي""",3
قرّر,3
رائعا.,3
الأوضاع.,3
يحصلون,3
فوربس,3
الجسيم,3
نصب,3
مشغلي,3
ينوي,3
البكاء،,3
"""رغم",3
فردية،,3
وحلف,3
ويبو,3
الضرورة.,3
أسترالي,3
وأوروغواي،,3
وبوليفيا,3
بزواج,3
يواكب,3
بدليل,3
وحفيدة,3
الحلو،,3
وزوجة,3
ستسعى,3
اجتماعي،,3
تسلا.,3
والإسرائيليين،,3
التزم,3
وإزالة,3
القطارات،,3
المجني,3
بتأثيره,3
يكفل,3
وقدّمت,3
حزيران/يونيو,3
للمكتب,3
بالإمكان,3
برغبته,3
"حالياً"".",3
الصدمة،,3
وستة,3
أميركي),3
الصعيدين,3
ويقوم,3
منفعة,3
متكرر،,3
ركاب,3
جهودهما,3
تبليسي,3
وتتنوع,3
وفتحت,3
آسام,3
كُتبت,3
وانقطاعات,3
أسبوعيًا،,3
تسول,3
والديه,3
لأنشطة,3
ظرف,3
الكونغولية,3
الظلال.,3
خصومه,3
650,3
اختيارية،,3
لاغوس,3
ملعقة,3
تمثال,3
تلال,3
تماثيل,3
مشرقة,3
و50%,3
بظلال,3
فتكًا,3
بقصة,3
المتصاعد,3
محافظتي,3
ويظهر,3
تماشيًا,3
الدولار.,3
ويتمثل,3
يضغط,3
تنفيذيين,3
بعثات,3
الماسة,3
وعُثر,3
وفترات,3
بالكرامة,3
الملحن,3
متفوقًا,3
نُشِر,3
الاندفاع,3
والإقليمية،,3
جيا,3
حقيقيين,3
تفصح,3
والتقنية.,3
يوجين,3
استمع,3
أكسيدِ,3
الحرق,3
والهند.,3
2.6,3
المشاهير,3
تشوفاش,3
يُهدد,3
البنغلادشيين,3
وظروف,3
لاجئين,3
المزمنة,3
للدموع،,3
لانتخاب,3
أحداً,3
وساعدت,3
الأدوية.,3
تضاهي,3
براعة,3
"""مسار""",3
أضرارا,3
النّظر,3
تمّت,3
اللّغة,3
"""فوبوس",3
خدة,3
مجانًا،,3
يؤكدون,3
بيئية.,3
بوادر,3
وزو,3
برية,3
للمخاطر,3
شقيقة,3
للصمود,3
منظم,3
الدعائية,3
للسياراتِ,3
برونزيات)،,3
الاستفسارات,3
البنغلاديشيين،,2
بالانتا,2
الناخبين.,2
كوسوفو,2
والتوظيف,2
مقياسًا,2
ضيقًا,2
للجدارة,2
زهور,2
البلوغ،,2
حقائق,2
دراستها,2
تطلعاته,2
لمواد,2
اتصلت,2
بشارة,2
وباحثة,2
أمميّ،,2
السبائك,2
يُسرّع,2
فاخرة,2
للعثور,2
تجزئة،,2
المحادثات،,2
تتمسك,2
وتآكل,2
العازلة,2
متهمًا,2
بالإنابة,2
عنهم،,2
"""إبادة",2
"""انظروا",2
بالإبادة,2
إسهام,2
وزار,2
سريناغار,2
لوجه,2
الهبوط.,2
لإحضار,2
بروكس:,2
روبوتية,2
علمانية,2
14.5%،,2
القضائيّة,2
وتعلّم,2
"جرونت""",2
ملكًا,2
“الهجرة,2
13.39,2
0.07%,2
اللقاحات.,2
تطبق,2
ولوحة,2
يُواجه,2
والمشجعين,2
انتباهه,2
تخاطب,2
فكرتك,2
المديونية,2
ويضعف,2
مسبق,2
الأمازيغي,2
ستتعاون,2
بلدانهم.,2
بالسوار,2
وعرضه,2
والمعاملات,2
(بزيادة,2
قارية,2
الكربونِ,2
بأكملِها,2
بوتسوانا.,2
674,2
ليعتلي,2
بالنزاع,2
العاديون,2
الجفاف،,2
الخامس.,2
تمديده,2
الرصيد,2
أزمتها,2
ترجمته,2
لقوا,2
الغاشم,2
يأتى,2
لرفض,2
تسلق,2
المتنافسة.,2
فيدرالية,2
ولوس,2
للمباريات,2
المستحقة.,2
وشهود,2
محطةزابوريجياالنووية,2
نانومتر.,2
تكتب,2
وبرونزية,2
السلفادور,2
تعاطوا,2
المركزين,2
للسيارات،,2
طرازها,2
منيف,2
"والمقاولات""",2
ويتضح,2
المتكبرين,2
والجامعة,2
وأنقاض،,2
وشح,2
والطبية.,2
سي،,2
للجغرافيا,2
و65,2
وجددت,2
إنهاك,2
"""البنتاغون""",2
الرقصات,2
"السورية"".",2
للمكتبة,2
لكاميرات,2
والقرب,2
وطبيعتها,2
ثالثا,2
"الأوروبي"".",2
أقرها,2
"""بلومبرغ""،",2
جذورهم,2
فاينبرغ,2
"""مجلس",2
المحدد.,2
وأسهم,2
طفلها,2
يبدو.,2
ويتزايد,2
يغلي,2
الفلفل,2
أذونات,2
نيروبي،,2
تفويضات,2
وسياسة,2
تعلّم,2
بحلف,2
البلطيق.,2
إبداعات,2
هربت,2
تاركةً,2
يحكمها,2
أبذل,2
615,2
159,2
هيمال,2
قطر.,2
إيرانيًا,2
النبات,2
سلبيًا,2
العريس,2
إعراب,2
التزامهم,2
قوّات,2
بطارية،,2
السياسيون.,2
للبورصة,2
تناقضًا,2
والميزات,2
الناطقون,2
275,2
"الصينية""،",2
المغلي،,2
يُقدم,2
الليمون.,2
مترين,2
سنًا.,2
داتا,2
ساعتين.,2
ودفنهما,2
وواتساب،,2
القوّات,2
"العادية""،",2
نظري.,2
الاعتمادية,2
سائح،,2
آيفكس،,2
لجاكوار,2
وارجيو،,2
للكفاءات,2
بكيت,2
يعتدون,2
طموحة.,2
الاحتجاجية,2
لوفرة,2
متظاهرين,2
والمقترحات,2
والمحاكمة،,2
السليم،,2
للتوقف,2
ويرفض,2
وغيرهم.,2
المياهُ,2
83.9,2
84.3,2
"""الدول",2
وسيعود,2
قضائية،,2
للنصوص,2
دقيقاً,2
والاكتئاب،,2
واضطرابات,2
القلق.,2
للموهبة,2
فصله,2
"يحدث"".",2
الفتيات.,2
رحيم.,2
"""قضية",2
مدنًا,2
كيميل,2
منصةً,2
يُستشهد,2
رقمي،,2
استرخاء,2
البابونج,2
يُساهم,2
وحثت,2
نهايةِ,2
لأكون,2
وبالعودة,2
كوتونو,2
ثوانٍ,2
أسعى,2
لتحقيقه,2
وتفويض,2
ضيوف,2
مذبح,2
الآلهة,2
والارتباك,2
المقابر,2
بمسيّرات,2
مصادرها,2
قلبي.,2
ريني,2
بشاحنة,2
الإحالة,2
لوهاني,2
القصصي.,2
حدوداً,2
الحياة؟,2
"""شاومي""،",2
وي,2
الأرق,2
الصلح,2
لسكّان,2
الأصلييّن,2
نوعه.,2
توسطت,2
مشهورة,2
ترويض,2
محاسن,2
أوساط,2
يسلطون,2
1977،,2
الوعرة,2
ورعونتها،,2
وإخلالها,2
كمدربة,2
مفترسة،,2
تذكاري,2
منافسي,2
والمغرب،,2
مسؤولتين,2
تمييزًا,2
تايواني,2
مجدية,2
(28,2
أبدا,2
مزدهرة.,2
بشرب,2
والجسم,2
اللطيف,2
الادعاءات،,2
الإرهاب.,2
أحادياً,2
لدونالد,2
بموجبه.,2
رمزي،,2
الألسن,2
فول,2
الأوكراني،,2
بالسعادة,2
كليتشكو,2
نقلوا,2
العرض.,2
٢٠٢٣،,2
الكويتي،,2
المشغولة,2
الأسطورة،,2
وحققنا,2
"جدًا"".",2
المطابخ,2
متناسبة,2
المهمشة,2
سيحاول,2
وتتناول,2
يتمسك,2
العربيةبنهاية,2
الفني.,2
لمسته,2
بصفوف,2
تنجح،,2
نزحت,2
الاسم.,2
الجامايكية،,2
غيبوبة.,2
2028م.,2
الوثيقة:,2
المكسيكية،,2
"""تدابير",2
"الصين"".",2
روالبندي،,2
وشهادات,2
العيان,2
اليدوي,2
بمعدات,2
وإخفاقات,2
العدائي,2
مضت،,2
منصاتها.,2
بلدنا,2
لغات،,2
ومنتخب,2
"""كوبا""",2
وتدفقات,2
التنفيذي.,2
حشوات,2
العالية.,2
أساسي:,2
استكمالًا,2
لوتواك،,2
وبلورة,2
معالجته،,2
أنسي,2
خمسينيات,2
وحولها,2
الجنسيات,2
شائعة،,2
لأنّها,2
العملات،,2
"معهم"".",2
بالصواريخ,2
حُرم,2
لائقة،,2
إرسالهم,2
عوامي،,2
كفرصة,2
والاستخراج,2
عامٍ,2
والمشروبات,2
أقصى.,2
مفاده,2
بيعها,2
إجهادًا,2
مائيًا,2
يعتبرونها,2
للحبوب,2
الطحين,2
المصريين،,2
اعتادوا,2
مورنينج,2
بوست,2
لعلّ,2
الأمني.,2
وخبير,2
لغير,2
اللامتناهية,2
استيرادها,2
معززًا,2
المنفصلة.,2
فعلياً,2
الهادف,2
178,2
المجتمع”,2
(تويتر,2
للصندوق,2
كاباردينو,2
تمردت,2
المسلحين,2
رزقي,2
بالاستيلاء,2
أتكينز،,2
المصنعة،,2
“ماذا,2
أجمع.,2
دعمه،,2
إسقاطه.,2
السيادة.,2
ينفد,2
"""نفياً",2
قاطعاً,2
تروّجه,2
لقسد,2
وطوكيو,2
جيفريز،,2
والأكاديمي,2
الصعودية,2
فهمهم,2
والمتوسط,2
التشريعات،,2
وأصدقائي,2
والتصنيع.,2
السلبي،,2
الهجومي.,2
جذري.,2
وتشغل,2
تفكيره,2
الإثيوبي.,2
"النهضة"".",2
فوري،,2
إنصافًا,2
للمساعدات,2
كشرط,2
تتجمع,2
والاعتداءات,2
سيروندولو,2
وسافر,2
واحتمالات,2
اليوريا,2
تحقيق.,2
استدعاء,2
مهندسي,2
(شينخوا),2
غافن,2
نيوسوم,2
التزامن,2
39%.,2
سيستفيد,2
والشؤون,2
هندي,2
بفرص,2
الأبرشيات,2
قديمًا,2
وصرف,2
رافضاً,2
المحاصصة,2
بالانخفاض,2
الهاتفية,2
"""أنقرة",2
"""آسيا",2
"بوتاش""",2
الفوسفات،,2
تستأنف,2
صعوبة.,2
التعدين.,2
التسليم،,2
"الأوزان""",2
وضعًا,2
مماثلًا.,2
السباقات,2
2000.,2
للصخور,2
صباحًا.,2
للمشتري,2
عاجل،,2
أنذر,2
بعشرات,2
تمهيدا,2
لقصفها.,2
نمت,2
"""استعراضي""،",2
"""إطلاق",2
تُصور,2
الاستقبال,2
جلي,2
والنقوش,2
والضيافة،,2
"للبلاد""،",2
سيوقع,2
مستحيل,2
الرئاسية.,2
الغذائي.,2
الفيروس.,2
المحظورة.,2
مدد,2
ذوو,2
تعزو,2
إنهاءها,2
والتهريب,2
وتخريب,2
وطالبة,2
وتطرح,2
يجيز,2
والحيوانات,2
بالقصص,2
لينهي,2
المطهّرات,2
شوتار،,2
قضائي،,2
يرتكب,2
للبرلمان,2
مشتبه,2
وتتأثر,2
فاتي,2
الجريء,2
تحظ,2
“القوات,2
عميقة،,2
طالبه,2
"لحماس""،",2
ردّ,2
"حماس"".",2
وثقته,2
يوضح:,2
ويشجع,2
اتصالًا,2
درمان،,2
مكن,2
للتقدم,2
أحرزته,2
آباؤهم,2
فيتولد,2
وستتوقف,2
جميعهم,2
بأمن,2
وأنشطة,2
128,2
القمر،,2
وجاذبيته,2
عزيزة,2
لأرض,2
زهيد,2
بالجهاز,2
ودية,2
مناسباً,2
غروك,2
القوت,2
مستهدفةً,2
والفن,2
لسرقة,2
وهياكل,2
ومتغيرات,2
الثقافة.,2
التبويب,2
"""المتابعة""",2
تسلمه,2
مؤخرا.,2
والمزيد.,2
7.2,2
الفندقية,2
مستقراً,2
الاحترام.,2
"الدبلوماسية"".",2
إسبانية.,2
رحّب,2
بالإصلاحات,2
تنفيذها،,2
وبدعم,2
معدودة،,2
الكتف,2
استقالته,2
بالخارجية,2
سيتوجه,2
طارئة،,2
المتوافرة,2
استقطابًا,2
مرورها,2
وحرمان,2
ووسعت,2
للمنشورات,2
نيوسي,2
خطُّ,2
النفطُ,2
كمجرمين,2
بالمعادن,2
متزامن،,2
عرضها,2
شيكو,2
باردو,2
واستثمار,2
بتعطيل,2
بانهيار,2
المخملية,2
العمال،,2
112,2
5.8%,2
وإحدى,2
بمهمة,2
"""إنستغرام"":",2
سأعتزل,2
سعيدا,2
جدا،,2
ممتن.,2
وإدخال,2
نرد,2
4.3%،,2
تكريس,2
تشيلي،,2
ونقاط,2
الثورات,2
المواضيع،,2
وقضى,2
"و""ريديت""",2
البلغارية,2
"يوماً""",2
والعمالة,2
المخاوف،,2
الأقلّ,2
الاستثنائية،,2
وجهته,2
موجودة،,2
كنّا,2
أكدت،,2
ورثناها,2
مقاعد،,2
بإبعاده,2
وتبع,2
الاتحاديين,2
خدوشًا,2
مخاوفَ,2
دويتشه,2
لأمر.,2
سيتولى,2
"""اضطرابات",2
ونماذج,2
روسيًا,2
بالطلاء,2
والماعز,2
"""العربية",2
أساسيين:,2
بست,2
سمّاها,2
للمدافعين,2
ومجال,2
الموظفين،,2
الرفاعي،,2
بالتاريخي،,2
شاكراً,2
سوات,2
البائع.,2
وانتشارها,2
عملاءها,2
للظهور,2
يُعَدُّ,2
عمليّات,2
وتعليم,2
أصيبوا,2
يصطفون,2
تضمه,2
متين,2
تسليمًا,2
السابقون,2
المروية,2
تعافى,2
متعثرة,2
3-6,2
القرمزي,2
المطرزة,2
وفرع,2
طاهر,2
اشتباك,2
مسارها,2
لاقتراض,2
للبنوك،,2
خارجًا،,2
تعليمه,2
وإنتر,2
الديناميات,2
مهامه,2
وعلبة,2
أُدرجت,2
متفائلة,2
سومو,2
فليكر,2
مسارهم،,2
الكنائس,2
الأنوار,2
البركانية,2
التمارين,2
الإمكان.,2
المعدة،,2
والسويد,2
الاغتراب,2
وساعات,2
سطحيًا,2
بالاستهلاك,2
منحنى,2
فالتفاصيل,2
المشتركة؛,2
الصادرة،,2
"""ملتزمة",2
والالتزامات,2
نشب,2
وبدايات,2
للأمام,2
لاستئجار,2
ومواقف,2
التدقيق.,2
وستبدأ,2
بحذرٍ,2
وتوظيف,2
والشروع,2
تعقيم,2
للقواعد,2
المسجون,2
وفيات.,2
ولتنفيذ,2
جلوس,2
المنضدة,2
أدواتٍ,2
مثالي،,2
متساوٍ,2
دومًا,2
وأوصى,2
كشوف,2
للاستهلاك,2
صد,2
مُشيرًا,2
17.,2
بجدة،,2
كسوف,2
الصحيحة.,2
الجيوسياسي.,2
وآل,2
و2020.,2
الخطوات،,2
سلامته،,2
ثابتة.,2
الطيران.,2
الديموقراطية,2
بحوزتهم,2
الفعلية.,2
للمرحلة,2
ساندو,2
استقصائية,2
الاحتمالات,2
للاختراق،,2
يقوموا,2
انتبه,2
بمحطة,2
التوليد،,2
امتلاكها,2
واضحا,2
العادية.,2
جويل,2
"""أساس",2
الطرح،,2
الرأسمالي,2
"التكنولوجيا"".",2
والوضوح,2
أنشأتها,2
أولينا,2
بايلين,2
مشاريعهم,2
للغة.,2
والأزمة,2
وحروب,2
القارب,2
الحائزون,2
ذويهم.,2
فيمنطقة,2
الطلبيات,2
3،,2
بنسلفانيا,2
التكتل.,2
3.6,2
بالمبادئ,2
وبناة,2
سوقا,2
أمازون.,2
"""العقيدة",2
الأغرب,2
غزة؟,2
جوسيب,2
وارسو,2
اللوتين،,2
الحلوة,2
استخدموها,2
والترهيب,2
المزمن,2
المتزايد.,2
ويدعو,2
والإفصاح,2
الرجلُ,2
تصدم,2
عُيّن,2
فسخ,2
وتدخلت,2
يصلح,2
لاستهلاك,2
"سترايك""",2
وتنسيقه,2
ارتدى,2
إلفيس,2
س.ق:,2
بتبادل,2
وثقافته,2
ياشاريفيتش,2
أبدًا”,2
المعاهدات,2
طويلًا،,2
الظلال,2
البلدات,2
بتحميل,2
مقربين,2
القاسمي,2
عصابات,2
فاسو.,2
الشتات،,2
الجحيم،,2
فويسز,2
رأيي,2
للسيارات.,2
والأدوار,2
حله,2
وتأثيره,2
الشبان,2
ملاءات,2
فاطمة،,2
بيجوت،,2
المحددة،,2
انتماء,2
هجماتٍ,2
فلسطينيًا,2
العسكرية”.,2
المتبناة،,2
يُستعمل,2
والثقافات,2
للمرافق,2
أرتيتا,2
هبة,2
الحدودي،,2
للتعريف,2
أسهمنا,2
الوهمي.,2
المرحوم,2
"""إجراء",2
لتفكيك,2
كارثية،,2
والفصل,2
للوقوف,2
بتعليقات,2
"أوروبا""،",2
الحضرية،,2
تهبط,2
"منه"".",2
لآسيا,2
الذهاب،,2
الضريبة،,2
الشعر،,2
انتشاراً,2
جلادكوف,2
لحيازتهم,2
شمولية,2
مواردها,2
تايلاند،,2
ومبيعات,2
٢٨,2
ثانٍ,2
توجيهها,2
المخيم,2
سافروا,2
منفصلين,2
عطلت,2
متنازع,2
للقيادة,2
حكومتك,2
الترفيهية،,2
أورده,2
استحداث,2
المكياج,2
حاضرة,2
ويقام,2
وجان,2
"لـ""العربية.نت/الحدث.نت""",2
بيبي،,2
مشابهة.,2
فالحرب,2
تطورًا,2
ستاد,2
خشبي,2
255,2
وفنزويلا،,2
عمليتك,2
عمدًا,2
المحو.,2
مناسبًا,2
والقانون،,2
كلمته،,2
عُلّقت,2
محمولة،,2
والمسيرات,2
أزمنة,2
الأديان,2
لاحقٍ،,2
بَرميلٍ.,2
رصاصة,2
ولادته,2
لشغل,2
الحساسة.,2
الماريجوانا،,2
غرام.,2
المتة،,2
الإمام,2
السلوم،,2
وألوانها,2
الرأسمالي.,2
اتفاقا,2
إخماده,2
فارمان,2
شينواري،,2
المصالح.,2
للرياضيات,2
ميداليتان,2
بكيف,2
بالفيروس,2
الزخارف,2
أجرًا,2
بشروط,2
بيئيًا،,2
تدريجي،,2
جمالها,2
5.,2
تعريض,2
2034,2
وتسع,2
لبذل,2
التنمية،,2
امتنانها,2
وحذّر,2
فساد,2
ولكنني,2
للقطاع.,2
حصرياً,2
تابوزيريس,2
للمدينة.,2
المحفزات،,2
جسدي،,2
نظّم,2
بفرصة,2
وتراثها,2
وسيستحدث,2
اختلف,2
ثلثي,2
أوانٍ,2
بلاغًا,2
تورخام،,2
انخراط,2
البنيةِ,2
البيض.,2
سياساته،,2
يفكك,2
الليبي،,2
الامتحانات,2
كابيتال،,2
والتشريعات,2
شرع,2
متصل,2
"""شنايدر",2
"إلكتريك""",2
جراح,2
والدورات,2
الغذائية.,2
المدعوين,2
الاجتماع.,2
سيخدم,2
اهتماما,2
لحالات,2
التعلق,2
لتكريم,2
وتصور,2
اشتعل,2
للطلبة,2
اللائق،,2
قسّم,2
محترمة,2
وعشية,2
أتابع,2
تقاريره,2
الإنسان”,2
وصحفيين,2
للبعض،,2
تي.,2
متاحان,2
المظاهرات،,2
والقوانين،,2
الوصمة,2
تحسّن,2
تستقر,2
تعميمه,2
يُحيي,2
“هيئة,2
والأشغال,2
بروتي,2
هامًا،,2
الممتلكات.,2
كتل,2
متتاليين,2
رغوة,2
فسيفساء,2
كرست,2
استراحة,2
للراحة,2
اكتسب,2
إشادة,2
توازناً.,2
العملة،,2
يغرق,2
ويوي,2
بالهيئة,2
سيضمن,2
وفعالية,2
بيانه:,2
هافيل،,2
استقرارًا,2
نكمل,2
المعسكرات,2
أوميغا-6,2
تشتري,2
التحول،,2
خيام,2
الكابيتول,2
الراهب,2
348,2
يرسلون,2
الأساسيات,2
منوطة,2
ويعادل,2
ميزانيته,2
تتعقب,2
الفضيحة،,2
كأكاديميين,2
وصية,2
فرضِ,2
لاك,2
خالص,2
المتوفين،,2
تتأهل,2
بالقيود,2
جارتها,2
خلُصت,2
استكشافية,2
الناجيات,2
العبودية,2
أميري،,2
وتحدد,2
ملاذي.,2
أهله,2
قُدّم,2
استقلاليته,2
تلقَّى,2
يكونَ,2
انتقالِها,2
معالجةِ,2
القمع،,2
كاراب,2
مقررة,2
قصةً,2
الريفيات،,2
والإنجابية,2
المنال,2
الـ15،,2
تظلُّ,2
مكانٍ,2
والمستهلكين,2
النشأة,2
ومالطا,2
وأندورا,2
والأردن،,2
بمدن,2
القلوب,2
هرباً,2
الطفلان,2
ثانية.,2
الرَّواسبِ.,2
والملف,2
الكردي.,2
أرَ,2
أعطي,2
بالتمويل,2
وحثّ,2
الاستثناء,2
اليورت،,2
التايوانية,2
راهبان,2
المؤمنين،,2
والصراعات.,2
الحليب،,2
كذبة,2
إيفين,2
بالقمع,2
الظاهر,2
وضربة,2
ودافع,2
تأكيدها,2
الفولي،,2
المصاب،,2
المحترفين.,2
المواردَ,2
(مايو)،,2
الرمزية.,2
يقطنون,2
نصراللّه,2
يحيي,2
استفزاز,2
مميزة،,2
تألق,2
الوكيل.,2
طائراته,2
ببيروت،,2
المحرومة,2
68%,2
عاجزًا,2
نعيشها,2
كلارك,2
الصّيني,2
ويعانون,2
روتا,2
غالانت،,2
للعصر,2
والنمو,2
تسييل,2
الاسم،,2
أجندات,2
السوربون:,2
وصادقة,2
وكوشنر,2
والمملوكة,2
للاستعمار،,2
والتحرر,2
بالتقنية,2
305,2
الإجهاض،,2
للقاضي,2
الانقسام،,2
الأخطار,2
ثيرم،,2
اكتُشفت,2
سلب,2
لمبيعات,2
عصفت,2
أسونسيون،,2
كونغ:,2
المزدوج؛,2
تنبه,2
بتحديات,2
عصابة,2
الشهادات،,2
أربيل,2
بالأرض,2
التلوث،,2
الصيدلانية,2
بوني,2
ضاهر,2
0.8%،,2
ويلت،,2
ونتنياهو,2
سيلتقي,2
الخوادم,2
بخطوة,2
سبلًا,2
المروِّعة,2
واعية,2
منتقدي,2
يتمتم.,2
قبله.,2
وأصيبت,2
تنتحر,2
وتوجه,2
شبكاتها,2
وستركز,2
الحلال،,2
تحقق،,2
سريع.,2
حصصها,2
مساهميها,2
المحمول،,2
تصرفه,2
للسوريين،,2
حماة.,2
كيام،,2
بتوقف,2
"""خصوصية",2
بياناتك,2
ونريد,2
واحدا,2
ويشعرون,2
وتتلقى,2
شعوري,2
المؤهلين،,2
أسبوعًا,2
الساندينية,2
الثمانينيات,2
بالحكومة,2
واستبدالها,2
مفتوح.,2
التخرج,2
تليق,2
العلمية.,2
والتغييرات,2
جذاب,2
الميداني,2
تضررًا.,2
إتقانها,2
بحوزته,2
ممتلكات,2
طُرح,2
ومؤشرات,2
والتشغيلية.,2
غراهام,2
الفصلية,2
وثامنا,2
ورابعا,2
للصحافي,2
ثالثا،,2
وخامسا,2
"دولية""",2
والخارجية،,2
مزدهرة،,2
"بلو""",2
طمأنة,2
السيادية،,2
حياةٍ,2
معطيات,2
للقانون،,2
مربوطة,2
للكهرباء،,2
لإقصاء,2
مسلحًا,2
مرموقة،,2
ومتحف,2
تجريبي,2
تقيّد,2
مدونتها,2
غسل,2
محللي,2
تأهب،,2
استحقاق,2
المتصاعد.,2
160%,2
المطورين.,2
787,2
وإنها,2
استكملت,2
وتنتظر,2
سي.إف.إم,2
إنترناشونال.,2
إيرل,2
المتداولون,2
يصلنا,2
فرصةً,2
مراهقين,2
ميتين,2
كويتا،,2
تكيّف,2
لانداو,2
وعمال,2
الكليات,2
توفيرها,2
دافئًا,2
وبغداد،,2
العائق,2
البطة،,2
النور.,2
سونغ,2
تدفعها,2
دي.إن.أو,2
شحنه,2
وشريكتها,2
"إنرجي""",2
قائماً،,2
تلاه،,2
"""جيت",2
الجرعة,2
الإقليميين،,2
المصوتين,2
بالسعودية,2
مشروب،,2
التمهيدية,2
زهران,2
روبكه:,2
"""ندرك",2
حدده,2
للهند.,2
التغييرات،,2
قائدها,2
وطنية،,2
تندد,2
متضمّنةً,2
مرحّلين,2
المتمسكون,2
للمدرب,2
لليسار,2
أرادوا,2
تلقاها,2
صوراً,2
وتكتب,2
التنظيم،,2
والعسكرية،,2
التزموا,2
للديمقراطية.,2
للمتحدث,2
الست,2
إبداعًا,2
الأمونيا,2
السعوديةعن,2
كإنسان،,2
الإندونيسية,2
ويي,2
"إير""",2
(سبارك)،,2
يكفّ,2
إقليميًا،,2
والإعلاميين,2
هوياتهم,2
عودتهم.,2
ويستفيد,2
المحددة.,2
نيس,2
إيطاليا.,2
للتطوير،,2
للمحافظ,2
الغربيّة,2
وخصوصا,2
العسيلة،,2
تواتر,2
الواجبات,2
السُلطة,2
والدين,2
قدم،,2
عنيفة،,2
عدسة,2
أوضح،,2
صغره،,2
"دقائق"".",2
وفضح,2
«شارما,2
والرصاص,2
2.2%.,2
أملاً,2
وملابس,2
يحثون,2
التقط,2
بريبة,2
لمستوى,2
والحياة،,2
استعدادي,2
آبل,2
أركوس,2
متوازن،,2
عدائية,2
"""إيكو""",2
المغلقة،,2
البريطانيّ,2
التلويح,2
ويملك,2
برينتفورد,2
إيغور,2
ومؤسساتها,2
بالتراضي.,2
“معظم,2
للمساعدة،,2
حمايته,2
عيّن,2
السعال,2
"""هؤلاء",2
هيونداي,2
جورجيا،,2
الشهداء،,2
الحصان،,2
بتصريحاته,2
أحظى,2
التعقيم,2
هوس,2
مجردة،,2
بجدية.,2
ضروري،,2
جنسيات,2
قدماء,2
إرباك,2
ترابها,2
اللاجئين.,2
مستخدميها,2
المنطقة”،,2
الصحيح؟,2
الكمبودية,2
أكسيونوف,2
المعدات،,2
اقتصر,2
الفوهات,2
يُحتمل,2
ومؤلف,2
“الجدارة,2
ريجان،,2
سألتَ,2
واتهمت,2
خاطئ,2
سوشيلا,2
المتضررين.,2
السوفياتي,2
الخمسينيات،,2
فقط؛,2
التكلفة،,2
جاريد,2
وسيقام,2
ألفريد,2
انحراف,2
اعتداءاتها,2
بالنمو,2
إعانة,2
وتحافظ,2
السوفياتية,2
سعياً,2
فبين,2
المزعومة،,2
2063,2
تتدلى,2
باغماتي،,2
783,2
كيلومترات.,2
عراقيون,2
مطلعون,2
بخمسين,2
بالمخاطر.,2
تمتع,2
رقعة,2
“جانا,2
أندولان,2
جيانيندرا,2
بتحديد,2
المظلم,2
الخفي,2
الاستعمارية.,2
السحر,2
والدهشة,2
متبوعًا,2
تداخل,2
البخار,2
والجنوب,2
والمصري,2
والمغربي,2
"روفر""،",2
المحفوفة,2
ميونغ,2
بالصدمة,2
"جدا"".",2
صامويل,2
الجبيل,2
والعروبة,2
“خطيرة”,2
حيالها.,2
وتصحيح,2
التقرير:,2
خذلوا,2
عملوا,2
والقيادي,2
يُضيف,2
اللعبة.,2
214,2
نداءً,2
عاجلاً,2
البلاتين،,2
اتساق,2
السندات،,2
الطرح.,2
كافحت,2
كوادر,2
والإنقاذ,2
يُستغل,2
أكسنتشر,2
أوّل,2
أصليّة,2
الإبعاد,2
وأرضهم.,2
"إيروسبيس""،",2
لنظريات,2
آبي,2
المهارة,2
مبديا,2
موتورز,2
وولفرهامبتون,2
المرات,2
وثالثها,2
جفافًا,2
مكسيكو,2
سيتي.,2
​​سعر,2
“دولة,2
أدلوا,2
عملٌ,2
تترتب,2
صديقتي,2
ستحكم,2
الفجوة،,2
المشرق,2
بتنسيق,2
حزنًا,2
زاهر,2
حمو,2
بتخفيف,2
غيانا،,2
وتحركات,2
وتعديلها,2
ويُنصح,2
جلطات,2
"الأميركي"".",2
قادوا,2
بأقرانهم,2
وبسيطة,2
لاستطلاعات,2
"العمراني""",2
اليومِ،,2
متحيزة,2
والبيئة،,2
إقبالاً,2
يدق,2
امتلاكه,2
فيلادلفيا,2
جودة.,2
لحظر,2
دائما،,2
كفاءة.,2
ويقترح,2
الأذرع,2
"""نثمن",2
استثمر,2
فاتورة,2
الذروة,2
الأذن,2
الأدبي,2
الرّوسيّة,2
التوطين،,2
يضعه,2
للجامعات,2
نبيل,2
حقًا،,2
إطراء,2
يهودية,2
بالمناسبة.,2
4.9,2
أيّام،,2
البديوي،,2
عز,2
مراهقًا,2
والقتال,2
دراجة,2
كازاكس،,2
"10""",2
مؤسف,2
نانت,2
منصبه.,2
تمزج,2
والحضور,2
الشارع.,2
بلقبين,2
بالغة.,2
هيج،,2
والاستغلال.,2
مراسلين,2
بجماعات,2
تحلّ,2
الوثب,2
وترفض,2
وتتجاوز,2
1979،,2
والضيافة,2
"""عليك",2
وسبايس,2
للمخدرات،,2
"السعودية"".",2
تكرارها,2
بجملة,2
وشركائها,2
رأيتُ,2
مركزي،,2
حمادة,2
وشاركت,2
الكيمتشي,2
ورمزًا,2
للأزمات.,2
الهتاف,2
شيوعًا.,2
“أزمة,2
يُرفض,2
لبريطانيا،,2
التهمة,2
تآكلت,2
الاستعماري.,2
14.5,2
(145,2
للنزاع,2
آير,2
يدفعه,2
والمناولة,2
طابور,2
ذكرني,2
التزاماً,2
كالأعاصير,2
فورد,2
روك,2
يانارداغ,2
الاصطدام،,2
السعادة,2
المسيري,2
أمتعتي,2
خسروا,2
كتجربة,2
مستقبلي.,2
الإزعاج.,2
والدفاعية,2
المنقطعة,2
كلمتي,2
اليأس،,2
تجعلهم,2
واستند,2
تصادف,2
العربى,2
وتتوافق,2
التكهنات,2
رجحت,2
صممت,2
سلكت,2
الزمنية.,2
ويكيميديا،,2
والمنتخب,2
نهائيا,2
تذكّر,2
واليأس,2
والهجرة,2
متداخلة,2
المنتظرة,2
«تيك,2
توك»,2
والسرقة,2
أردوغان.,2
الحجري,2
لبحر,2
نصرالله،,2
ديني،,2
تلى,2
إيرانياً,2
سائر,2
المتعبة,2
للإساءة,2
والحواجز,2
يفهمون,2
لرستان,2
بالمياه.,2
"""فولكس",2
"فاغن""",2
السيطرة،,2
الخطورة،,2
الطاحنة,2
منافسًا,2
طهي,2
تاريخية:,2
مترًا،,2
المطاطية,2
وروسيا.,2
يتذكّر,2
لاجتياز,2
قيودِ,2
جعلني,2
للروبوتات,2
معلمة,2
إيراداتهم,2
والمشغلين،,2
علاقتهن,2
"ستيل""،",2
والصعوبات,2
(0000,2
للأجيال،,2
إسرائيليّة,2
العنيفة،,2
مرارا,2
موائل,2
الخرج,2
ويُقدم,2
شعورها,2
المؤشر،,2
لكِ,2
بالمعلومات،,2
وإلحاق,2
دهاة,2
الخبر،,2
إنساني،,2
منطقتنا،,2
بإرث,2
للجهود,2
جيسي،,2
وبالمثل،,2
المصدرين,2
تريليونير,2
هولغادو،,2
وإيمانول,2
ماتشوكا،,2
فيتور,2
برانداو,2
فيغيريدو،,2
إيرازابال,2
وهيكتور,2
الأميركيةعلى,2
يقيمون,2
للعلاقة,2
ووصفته,2
والدائم,2
"""تلغرام""",2
العامة”.,2
"للبقاء""",2
يمنحهم,2
شنه,2
غزة”,2
"بلاي""،",2
التطبيقات،,2
المضيئة,2
العالم؟,2
بالأرقام,2
ومسار,2
وسبعة,2
فيليبي,2
ورودريغو,2
المتعمدة,2
الجولةِ,2
الثانيةِ,2
الانتخاباتِ,2
مرَّةً,2
وتحيط,2
الجهات،,2
مستقرة،,2
"باك"".",2
هيفيل,2
سيرانو،,2
لانتهاكهم,2
الدوريات,2
رايشه،,2
1.13,2
تورطه,2
لإرادة,2
يستمرون,2
يتقاضى,2
سكّان,2
"""التقرير",2
المُدارة,2
ومتجاوزة,2
فراغ،,2
"""إم",2
بذلتها,2
نتائجنا,2
التحريات,2
للطبيعة,2
ألكسي,2
مطلعين،,2
الأنثروبولوجيا,2
ومجزرة,2
الإهانات,2
التفاعلي,2
ونصوص,2
“القوة,2
الجزائر.,2
الجنوبيةاليوم,2
أثرياء,2
إكسارشيا,2
سكنية.,2
الترجمان,2
الانقلابات,2
مايو/,2
يدافعن,2
بهن,2
ينغمس,2
قرية.,2
سنت,2
للكيلوواط,2
جهازي,2
والإمارات.,2
للمناجم,2
والكوبالت,2
هدم,2
وشفافية,2
"""لاما""",2
الربعين,2
ويحتفظ,2
وجيوسياسية.,2
مالية،,2
إلكترونيًا،,2
رئيسيتان,2
والأردن.,2
موستار،,2
اثنين،,2
العجيبة،,2
3%،,2
ملحًا,2
سجينات,2
مستقلًا,2
يستوفي,2
وتأسس,2
الأوروبية(ألمانيا,2
وتنشئ,2
تفضيلية,2
احتفال,2
الاضطرابات.,2
يفهموا,2
خالف,2
سيعلن,2
تستوفي,2
ستتطلب,2
درنة.,2
المساجد,2
طلباً,2
الدوق,2
المبيعات.,2
الزاب,2
والتركية.,2
وإيطاليا،,2
زينت,2
والسود،,2
1894,2
للعين,2
وبن,2
سائل,2
آلات,2
أجلها,2
الشعبي،,2
المستشار:,2
"الطائف""،",2
أختار,2
وشبكة,2
التفاح،,2
التصميم،,2
والبناء،,2
تأجيلها,2
للبناء,2
المقشات,2
تكره,2
القواعد؛,2
فعله،,2
أيَّ,2
وإنكار,2
ودينا,2
بالتطبيق,2
قدمي,2
بلبنان.,2
بسلاح,2
وستبقى,2
نزيه,2
والحياد،,2
الجرارات,2
والسياسة.,2
وعلقت,2
آنكي,2
مضحك,2
«الديمقراطيون»,2
ويحلم,2
جيرارد,2
الإصابة.,2
روما،,2
بالمجاعة,2
كروم,2
الإجرائية,2
سيبرانية,2
والأسلحة.,2
25.9%،,2
والتوزيع,2
يعرفونه,2
"""أورستيد""",2
إنستجرام،,2
منزلي.,2
كاي،,2
وتبرّر,2
شكره,2
العدو،,2
وأقدر,2
حوارية,2
"""مواجهة",2
السمكية,2
تخطر,2
ببالي,2
فني.,2
تقصي,2
تناولوا,2
باراجواي،,2
بسيطًا.,2
بناه,2
1968،,2
بوهين,2
الانتقادات،,2
الأهليّة,2
“نعمل,2
سيصل,2
ميونخ،,2
للآلة,2
يثقون,2
راسية,2
غوغل،,2
الاعتزال,2
إنسبروك,2
المتوازن،,2
حاسم:,2
1981,2
وتعديلاته,2
أضفت,2
شعباً,2
منهُ,2
الاشتراك.,2
الفرسان,2
الوزراء:,2
ثقوب,2
وأدوية,2
روّج,2
مفيدًا,2
“تسلا”,2
والمكان,2
الكون,2
للقائمة,2
سوريون,2
سوزان,2
العطرية,2
والحافلات,2
"""نتلقى",2
(بنيامين,2
نتنياهو),2
الإعدادية،,2
هنيزدو.إنسبروك,2
إنجازاته,2
وقرار,2
بيردو،,2
“نشأت,2
البهلوانية,2
تسارعا,2
الاجتماعيِّ,2
بقوة،,2
المحافظات،,2
يُحصى,2
حريق،,2
جدالات,2
الزلازل,2
يقاتل,2
وأخلاقيًا.,2
التجميليّة,2
باقات,2
إنتاجية،,2
يستغلون,2
المتكافئ،,2
لمصرف,2
مارتين,2
الأحفوري,2
والإدارة.,2
الائتماني.,2
صالحي:,2
ودارفور,2
وليلى,2
بالتجسس,2
نتفق,2
الماريجوانا.,2
ميدان،,2
أخذنا,2
نزاعًا,2
المهام،,2
تبديل,2
برواية,2
وهيئات,2
(لا,2
تذوب,2
لتظهر,2
الممنوح,2
نموًّا,2
سنويًّا,2
عيزوقي,2
إنيس,2
تشيشيتش,2
أفقده,2
"الاتفاق"".",2
المتوج,2
مختلفاً.,2
النواب.,2
دوليين,2
عنيفا,2
وجيوسياسية,2
قابلت,2
صوفيا.,2
بالعلامة,2
الصاعد,2
حديثا,2
غالبًا.,2
مها,2
والوشاح,2
كرال,2
آمناً،,2
أوقفته,2
تُمكِّن,2
نيوز”,2
تجاوب,2
الخليجيون,2
موضوعية,2
تغييرًا,2
ستّة,2
الجسيمة,2
معنوياتي,2
جدتي.,2
والنفط.,2
وعطاء,2
"مصالحهم"".",2
انطلاقًا,2
يساء,2
المسيرة.,2
ملعبه,2
أضخم,2
بري،,2
القسط,2
سينخفض,2
شهرياً.,2
محدود.,2
"""الدور",2
والنقابي,2
النقيب،,2
“أحيانًا,2
أحتاج,2
يكفي.,2
بالمرسوم,2
وبرلين،,2
"""إلكترونية""",2
تزوّدها,2
الحركات.,2
لمحتوى,2
ثري,2
فيالبورصة,2
الحوثي،,2
بقميصي,2
أبخرة,2
المشرف,2
نازحًا,2
للتظاهر,2
وأرسنال,2
دماغية,2
نتجت,2
خرساني,2
لعبه,2
تعديلُ,2
و1989،,2
بقيم,2
و23,2
برونزية.,2
مزينة,2
“تنظيف,2
ثقافتهم”,2
نماذجالذكاء,2
بأوراق,2
بإيداع,2
اليمنيون,2
"400,000",2
التنديد,2
وباستخدام,2
وتطويرها،,2
أتعلم,2
التردد,2
تناولها,2
وتتراجع,2
ثقتهم,2
تصدعات,2
توتنهام,2
رحلة،,2
تنازليًا,2
لديهم.,2
ناشط,2
مزعج,2
الميلاتونين،,2
راميريز,2
المزعجة,2
10.8%,2
بروسيا،,2
مرحباً,2
سيحمي,2
المسلسل،,2
يعرضها,2
الناضجة,2
ليتقدم,2
فيردر,2
وبيلاروس,2
رابحة,2
بحزمة,2
داكا,2
نسبي,2
تصوره,2
حجمًا.,2
المناهضين,2
"""مايكروسوفت"".",2
تجفيف,2
العد,2
والمقالات,2
6-0,2
تأجل,2
الأمطار.,2
ووُصف,2
لديها.,2
المصور,2
المحرر:,2
ومحتواه,2
أرنو،,2
أوليفييه,2
إكس:,2
مجتمعنا،,2
تكلفةً,2
بقواعد,2
الأوسط”,2
متجذر,2
وماء,2
الكحول،,2
الله».,2
"""مساعد",2
للبائعين,2
لتتولى,2
والخضروات,2
ونهر,2
والنيل,2
والجيل,2
والزراعي,2
سنبقى,2
أوردت,2
ومختبر,2
اللقاء:,2
باخشان,2
عزيزي,2
"و""تسلا""،",2
فلسطين..,2
والهندية,2
أوسطية،,2
استرجاع,2
الهول،,2
نتطلع,2
نفرض,2
يلزمنا,2
مزدهر,2
"فنزويلا"".",2
بلدك,2
“الشرق,2
يذكرنا,2
تسمم,2
محاصرة,2
ووضعنا,2
القومية.,2
"""نعتبر",2
جهده,2
سياساته,2
ساعدها,2
وحدنا،,2
بحرية،,2
غيري,2
والخلاصة,2
سحريًا,2
بمفرده،,2
المستهلكة،,2
دماغ,2
2012.,2
كومو,2
ممداني.,2
سرقوا,2
حضانات,2
يخفى,2
النزوح؛,2
كارثية,2
الموثوقة.,2
طلعت,2
مصطفى،,2
المول,2
السينمات،,2
مصرفيي,2
أزواجهن.,2
لإجبارها,2
وحرق,2
والفساد.,2
لمواطنيها,2
تردد:,2
عاقب,2
اليد،,2
بشاشة,2
الترينيدادي,2
روميو,2
باريس.,2
31%,2
أيرلندا،,2
متعدّدة,2
أفكارًا,2
استقطبت,2
أركز,2
و650,2
المغمورة,2
إيوي,2
ومساحات,2
وفخور,2
يُصعّد,2
مقترحاً,2
لحظاته,2
جسّد,2
لرجل,2
أحلام,2
بذكاء,2
سويتش,2
2،,2
الناتو.,2
التزلج,2
كراسنايا,2
بالنصر,2
الظلام،,2
معاملها,2
المتطورة.,2
تجديدها,2
والاتفاق,2
طرفي,2
أفريقي,2
بالخصوصية,2
الكيميائية،,2
والعبودية,2
المستثمرة,2
وأذون,2
4.8%،,2
إعاقة,2
بالكرسي,2
مساكنهم،,2
"""ماستر",2
"كارد""،",2
تقنية،,2
مكية،,2
منافسة.,2
تظهره,2
والطاقة.,2
203,2
لارتباط,2
والدبابات,2
وأقيمت,2
قبادا,2
منتجع,2
باختيار,2
والسرديات,2
الواسع.,2
"السابق"".",2
1219,2
تساعدني,2
لشرطة,2
قطرية,2
هيومان,2
بسيادة,2
الرقميةفي,2
211,2
بوصة،,2
للحكومات,2
عاطف,2
البروتوكولات,2
والتفاعلات,2
الجنينة,2
أنجاد,2
بتخفيض,2
وكي,2
سيشملون,2
"هورويتز""،",2
مانجمنت،,2
عراقيل,2
نصيحة,2
وأية,2
كإحياء,2
هامون,2
124,2
72,2
وينتج,2
رأسي,2
وسقطت,2
أسلافنا,2
متشائمة.,2
بالمرة,2
الغد.,2
والأجنبية,2
انخرطت,2
الطموحين,2
للمدفوعات,2
تأخير،,2
"""الاستقالة",2
"وصادمة""،",2
للمهاجرين.,2
مسبوق.,2
و4.25%،,2
نفطه,2
خبرتها,2
أساسية.,2
الأنابيب.,2
السلبيات,2
حالت,2
تجربتها,2
"""سوف",2
أوضحنا,2
الواقعية،,2
"""تسنيم""",2
تمهيدي.,2
الملموس,2
المستورد.,2
المختفين,2
السماعات,2
باحترام,2
بالتزامات,2
"""إيجاس""،",2
والتثقيف,2
عملياتها،,2
مقاومتها,2
الميل,2
خيارا,2
صحي،,2
والأفضل,2
والأوكراني,2
"المدنيين"".",2
فواكه,2
والدنمارك,2
والنرويج,2
3.650,2
فرصةٌ,2
لاستعراض,2
برازيليا،,2
163,2
وتغيّر,2
غيغابايت.,2
الليبية,2
هادئة،,2
ظهرت،,2
"فوراً"".",2
وإمكانات,2
شكلاً,2
للبحرية,2
الاقتراحات،,2
مكوّن,2
يراها,2
الإثارة,2
التسريبات,2
البحثي،,2
أوجدها,2
تُسهّل,2
الأماكن،,2
ومهما,2
تحققها,2
-ومع,2
إيرانبسبب,2
مستبعد.,2
أشرت,2
مارينو,2
ونفى,2
وضوابط,2
تقليدٌ,2
الأبنية,2
المطلة,2
389,2
الممول,2
قبلها.,2
متداول,2
سيناء,2
دورماز.,2
أكدالرئيس,2
مكّنه,2
جنيهاً,2
نهائي.,2
ودعتني,2
وتسليمها,2
وألزم,2
توضع,2
والفني,2
والعالمي.,2
باهر,2
للانتقال,2
مفيد,2
المساواة.,2
مقاتل,2
مفعول,2
ستُعاد,2
والعيد,2
فأوضح,2
شوك,2
تغذت,2
صخب,2
يوين,2
المزيد.,2
نأمل,2
هجومية,2
لإدانة,2
المحتجّين,2
ستمر,2
الكرام,2
إشكالات,2
وحسب.,2
الروابط،,2
كيبيك,2
أوزغور,2
أوزيل،,2
والمحكمة,2
الاختناقات,2
التبغ،,2
التايواني,2
وصفقات,2
والتواطؤ,2
وبحرية,2
لطرد,2
لمح,2
بمنتخب,2
يقفون,2
الرحيم.,2
شو،,2
أصدقائي،,2
لممثل,2
شركةغوغل،,2
دردشة,2
مهتمًا,2
سكنت,2
بأنفسهم،,2
التمثال,2
باراموندي,2
الاستكشافي,2
جيزيرو،,2
حساباته,2
أحدثته,2
نيتها,2
شجيرات,2
الثناء,2
علنًا،,2
وإعادتها,2
للتحليل,2
وتوجهاته,2
الصاعدة,2
قدميها,2
وتغذية,2
بينهن,2
المؤهلين,2
حض,2
المخيزيم,2
"""المشاريع",2
التمديد,2
دييجو,2
الله”,2
لشرح,2
غالون,2
2031،,2
كلمات،,2
حفاظا,2
الشجر,2
شحن،,2
429,2
الأداء،,2
والسيارات،,2
يتبعون,2
تحوَّلت,2
بنادي,2
يوسع,2
للناخبين,2
“تهديد,2
الإسماعيلي,2
لراوي,2
بمكونات,2
واحتفاظها,2
المركزي.,2
أسود،,2
عشبي,2
الحيوانات،,2
احتضنت,2
السكر.,2
يتحدثان,2
وأود,2
للمرضى,2
بردٍّ,2
بتسوية,2
يعبِّر,2
وكافة,2
والتركيب,2
والشفافية،,2
والشتات,2
المتبقين,2
“روساتوم”,2
التونسي،,2
ومنطق,2
والأخبار,2
للمعدن,2
والإعمار،,2
ونجاح,2
الداخليّة,2
والفيزياء،,2
للبريد,2
يُرسم,2
الراسخة،,2
واستدامة,2
القفازات,2
"""الواقع""",2
الإخفاق,2
والتقارير,2
تحدياتٍ,2
ودوافعه,2
الكردستاني.,2
المضاربات,2
وقويًا,2
نوفا,2
أسلوبًا,2
الميراث،,2
والانتماء،,2
والحكمة,2
بليز,2
الإنكليزي,2
التسهيلات.,2
مصنعين,2
عبدالغني,2
الإرهابي,2
الحاج,2
ظرفٍ,2
المصري),2
والعرق,2
والدموع,2
الشجعان،,2
ويُعدّ,2
وآسيا،,2
سيشغلون,2
وهدف,2
هيكلته،,2
تجميل,2
للقرن,2
بعيدون,2
لأوامر,2
الأضحى,2
"برس""",2
مروعة.,2
دولار:,2
أصنع,2
التأسيسية,2
سلامتها.,2
ستتنحى,2
كمديرة,2
لتجريب,2
للخطوط,2
أسبوعياً,2
تيمر,2
تكتيكات,2
"المفتوح""",2
سكك,2
المناديل,2
الشامانية,2
ورابطة,2
والوقت,2
رمزيًا,2
"""الأردن",2
ألعب,2
للخصوصية.,2
كاحله,2
متأكدًا,2
و6-3,2
تتحوط,2
كلارك،,2
178.,2
عنيفًا,2
قصد،,2
لمستويات,2
لفان,2
يشرف,2
نشروا,2
الإنجيليين,2
المُمنهج,2
الخزانات,2
وأمطار,2
ونيويورك,2
"""تحالف",2
"""قادر",2
والمادي.,2
للمشروع،,2
شعوبها,2
وبنات,2
الطفلة,2
ذلك؛,2
رافا,2
ماركيز،,2
اللامحدود،,2
حاجي,2
أثبتوا,2
والفاتيكان,2
لوثائق,2
دمرته,2
والمؤثرون,2
تندفع,2
برنامجًا,2
والمنصّات,2
الإساءات,2
تحاصرها,2
للتراجع,2
ملائم,2
"فقط"".",2
والقيادات,2
انطباعاً,2
إجماع,2
بوليفيا،,2
والأوروبي,2
واضعا,2
الخطرة،,2
أدب,2
الشاطئ,2
الجميع،,2
أمسك,2
والجرحى,2
دوروف:,2
كيفين:,2
والجماهير,2
ومديرين,2
بإطارات,2
مارسيلو,2
كايل,2
"مزدهر""",2
الفاعلة،,2
تطويرية,2
بُعداً,2
قذيفة,2
الأضرار.,2
دفئًا,2
القواعد،,2
للبيئة,2
الرئة,2
حالتي,2
ميسي.,2
بإمدادات,2
تُضاف,2
الكتابات,2
تمولها,2
ممول,2
النوويين,2
وبرنامج,2
الوكالة،,2
مرشحات,2
طارئ.,2
ودينية,2
بدوية,2
يرسلها,2
تبعها,2
ركائز,2
هدوءًا,2
لرويترز.,2
الهجمة,2
الاحتفاء,2
والثقافي,2
واجتماعياً,2
يعزى,2
أوبك+،,2
للبترول,2
وحلفاءها،,2
أفعالهم,2
أميركيًّا,2
والمسؤولين,2
فيقطاع,2
3791,2
يحيى,2
عمقًا,2
الاستثنائي.,2
ولايته،,2
ستامفورد,2
بريدج,2
للحدود.,2
ثنائيا,2
الجمركية.,2
والقيادة،,2
واعتدى,2
نغوص,2
الداية،,2
الداية,2
"عمار""",2
أوسلو،,2
استخدمتها,2
ليعادل,2
والصناعات،,2
الليبراليين,2
المظلمة.,2
440,2
والتوتر،,2
المزمنة،,2
بنظر,2
عقداً,2
وبقيمة,2
يدفعني,2
لحياتي،,2
الوثائق،,2
«حل,2
الدولتين»,2
إفشال,2
نجاتي,2
جوزيه,2
يوصل,2
يفتقد,2
*كيف,2
"أنتويرب""",2
اتبعوا,2
وأربعين,2
تتساءل,2
بأبعاد,2
وحلاوة,2
مياهه,2
ألقي,2
ميدانية،,2
العلوية.,2
المفقود,2
1981.,2
استخراجية,2
لاندي,2
متسببة,2
النمساوي،,2
سينمائي,2
مصادرها،,2
والإثنية.,2
غابريال,2
الزبيب,2
المتمردين,2
فعلِ,2
بقاع,2
مجاري,2
أسام.,2
"سبورتس"":",2
مالها,2
وأموال,2
1991.,2
بمستوياتٍ,2
أتعاب,2
جيسيكا،,2
جدتها،,2
المرفق,2
"""يوتيوب",2
سليمة.,2
المسلحين.,2
الثنائية.,2
بالأمازيغية،,2
أمي.,2
البهجة,2
مقارنات,2
أنغولا.,2
المعارض،,2
بالبنك,2
الاشتراكية.,2
المكتوبة,2
خلافًا,2
إنهما,2
الهدنة,2
"""الحوت",2
الشعب.,2
فتياتنا,2
للالتزام,2
والمحاكمات,2
بشكله,2
مشاركًا,2
معالجتها.,2
والكيماويات,2
والأدوية،,2
العالمي”,2
تهيئة,2
بطلاقة,2
"الثقافي""",2
الاندماج،,2
بلوغهم,2
"""الإيواء",2
وتصبح,2
اقتصاداتها،,2
بالأسلحة,2
والأموال,2
التدريب.,2
غرق,2
غرينتش)،,2
للبنك.,2
لغوي,2
باومايستر,2
والملاحظات,2
أقصر,2
السكري.,2
الإنشاء،,2
والرؤية,2
للإبداع،,2
والنشر،,2
تذكرنا,2
بالين,2
184,2
ميماريان,2
ترقى,2
مصارف,2
أزمتنا,2
تيانانمن,2
التغذية،,2
الرواية.,2
الإيراني:,2
بيترسفيلد,2
ويستمورلاند،,2
قلقي,2
والمشاعر,2
وضعتها,2
الجنازة,2
نزهة,2
الإقرارات,2
نافية,2
799,2
لتدخل,2
الكواليس.,2
ميا,2
والملفات,2
المحتجزون,2
دونية,2
يقلقني,2
أقوال,2
نستخدم,2
«يا,2
بإمكانهما,2
ميتًا,2
بالفساد,2
إثرها,2
والسياسيين,2
السواء،,2
باهظًا،,2
4.75,2
بالمشروع,2
التسعينيات”.,2
11.5%,2
"""ندعو",2
…,2
الفهم.,2
الواسعة.,2
4-2.,2
(مصطلح,2
مياهاً,2
هشام,2
المحافظات.,2
نفسه:,2
"""بيربليكسيتي""",2
"و""مايكروسوفت""،",2
تلك،,2
الليثيوم.,2
متوترة.,2
ثقافات,2
للمحتاجين.,2
بانديوبادياي،,2
كارثي,2
مهددون,2
ببث,2
الأرمن,2
تطلّب,2
الخطورة.,2
كلٍّ,2
واستراتيجيات,2
240,2
العريض,2
تضحيات,2
لسنواتٍ,2
ماضيها,2
الاستنتاجات,2
وتوقيت,2
نظره,2
أوكلاند،,2
شيلا,2
إيبانا،,2
تاونسند،,2
التسويقي,2
لمحدودية,2
إمكانيات,2
ميليسا،,2
15-12,2
القانونيّة.,2
لك؟,2
أشهد,2
وتتسبب,2
للحوسبة,2
حمولة,2
واستراتيجية،,2
حياتنا.,2
مليمتر,2
تعرب,2
"تي""،",2
كراوس:,2
إف-18,2
سحابة,2
أديس,2
أبابا،,2
و5.7,2
والصلب،,2
العناوين,2
ويمكّن,2
المحاسبة،,2
الغابة,2
الكثيفة,2
صغيرًا,2
العلوية,2
المتصفح،,2
المُسجَّل,2
"الإيجار""",2
لسماع,2
الناشطات,2
و4.75,2
يجرد,2
فراغًا,2
عمله،,2
الناجحين,2
البيان:,2
لتبني,2
الشِّعابِ,2
عقلي.,2
الأحيان.,2
خشيته,2
القيادية,2
حفلة,2
لحث,2
بأصواتهم،,2
يُسجّل,2
نووياً,2
مزدوج،,2
يجيب,2
بوستمان,2
مثالاً,2
للوسيلة,2
لرابطة,2
ومعاداة,2
وتشدد,2
متطرفة.,2
دوس,2
وأقدم,2
الأنشطة.,2
1993.,2
لمرضى,2
وقصور,2
متعمدة,2
بالتصعيد,2
ومواصفات,2
المتسارعة,2
المتدهورة,2
خارجي.,2
اليابانيين,2
بالمعايير,2
المستقر،,2
للعائدين،,2
الساحق,2
النيء,2
الموسمية،,2
رشة,2
وسأل,2
الجميع:,2
رئاسته.,2
بالرئيس،,2
مكتفياً,2
بالتعليق:,2
"تشارلي""،",2
الرجلين.,2
إسرائيلُ,2
لحسم,2
والملايين,2
أوميد,2
"إيجار""",2
وللمُستأجِر,2
وللطرف,2
بالتسجيل؛,2
فتكونُ,2
يرأسها,2
الجغرافي.,2
أيِّ,2
علاماتٍ,2
توازنًا,2
انتظر,2
المقيمين.,2
حسنًا،,2
بعضًا,2
سلوكهم,2
كسره,2
أعلنرئيس,2
مشجعة،,2
تتحوّل,2
الأمدِ,2
المناخيةِ,2
بودابست,2
رقابةٌ,2
البروتوكولِ,2
لوسيانو,2
هالك,2
مقدّم,2
لمنزله،,2
الامتثال،,2
الرجل،,2
احرز,2
لمسكنات,2
مجدي,2
استشاري,2
وأوامر,2
السهم،,2
البلاستيك،,2
غالبيتهم,2
ثمين,2
“ثورة”,2
حروبها,2
حرصًا,2
التطورات،,2
إعادتهم,2
أمشي,2
باللحظة,2
وضعاً,2
تهديدهم,2
يصفونه,2
للشاشات,2
تسفييتكوفيتش,2
الناشرين,2
تلميذ,2
أسوار,2
والمالي,2
محاضرات,2
الكولومبي,2
غرقاً,2
كولكاتا،,2
نصّت,2
"والطريق""،",2
ليتجاوز,2
"""إتش-1بي""",2
وألم,2
المخيم.,2
قوة،,2
علني،,2
والتطهير,2
إنشائها,2
والاحتلال,2
ديمومة,2
يوشع,2
الطوارئِ,2
ليك،,2
ونشاطه,2
ليظهر,2
بيترو،,2
بحلولِ,2
ثلاثةَ,2
تعريضها,2
وسنواصل,2
متهمون,2
"""راي",2
المعادن،,2
"روك""،",2
كجوك,2
متكافئ،,2
بمفرده.,2
الجنون،,2
1983،,2
الإنجاز،,2
"""الحزام",2
البيطري,2
تكاملاً,2
والخيال,2
المغني،,2
المعيشية،,2
والسابع,2
جاهزا,2
المعلمون,2
أيضًا:,2
يكافئ,2
بالمشكلات,2
التسوق،,2
وستصل,2
بمقومات,2
بالإصلاح،,2
بصيري,2
"بالفعل"".",2
الصحفيات,2
وستيم,2
وتويتش,2
فضاءات,2
زغلامي،,2
تعبّر,2
يصفها,2
“الاقتصاد,2
التكتيكية,2
التهابات,2
والأيديولوجيات,2
خضعت,2
بتنويع,2
شريط,2
تُتخذ,2
نشرات,2
لمصر،,2
عراضة,2
فروا,2
زمالة,2
عمان،,2
عبري,2
"""عُمان",2
والإنساني,2
محسوم؛,2
المنجز,2
والفخر,2
أمسيات,2
عربى,2
"""العربية.نت"".",2
حققوا,2
لنتنياهو،,2
التحديد,2
بالبيانات,2
الاشتراكية،,2
لغوية,2
البيئيُّ,2
المحليةِ,2
اللهب,2
1.12,2
المرجعيين.,2
ظهيرة,2
للتداول،,2
النوافذ,2
المكالمات،,2
بصيغة,2
سويسري،,2
للاستغلال.,2
(بريطانيا,2
البتروكيماويات,2
ونجوم,2
للمواطنين.,2
الموقف.,2
بترك,2
دفعتني,2
المحفوظة,2
"""الذكريات""",2
شهريًا.,2
كويزيان,2
للبرنامج،,2
المزارع،,2
تملأ,2
القلائل,2
لنتمكن,2
الفرن,2
عامل،,2
المشهد.,2
"""احتراق",2
المعلمات,2
جنيهاً،,2
تلخص,2
و6-3.,2
والطبقية,2
"2040""",2
أُقرت,2
الخوارزمية،,2
الثمن.,2
جاؤوا,2
سنتاً,2
“إنه,2
امتلاكي,2
محمول،,2
وكراسي,2
العجلات،,2
سيجارة,2
خمسين,2
للإبداع,2
يعتزمون,2
وإرسالها,2
الهواتف.,2
مُكافحةِ,2
جديدةٍ,2
التصرفات,2
تُغير,2
الغلوكوز,2
كؤوس,2
موعده,2
لأسر,2
إبّانَ,2
اليومَ,2
وأشادوا,2
الفريدة.,2
وأخلاقية.,2
خارجيتها,2
الضحايا،,2
معنويات,2
المخبوزات,2
ويتحكم,2
ضمنية,2
بالمليارات,2
كييف،,2
استنفار,2
وتأهب,2
ملياراً,2
الأمس،,2
العطاءات,2
سُفِحت,2
مسمى،,2
يطمس,2
لذوي,2
منشأ,2
الاحتياطي،,2
مزدوجة،,2
تحضيرات,2
ومشاركته,2
وأصول,2
الشمسي.,2
صك,2
"""ليس",2
إنالاقتصاد,2
مدعوماً,2
الشامل،,2
للارتفاع،,2
أيْ,2
المُحدَّدةِ,2
أليكسي,2
ووجهت,2
مدمر,2
حرك,2
سيجارًا,2
520,2
غرامًا،,2
وزجاجة,2
مؤلف,2
للخضوع,2
والتسبب,2
بالاسم.,2
النيجر.,2
موزمبيق،,2
الأثري,2
بتعداد,2
إنجازاته.,2
وتحوّلت,2
إغلاقالحكومة,2
"""نيوم""",2
المسعفة,2
نصوص،,2
لتطور,2
والأحلام,2
باهظاً,2
قاضياً,2
ومجانية,2
الإحصاء،,2
عينيه,2
يمرّ,2
ودرجة,2
فبحسب,2
0.15%,2
كأكبر,2
المستفيدة,2
عطر,2
مددت,2
وتُوفر,2
بالتقصير,2
اعتبرتها,2
بنزع,2
الفص,2
"""بناء",2
السلوكية,2
خصمه,2
الشق,2
وامرأة,2
"""فايبس""",2
"كربلائية""،",2
إسرائيل؟,2
تقليدي.,2
الضخمة،,2
ديدكوفسكا,2
بأقوالها,2
بالمتحف,2
ذكاءً,2
وتستند,2
وتسليط,2
أنيس,2
“لن,2
يستعرض,2
ومضات,2
صلاح:,2
أساسيات,2
بتربية,2
المتميزة,2
قاصرين,2
ويوصي,2
الوارد,2
فوائدها,2
صناعاتها,2
يتصرّف,2
بولندا،,2
البولندي.,2
ريوس,2
2013.,2
واتسون,2
وألقت,2
الملقا،,2
لتجميد,2
متاحة،,2
الاعتدال،,2
تيستا,2
العقار،,2
طلابها.,2
اقتراحًا,2
"المحليين"".",2
و20%,2
استمرارًا,2
الفرعي,2
التنفسي.,2
أجهزتهم,2
والهاتف.,2
بازركان,2
المراهقون,2
والتعذيب،,2
وحتّى,2
عيشهم.,2
رادار,2
الرحلات،,2
للنجاة,2
ويُستخدم,2
الجديدة”,2
للمدنيين,2
الدهون،,2
وناشط,2
تحميله,2
وهيمنة,2
وكأنهم,2
والشارع,2
شاهد:,2
منطقةٌ,2
أدَّى,2
المكسرات,2
شهود.,2
الضعفاء.,2
النيجيري،,2
مهمتها,2
السبب.,2
يُجبرون,2
والدراسة،,2
حماسهم,2
أرضها,2
وتشابك,2
تعليقاته,2
شرايين,2
الفائق،,2
الشاشة،,2
الكاميرا،,2
تقارير.,2
"""الحرب",2
المذيعين,2
تنحصر,2
والأطراف,2
والنفسية.,2
للذوبان,2
التسميد,2
وفكرة,2
وتخلي,2
متتاليًا,2
دموع,2
كوسبي,2
فرضه,2
وحزبه,2
ومالي,2
أ)،,2
المقدّرة,2
متحفظة،,2
ستوافق,2
وبجانب,2
الغيابات,2
احتمالًا,2
النقية,2
بفكرة,2
اجتاح,2
الهيمالايا.,2
الهوية.,2
استثنائية،,2
متوسطًا,2
التمكن,2
اضطراباً,2
المنشود,2
"""جزيرة",2
"""هواوي""،",2
سيكيم,2
وتنظيمها,2
استبعاده,2
لحدوث,2
شهر.,2
البوركينابيين,2
التأشيرة.,2
بطبقة,2
الحلوى,2
بونو,2
الهلال.,2
اشتراط,2
بملكية,2
إيلاء,2
قريتها،,2
حسنة,2
للخدش،,2
بالتخطيط,2
والسودان.,2
نواجه,2
مونتيفيديو،,2
أوروغواي.,2
وقصفت,2
ممسك,2
هجومي,2
الاستراحة،,2
مخيباً,2
شعره,2
إقليميًا,2
آثارها,2
أصلٍ,2
هيفين,2
لإرشادات,2
جلستين،,2
شيوخ,2
للذهاب,2
وكون,2
للمرأة،,2
بالبكاء,2
دخولها,2
وتلوح,2
وتتحدث,2
مؤجلة,2
ألفينا,2
وأخواتها,2
فكرة،,2
وللتوضيح,2
ومستدامة.,2
وتعليقاً,2
يعي,2
يعْبُر,2
عني,2
"""تشاينا",2
"إيسترن""",2
بعائد,2
4.3%.,2
"الكهربائية"".",2
2040،,2
أضعاف.,2
استراتيجياتها,2
لها:,2
المتجذر,2
“نحن,2
بحياتها,2
ليرسم,2
ضائعة,2
الزوجة،,2
رافقته,2
"""رفعت",2
وأُغلقت,2
يلتقون,2
الأميركيون.,2
1.9,2
المواصي,2
وثقة,2
جوار,2
رافقتها,2
والفرات,2
بإنزال,2
كليبرسون,2
بيريرا,2
النطاقات,2
يُعلن,2
ذهاب,2
الكاريبية,2
تحب,2
كاخوفكا,2
خيرسون,2
ميثاق,2
141,2
مبررًا,2
القاعة,2
واجهها,2
(دون,2
أمرين,2
فوبرتال,2
الملقاة,2
رويداً,2
يشغلون,2
القضبان.,2
تجاوزتها,2
لكى,2
الانطباعات,2
“بدأ,2
الإجازات,2
والمجتمعية,2
بالمهاجرين,2
استخدامًا,2
الجسد.,2
إجماليِّ,2
يستوجب,2
الخاطئ,2
وأثق,2
مكنت,2
سوميتا,2
كاري-بويز,2
نيت,2
جامايكا،,2
وتوباجو،,2
تفقدية,2
ومنتجات,2
“البيجر”،,2
نظمتها,2
هوانغ,2
"المنطقة""،",2
القاسي.,2
محليين,2
وتضخ,2
للشبكة,2
ستقتصر,2
تمتلكه,2
المكتملة,2
ووكالة,2
ستُسهم,2
والموثوقية,2
للإيجار,2
وتثبيت,2
للعقود,2
طائرة،,2
وتتعامل,2
الهادئة،,2
سويسري.,2
براج.,2
خططًا,2
تقريبية,2
لأطفالهم,2
بالاغتصاب,2
قديمة.,2
المصورة،,2
وسيساعد,2
أسقف,2
ينخرط,2
الفنزويليين.,2
لموافقة,2
وقدر,2
تُركت,2
المحافظين,2
ميداناً,2
ضوضاء,2
ويصبح,2
طوب,2
جيوش,2
93,2
تنويه,2
ويشكّل,2
للتحايل,2
المؤتمر،,2
أرسلتها,2
الخرسانية,2
الصدري،,2
رأيهم.,2
متنامٍ,2
رديئة,2
الحجِّ,2
الهيمالايا,2
"إنفو""",2
إطلالة,2
الهادئة.,2
المعاصرون,2
الجادة،,2
هاكابي،,2
و24,2
جائزة.,2
شاهدًا,2
وثماني,2
اجتذبت,2
ويريدون,2
تعليماً,2
سينسحب,2
والانسحاب,2
التخطيط.,2
بقيَ,2
الأحكام،,2
مُضي,2
نوفايا,2
اتيان,2
200%,2
رأيك,2
الفكاهة،,2
بنغلادش،,2
نطلق,2
للتعود,2
كوني,2
مسارح,2
سعوديون،,2
معاصرة,2
بنوعية,2
واحتياجاتهم.,2
يفرز,2
ميكيلي,2
والضمان,2
ودورها,2
عمليّة,2
الملفّات,2
المثقلين,2
لصناعات,2
يود,2
يقول،,2
نسيان,2
أولجا,2
الطرقات.,2
وفا،,2
اللاعبة.,2
مقراً,2
البعوض,2
المستودع،,2
يهبط,2
مشفرة,2
والسود,2
والعزيمة,2
نتردد,2
ويحتوي,2
الزلزال،,2
توقعاتهم,2
بوكريل،,2
للمحاكمات,2
واللمسة,2
"""جيميني""",2
يُحب,2
باراغواي،,2
الجندر,2
مكتبه،,2
أدوارًا,2
الأساسيّة,2
استعمارية,2
صناعي،,2
وجيز,2
بداخلها،,2
وتوجهت,2
ومنعت,2
"دمشق""،",2
لتعدين,2
الوحيد.,2
"""ويست",2
اقتربت,2
الجد،,2
كلٌّ,2
المُحدَّدة,2
الحسبان،,2
574,2
الاغتصابَ,2
أيُّ,2
التدخل،,2
مكتبه,2
(متة,2
الدوليّة,2
وأردت,2
و2025.,2
يشوه,2
أشخاصاً,2
يُمنع,2
المتورطون,2
المفوض,2
أيضًا”.,2
للقطار,2
أمضوا,2
ترامبعلى,2
كُشفت,2
"منه""",2
الليبي,2
لحملته,2
بالقيادة,2
لإستونيا.,2
الحقيل,2
المعتزل,2
للأهداف,2
جدتي،,2
قانونِ,2
بملاحقة,2
خارجه،,2
فضّل,2
مسيرته،,2
الذرية.,2
أعمدة,2
المتأخرة،,2
أغراض,2
فأعلنت,2
سيطرتها.,2
كإجراء,2
بتشغيل,2
التحقير,2
مؤهلات,2
جيوفانا,2
لِمُدَّةِ,2
تطويره,2
أُصيب,2
النَّاسُ,2
والمقطورات،,2
840,2
احترازي,2
لحساب,2
الشديد،,2
النيلي,2
توقّعها,2
أبلغه,2
وسلام,2
بالدستور,2
والجرائم,2
وتسخيرها,2
تخبرك,2
الثمينة.,2
بإطلاقها,2
والهلع,2
تحديدا,2
المتابعة.,2
فيهِ,2
التباينات,2
التعميم،,2
للغرام,2
كوينينديه,2
تقليدية،,2
تعاونية,2
والمزارع،,2
ماركينيوس،,2
العضلة,2
للفخذ,2
الأيسر،,2
للقتال,2
لإنجاز,2
المشحون,2
تحملُ,2
ناجحًا,2
حصولها,2
السويس،,2
كاتس،,2
بالقوة.,2
أسرتهن,2
تقنياتك,2
و0.7%,2
والملاريا,2
وأنقذ,2
"الأطراف"".",2
الصحيحة،,2
ونتوقع,2
الفيتنامية،,2
المصير.,2
الحدوث,2
"الأوسط""،",2
هاسيت,2
ضئيل.,2
الأصلي،,2
الصعاب،,2
والمعاناة,2
المزعج,2
تعيينهم,2
صدورها,2
الذكورة,2
ونجم,2
الخضراءِ,2
المقاتلة,2
و19,2
ذاتِها،,2
قضيتهم,2
الكونغرس،,2
الغاية,2
المحميات,2
7.5%,2
الأصولية،,2
منتظرة,2
الانقضاض,2
والسل,2
إخضاع,2
القطيع,2
ببطء.,2
صفرية,2
2040.,2
بنجلاديش,2
الأونروا،,2
مثمرة,2
"و""سبيس",2
"بارتنرز""،",2
وممثلي,2
وأكاديمية,2
محافظالبنك,2
العلاق،,2
المفتوح،,2
الاحتجاز.,2
مقيدة,2
ويشتبه,2
بطريق,2
ويُلزم,2
بالشاي,2
يتغير،,2
انبعاثاتِ,2
استراتيجيته,2
بالسيادة,2
روي,2
وزناً,2
وتحمل,2
فعلًا.,2
وتفاوتت,2
الأمراض.,2
بعدسة,2
بارك.,2
ببقية,2
2045.,2
أبرزها:,2
وتتولى,2
ترشيحهم,2
جميعاً،,2
فدانًا,2
أجيال،,2
سأعود,2
«الهندسة,2
الاجتماعية»,2
والعواطف,2
اللحظية,2
الباردة،,2
وتداعياته,2
توالي,2
«ما,2
أنتم,2
ووهو،,2
ويغطي,2
"""استمرار",2
شغلت,2
بروح,2
وخشية,2
تنازلات,2
تعقيدا,2
المفاوض,2
كومي،,2
والرسامين,2
"""الشروق""",2
يُذكر،,2
ميكروبيوم,2
بالفئران,2
الألياف.,2
"و""غوغل""",2
العملاء.,2
جميع،,2
وميليشيات,2
315,2
وخفضت,2
وفورات,2
الحوسبة،,2
يليها,2
واستناداً,2
بالقائمة,2
نبذل,2
نتقدم,2
العصيب.,2
ستُصنّع,2
51.68,2
فيلادلفيا،,2
وزميله,2
الزراعي.,2
بقمة,2
"""كوين",2
يشترط,2
والأدوية.,2
وتحريض,2
والسنغال,2
"تي"".",2
تراجعها,2
“الدبابير”,2
والالتهابات.,2
"""جينوم""",2
براك:,2
ياكوف,2
تعقيدًا.,2
وأوراق,2
راكب,2
والإرهاق,2
للتسوية,2
والتعليمات,2
ممارساتها,2
لتأييد,2
الراكدة،,2
يُهيمن,2
وتصاعدت,2
الخلل،,2
وتؤمن,2
فالمشهد,2
ظهرًا،,2
عميل.,2
بالقضية,2
وألمح,2
وعاء,2
الحمام.,2
أرباب,2
فشلوا,2
الاقتصار,2
عسكريين,2
في،,2
والسفير,2
جيورجيتي،,2
مهمشة,2
السلميين,2
وسقفًا,2
وسيحتاج,2
أصواتنا.,2
بالعقاب,2
هيد,2
وتخوض,2
ثمنت,2
(المعروفة,2
قضيتُ,2
الليزر,2
كيم،,2
بالأسهم,2
تتفاعل,2
السلع،,2
مستدام،,2
هوادة,2
سمعتها,2
إخطار,2
اقترابه,2
الـ15,2
وأذرع,2
أرباح.,2
شعبه،,2
لانخفاض,2
العموم.,2
جاهدين,2
الفصول.,2
ترطيب,2
المحتل,2
تطبيقها،,2
كحركة,2
وأولياء,2
الأولياء,2
قضيته,2
ووكالات,2
الإشعار,2
قتيل،,2
الشاعرة,2
لويز,2
الإندبندنت,2
السيادي،,2
متفاقم,2
وقطعت,2
الإيجارية.,2
البديلة.,2
تسانغ,2
أفضلِ,2
المُجتمعيَّةِ،,2
له:,2
“الرجل,2
ضحاياه.,2
قرن،,2
تضيع,2
ودبلوماسيًا,2
الماليزية،,2
مالكي,2
التملك.,2
كردستان.,2
اللاعب.,2
وولاية,2
مسيرتهم,2
بالمظهر,2
يكسبن,2
وأبو,2
سمبل,2
بورسعيد,2
للجسم،,2
شعبيًا,2
فروعها,2
برايان,2
بايه,2
المجاورتين,2
وتشتيت,2
خوفهم,2
ينكشف,2
بدوريات,2
مرحلي,2
استوعبت,2
مخزوناتها,2
عرفات،,2
وإسحق,2
رابين،,2
المنتقدين,2
مؤهلًا,2
لبايت,2
ألزم,2
للشباب،,2
واتفاقية,2
عائلتان,2
تبعتها,2
المستخرجة,2
والتعرف,2
العائد،,2
مداخلة,2
والتطبيع,2
الأثر.,2
خلة:,2
المنغوليين,2
مملوكًا,2
أسهل،,2
آنذاك.,2
نراهم,2
تتار,2
والتكاليف,2
تفسر,2
أيلول/سبتمبر.,2
قُتلت,2
"""سيدي",2
ستستفيد,2
عزيز,2
علينا،,2
للأحياء،,2
انتقام,2
وهوى,2
مشاركتي,2
12،,2
سطحية,2
تدرب,2
والمطور,2
خزانة,2
الصحيفة:,2
سعيهن,2
"""أنثروبيك""،",2
فيعود,2
"""باتريوت""",2
ميدانياً،,2
الخريف.,2
الفكرية.,2
السيدات,2
نادٍ,2
الباز,2
بقمع,2
فالمياه,2
مشارك.,2
البركات,2
محاولين,2
بالحظر,2
الاستبداد،,2
أعمالاً,2
والعمق,2
كي،,2
بتصفيق,2
قضاياهم,2
بالتقديرات,2
للاتفاقية,2
للأديغة,2
للمزيد,2
الجمهوريّة،,2
اتّفاق,2
البعضُ,2
تجعلني,2
وستنظر,2
زملائهم,2
أقنع,2
فلوريدا،,2
التشريعي،,2
تحدثا,2
الغربيين.,2
بايرو,2
هوونغ,2
فيباسانا,2
بالمسائل,2
ليستا,2
سابعا،,2
السائقين.,2
النواة,2
يتضمّن,2
(ساما),2
التّعليقات,2
سميكة,2
دمية,2
الفوهة,2
زملاءه,2
الوظيفة،,2
ومناسبة,2
المُنتجة,2
أُسقط,2
ديموغرافية,2
يقطن,2
قصفٍ,2
واحتياجاتهم,2
بالعنف,2
لتربية,2
والمهنية,2
دانا,2
فدية,2
الإنفاق،,2
المتشدد،,2
خياراتٍ,2
2.,2
لتواجه,2
عزمه,2
لمغادرة,2
المستأجرين،,2
ألبير,2
بلاغ,2
للعائلات,2
كورمان,2
النشرة,2
والاستيراد,2
والتوريد.,2
الصيغة,2
يحاجج,2
تنسجم,2
قدميه,2
معترف,2
عمقت,2
الشتاء.,2
الهدوء،,2
الملاعب.,2
وتمنع,2
البرازيلى,2
الاستراتيجي.,2
متشككًا,2
إجراءً,2
بالتمسك,2
العادلة.,2
سببًا,2
وهكذا..,2
والأقليات،,2
وحدتها,2
دوافعها,2
ننخدع,2
الخليجيين,2
يتلقون,2
مدافعه,2
ساقه,2
اليسرى.,2
متحورات,2
أمراضا,2
بني,2
وتقدر,2
الإندونيسية،,2
المشروب،,2
ونقله,2
الوجه.,2
قُدر,2
ووجّه,2
للتنظيم,2
كُشف,2
بالتدخل,2
يستسلم،,2
إخوتي,2
الصغار.,2
1956،,2
عاصي,2
مناظر,2
المسيرات،,2
الفروقات,2
يُحذر,2
الاستبدال,2
هآرتس,2
العمرية,2
الدولي”,2
سكانًا,2
واستعرضت,2
الفائت،,2
وتمجيد,2
يزالان,2
معهما،,2
صارماً,2
سياسي.,2
كوبر،,2
المؤلفين،,2
ويحتاجون,2
الثمانين.,2
التعظيم,2
عفيف,2
وسالم,2
تدربنا,2
الثابتة،,2
المنافس،,2
سنحت,2
والترحيب,2
اتخاذه,2
كانو,2
دروز,2
سببها,2
الإفريقي،,2
مجتمعاتهم،,2
تحدّي,2
الدقيقة،,2
وجودياً,2
"لإسرائيل"".",2
والإفريقية,2
واعتبارًا,2
وتركزت,2
بدعوى,2
بالفرنسية.,2
انجلوس.,2
بحثياً,2
وتطلق,2
اكتشافها,2
1999،,2
مابوتو,2
الجبرية,2
والتدمير،,2
مروعًا,2
مظهرًا,2
بالهدوء,2
السّابق,2
بينيامين,2
اليوم؟,2
المقاطعة،,2
عدمه.,2
المسلمين،,2
تتعافى,2
العناوين.,2
للأمعاء,2
المتحف.,2
متفاوت,2
وعبد,2
أتشاريا،,2
البلدية.,2
وكنتُ,2
بالأبيض,2
منصور,2
لتايوان,2
كتعبير,2
البيومتري,2
إنتاجها.,2
حلها,2
الغرب.,2
والأقوى,2
الدباغ,2
الحربة،,2
صعوبةً,2
المدينتين,2
للبيان,2
أهتم,2
أبلغوا,2
لإنعاش,2
إيجة.,2
حديد,2
بأعدادٍ,2
الأمازيغية،,2
كمكون,2
أُنشئت,2
والحصار,2
أولوية.,2
بمفردها،,2
الاستغلال.,2
متسارعاً,2
مدنيون,2
تلخيص,2
أهمّ,2
الدردشة.,2
الأيسر,2
تضافر,2
سنتين.,2
صادق,2
المجانية،,2
آدامز،,2
إصراره,2
المنافسة،,2
المتفائلين,2
"""البلاي",2
"ستيشن""،",2
تراثها,2
الجامعي.,2
الهائل.,2
المتحولة,2
الحفلات,2
والحذر,2
والبوتاسيوم.,2
أربعينيات,2
صُوّر,2
الإسرائيليّون,2
وبلا,2
والحملات,2
3.6%,2
مرشحين,2
كررالرئيس,2
دنماركية,2
والمراقبة.,2
المعماريين,2
الإرهاب”.,2
الإيديولوجية,2
للمخدرات,2
الاستهداف,2
عقدين.,2
"الدرونز""،",2
الشهيرة:,2
الانتقالية،,2
إقليمية،,2
الانحناء,2
الحراجي,2
تولد,2
والمشاركة.,2
المتجذرة.,2
كمبيوتر,2
الانتحارية.,2
برنامجي,2
كليًا،,2
الهرم,2
الديمقراطيات,2
المصنع،,2
الإضافية،,2
الزائدة.,2
وأمل,2
بوسكي,2
وتصفية,2
بالنصوص,2
بمحتوى,2
هاوبت,2
ريسينغ,2
رؤسائهم,2
بأسرها.,2
وآلة,2
حاسوب,2
وابن,2
الراتب,2
ومخازنه.,2
نقعه,2
التوقيعات,2
تحتجز,2
لانقلاب,2
ملابسها,2
بصورةٍ,2
للأونصة.,2
والحلي,2
أجيالًا,2
حرجة،,2
سلوفينيا,2
النويصيب,2
بوسطن،,2
منصبي,2
لقوانين,2
للسخرية,2
الاقتراحات,2
أفكاره,2
جوبز،,2
طيف,2
تكوّن,2
مجتمع.,2
"الإسناد""",2
تعبيره،,2
قادته،,2
تدريجيًا،,2
سافرت,2
حرباً,2
لأسواق,2
نوالباراسي،,2
امتلكت,2
"جلوبال""،",2
وجدة,2
لإنتر,2
تمتين,2
مراجعات,2
أوجد,2
وظيفة،,2
تباطأ,2
للمثلين,2
الشاغل,2
وتصر,2
آراءه,2
اليدوية,2
الفندق,2
الهضمي,2
يذهبون,2
المُحدَّثة,2
الخل,2
الأسنان.,2
ألتمان:,2
"""أقول",2
فسأكون,2
المصرفيين,2
٢٠٢٤،,2
وآراء,2
وخرجت,2
فهمي،,2
الرياضيات,2
هربًا,2
انتظاره،,2
رقيقًا,2
بوضوح،,2
بمحرك,2
والهدر,2
للموارد،,2
قارية.,2
الثقة.,2
فلوريدا.,2
بقياس,2
ليبدو,2
تشتغل,2
للخارج.,2
وتخرج,2
"""أين",2
مؤشرها,2
ثبتت,2
وترافقت,2
"""الموساد""",2
بالبدء,2
حزمةٍ,2
الرياض؛,2
للتحدَّيات,2
الاستثنائية,2
تفاوضت,2
تكبد,2
(قانون,2
فاعلاً,2
مهمة.,2
مستمرًا.,2
الموصى,2
كمدينة,2
ألماني,2
مندهشًا,2
يقيّد,2
جزئي،,2
سيثي,2
الحادثة،,2
بمنشورات,2
المشددة.,2
يسلكه,2
اليأس.,2
فواتير,2
إدانته,2
لتنظيف,2
البالوعات,2
زنزانة,2
مظلمة.,2
خروجهن,2
الأقصر،,2
بالمحافظة.,2
الاستقالة,2
القاموس,2
الركام،,2
فجّرت,2
(الفئة,2
اتحادات,2
سحبها,2
0.1%.,2
مألوفًا,2
أفادوا,2
متقارب,2
ومؤلمة،,2
قط،,2
والدمام,2
أنقرة،,2
والتغذية,2
التُقطت,2
صعودها,2
النفيس.,2
التعدينية,2
وبشكلٍ,2
الصواب,2
رجح,2
المُنتَجة,2
روبرتو,2
والتجارية؛,2
وصدَرَ,2
فرنسيس,2
التخرج.,2
ريادة,2
بفارغ,2
تتجذر,2
"""الاستراتيجية",2
والاستدامة,2
"الاجتماعية"".",2
باستيفاء,2
تشكله,2
ازدهر,2
يلقيها,2
استقباله,2
لكافة,2
أعدادهم,2
النافذة,2
يستخدمه,2
أعدت,2
دولٌ,2
رغماً,2
الأصولية,2
ومهنية,2
"""حقوق",2
ضمانة,2
براثن,2
بلدي,2
إحداهن,2
أنّنا,2
يُعثر,2
وحظيت,2
بالسيارة,2
وخزائن,2
بالبيئة.,2
للشجاعة,2
بمؤشر,2
حدّت,2
جادلت,2
المعتمدين,2
قرارهم,2
السينمائي,2
المرموق,2
عامًا:,2
والهجرة،,2
ظهري،,2
صباحا,2
وخلفت,2
وبحيرة,2
بالأدب,2
واحتجزت,2
سراحهم,2
(د.ب.أ),2
الأكراد،,2
تنفيذية,2
والمياه.,2
الرياضات,2
للطن،,2
277,2
طفلاي,2
سعادة,2
مسكنه.,2
العظام.,2
للشطرنج,2
المؤذية,2
المتصدر،,2
ميول,2
بالناتج,2
والمقرر,2
المستهدف.,2
إرسالاتي,2
ساحقة,2
والر،,2
قويًا،,2
وألزمتهم,2
وأُدرجت,2
ترعاها,2
"القاعدة"".",2
المتبع,2
جاره،,2
"عاما""",2
للسخرية،,2
باحتلال,2
نصحت,2
مخابرات,2
نتنز,2
التايوانيين,2
يتساوى,2
إنقاذها,2
وهمية,2
ومتوسط,2
«نحن,2
نتحدّث,2
كول,2
لحكومته,2
257,2
تتيحها,2
(إي,2
المرارة.,2
السدود،,2
والطرق،,2
المأهولة،,2
نبيه,2
والميليشيا,2
اللبنانيّين,2
بألّا,2
تظلّ,2
يذكرني,2
تجاهلت,2
والاحتفاء,2
10%،,2
المتورطة,2
نُقلت,2
مكتشفات,2
دارجيلنج,2
نستخدمها,2
وبطريقة,2
وقيادة,2
وغسيل,2
الكوريين.,2
"كبيرا""",2
الحافلات،,2
ومنظومة,2
مملوءة,2
143,2
راضية,2
"الفضية"".",2
ألّا,2
السياسيّة.,2
يلمح,2
معتادة,2
القرون,2
محظوظين,2
بيريل،,2
إصابة.,2
والمصادر,2
سعودية-فرنسية،,2
يتوقّع,2
فعلًا؟”,2
اتّصال,2
الطّوارئ,2
أبّل,2
تبحر,2
الجمل,2
بنبان,2
ابتكرت,2
لاهاي,2
ابتكر,2
ضوئية,2
والتجسس,2
الحيوي.,2
تنقلها,2
نور.,2
عبدالنور،,2
رونسيرو,2
كاملاً،,2
مقاومة،,2
سيئاً,2
يوصف،,2
الهيمنة،,2
تُعزز,2
العلنية،,2
101.6,2
برمجيًا,2
والإسكندرية,2
والإطفاء,2
12.2%,2
النهج.,2
نانسي,2
“عام,2
العودة”,2
وإحياء,2
ماريسكا,2
تشيلسي،,2
الهجومي,2
تفويضا,2
ستُحدد,2
باستور,2
استهلاكية,2
ديكلان,2
واهتمام,2
لمساهمي,2
المبقاة.,2
احتفالًا,2
بالتعرف,2
ناشطو,2
يقرر,2
فيرجينيا,2
بأقطاب,2
الإلكترونات,2
"""سيرغاز""",2
جيرايس,2
مداناً,2
أدرجته,2
خالفوا,2
تداولهم,2
"الأركان""،",2
للأسر،,2
مُخصص,2
راجاسا,2
والاستهلاك,2
استوردت,2
بوثائق,2
المتحدّة,2
فرجينيا.,2
وبيلاروسيا,2
معالج,2
رؤوف,2
ميرقاديروف،,2
نعترف,2
الطاقي,2
باكستانيون,2
بثمن,2
جدلًا,2
خفيًا,2
كوسي.,2
1971,2
الجيزة,2
لحسابات,2
الألعاب.,2
الهجين,2
7.6%,2
معارضي,2
اجتمعنا,2
الاعتيادي,2
و11,2
يتقنون,2
فوزًا,2
محرر,2
للصحيفة.,2
اعتيادية,2
حاداً,2
بالاس.,2
ملونة,2
الغرز,2
911,2
شرعية،,2
مرئيًا,2
يقم,2
والدولة.,2
بالتزاماتها.,2
«إن,2
مبكرا،,2
1948.,2
وساموا,2
ثانياً،,2
للقارات,2
لتثبيت,2
أساليبهم,2
إلكترونيكس,2
مُستخدمة,2
المكتملة،,2
بقوتها,2
القدماء،,2
كتابها,2
ابدأ,2
المأهولة,2
آسيان,2
جديد؛,2
حثَّ,2
بمضاعفة,2
والإسلامي,2
والصبر،,2
لإخراج,2
ومنسقة,2
والبتروكيماويات.,2
تربح,2
الصحفية.,2
مصاعب,2
أمتعة,2
كويتا.,2
عربية،,2
والإشراف,2
والمنافسة,2
أوهل,2
تينه,2
تُدرّس,2
الأكاديمية.,2
للمباني،,2
بقدرته,2
رغب,2
ودائمًا,2
الموافقة،,2
عدو,2
تصوّرات,2
العشائر,2
المميتة,2
مهاجرًا,2
طبرق,2
تُكشف,2
واعتبرها,2
نهائيًا,2
وتبيّن,2
مُختارة,2
ولفترات,2
أيامه،,2
التفصيلية,2
بتضليل,2
ينس,2
أوبو،,2
بالحكم,2
تقاعد,2
للمشاركة،,2
بلان،,2
يعيدها,2
المغامرات,2
تعقّد,2
التوريد.,2
"""سقوط",2
الترسيم,2
ومقره,2
يصوت,2
يعرضون,2
سلسلتك,2
الدرس,2
بدمج,2
عرفته,2
(الفراعنة),2
مباراتيه,2
الأخيرتين,2
مرتفعًا,2
أشير,2
بخطة,2
والإستراتيجية,2
للشركتين,2
"""شجاعة""",2
للبشر,2
"بسهولة""،",2
حتمًا,2
"القانون"".",2
قرضًا,2
كنّ,2
المنهارة.,2
خلف،,2
"له"".",2
لخطط,2
معقل,2
المزاعم،,2
وضيفه,2
يتوقعه,2
والصمت,2
الصالحاني،,2
حذائي،,2
الصعوبات،,2
نظامهم,2
والمسلسلات,2
المحرقة,2
مجلّة,2
وختم:,2
المشكلات،,2
نددت,2
10.5,2
شبهة,2
جنائية.,2
الرفاهية,2
المتنزهات,2
ابتدائية,2
مدغشقر.,2
وملتزمة,2
المؤثر،,2
النرويجية،,2
“زمن,2
الجميل”,2
"""بلا",2
مناسبات,2
ووُجهت,2
التبرع,2
لطالبي,2
الرقيق,2
غطاءً,2
المدّعين,2
الفيدراليين,2
رئاسية,2
ونزل,2
مشكوك,2
المتكرّر,2
عيني,2
والديه،,2
تتوانى,2
والمدربة,2
موكله,2
هويسن,2
تأجيج,2
وارتكب,2
الضفّةِ,2
يتنقّلُ,2
فيجب,2
مُدعّمة,2
السوريّة,2
جلبت,2
للمشروعات,2
رقابية,2
سعرها,2
جاره.,2
تخصّب,2
وبأنها,2
مفتوحة.,2
إغلاق،,2
مقربين.,2
المرة.,2
"العربية""",2
فتوى,2
واختار,2
التراتبيات,2
حصرًا,2
العدواني,2
وتعدد,2
يُمكنه,2
مستشاري,2
وممثلين,2
المهنة،,2
الغربية:,2
وعبدالرحمن,2
حراسة,2
وسعد,2
الشعب”,2
ويُتوقع,2
وكبح,2
خصيصًا,2
ماريو,2
(90%).,2
لفحص,2
للبلد,2
مَجرى,2
بالكاملِ,2
اللبنانيون,2
أسوشييتد,2
والتجويع,2
أفعاله,2
منعهم,2
لفارق,2
إلينوي،,2
أبرمها,2
الحازم,2
"""ارتفاع",2
بسرعة؛,2
عقب.,2
الأرجنتيني.,2
ويوجد,2
صفا,2
بالتهديدات,2
شهدها,2
سواها،,2
اخترق,2
توقيعات,2
"""عمليات",2
(150,2
بعيدة.,2
ورد،,2
سيليكون,2
والأوروبيين,2
يطّلعون,2
عبره،,2
هيرد,2
الكوارث،,2
والتنفس,2
ويعتزم,2
الضواحي,2
روتينًا,2
تحدده,2
ووصفها,2
للتعمق,2
الصدد.,2
تيغراي،,2
بتلقي,2
"روسيا""،",2
الزواجِ,2
"""بمرحلة",2
"صعبة""،",2
لتجميع,2
مخصصاً,2
التخصيب.,2
ممكناً.,2
متغيرة,2
متصلة,2
تعدادها,2
"كبير"".",2
واستقبلت,2
للنائب,2
هوانج,2
وتصدرت,2
وتقلص,2
للمصريين,2
ويصف,2
شروطهم,2
جذرية,2
قانونياً,2
يناضل,2
المسبقة،,2
"أيضًا"".",2
المقبلين،,2
"و""أوراكل""،",2
اللهحسن,2
الواحدة،,2
مكتشف,2
شاهدته,2
طقم,2
"""السبعة",2
وأفريقيا،,2
كأفضل,2
ستدر,2
لجدول,2
دخلهم.,2
"لـ""فوكس",2
جينا,2
ايرانود,2
والخطط,2
وأستراليا،,2
حدث،,2
الزوجيَّ,2
ومنصة,2
"""تويتر""",2
"""فيسبوك"".",2
"""الشرق",2
قطعتي,2
الحميمة,2
والذاكرة,2
بخرق,2
التحديق,2
الإلزامية,2
بداء,2
تعثرها,2
مستقبلهم،,2
الملاحظات,2
العرقية،,2
للغابات.,2
محايدة,2
قيمة،,2
والامتنان،,2
بتأشيرات,2
وناميبيا,2
اصطناعية,2
والأماكن,2
الحرية”,2
بينِ,2
للعب،,2
لتشكيل,2
لمصداقية,2
الانقطاع،,2
135,2
الخبيثة،,2
النكات,2
واختفت,2
استُهدفت,2
عسكرية،,2
والبقية,2
نحب,2
ويوليو/تموز,2
الإمكانات,2
عاقل,2
"""إندبندنت""",2
وبمناسبة,2
والنكهة,2
الهش.,2
جعلوا,2
كارل,2
مؤثرين,2
تعرضنا,2
الكوب,2
المضطرب,2
الاستبدادي.,2
(التزييف,2
والشحن.,2
"سنترز""",2
خاضتها,2
وفريق,2
مختلفا,2
وفرصة,2
نورماندي،,2
موجز,2
وأدواتها,2
والروح,2
مساعداتها,2
عربات,2
تُرفع,2
براد,2
المعزولة,2
حاولتُ,2
تتقاطع,2
أنيبال,2
إيستورديس,2
والناشط،,2
الفيروسات,2
منافستها,2
صعوده,2
التخطيط،,2
المتخصصين،,2
بدايتها,2
و7-6,2
إدراكهم,2
يمحو,2
الغرق,2
كإحدى,2
والأوضاع,2
فرانكو,2
طلقات,2
مبيعات،,2
بيسبوك,2
المحتملة.,2
لجلب,2
والمواهب,2
الصغيرين,2
الأناقة,2
العالميّة.,2
مُفعمة,2
تميّزت,2
سيموني,2
فالمملكة,2
آثاراً,2
بحتة،,2
بمتوسط,2
البنكية.,2
الأرضية.,2
طبيعية،,2
للجلوس,2
تورد,2
طاقات,2
التذبذبات,2
مشكلةٌ,2
سيزداد,2
بإجراءات,2
لتسعة,2
وارن,2
ترافقت,2
عاصمتها,2
العربي-,2
مُزوّد,2
ميداليات،,2
فضيتان،,2
سلامتنا.,2
"قانوناً""،",2
ويدفع,2
الانهيار،,2
يُجب,2
شددوا,2
امرأتان,2
السود،,2
متحولة,2
موبيل,2
الخريفي،,2
جدوع,2
الصناديق،,2
الحاصل,2
وسّع,2
مستخدم.,2
المسار،,2
قوياً,2
متعلقاً,2
فتظهر,2
تنوّع,2
تأتي،,2
تُحشى,2
التوابل,2
والتسويق,2
استباحة,2
العلن,2
وغض,2
سُرقت,2
شيكا,2
العائلية.,2
متفوقاً,2
القصصي،,2
والإصلاح،,2
أبرشية,2
هانوفر,2
والكسب,2
يتشاركان,2
مغزى.,2
سحري,2
المساكن،,2
عرقي،,2
العزيز:,2
النمساوية.,2
وزيرًا,2
الخصائص,2
للمجمع,2
وتُركز,2
مُجرد,2
الأسئلة.,2
التقسيم,2
"""نموذج",2
برهانٌ,2
إنْ,2
وتركيبها,2
واحتوائه,2
الحرم,2
"أورستد""",2
بالتبريد,2
برهان,2
الأعضاء.,2
الإمساك,2
براديبا,2
تخزن,2
يمنحني,2
بمثل,2
بالمتطلبات,2
تزوجت,2
الهستيريا,2
الحوثية,2
وحلفاء,2
لاختياري,2
الملاحظ,2
خلاصات,2
"""ثريدز""،",2
فجرًا,2
الغرامة,2
بالفضة,2
تلقائياً،,2
السوراني,2
باحثين,2
الغش،,2
بالتعليمات,2
يصدرها,2
والشراكة,2
حسنت,2
رادعة,2
الدفاعية.,2
الزاهية,2
هالة,2
102,2
كيلومترًا.,2
الغثيان,2
والمترجمين,2
درع,2
إمبراطورية,2
الدوليفي,2
بمناطق,2
"مبررة"".",2
للاستماع,2
آمنت,2
الحلق,2
الجيوب,2
الطلبات.,2
المدرجة،,2
والرسومات,2
للهجوم،,2
استئصال,2
"""الأب",2
الدورية،,2
ثمّن,2
بالتسوية,2
السلمية،,2
وتصريحه,2
بركلات,2
الترجيح,2
اهتزت,2
جالسًا,2
يصافحه,2
ويغادر,2
بالحسبان,2
وقضت,2
التنفس.,2
وأماكنها،,2
والخام,2
(60,2
والديمقراطية،,2
لتلفزيون,2
الباسكي,2
الودية,2
لمحات,2
قليلًا،,2
يأخذه,2
فإيران,2
والأميركية،,2
مصلحتها,2
الأسترالية،,2
لتسخير,2
الإسكان،,2
أيدها,2
نشأتك,2
"غيمز""",2
المنعشة,2
زجاجة,2
رذاذ,2
العرقي،,2
تتطابق,2
ومصدر,2
ودقيقة,2
"""آيفون",2
واط,2
السلكي,2
تنتجها,2
يسببه,2
التوصيلات,2
والتغليف,2
البعثة,2
والأسرة,2
اعتمادات,2
شرسة،,2
تطورًا.,2
واضعة,2
263,2
موسيقية،,2
ولديها,2
المراهقة،,2
“هؤلاء,2
اختاروا,2
جميعًا”.,2
للضيوف,2
الاسترخاء,2
انظر,2
"""إيبك",2
بصبر,2
والسجن,2
ثقافي.,2
المجمل،,2
بنفوذ,2
سييس,2
لأبوين,2
للجلسة,2
قلوية,2
يُنتج,2
مؤيدوه,2
لمقاطعة,2
ببطولته,2
دايموندز,2
أوساكا,2
للإنترنت،,2
البنتاغون،,2
والجيلية,2
بالعراق:,2
شبهات,2
وتجزئة,2
للرؤية,2
الحاسوبية,2
"لأشهر"".",2
المتطفلة,2
الجدية,2
تسخير,2
نائبًا,2
وتقل,2
"""هآرتس""",2
سيدرس,2
مثلًا,2
بالسكّر,2
عاملان,2
والأغذية,2
تمرر,2
لختان,2
لخروج,2
يتجنب,2
واختبارها.,2
لائق،,2
تخالف,2
المسبوقة,2
هن,2
مكانها،,2
لصدارة,2
قاتمة,2
الاتصال،,2
العوائد.,2
المقاربة,2
والتشكيك,2
بالاتجاه,2
هاتفها,2
17),2
66%,2
وقعوا,2
الجامعية,2
الكفاءات.,2
برمجي,2
الإشعاع,2
أمثال,2
ويا,2
يصدق,2
ومتوسطة,2
وتعرضت,2
للتفتيش,2
مهينة,2
صموده,2
تراوري،,2
فقدنا,2
تُعقد,2
ذراعه,2
الكوع،,2
ألحقت,2
وبكين،,2
تنظيمية.,2
العمراني،,2
شتوية,2
خللًا,2
ويضغط,2
تنظرين,2
سوزوكي,2
بالجملة.,2
العميق)،,2
المعاد,2
لهوية,2
القدامى.,2
قصصنا,2
ويحث,2
يعطل,2
الحوامل،,2
صعوباتٍ,2
هزيمته,2
ليفر,2
إنصاف,2
المرجعيات,2
بأقصى,2
الإحاطة,2
والدقة,2
يقوله,2
المتباينة,2
كتبتُ,2
والأحداث,2
والانضمام,2
الجولان.,2
المسائية,2
ينتهج,2
بتركيزات,2
جيدًا،,2
الصغر.,2
الدردشة،,2
النمسا.,2
تدويرها،,2
وعادت,2
2029,2
الأيرلندي,2
الخصوم,2
الشهيل,2
أبيب.,2
استشارية,2
329,2
صوتا,2
التربة،,2
نواز,2
المدروس,2
123,2
لمنازل,2
والرياض,2
الشيخوخة.,2
الهيالورونيك،,2
نشيد,2
ضخمًا,2
سنواته,2
توزعت,2
والعقاري,2
تغييرها.,2
تكنوقراطية,2
الجهادي,2
إدلب.,2
الانبعاثات،,2
(آب).,2
3.1%،,2
الالتزامات،,2
الأربعة،,2
يُصعّب,2
وطهران,2
ونقطة,2
ببساطة.,2
السائل،,2
محله،,2
جيرايس،,2
بغداد,2
اختناق،,2
تغيّرِ,2
إجراءاتِ,2
التماس,2
ومحيطها،,2
للغرام،,2
شاهدنا,2
محط,2
الوجهة,2
النوعية،,2
للصناعة.,2
والغواصات,2
جانب.,2
لكوني,2
التجهيزات,2
الانتهاك,2
"الخطأ"".",2
مروا,2
لشركةميتا،,2
باحتمالية,2
مرحلته,2
بفقاعات,2
نفياً,2
"""القطاع",2
الأسمر,2
ريس,2
للجزيرة,2
والألمنيوم,2
؟,2
والتعاقد,2
واستعرض,2
لمشاكل,2
بطاقتنا,2
للأداء,2
المسؤولة،,2
والناشئة,2
اختلالات,2
يخل,2
سلبا,2
المتضمن,2
الياباني،,2
مايكيتيا,2
مشاريعه,2
كرونسلاف,2
أبحاثًا,2
20،,2
وتُعرف,2
للإغلاق.,2
التبني,2
وهيَ,2
أبكي،,2
ويُهدئ,2
سيسافر,2
"""لذا",2
"بي""",2
سيتطلب,2
المُحتجّين,2
إنش)،,2
مصريين,2
مكثفة.,2
"""قيمة",2
أويل,2
اقتراحاً,2
وبنهاية,2
14.9,2
إجازات,2
إعلامية،,2
96%,2
طالمَا,2
”الذكاء,2
جيب,2
رياضات,2
والشجاعة,2
الحالية:,2
وقفات,2
وروح,2
مضامين,2
قابلتها,2
رويس,2
ضيقة,2
التوسعة,2
مستعار)،,2
و2024.,2
بأولوية,2
الإمارة,2
خروجه,2
والجزائر,2
بحقّ,2
أخذه,2
الشيوعية,2
ماعز،,2
علصة،,2
الكيارية,2
الهاون،,2
للقرى,2
راجمات,2
علانية,2
واقترحت,2
"غزة""",2
ووك,2
والمؤرخ,2
لانتقال,2
قدماً,2
اللاعنف,2
ضمائر,2
"""مصرف",2
مأساوية,2
عروسه,2
"سوسايتي""",2
"""ريفيان""",2
بخلافات,2
الصحفيين.,2
مكعبًا,2
المقبول,2
ويرسخ,2
السمرقندي:,2
أبي,2
والمرشحون,2
ومارس,2
أدعت,2
والثلاثين,2
مشتر,2
المدارية,2
حدوثها,2
استيفاء,2
التضامن.,2
كأعضاء,2
وبُعدٍ,2
مغني,2
سياحياً,2
جونز،,2
ورواندا،,2
يميلون,2
يعجبني,2
ازدهرت,2
والمهرجانات,2
رحمن,2
ممكنة،,2
والده،,2
البنيوي,2
الفلبينية,2
سنترال,2
جعلتني,2
و2018,2
لورينز,2
كراوس,2
المتوسّط,2
اليسار:,2
“أنا”,2
صياد,2
جال,2
والآثار,2
جاستن,2
صغير.,2
أهلها,2
فولاذي,2
والأنهار,2
تعرفت,2
وإيران.,2
تُحصى,2
سلطاتنا,2
تملكه,2
لأنفسهم.,2
الوراء،,2
التوليدي.,2
المر,2
الشراكة،,2
النزاع.,2
الخطوة.,2
واقترح,2
وجدولة,2
للمطورين,2
بالأزمات,2
تجاوزوا,2
و68,2
ورفضت,2
ويفرض,2
0.09,2
سينر،,2
مينشيك,2
"""تاسي""",2
برازيليا,2
يرتديها,2
يحلو,2
النشر،,2
إجازته,2
متطرفة,2
زعيما,2
ماتشادو.,2
عملها.,2
نسف,2
مفخخة،,2
وقصف,2
عشوائي،,2
قسري،,2
بري.,2
أقدر,2
واللطف,2
تتراكم,2
الاسمية.,2
فيلم»،,2
فرانسيسكو،,2
لإغاثة,2
الكفر,2
للبضائع,2
تغيّرت,2
السائلة,2
جيزيرو.,2
برايس,2
المعقدة.,2
الموهبة,2
الحصص.,2
العلاوات,2
وتتغير,2
بالضربات,2
حلفائه,2
أنا؟,2
هدأت,2
وثقافيًا,2
التقاء,2
ولاقت,2
نتخيل,2
رطلاً),2
الأمريكي.,2
أتوا,2
يُعالج,2
والطبقة,2
المشكلة؟,2
حلفا,2
تحميلها,2
السناتور,2
بإيذاء,2
584,2
وبخت,2
بمشاعري,2
صرّحت,2
الانسداد,2
المزمن.,2
فولفو,2
الريف،,2
صعوداً,2
باتفاقية,2
بأنّها,2
الكازاخية,2
الشعبة،,2
وحدّد,2
تاريخاً,2
منصاتها,2
يومية.,2
بوعريريج,2
الصحافيات,2
الخزاعي،,2
التراجعات,2
والاستدامة.,2
موديلات,2
المؤسسية.,2
التجمّع,2
الآخرون،,2
للتسلح.,2
إلحاح,2
أحبت,2
بنفسها.,2
جمدت,2
تمويلا,2
أقلَّ,2
القيادةِ،,2
الأهميةِ,2
الإعمار.,2
بدني,2
أوراكل،,2
المطلعون,2
وتوقعات,2
مكتبِ,2
بمرضِ,2
مُقاطعةِ,2
والمخطط,2
لتنتهي,2
السّنوات,2
“مون”,2
وستسير,2
مرسيدس,2
المجاني,2
نيامي,2
وردا,2
والبيئات,2
تُدخل,2
مصطنعة,2
مشوهة,2
"""التوصل",2
"""عودة",2
"قريبة"".",2
دوامات,2
لبرشلونة،,2
الارتقاء,2
مقبلة.,2
نجد،,2
استعرضت,2
"""لذا،",2
لاهور,2
البراقع,2
البدوية,2
دفاعه,2
الثّانية،,2
التعمق,2
الانتفاخ,2
الهضم،,2
صراعٌ,2
وبنين،,2
بورنو,2
(12),2
بالدبلوماسية,2
إسحاق,2
سافانا,2
ريختر,2
للمواصفات,2
عقدنا,2
فسيتم,2
"الفور"".",2
بالصعود,2
سفرها,2
المزعوم،,2
بالترتيبات,2
توافقاً,2
السري،,2
القولون،,2
والأمني,2
عنتاب,2
بانتظام.,2
وميداليتين,2
استضافته,2
للدم,2
بنشاط،,2
مالا,2
ومحمود,2
معقّدة,2
قاتلت,2
مطلب,2
تجنيدهم,2
ميكيل,2
المحتسب,2
1.148,2
للمعاهدة,2
وفضية,2
يكلفهم,2
بلدانًا,2
حالاتٍ,2
وجوديًا,2
مقطورة,2
الأردني،,2
الخرابشة،,2
صُناع,2
وراق،,2
الأطلسي.,2
الحفيظ,2
بالقانون،,2
الجناة,2
جزاءهم,2
الظاهرة.,2
لكونها,2
متأخرة.,2
وأقسام,2
إشكاليًا,2
ميكل,2
“جهاد,2
وحجة,2
وموريشيوس,2
لحقن,2
كشفالرئيس,2
جوجل،,2
الصفر،,2
للقلب,2
مزج,2
الأنماط.,2
المتشددة,2
القاطع,2
التقريرُ,2
كواحد,2
البنغلادشية,2
التعاملات.,2
دفعني,2
يحبون,2
ووجدنا,2
عشوائية،,2
وسيعمل,2
الإعادة،,2
لوند,2
بولسن,2
سيغير,2
وطبيعة,2
ستُجري,2
للموضوعات,2
وتوصيات,2
أغلبهم,2
بكتب,2
دعمِ,2
وتعزيزِ,2
قامتْ,2
جنيهات،,2
وتُعزى,2
مالوال,2
المقلقة,2
صدامات,2
الجماهيرية،,2
تُعلّم,2
وتُروّج,2
شخض,2
إذنه.,2
الأطعمة،,2
بالازدهار,2
تبليغ,2
رمم,2
والعمارة,2
والمسرح,2
بتنوع,2
الاستعمار،,2
وتردد,2
المنبع,2
أوغندا،,2
تنزانيا,2
الفيفا,2
يرحل,2
وتضيف,2
مربع),2
سيحضر,2
لصورة,2
تذكرة,2
المجتمعين,2
النيوترينوات,2
كونستراكشون,2
مواصلًا,2
النرويجي،,2
اللاعبين،,2
فراغ,2
الدار،,2
المهني،,2
صعبًا.,2
بيوش,2
"الاصطناعي""",2
ومقتل,2
الإرهاب”,2
مطالعة,2
والطرح,2
وعوامل,2
المخاطرة،,2
ودراستها,2
عدمه,2
المصاحبة،,2
سيرا,2
فيردي،,2
الشّرق,2
سيبيغا،,2
"""مئات",2
"والصواريخ""",2
عُشر,2
الجراح،,2
فضول,2
2025-2026،,2
العقار.,2
الاستغلال،,2
فيرى,2
نهائياً,2
للقصف،,2
البيلاروسية,2
وتحقيقات,2
حوامل,2
المشترين,2
وتوغو.,2
(ت.ل):,2
الأشياء.,2
عطلات,2
والانخفاض,2
أخطاءها,2
شمبانزي,2
٥٠٠,2
نمانع,2
معتادون,2
يفقدون,2
يتبخر,2
أجزاءً,2
ينجرف,2
الحطام,2
ومستدامة،,2
الأساسي.,2
إسكانية,2
وأغاني,2
لإشراك,2
حصريًا,2
الإعارة,2
أنعم,2
والبرتغال،,2
وأثنى,2
أتلتيكو،,2
حية.,2
لروبوت,2
بطيئة,2
أسوان،,2
طموحها,2
فشلًا,2
المعروف،,2
أدرجتها,2
القمعية،,2
بيث,2
الواقعية.,2
٢٠٠,2
"أرض""،",2
منى,2
الأب،,2
سخية,2
"الهند""،",2
وأوروبا.,2
دبلوماسي،,2
وتدفق,2
"""تحت",2
سابع,2
"منها"".",2
"""نيو",2
لإيرادات,2
التابيوكا,2
تاينان,2
يجبر,2
آيفون.,2
واستفاد,2
طفلاً,2
واصفةً,2
للتجويع,2
لانهيار,2
الرصد,2
34.9,2
(7,2
(4,2
طعن,2
بـ16,2
13.8,2
يلقون,2
تلميحات,2
بالفشل.,2
وأنهت,2
حالتي،,2
وأول,2
تعويضها,2
"الغاز"".",2
جينيس,2
لأطول,2
ماراثون,2
حجوزات,2
لاجئاً,2
سورياً,2
المغربية،,2
الجدلية,2
فيلمًا,2
شائكة:,2
الواقية,2
"4,500",2
لإيطاليا,2
الموازنة.,2
مديرا,2
هام،,2
بواسطةِ,2
أنظمةِ,2
المُراقبةِ,2
والمركبات,2
بالشركات,2
بالفاشر,2
الأيدي.,2
والموردين,2
يمكنُ,2
لأصوات,2
151,2
مقتضب,2
ماديا,2
براديش,2
المحمول,2
إيرينا,2
وينبغي,2
وأبرزها,2
الكنيست،,2
صوتاً,2
عنصرا,2
آراءهم,2
المقاييس,2
مكتوفة,2
(حامل,2
اللقب)،,2
1-2,2
نُظمت,2
تفوّق,2
تدبر,2
مشغل,2
1.6%.,2
للمفاوضين,2
للتجريد,2
بالإضافةِ,2
بتصفية,2
"بـ""سناب",2
(جوهار,2
زامين,2
بمخزون,2
الماليزيون,2
فمعظم,2
مرسلة,2
الجهود،,2
للخسائر,2
مسدود.,2
بيكاسو،,2
"تحديدا"".",2
أوروتيا،,2
"""برودكوم""",2
كلاي,2
1.51,2
8.7,2
مُعتمد,2
الفنّ,2
للتمسك,2
توعد,2
كجزءٍ,2
المسعفون,2
آي.جي,2
سيكامور,2
إيذاء,2
والتعاطف,2
لأشعر,2
مكعبات,2
ونكهته,2
غلوبال,2
بالتفكير,2
برس:,2
يحاولن,2
جمعة,2
وخطابات,2
الكراهية.,2
"""أية",2
"هذا"".",2
"""إنستغرام""،",2
ترميم,2
وجباتهم,2
المصارعة,2
1970,2
دويه,2
"""كلام",2
"ورق""",2
هيفاء,2
كلثوم,2
نورث,2
أشرفت,2
غلودو,2
أفندي,2
الفائز.,2
وصندوق,2
بأدوات,2
“أنا,2
التقصير,2
"""جونسون",2
"كونترولز""",2
خفت,2
حدته,2
التأخيرات،,2
متابعيه,2
بالوحدة,2
تكلفة.,2
ومنازل,2
برابوو,2
والتنقل,2
كلي,2
يتظاهرون,2
الكوليرا.,2
الاضطرار,2
"""روسكوسموس""",2
خلفاً,2
أردتُ,2
والسينمائية.,2
"""أبل"":",2
35،,2
"مزدهر""،",2
تطويرية،,2
متهمةً,2
المعروفة،,2
رونين,2
وأبلغ,2
ورزازات.,2
المنقبين,2
سفراءها,2
"""للتشاور""،",2
انتحارها،,2
وانتقادات,2
الراجحي,2
وسهم,2
وتايوان,2
للمصادر.,2
الجمهورية،,2
كولومبيا،,2
الخيمة,2
حارة,2
1902،,2
سارع,2
فيلة،,2
"""سومو""،",2
بولسونارو،,2
كجماعة,2
وصعود,2
"النفطية"".",2
تخمين,2
بعدالة,2
"""مدينة",2
مدعية,2
عربيًا,2
تفهم,2
وتأخذ,2
بديلة.,2
والإعلان,2
سويلم,2
لهيمنة,2
جنسيًا.,2
لعودة,2
"أفغانستان"".",2
"الأمر"".",2
الظهور،,2
التقدير،,2
"""عوالم",2
"السعادة""",2
وتجارية.,2
"""روس",2
الاعتزاز,2
للأثرياء,2
الأحلام,2
جلال.,2
يعزو,2
وظفت,2
سلف,2
غراماً,2
(وهي,2
والبرلمان,2
طعنت,2
"""تكليف",2
وستقوم,2
للرسم،,2
وفرش,2
"""أحمد",2
صبحي،,2
وحاتم,2
وأحمد,2
الرازق.,2
وكريم,2
سامي,2
أفغان,2
شريكاً,2
رمزيّ،,2
النيجرية,2
إرضاء,2
الانتخابي،,2
وخليفته,2
"كذلك"".",2
عسكري،,2
أودية,2
و48,2
للتضامن.,2
أموريم،,2
تتوصل,2
“لاس,2
لينكدإن.,2
الكريم،,2
إقامتها,2
"الرهائن""،",2
“أوشوم,2
المجمدة,2
راخين,2
"""أسوشييتد",2
الابتكار.,2
أمريكيًا),2
صيادين.,2
"المحلي"".",2
ناديا,2
ناهز,2
الأوقات.,2
القيود.,2
سلالتها,2
كريولو,2
يوكاتان,2
الطبقية,2
المكالمة,2
علمي.,2
تارابا,2
شاهدوا,2
"""أمور",2
يورانيوم,2
(سلوشنز),2
وتلجأ,2
العربية/الحدث,2
حرارتها,2
وحرر,2
"سيئة""",2
الأرقام،,2
الجفاف.,2
وحقوقِ,2
الإنسانِ,2
وهوَ,2
مُنظَّمةٌ,2
المخاطرِ,2
الصحيةِ,2
فتى,2
بالتحولات,2
واستيفاء,2
المشبوهة.,2
الكوريين،,2
إحباط,2
البرز,2
متعصبة,2
بفصل,2
يتغلب,2
ترشيحه,2
تبيّن,2
بالكميات,2
وشدّد,2
للاتصال,2
6.24,2
والحقائق,2
نظرائها,2
الكندية.,2
يسار,2
لحدث,2
جزءًا،,2
بالتزاماتها,2
إقامتهم,2
المحسن,2
122,2
جيله,2
لخطورة,2
اقتصرت,2
حصولي,2
(إس,2
-طرف,2
علاقة-,2
مواكبة,2
خاصا,2
مزمنة,2
"العالمي""",2
٢٠٣٠.,2
"""العربية.نت""،",2
اختبأ,2
"""كام",2
"للطيران""",2
مقابلاتٍ,2
طفولته،,2
مهتمة,2
عقوبتها,2
بيني,2
معنا.,2
وجّهت,2
"2030""،",2
الهرب,2
وكفاءة,2
وتذكير,2
متوقعة.,2
وتوباجو,2
بطلة,2
البارزين،,2
ورؤيته,2
المراقبين،,2
أسترالي،,2
رو,2
مروري,2
تندرج,2
توسعها,2
وتدعيم,2
اتجاهات,2
المسيرة،,2
الاتحادات,2
الكركمين،,2
المُركّب,2
المرونة،,2
إماراتية,2
الرومي,2
وتجدد,2
الكوري،,2
"""فيلت""",2
آبائهم,2
الباكستانية.,2
وتحالف,2
للخريجين,2
المقدمة،,2
أسست,2
يشاهدون,2
الخوارزميات،,2
38%,2
يشاهده,2
فيلمه,2
الديناميكي,2
يُلقى,2
للتحلل,2
قره,2
وصواريخ،,2
هلع,2
وبينَ,2
حربا,2
"""كلما",2
باس,2
اعتزاله,2
لكاتب,2
وبولندا،,2
والنمسا،,2
أخشى,2
لأخذ,2
رجعي,2
أقرأ,2
والخاصة,2
لاحتياجات,2
غو،,2
للسودان,2
10:22,2
مستشارة,2
يُفضل,2
وضحاها،,2
وُجِّهت,2
غروسي،,2
الهضم.,2
حيًا,2
3707.40,2
استنكر,2
كورت”،,2
بألواح,2
الاشتعال,2
بالضمان,2
والتأمين,2
وإلزام,2
اللحام,2
عقولهم،,2
متجاوزين,2
المفاتيح.,2
وتتطلع,2
والتراخيص,2
والترفيه,2
أخيرًا.,2
المعتادة،,2
بالسياسات,2
خصمها,2
السد.,2
أسيا,2
كتائب,2
القسام,2
إنغريست,2
بعبارات,2
ساحلِ,2
العاج,2
المتكامل,2
منزعجًا,2
الفادحة,2
والإنتاجية,2
والإيماءات,2
ديارهم،,2
قلقاً,2
“وانغ,2
ودبلوماسياً,2
لمكالمات,2
سلمان.,2
يتخطى,2
للأمر,2
التمثيل،,2
وتراكيب,2
وكريمات,2
"الغربية"".",2
للتنفس,2
للموقع،,2
0,2
50،,2
متفائلاً,2
فذلك,2
التحكم.,2
لإسقاط,2
وجدان,2
المألوفة,2
العسل,2
وبعيد,2
الثمانينيات،,2
الطرازات,2
فئة.,2
و2019،,2
حاسمة.,2
موحد،,2
المبلغون,2
730,2
الروصيرص,2
وسد,2
تركية,2
السطحية,2
"""غزة",2
الزيوت,2
فتكون,2
بجدية،,2
نيورالينك,2
المستهلك.,2
وتكون,2
بالتبرع,2
2045،,2
للأدوية,2
الصيفي,2
وتجدر,2
يُناسب,2
المستحضرات،,2
التركيبات,2
الباكر,2
النهار.,2
باتشو,2
النَّهرُ,2
تبرع,2
300-400,2
لترات,2
فالأدلة,2
أطفالها،,2
الصوتية:,2
الناديان,2
الشريفين,2
الحمامات,2
"""الشاطر""",2
طلبيات,2
(جودي)،,2
للتبريد,2
جوز,2
وعسر,2
الصامت،,2
بالرحمة،,2
حافزًا,2
بهيكل,2
مناسب،,2
الكرامة,2
الرومانسية,2
الأرابيسك،,2
التسعينيات.,2
رقما,2
والتطلع,2
عمل.,2
بنين.,2
منتخبات,2
والتحرك,2
والاضطرابات،,2
مكّنت,2
الإمبراطور,2
ساخر,2
الأثرياء،,2
مجتمعه.,2
لضم,2
بيوغلو,2
1973،,2
الغناء,2
بالتدابير,2
متجددًا,2
بمنطق,2
ويصنع,2
المجلدات,2
متباينًا,2
الطازجة,2
والإضاءة,2
بالمياهِ,2
المناطقِ,2
رطبة,2
للاحتفاظ,2
التجميل.,2
يتسبّب,2
بانتهاء,2
والرسالة,2
25،,2
المتوفرة،,2
بحقه,2
المُتضرِّرةِ،,2
وأنماط,2
الحل،,2
تُنظَّم,2
الأضرار،,2
المفاوضات،,2
المشتركين,2
"""برايم""",2
الرشيدة,2
تسديد,2
واستضافة,2
قاسيموف,2
بشهادته,2
يوناني,2
أورمونوف,2
وأولويات,2
يؤثران,2
الأفكار،,2
الركض.,2
والأمريكي,2
زائريه,2
البدنية.,2
تجريبية,2
وبدوره،,2
تراكتور,2
بعيدها,2
الحار.,2
النفاذ،,2
لحمل,2
295,2
لانتهاكها,2
أحكم,2
ومصير,2
الشطط,2
أبعادًا,2
سيرلانكا,2
إنعاش,2
آغايف،,2
ومنشآت,2
الاستهانة,2
أن،,2
الكاجو,2
عنصران,2
يتكلم,2
المذاق,2
المألوف,2
باقر,2
"المالية""",2
الحكوميون,2
الكثافة,2
واقعها,2
محاطة,2
اللاذقية,2
ملزمًا,2
فوفقًا,2
لترًا,2
حيّون:,2
نابعة,2
بربيع,2
عمليًا،,2
المرض.,2
روبيَّةٍ,2
إندونيسيَّةٍ,2
راديكالي.,2
والأب,2
وعاد,2
كاركاس,2
ماكون،,2
لعب،,2
وألواح,2
رغوية,2
دعائي,2
الأسلحة،,2
يجدي,2
ملاجئ,2
تقديراته,2
وثبت,2
سيمنع,2
القديم.,2
بصدارة,2
حولي.,2
وفيلق,2
تُعيق,2
لتداعيات,2
أخي,2
(وام).,2
الممنهجة،,2
والعبوات,2
الجزائريات,2
دُرِّبت,2
يشوبها,2
نستثمر,2
تطبيقَ,2
كلٍّ,2
هكذا،,2
ترفيه،,2
تُبقي,2
أولوياتها,2
منحهم,2
تنظّمه,2
التوجّهات,2
نهجه,2
غطاء.,2
التيتانيوم.,2
وعالم,2
تأملات,2
ضرراً,2
مثقلة,2
بالتوترات,2
المتصاعدة.,2
"13""",2
إدوين,2
الأثر،,2
فهما,2
اتبعه,2
218,2
«التواصل,2
38.1,2
تغييب,2
النسوية.,2
استفسارات,2
والتجاري,2
الحاجز,2
بالنفط,2
الفرز.,2
وينتقل,2
السياحي،,2
طغى,2
للنزاع.,2
متعاطي,2
شارل,2
1-3,2
متتالية.,2
خارجها.,2
للإنسان,2
للمنتخب,2
تُبرز,2
والرسائل,2
لحملة,2
الواقعي،,2
لإتقان,2
السباق،,2
ضروريا,2
التسع,2
الخامسة.,2
ميلون,2
يتبق,2
لمالكها,2
محافظات)،,2
"كابيتال""،",2
تستهدفُ,2
يتواصل,2
الرباط،,2
تشرك,2
بالتوصل,2
مقلق،,2
وبقيادة,2
المَنزل,2
إمعان,2
فعلٍ,2
الأحفورية,2
تشوبار,2
كيلوغ,2
"الحالي""",2
توعدت,2
ويريد,2
الـ48,2
الصالح,2
إيفين.,2
توازنه.,2
الشطي،,2
والصناعة،,2
اختلافًا,2
انقسمت,2
والديمقراطية,2
الإخواني,2
بياناً,2
"الدفاع""",2
حافر,2
متصاعدة.,2
القتالية,2
سيتسبب,2
بأضرار,2
والممتلكات،,2
بخدمات,2
التجديد،,2
التغييرات.,2
لحرمة,2
بمراكز,2
494,2
وضخ,2
خارجًا,2
لبراءات,2
31%،,2
والثقافي.,2
"للإرهاب"".",2
لفرز,2
فرنانديز,2
بسبع,2
ضمني,2
معتقلي,2
ومفقودي,2
إحياءً,2
يتراكم,2
نسميه,2
بنصف,2
"نيوز"":",2
نرَ,2
مهتم,2
للشخصية,2
1997،,2
البنزين.,2
المكاني،,2
يشتري,2
وبقي,2
جانبًا,2
الفعل.,2
زميلاتها,2
إطارات,2
لملكية,2
القدامى،,2
أرثوذكسية,2
وخالية,2
للإبادة,2
البرية.,2
هنأت,2
مستفيداً,2
الخمسة،,2
بالانضمام,2
34.7,2
كوميدي,2
حظره,2
أنقذ,2
حكوميةٍ,2
أفضى,2
وصناعات,2
للمملكة،,2
دليلًا,2
"""كاتليست",2
بارتنرز,2
معداتها,2
كاسح,2
وستمدد,2
الأنفاس,2
"كابيتال""",2
اللهجات,2
وميتا,2
"والمخاتير""،",2
للجامعة,2
غاضبا,2
والصيني,2
لإرجاء,2
للتكييف,2
الرواتب,2
بترامب,2
اتفاقهما,2
ملموس.,2
ينحصر,2
المحتجّون,2
المقترضين,2
أصبحا,2
360,2
زاركوفا,2
بإشراك,2
المحليين:,2
يعرفوا,2
مظلوم,2
عبدي,2
محفوظة,2
و2022،,2
الدّخول,2
بالفعل؟”,2
المولدوفية,2
أوكرانياً,2
يحبس,2
يُنظم,2
للواردات,2
أحضرتنا,2
بالوعد,2
الامتحان,2
"سيادتها"".",2
للقتل,2
يونس،,2
ولهذا،,2
تنفصل,2
المضافة،,2
التكييف,2
المؤنسية,2
والصيانة,2
تليغرام،,2
"""قنا"".",2
منتج،,2
للشفافية,2
"""سيكون",2
المنقول,2
فضيات،,2
ينتحل,2
بالعجز,2
الإسرائيليين،,2
2034،,2
ويفتقر,2
محقق,2
“جلوبال,2
ويتنس”,2
قانونها,2
هرمون,2
الجوع،,2
إقبالًا,2
وشمولاً.,2
قتلهم.,2
كشمير.,2
ظهرًا,2
إيطالية،,2
القاعدة،,2
ليكرر,2
ملوحاً,2
موقعة,2
اعتذارًا,2
الترشيح,2
فاروس،,2
توظيفها,2
لتعود,2
قدما,2
واللجوء,2
توماس،,2
وترتبط,2
والتدريبات,2
فُرض,2
زوين,2
أعمالهما,2
أوسكار,2
اللفة,2
لاندو,2
ومرسيدس,2
العجلات,2
الأقدام،,2
0.16%,2
كو,2
شاومي،,2
“رئيس,2
وحجز,2
القفزات,2
"ديناميكس""",2
تجاهلها.,2
الصادرات.,2
جاري,2
قدراتهم,2
الساديّ,2
لقتل,2
الحجارة,2
وعائلات,2
عالقة,2
وتعقيد,2
تصنيفها,2
وحينما,2
رسالتهم,2
تلهم,2
واحدة:,2
راب,2
خاصية,2
بتفاؤل,2
"""أكسيوس""،",2
لفرنسا،,2
الشباك,2
طائفية,2
الحديدية.,2
اثنتين،,2
بشكلها,2
نهائية،,2
بنودها،,2
خداع,2
الأيضية،,2
بحركة,2
وضرورية,2
عزوف,2
وُضعت,2
الأكبرَ,2
الأول:,2
بالحصار,2
نفايات,2
المدفن,2
توطينهم,2
تفصيلًا,2
لتجهيز,2
والمعارضين,2
انحناء,2
"إسرائيل""،",2
1976,2
الصاخبة,2
وصفات,2
نبات,2
بتصريح.”,2
آسفة,2
2025؛,2
يلتزمون,2
هشتِ,2
صبح,2
لوكلير,2
سوءًا،,2
زد”,2
ضدها،,2
مثلُ,2
ذاتِهِ،,2
عناصره،,2
الروشة..,2
"و""الحزب""",2
بديل.,2
وإضعاف,2
المستوردين,2
نظريتهم,2
الموجات,2
الدماغية,2
ومعارض,2
الشفهية,2
مؤثرًا,2
تلقيهم,2
الشبابية،,2
“الجيل,2
للإيجارات,2
تتمحور,2
والبوسنة,2
ترددت,2
العينين,2
تُلاحظ,2
سرطانات,2
469,2
أبكي,2
“الصفراء”,2
ويقوض,2
والتعافي,2
للتحقق.,2
واكتفى,2
الداكن،,2
الإمساك،,2
وألماً,2
يتسنى,2
الأملُ,2
اسمه،,2
آيباد,2
بقائي،,2
مأمن,2
واصفين,2
داخلي.,2
للاستجابة,2
"""اليوم،",2
وُجّهت,2
“نظرًا,2
بأزمة،,2
دم,2
"""باطل",2
إرجاء,2
بالمائة.,2
للتمكين,2
مجالاً,2
الجنوبيةبنسبة,2
مستقبلية،,2
الشاطئ.,2
"خاص""،",2
ويرسل,2
معمر,2
وبينها,2
للصادرات,2
العوضي،,2
تصدّر,2
نفطها,2
كمنظمة,2
تكونَ,2
لإتمام,2
معقداً,2
للإعلاميين,2
"التنفيذ"".",2
الخداع,2
والرابعة,2
واقعيًا,2
إلهام،,2
شرس,2
الحضري.,2
العلمين،,2
وبنوك,2
للمقترضين,2
سويلم،,2
يتزوجن,2
للتسرب,2
والشمولية,2
الصارخة,2
عدّة.,2
بريء,2
المستحق,2
العلمين,2
البراءة,2
الحديث.,2
الحصر،,2
"""تطبيق",2
طالبان.,2
والتوعية,2
يجلب,2
أمان،,2
الراحة،,2
التدمير؟,2
وتأخر,2
السقف،,2
الأناقة.,2
البيسبول,2
فهمك,2
داكنة,2
أجيال.,2
صفراء,2
محلي،,2
السيولة،,2
وقادتهم,2
مرعي,2
مخازن,2
أنَّها,2
27.5,2
يشدد,2
"""ستاندرد",2
تقاريرها.,2
0-1,2
مسلحين,2
محظورة،,2
لإضاءة,2
صورة،,2
بسط,2
والأحجار,2
يُعقد,2
زيجين,2
وبكل,2
المطعم,2
بتواضع,2
تشيد,2
الداعم,2
جاهدةً,2
طُرحت,2
"""لكي",2
تتقبل,2
‘غير,2
تحوله,2
نافذ،,2
الأولمبي,2
الرابع.,2
الأخلاقي،,2
تنعكس,2
كيفَ,2
جول,2
يتنقلون,2
كف,2
1907،,2
يوافقون,2
مسدود,2
وحوّل,2
مصادرة,2
ردّها,2
بالتعويض,2
"الحرب""،",2
جوسوياك،,2
الإضاءة,2
قبض,2
بالصوت,2
مقبضًا,2
المؤسسيين,2
متسارع.,2
الانتكاسات,2
يوليا,2
قواها,2
التقاطع,2
متكافئ,2
(آلية,2
للزيارة.,2
الطازج.,2
للهوية،,2
لمساعدتنا.,2
المنتجين,2
بغضب:,2
الجُزُرِ,2
بإندونيسيا.,2
الكاميرات،,2
ليلًا,2
يُثير,2
175,2
لممارسات,2
لشركةأبل،,2
موافقتهم,2
يستحدث,2
شركةأوبتوس،,2
"""أعلى",2
"بكثير"".",2
البيّار,2
دراسته,2
يقعُ,2
بُعدِ,2
النَّهرِ،,2
أفكاري,2
الأمام،,2
(...),2
وأشياء,2
يأملون,2
والمشاهير,2
"2026""،",2
هيمنت,2
والبرية,2
صداقته,2
إفريقي.,2
والتعصب,2
مكلارين,2
الصانعين,2
وحسم,2
النروجي,2
كاسبر,2
"""هاتريك""",2
و2021،,2
لميسي,2
للصلاة,2
وسفير,2
المقاصة,2
واشنطن:,2
موردين,2
محتملين,2
حتشبسوت,2
ومقابر,2
التأهيل،,2
وخطيرة,2
طبيعي.,2
يورغن,2
1100,2
أمريكا،,2
جذورنا,2
وضحاها.,2
متعلق,2
المعاهد,2
أذرع,2
والكورية,2
أمسّ,2
كلل,2
وإدانة,2
لتهجير,2
نوتنغهام,2
خلُص,2
ويزعم,2
الإطارات,2
للشعب”,2
إنتري,2
بذلها,2
الحرية،,2
مدمرة،,2
مربحة,2
"""ميدياتيك""",2
تمويله,2
كركوك,2
الذات،,2
الحفظ,2
وبائعي,2
البرتغال،,2
وكاد,2
الساعة.,2
يدعون,2
الضخم،,2
بأذكى,2
تقدما,2
ممفيس,2
"""الإنذار",2
"الأحمر""",2
المالكي،,2
فناء,2
أصفهان،,2
لجني,2
"الإصلاح""",2
“اللائحة,2
إنجلترا.,2
بقوات,2
البرازيل),2
وشاب,2
دمية،,2
يهاجم,2
رمزياً,2
1860،,2
ملايينِ,2
المملكةِ,2
العربيةِ,2
روح،,2
وقيم,2
وراح,2
تستهدفهم,2
يرتدين,2
البرقع,2
"المياه"".",2
4.7,2
الإعلاميون,2
رسوخًا,2
والعاملون,2
التصنيع.,2
حرجة,2
لتفقد,2
179,2
وممولة,2
النخبة،,2
وخوض,2
للمنتجين,2
استثناءً.,2
عمقها,2
مناطقهم،,2
الجوار،,2
طوله,2
"الأرض""،",2
شابتها,2
والنكسات.,2
هويتهم،,2
متوافقة،,2
497,2
مهاجمه,2
المنتمي,2
"""معقدة",2
مصطنع,2
يقارن,2
المدربون,2
خصيصاً,2
المسنين.,2
خبرته,2
فأكثر،,2
صبغة,2
الواجبة.,2
مردفاً:,2
لغزو,2
نُقل,2
بمقرها,2
الترميم,2
السحابة,2
التخريبي,2
الحريري،,2
المثبت,2
للوزراء,2
منذُ,2
"2,000",2
المليئة,2
الفيضية,2
"""مجرد",2
وتواريخ,2
تهديدات،,2
أنشأوا,2
بالفخر,2
أعادوا,2
وذكريات,2
ببداية,2
فيس,2
تايم,2
ترتكب,2
التاسع.,2
ك.,2
نقصا,2
بالكلام,2
الاقتراب,2
بنغلاديش؟,2
باردو،,2
تشرف,2
مطلقة,2
احتفاظها,2
الفاخر,2
إحساسها,2
لكلّ,2
الأنهار.,2
آي.بي,2
يغادرون,2
الغامبية,2
لثمانية,2
تاركين,2
أبا,2
لتقنين,2
وتحطيم,2
إفراز,2
الميلانين,2
عضلة,2
غيغاواط.,2
آلي,2
الاستنتاج,2
"""تايلينول""",2
وإبعاد,2
المعفاة,2
​في,2
معاناتهما,2
"عربية""",2
وأخواتنا,2
التواطؤ,2
سمّته,2
طبيعيًا.,2
بيتسو,2
عيشها,2
طائر,2
والمشروع,2
جميعاً,2
يحبها,2
تُنذر,2
أمني.,2
مخصصات,2
بمنعها,2
"""نشيد",2
يُستخرج,2
بالإعلانات,2
الضارة،,2
"يوتيليتيز""",2
سابقا،,2
تصدعت,2
الدهني,2
والنهب,2
الوتيرة,2
أوثق,2
متطوّرة,2
جرامًا,2
لكلمة,2
للرجال،,2
مسلحة،,2
"""ريا",2
انفجارها,2
للوكلاء,2
نقصًا,2
وينظم,2
طابعًا,2
تقرره,2
السمات,2
الدمية,2
التعقيدات,2
التفجير,2
وأدرك,2
الفلبين,2
يخيم,2
سيلفي,2
بأبشعِ,2
والبناء,2
قصصنا.,2
إنتاجات,2
أصدرته,2
بتونس،,2
التجميل،,2
الجري,2
تكرارًا,2
والتعدين,2
أطباق,2
لفرانس,2
3650,2
الجراحة,2
لأطفال,2
والتنشئة,2
المذنبين,2
للشارع,2
وعنصرًا,2
السياسيين،,2
المتحف،,2
بالمنازل,2
التراثية,2
"""الرياض""",2
وكصحافي,2
تُسيطر,2
"""إنفيديا"".",2
بالجمهور,2
قبولًا,2
مستدامًا,2
الجدد.,2
الأسرية,2
الوعاء،,2
بالرغوة,2
عارضة,2
قشة)،,2
أمريكيًا،,2
ودفعهم,2
بيانه,2
ضمناً,2
تحولا,2
صراحة.,2
يافورتشيك,2
تُعطي,2
ومحافظة,2
١٨,2
مطالبتهم,2
ينزل,2
والحبوب,2
المحيطين,2
يستغلها,2
ومعًا،,2
للنضال,2
وتجربته,2
أتاحت,2
رحلتين,2
تداولوا,2
والأميركي,2
الخريِّف،,2
سيُسهم,2
"""زيادة",2
للكثيرين,2
شغفهم,2
بصدق,2
اشتريت,2
وحلول,2
أسئلتهم,2
وحزن,2
وتنتج,2
باضطرابات,2
رواجاً,2
الإخباري,2
مثيل,2
تواطؤًا,2
تأكيد،,2
بليسنج,2
بعالم,2
والمال,2
المعجبين،,2
تعدّه,2
أشتري,2
أن:,2
كوريا.,2
واضحًا:,2
مراد,2
يريفان,2
الأرقامُ,2
السعار,2
للجدول,2
ورخاء,2
"جديدة""،",2
لكريستال,2
بتسديدة,2
قريبة،,2
"في""",2
الكاتالوني.,2
حثيث,2
المشروعة.,2
للجولة,2
ونووية,2
وتقصف,2
الجوالة,2
"""العربية""",2
بمصير,2
مجوهرات,2
الجوهر,2
ستنفذ,2
بقضاء,2
10.5%,2
المعالجات,2
عطاء,2
المجتمعي.,2
الاحتلال.,2
1913,2
البلقان،,2
العلاجي,2
انشغال,2
لتراجع,2
يفضي,2
"""أبل",2
"العمال""",2
للداخلية،,2
يتأهل,2
يكتنف,2
للوحدة،,2
مستمر.,2
المساهم,2
العلا،,2
لكونه,2
تكتشف,2
والمهم,2
45754.93,2
قولها.,2
بعضاً,2
"""طريق",2
أعطت,2
الغش,2
جثمان,2
قريبًا.,2
الخياطة,2
بالو,2
أوضاعاً,2
الخطر.,2
برنامَج,2
الكتابان,2
"""يورو",2
يقصدون,2
والأطفال،,2
مخالفات،,2
سلوفينيا.,2
تحية,2
“صباح,2
لشخصٍ,2
بيريرا،,2
آلافًا,2
عدائي,2
السنغالي,2
ساديو,2
غض,2
والأمر,2
الأخيرين،,2
والألعاب،,2
ممكنًا،,2
للوزارة،,2
باربورا,2
ارتكاز,2
للقلب،,2
تحكيمية,2
تزييف,2
العادي,2
حبل,2
غريب،,2
وتجاوزت,2
بإشعال,2
رحلتهم.,2
والأحد،,2
فضلت,2
الفردية.,2
مرعبة،,2
الكون،,2
الثورة،,2
لمشكلة,2
بالضغط,2
لتركيا,2
رقائقها,2
كمستشار,2
روديو,2
كافٍ،,2
ثقافيًا،,2
الطفل.,2
تخل,2
وسقوط,2
الأنفي,2
١٧,2
الريف,2
4-1,2
بالحليب,2
المنتشر,2
صعودالذكاء,2
عقاراتها,2
مشروعاتها,2
جنسية،,2
الدرعية,2
وانقطعت,2
نومك,2
148,2
المسلمين.,2
الممر،,2
فهؤلاء,2
البولندية،,2
الممر.,2
والاستجابة,2
المُشاركة,2
محتواه،,2
ككيان,2
موازية،,2
المتحاربة,2
السبانخ,2
بعكس,2
الزيتون،,2
1937.,2
باتشوكا,2
"""نعتقد",2
غريبًا,2
يمهد,2
النقابات,2
11%,2
الإخوان،,2
أنكم,2
وفقد,2
فيهن,2
نسختها,2
العمالية,2
والفهم,2
اعتقلن,2
التنافسي,2
أداتو,2
"""ميليوداتا""",2
أوستن,2
ظهره,2
وتمكن,2
منحدر,2
بطولته,2
نافع،,2
مالك،,2
ويطمح,2
تجاوزها,2
مثّل,2
المحمولةِ,2
أرسلته,2
والبيض,2
الأوسط”،,2
والمأوى,2
المعاناة.,2
"ترامب""",2
صميمة,2
الأولية.,2
وتفحص,2
ناجمًا,2
لآليات,2
إيواء,2
بجدول,2
ستأتي,2
ماينكرافت,2
لوسوجا,2
ولغات,2
أوغندا.,2
أشواط,2
مؤلمة،,2
الوزير:,2
اتبع,2
وتعاون,2
الترميم.,2
لابوبو,2
حكومياً,2
بمنأى,2
والشاي,2
للكلاب,2
"""اليسار",2
"الراديكالي""",2
بالمساهمة,2
بالصحافة,2
ويعتمدون,2
الاعترافَ,2
بالاغتصابِ,2
فضائي,2
الكواكب,2
الكوني.,2
كائن,2
أسود,2
إلياس,2
سُجن,2
عانينا,2
وزوجي,2
الضبابية.,2
أتم,2
ينقسم,2
غرينكا,2
الشياطين,2
تؤهله,2
"""ناسا""",2
طالبوا,2
وإنزال,2
بك،,2
لمدى,2
“عيد,2
والإسهام,2
يتسق,2
لغتهم.,2
ألّف,2
وتتالي,2
بتفكيك,2
الإبداع،,2
يُظهِرُ,2
لعامِ,2
الطوعية,2
والخصوصية,2
الإنجازات.,2
والمعدات،,2
وسلسلة,2
كالياري,2
3759.98,2
9.9%,2
الهبات,2
والتعرق,2
الطمث,2
يتناولن,2
متضاربة,2
"""إيثر""",2
فعال،,2
مارين,2
بفترات,2
الجهل,2
المفرط.,2
سيوزع,2
إخطاراً,2
يعادلها,2
مماطلة,2
الوليد,2
استثماره,2
مجرم,2
استحضار,2
الواضحة،,2
إيه.إن.زد,2
بجانبه,2
المراوغة,2
وأوقات,2
الحيض,2
الطبقي,2
كقضية,2
خليط,2
نضج,2
عبئاً,2
مغادرتهم,2
معرضها,2
بتقاليد,2
"الأميركيين"".",2
التحقتُ,2
بدورة,2
حاسمة،,2
اجتماعية،,2
والمحادثات,2
للمتخصصين,2
الحقائق،,2
المانغا,2
بالمواعيد,2
اتخذها,2
تكرير,2
الكبير:,2
فرزانة:,2
قبو,2
يتأخر,2
مقبرة,2
زفافهما,2
كوسي,2
إعلاء,2
السائق,2
البريطاني.,2
الجنين,2
أسّسها,2
المقرب,2
يتلقاها,2
والاحتجاز,2
والقيادة,2
والفقراء,2
"""عملية",2
كمرحلة,2
شهرا.,2
للمجتمعات،,2
استفسار,2
اشتعلت,2
والأبحاث,2
"""هجوم",2
بمبدأ,2
للتحقيقات,2
لكازاخستان,2
"""إنقاذ",2
سانغي,2
السّكّان,2
وأدائهم,2
أدبية,2
علميًا,2
واضطررت,2
الكفيل,2
الحاضنة,2
ونأمل,2
نحرز,2
أوراقها,2
التحمل.,2
والثقافة،,2
الألفيّة,2
يغني,2
خطأ،,2
إنذار،,2
قناعاته,2
1.7%،,2
لتركيب,2
تخزينها,2
نسرين,2
دكتوراه,2
القراصنة,2
استهدفوا,2
لأسابيع.,2
هولندا،,2
تحفظ,2
ومحلية,2
تشييد,2
بالعراء،,2
ويتجمعون,2
مكتظة.,2
التغير.,2
الاستوديو.,2
الأكشاك,2
أمكن.,2
لأمازون،,2
عاجلة،,2
التعازي,2
الضحية.,2
مكانها,2
بالسلب,2
للأوقية,2
تُقارب,2
“العالم,2
الاستقلال.,2
للمتة,2
القدر.,2
زوجي،,2
ونظراً,2
والكراريس،,2
السويد،,2
بكلفة,2
يقلص,2
تموضعها,2
الرافضة,2
بترحيب,2
ويحمي,2
الكتابة،,2
والأسباب,2
متشابهة,2
النوع،,2
المخصصات,2
سيقام,2
بالتدريب,2
والخبرة,2
النباتات,2
فورًا.,2
للتو،,2
“أولى,2
تفسيراً,2
مصداقيته.,2
ريالًا,2
ميزانيات,2
مضللًا.,2
الاقتصاديّ,2
لعقودٍ,2
للهيكل,2
جيفريز,2
"إنفورميشن"".",2
مأساوية،,2
الديموغرافي,2
الإماراتية،,2
سرعتها,2
المخصصة،,2
محترف,2
لبناني,2
والتوفيق,2
أحذّر,2
واليابان),2
الخاصية,2
مثالي,2
صداها,2
يتجمع,2
القطط,2
العراقيون,2
عضوية.,2
نصائح,2
لائقة,2
"للأطفال""،",2
والجنس.,2
كاواساكي,2
(322,2
اجتماعًا,2
المتقاعد,2
المتقنة,2
"""إحنا",2
الدوران,2
وبأشكالٍ,2
السريرية,2
الإفريقيين,2
الإفريقي.,2
11.7%,2
وكونها,2
الموصوف,2
اضطروا,2
ولكننا,2
البودكاست،,2
ندعو,2
وشركائنا,2
طاولات,2
الإقليميّة,2
أُنتجت,2
الإقراض،,2
والاعتقالات,2
استفادتها,2
الأدوية،,2
بطرحها,2
والميزانيات,2
لتتحول,2
آن.,2
بتشريع,2
وركرس,2
وقوعها.,2
الإنجيل,2
أجاييّ,2
سببت,2
اللاحقة،,2
يمضي,2
مفرغة,2
لهذا،,2
الخطاب.,2
الأولى:,2
لاقتناء,2
سوقاً,2
أقلقت,2
وعاشت,2
بألمانيا,2
ديب,2
سيك,2
هانغتشو،,2
داونز,2
شروطه,2
الأصعب,2
عملياتنا,2
استثمارية،,2
باكو.,2
نكن,2
كثيراً،,2
يسعدني,2
وشباب,2
للطرفين.,2
التأثر,2
“رسوم,2
ومستثمرين,2
المفترضة,2
لملاقاة,2
ووقفت,2
اختر,2
بيضًا,2
تتكرّر,2
2002,2
برياح,2
المرشدة,2
ملا,2
صوتي،,2
"""نعمل",2
تنافسيتها,2
استولت,2
وأسست,2
توفيت,2
إنذارات,2
تجاري،,2
أثمرت,2
وتأكيداً,2
الطموحة،,2
1964,2
فوتبول),2
الشهيرة،,2
بثها,2
"الوقود""،",2
"""أكد",2
مباشرا,2
بثّ,2
الأسيرة,2
المعرفة.,2
القيرغيزية،,2
الوجود.,2
المستقل.,2
المدربة،,2
إ,2
مجتمعية.,2
تواليا,2
الاول,2
طرحاً,2
رأسيًا,2
رأت,2
المختصرة,2
أستمع,2
المفارقات,2
نساعد,2
مناخاً,2
المعتدي,2
جيانتشونغ،,2
بالموقع،,2
للرياضات,2
للعملية,2
تغليف,2
فاشي,2
زعموا,2
الكون.,2
الكساد,2
مشوهاً,2
ونكون,2
العمق.,2
والمؤلفة,2
بالعقبات.,2
التصنيف،,2
تشاؤمًا,2
"المقاتل""",2
البلاد),2
المؤقتة،,2
مفبرك,2
تمهيد,2
لتل,2
وبطء,2
فائقة.,2
بالكاملِ،,2
تتألف,2
افتراضية.,2
السويلم,2
نيكاراجوا,2
الحسابات،,2
بالسجن.,2
“قالت,2
كساحة,2
تحكمه,2
والآخر.,2
والدينية.,2
الجادات،,2
بعد؟,2
ماديًا,2
وسارعت,2
مسؤولًا,2
طي,2
بأمان.,2
خردة,2
مستدلين,2
وقلبت,2
لتغلق,2
باختصار,2
احتضن,2
المبدعون,2
يجلبها,2
حاضنة,2
لخطاب,2
والتطرف,2
تقريرٌ,2
صادرٌ,2
البلدية،,2
دانس،,2
الخناق,2
55%،,2
والغازية,2
بيرسيفيرنس,2
بتصريحات,2
اتُهم,2
الاحتياطي.,2
غوريون,2
رحلتي,2
كامرأة,2
اللازمين,2
يحفز,2
ولينكدإن,2
واستقلالية,2
الفشل،,2
الضغوط،,2
المرتفع.,2
رد.,2
وقالوا:,2
مُنعوا,2
سجلها,2
المنصرم،,2
واقتصاديّاً،,2
يرضي,2
بتقليل,2
مكامن,2
5800,2
مسيّرة،,2
نواذيبو,2
بالسلامة,2
بالنتائج,2
استشهاد,2
406,2
يستهلكون,2
أظهرَ,2
تحقيقٌ,2
ويفشل,2
للأندية.,2
لطفل,2
الحمامات،,2
ومنعته,2
شديدة،,2
جماعية.,2
المحظور,2
تُفصّل,2
كدليل,2
الشحن،,2
منفصلًا,2
"""هدفنا",2
"الصحية"".",2
نفطِ,2
المسيّرة،,2
لنجاح,2
البرنامج.,2
لإرسال,2
والاقتراب,2
سيولد,2
وسيسهم,2
لأبو,2
السعد.,2
وبنزيمة,2
بكافة,2
اختيارهم,2
التقييمات،,2
يخلط,2
والتعاون،,2
براج,2
النحاس،,2
تانغ،,2
الأخصائي,2
للحالة,2
والإرهاق.,2
ودمجها,2
العهد..,2
تنظمه,2
الأيام؟,2
بوعي,2
التّوظيف,2
وتتحرك,2
تكتيكية,2
مفاصل,2
مستغلة,2
التخبط,2
تسرَّبَ,2
بَرميلٍ,2
صينية،,2
ونص,2
برؤوس,2
المتدهورة،,2
تنبض,2
الشام.,2
استفزازية,2
إضافته,2
شريك,2
كاد,2
للدعاية,2
هنا:,2
ستساهم,2
"""نعم",2
سأفعل،,2
"سأفعل"".",2
كممثل,2
العمال.,2
عبدالغني،,2
اللحظات.,2
بمكة,2
هيكله,2
مانانج,2
كريمة,2
ثقافياً,2
وأبلغت,2
الجدعان،,2
التّطبيقات,2
مجنحة,2
عملائه,2
والسياحية,2
إضاءتها،,2
وتتميز,2
قارات،,2
وبنيتها,2
أمل،,2
طلباتهم,2
سيتعيّن,2
يلوّح,2
أعضائها,2
وصديقة,2
سألوا,2
الإصلاحات،,2
والناشرين,2
غامبوآ,2
يخططون,2
نحتاجه,2
جثتي,2
هبوطها,2
المسلسلات,2
وآيباد,2
>,2
الألومنيوم.,2
واعتماده,2
أممية.,2
نفاد,2
تورطهم,2
توكورون,2
"""يتعين",2
سياقها,2
"الحالي"".",2
امتدادا,2
المتسارع,2
والانتماء,2
بمصر.,2
ومحادثات,2
وعواصم,2
“منطقة,2
الجمهوريات,2
زعزعت,2
الحرائق.,2
مصحوباً,2
يجعلني,2
أصله,2
أكسجين,2
المجاورة،,2
الرئيسُ,2
لِلتَّنميةِ,2
الدوليَّةِ,2
لوالدة,2
نركز,2
تشترط,2
البراءات,2
المواردِ,2
والكوت,2
الهاتفي,2
سيجد,2
يرغبان,2
المفوضية،,2
"""يانكشيان",2
"""فوضى",2
تنشئ,2
الحاسب,2
(وهم,2
(شبكة,2
انتهاكها,2
و3%,2
و0.1%,2
ميكرون,2
ضعفا,2
بقراره,2
للشحن,2
التقاعد.,2
دع,2
و300,2
معابر,2
خطرة.,2
المربع,2
منعه,2
بخطط,2
متوقعًا.,2
الآراء.,2
النزوح.,2
1950.,2
والشامل,2
والتأثيرات,2
سأتحدث,2
المعرفة،,2
وتتعرض,2
و15%,2
سترينغر,2
الشهير.,2
المخزنة,2
يذوب,2
"""السعودية",2
“تون,2
تون”,2
والمضمون,2
بمحفظة,2
آجلة,2
137.16,2
فريضتي,2
عشاق,2
فيدول,2
وإخفاء,2
هاكبي,2
التحقوا,2
يعاد,2
أمينة,2
تعليقا,2
تنعم,2
والازدهار.,2
والنية,2
أسمى,2
صرحَ,2
1949،,2
وآية,2
شعبيتها,2
قابلةً,2
مقدمى,2
معاركهم,2
“لنشر,2
سنين,2
يطيل,2
19.5,2
وإملاء,2
ومتوازنة,2
وتزامنت,2
التطوّر,2
ونهاية,2
ومؤلفات,2
سيشارك,2
والوطنية,2
نطالب,2
لاعتبار,2
انقلاب.,2
يُخفي,2
فنسنت,2
للأمراض,2
ميامي.,2
وتنطلق,2
وتلعب,2
بالمجموعة,2
وهؤلاء,2
للوفاة.,2
يعلمنا,2
ندعم,2
زيلينسكي،,2
المبدئي,2
إعلاناتها,2
بالمدرسة,2
"""أكبر",2
بإعفاء,2
(ملبورن,2
مراقبة،,2
رائدات,2
وسماع,2
ناتجًا,2
متطوعة,2
شلال,2
التجاريين،,2
وتهريب,2
قانونيًّا,2
يُخصص,2
سايلس,2
نتوقف,2
لبرامج,2
لحرمان,2
باختونخوا،,2
الهولوكوست,2
تفاعلًا,2
وزنًا,2
شحنها,2
فستكون,2
سنقوم,2
أتوقف,2
تؤكده,2
مفيدة،,2
يتقدم,2
بوري.,2
إم23,2
يتعرضوا,2
سنوية،,2
"الطلب"".",2
تُظهِر,2
مؤلم.,2
ألغيت,2
زياد،,2
معينة،,2
المجري,2
أوربان,2
تسويات.,2
وبرنامجها,2
النشاط،,2
تساعدها,2
متواضعًا,2
والنفط,2
يناسبه,2
مغادرته:,2
إتيرنو”,2
دارين,2
والآمال,2
أثقل,2
يسيء,2
المحك.,2
(الاتحاد,2
وقت،,2
للأردن,2
تكلفتها,2
"صحيح"".",2
لكنت,2
مبتعدا,2
ماتو,2
غروسو،,2
التنحي,2
فرزانة,2
الاتحادية.,2
موعداً,2
شمعة,2
كابوسًا,2
ولكني,2
بالارتياح,2
تحولوا,2
ويذكر,2
بأحكام,2
جوهرية.,2
تدر,2
مكلف,2
العضوية،,2
الأسس,2
انتظاره,2
الخسارة،,2
إيصالها,2
أنور،,2
تحددها,2
تلويح,2
آلاء,2
قنديل,2
متقنة,2
جسدها,2
وجسد,2
أنطونيوس,2
ببال,2
ومديرة,2
البكتيرية,2
النترات,2
المنطقتين,2
تفصل,2
سنواتٍ,2
معناه,2
1998،,2
مراهقة,2
لاحقا.,2
"""سلوشنز""",2
وتيرتها,2
وأغلب,2
السياسيّ,2
الأميركيتين,2
"""باغرام""",2
الولايات.,2
شهراً),2
فيينا,2
التعب,2
العبارات,2
بحقه،,2
هتف,2
عوِّي,2
استؤنفت,2
براهيم,2
الخليجية،,2
عالميًّا,2
المعارف,2
بلحسن,2
أوساكا،,2
الأجنحة,2
وفنية,2
لطرازي,2
ماكس.,2
تنظيمًا,2
"غروب""،",2
مخالفات.,2
الفرنسيين,2
لفتاة,2
تستقطب,2
أساسية:,2
حمضية,2
296,2
نقاش،,2
للشخصيات,2
السيبرانية،,2
العلمانية,2
يتعثر,2
"""يتم",2
خارجيًا,2
يُنجز,2
أستون,2
والحرارة,2
تجنباً,2
وإقليمية,2
لطراز,2
قريبون,2
يشعروا,2
غراماً)،,2
تواضعًا,2
فريقين,2
باتهامات,2
فوضوية,2
جسامة,2
وسداد,2
والمتطلبات,2
كلمة،,2
لوحدات,2
والمؤلمة,2
مشترك.,2
غارقًا,2
بالكالسيوم,2
التالية:•,2
ممتعة.,2
والاستراتيجية،,2
إنكارها.,2
وحجبت,2
بحجبه,2
السياسيين”،,2
الوفاض،,2
البلجيكية,2
جايانث,2
لتشريعات,2
لإلقاء,2
خطابه.,2
بأثر,2
الظلم،,2
ميلاني:,2
كلاسيكية,2
لأفغانستان.,2
وجذبت,2
متنافسان,2
340,2
حوّل,2
اعتدى,2
والإسرائيلية.,2
بوكاريل,2
للمستندات,2
كشفت،,2
موسوي،,2
تساوم,2
والزهور,2
تحديث،,2
الساعين,2
بدائل.,2
قطعت,2
شوطًا,2
بذكائها,2
وتحملها,2
وطرقا,2
التسوية،,2
برايم،,2
تهامة,2
"الترفيهية""",2
كتابياً,2
مطورون,2
ثابتاً,2
الكردي،,2
لتعلم,2
تصحيحات,2
بيومها,2
الرجالية,2
وتجديد,2
يصنعون,2
سنًا،,2
تختارين,2
"""نماء",2
مقبلة,2
قضوا,2
المثال.,2
كمادة,2
للمصدرين،,2
البسيط,2
عضوًا،,2
والاتصال،,2
المغمور،,2
يعمد,2
تُعرّض,2
وبأي,2
وحُرِم,2
محاطين,2
بالحب,2
ستبيع,2
ويشدد,2
الباراسيتامول,2
والفيتامينات,2
وتُقلل,2
نكتفي,2
مساهمينا,2
الرسميين,2
والهوسا,2
24%,2
للآخرين،,2
اللطيف،,2
هدى,2
الرخيصة,2
الإتقان,2
الكلاسيكي،,2
الصحافة،,2
صادقًا,2
معك،,2
4.1%,2
تطوّر,2
الأسود.,2
كفاعل,2
الذكور،,2
هانا,2
"""أنابيب",2
المتحيزة,2
العقبات.,2
ومالياً,2
ميزة.,2
تدفّق,2
مطالبًا,2
الوسط),2
للتجارب,2
وتشغيلها،,2
لمبدأ,2
مرورية,2
القارات،,2
كقطاع,2
المضطربة,2
يشكلن,2
وتشوبه,2
"إجرائية"".",2
والبراعة,2
المعاصرة.,2
"مصر""",2
47.97,2
و48.07,2
البوح,2
الجذرية،,2
الرجال.,2
1922,2
ليصبحوا,2
وأعلى,2
الأوشحة,2
تقتربان,2
"التصعيد""،",2
فموية,2
و13,2
توصلوا,2
شهداء,2
بحركات,2
الخلاص,2
المقاومة،,2
اتحادي,2
لاستيراد,2
رعاة,2
جماهيرية,2
بإحراز,2
وحلفائها,2
صغيرا,2
العالمِ،,2
طنٍّ,2
مستقبلًا،,2
المعلقة,2
لعملهم,2
لسيادتها،,2
حريته,2
ولوجستية,2
"""ارتفعت",2
فريدي,2
اثنان،,2
العالميةِ.,2
للتصنيع,2
وصنفت,2
الليلية,2
ميدانيًا,2
والقيام,2
وتحديات,2
الجروح,2
المطاط,2
وإمكاناتها,2
العلاجِ،,2
الجزائريون,2
للحراك,2
شيكل,2
فقط”.,2
أدناه.,2
البعيدة,2
استهلاكها,2
الروايات،,2
أكّدَ,2
حديثه:,2
النقر،,2
دشنا،,2
بجولات,2
مهيمنة.,2
للكون.,2
وردّ,2
يُفسد,2
"الأخيرة"".",2
ومضايقة,2
انعكاساً,2
التنموي,2
والتغيير,2
مادياً,2
تلحق,2
"""خلال",2
طرقات,2
مائي,2
واحد:,2
الأسباب.,2
يُصارع,2
ببنية,2
للقضاة,2
فحصها,2
لاكالي,2
أوروغواي,2
السلفادور،,2
الشواغل,2
روستوف,2
معروفاً,2
ستعد,2
قانوناً،,2
متهور,2
لحجم,2
بحثه,2
آذارَ/مارس,2
"""السوداني",2
رابطتي,2
بلدها.,2
قُتِلوا,2
أيامًا,2
غمرتها,2
بذكرى,2
أغاسي,2
للتطبيع,2
الأوروبيّ,2
الغامضة،,2
المخزون,2
294,2
غيار,2
لنكون,2
بلوشستان.,2
واكتسبت,2
يُرجّح,2
للوقود,2
مكتوبة,2
والشاهد,2
أراتشِّيغي،,2
استطعنا,2
تقلّص,2
مروحية,2
غمرته,2
الاستخباراتية,2
معنى.,2
بالإنجليزية،,2
"""المشروع",2
أيامِ,2
نعيشه,2
عوائق،,2
بداياتها,2
"التدريس"".",2
ميدانيا,2
بالكردية,2
حصانًا,2
بلحسن،,2
تربويا,2
لإعطائها,2
مساوية,2
لنظرائها,2
المتحضر،,2
يتبادر,2
المغني,2
مستعمرة,2
التمييزية.,2
واتهامهم,2
سعيد،,2
أنسى,2
ووجوده,2
الطي,2
المتحركة,2
للهاتف,2
الكاميرا.,2
جغرافياً,2
حيوية.,2
البترولية,2
«البترودولار»,2
امتثالها,2
تشنّها,2
تخيب,2
عائق,2
النكبة,2
المستقبلي،,2
ناجين,2
أنقاض,2
بدعمها,2
المتناسب,2
39%,2
الإنمائي,2
"المتحدة""،",2
إيرما,2
جنوبًا,2
رافينيا,2
بقدمه,2
رُوّج,2
والحرمان,2
قديم،,2
تصاحب,2
حيّز,2
كحق,2
مكتوب,2
الكواليس,2
26،,2
مقاتلون,2
"""أجيليتي""",2
وستستمر,2
شهرا،,2
الشركتين،,2
بأسره،,2
يحملونها,2
الانهيارات,2
وتسمح,2
يُبرر,2
كلٍ,2
والأطباء,2
مفعم,2
يعجز,2
استعدادات,2
والإنجليزية،,2
مباشرةً.,2
واصفا,2
التنظيمية،,2
"""يمكن",2
بيروقراطية,2
هويتها,2
33.4,2
"للتنمية""،",2
حديثًا.,2
حدود”,2
بإمالة,2
أعيدت,2
نفسها:,2
القوات،,2
المخدرة,2
ف.ن:,2
مشاريعك,2
تجسيداً,2
الباردة.,2
اليمين:,2
وأيضاً,2
روجر,2
لتنتقل,2
البتروكيماوية,2
لاقت,2
تصريحاتها,2
شمسي,2
الباكستان,2
مراكب,2
وأغرقت,2
وإنسانية,2
اختباراً,2
العربية.نت/الحدث.نت,2
المزعوم,2
السياسة.,2
بالمسؤولية,2
معتاد،,2
إلكتروني.,2
المقطع,2
الدعائي,2
“مراسلون,2
بالاستفادة,2
يتكرر،,2
التقييس,2
بمرتين,2
السطحية.,2
ميرسي,2
"الضخمة""",2
بقيَّ,2
كور,2
وأوغندا,2
وسريلانكا.,2
المضمون,2
أربك,2
راهن,2
بالمضي,2
الناخبة.,2
وطأةً,2
الإبحار,2
المحيط.,2
أسماك,2
الشرع:,2
السيطرة.,2
برلين.,2
مدهش.,2
لأعمارهم,2
فصلي,2
الأعوام،,2
65%.,2
لعله,2
جديا,2
يوجّه,2
أورلاندو,2
التوعوية,2
جديدًا.,2
وطالبي,2
الزائد,2
السمنة،,2
قالته,2
العزيز،,2
ليوبولد,2
النمساوي,2
اليهودي،,2
لجماعات,2
دينياً,2
تجليات,2
والفرح،,2
والوحدة،,2
أشدّ,2
خنق,2
ووتش،,2
وعُقدت,2
تسريبات,2
لأشعة,2
وأغسطس/آب,2
الظلام”,2
نجمة,2
بالمعاناة,2
فانا,2
موسيقاه,2
ومسرحياته,2
وتحالفات,2
وتفادي,2
يتقلص,2
بتعليم,2
فإسرائيل,2
مستندة,2
النجار,2
الجانبي,2
اليهود,2
وتنزانيا,2
بالتزوير,2
والمرونة.,2
المصادر.,2
متوازنة،,2
حددتها,2
تمكّنت,2
التوغل,2
وغرف,2
الدلائل,2
والتطور,2
تيجادا,2
بينال,2
والأمل.,2
والمجر,2
فنيا,2
عقاب.,2
التطفلية,2
تُقدَّم,2
مواجهةِ,2
تعليقاتها,2
حاد.,2
للاعبي,2
المقصودة,2
اثنين.,2
كوزيرة,2
التقارير.,2
لفظي,2
دائمين,2
محققين,2
وإحيائها,2
خلاصاتهم,2
الفعلي،,2
عبدالمحسن,2
تعج,2
"اللازمة"".",2
الفطر,2
للكويت،,2
الأبرياء.,2
أومري,2
وشامل,2
نَسْبُ,2
الـمُصنَّف،,2
بالعنصرية,2
إلينا,2
كمواطنين,2
السميك,2
إحداث,2
منتقدين,2
وتعليقات,2
لار,2
لتيان,2
مجتمعين,2
المنظم،,2
تستخرج,2
أولت,2
سون،,2
السخرية،,2
مستحقاتها،,2
الفاتحة,2
ثقافتنا,2
رياحه,2
فإمّا,2
مؤيدة,2
التعليمية،,2
الحضور،,2
الماليةالسعودية،,2
"معه"".",2
معقولة,2
والثانية،,2
شكلته,2
امتدادات,2
ملاحقيه,2
أبكر,2
بالدولار،,2
«قمة,2
النار»,2
وقتا,2
خزانتي,2
يعلوها,2
عدّه,2
لحظات،,2
ظاهريًا,2
إغاثة,2
"""العديد",2
تأثروا,2
الأميرة,2
ليا,2
وهان,2
وإدارية,2
الكونية,2
للألياف,2
ويجهد,2
وإثيوبيا.,2
أشكر,2
والطريقة,2
يجريان,2
مزوّد,2
وإلغاءات,2
منزلهم,2
رو،,2
أوبتوس،,2
التسمية,2
تتذكَّرُ,2
فيتينا،,2
نجمي,2
الأرضية،,2
والسكينة,2
تحقيقه.,2
المزود,2
بالتفاصيل.,2
المعتادة,2
عرضيًا،,2
التوتر.,2
المساعدة.,2
طيه،,2
الوراء,2
ونظمت,2
ورياضيًا,2
آراءهم.,2
أنيست,2
تُنظم,2
العصائر,2
بيس,2
المحتالين,2
يلجأون,2
ودودة,2
مبدئيًا,2
ستربط,2
بسلام.,2
يتخذها,2
الملوثات,2
الانخفاض.,2
النصائح،,2
الأعظم،,2
فخور,2
ذريعة,2
رين،,2
والهدوء,2
لموجة,2
كواحدة,2
المتفوقين,2
الحديثُ,2
باسكيه،,2
اليميني.,2
"""توقيع",2
وتصديق,2
مفقود,2
للجزائر،,2
تساءلت,2
العرق،,2
وشمل,2
المجتمع؟,2
يشتد,2
كيمونيو,2
العاجِ,2
عملي،,2
جمهوريين,2
شبيه,2
الإنصاف,2
المعاش,2
الأيمن,2
الدفاع.,2
تتويجه,2
استبدلت,2
لكنْ,2
الإسرائيليّة,2
ميغيل,2
بيئية،,2
والباليستي.,2
وتعرّضت,2
للحظة,2
حلّقت,2
ني,2
خفضه,2
أرني,2
لعائلته,2
مسدود،,2
استحقاقاً,2
بُني,2
وارتكاب,2
الحروب.,2
أصبت,2
بإصابات,2
منعني,2
حكوميّة,2
بل،,2
مدخلات,2
الأجندات,2
مخصصة،,2
"""تسلا""،",2
"""صنع",2
المنتشري,2
بالخطر,2
للحروب,2
ابتداء,2
معمقة,2
بالسرطان.,2
اهتماماً,2
عالمها,2
لجزر,2
فوكلاند,2
دودي,2
حبيبة,2
رحالة,2
المادي،,2
احترقت,2
كانتيبور,2
يشتهر,2
فجرا,2
"""محادثات",2
"السوريين""،",2
بفلسفة,2
“الحرب,2
وتحولاتها,2
المرموقة،,2
وتنفتح,2
متعاطفة،,2
واليقظة,2
يناله,2
المثول,2
الأغلب,2
والترجمة,2
التذكارية,2
لحاملة,2
الحظيرة,2
بي،,2
تشريعي,2
"""يوتيوب"".",2
للمرء,2
داعي,2
كوكبنا,2
وقتهم,2
والمقاومة.,2
والتعب,2
لتكرار,2
07:30,2
العملات.,2
تحيّز,2
بالتحديد,2
يسافر,2
بورز/إيه,2
معلق,2
وتوصلت,2
65.,2
النقود,2
العمري،,2
انتحال,2
انتحل,2
يأمر,2
إخفاق,2
ديسكورد.,2
وعُرفت,2
بعلاقاتها,2
محامون,2
الإبداعات,2
مغربيين,2
مطالباً,2
يقدّر,2
تقدّر,2
وتجهيز,2
قائمتها,2
"الرائعة""",2
لصالحه،,2
موسمين,2
لغزاً,2
بالجامعة،,2
"إيرلاينز""",2
الصحيح،,2
تُعتمد,2
ونوع,2
دورهم,2
أجلت,2
الحرب”،,2
أكسدة,2
للتمرد,2
إسبيريتو,2
راهنا,2
نمر,2
“لست,2
لباس,2
ومنفذ,2
بوفالو,2
تضييق,2
للمستشفى,2
فقاعات,2
أنشئت,2
والمستأجرين،,2
غورمان,2
أصيلاً,2
قاما,2
قريب.,2
المراهقة,2
التيتانيوم،,2
2.25%.,2
جامعتي,2
تينيسي،,2
"""معاق""",2
الطعن,2
ليأتي,2
“الوصم,2
الأحمر”,2
لنوم,2
نومنا,2
ديرمر,2
الفني؟,2
المنفذ,2
الحين.,2
سيفاستوبول,2
نسختي,2
1985,2
وكارلوس,2
تمثيلية,2
لفئات,2
المباريات.,2
العاقل،,2
المجدية,2
لإطفاء,2
بلدانها.,2
صاغ,2
أجلنا,2
تحولاً,2
ذهنية,2
يفكّر,2
دارون,2
توطيد,2
و65%,2
أهوال,2
انعكاسًا,2
1982.,2
شريرة,2
الدافع,2
بالنجم,2
لفرص,2
وتجار,2
مُنع,2
الجنوبيةخلال,2
والمالية.,2
وخريطة,2
معهما,2
لدكتاتورية,2
سرية،,2
بأنفسهم.,2
“البطل,2
لعديد,2
والكفاءة,2
المكتشف,2
النجاة.,2
وتضررت,2
توليها,2
دوفورك,2
تجنّب,2
للسرقة,2
بالمباراة،,2
ألبرت,2
"أخرى""،",2
لكيرك,2
صغري،,2
أحلم,2
التعبئة.,2
أوكسير,2
بالصدارة,2
الوصيف.,2
التمتع,2
أشك,2
الاستحقاق،,2
لتعقيد,2
وعمق,2
بالممارسات,2
دكتاتورية,2
تصنع,2
يغنون,2
التسعينات،,2
لهزيمة,2
بأربعة,2
والسكري,2
تلفزيوني,2
زينة,2
المفاتيح,2
لنرى,2
الملتحقين,2
"""نحتاج",2
هادئ،,2
تبرعات,2
صحراوية,2
ويُجبرون,2
عليّ.,2
لتطوري,2
خريج,2
المتبلة,2
حمدي،,2
المنع,2
وانتقدت,2
الطلاّب,2
فوائده,2
الأحوال.,2
قوافل,2
لتوصيل,2
برحيل,2
دوري،,2
المتظاهرين.,2
وتقلل,2
التحمل،,2
و2020,2
بمرمى,2
ستعلق,2
العدم,2
يجريها,2
نايف,2
ركن,2
نيكي,2
المنعشة.,2
الطحن,2
الفول.,2
"بلس"".",2
دان,2
عدها,2
والعدل,2
الإجراء.,2
الإستراتيجي,2
“بلا,2
يتنافسون,2
(5,2
وحافظ,2
علمهم,2
والاستثماري,2
بأسوأ,2
صندوقًا,2
وسيؤثر,2
أفلت,2
والقادسية,2
الحزم،,2
والأخدود,2
بمقترح,2
يوماً.,2
مغاير,2
المفضلة.,2
أساسيان,2
رسمتها,2
الفهد,2
وصورًا,2
رامانوش:,2
عمري،,2
6.3%,2
بـ12%,2
عسكريون,2
بترسيخ,2
لوجستيًا,2
لزوم,2
الفيشاوي،,2
وفضيتان,2
وصقل,2
بالهدف,2
"ترامب"".",2
الاسترشادي,2
واجتماعات,2
بسبعة,2
القمصان,2
وهاسيت،,2
الضاربة,2
ميلان-كورتينا,2
وتراث,2
وخمسة,2
وخطط,2
للكوارث.,2
متوقعًا،,2
الغريم,2
مستأنف,2
يمتلكها,2
لزرع,2
القضايا،,2
الاسباني,2
ورحب,2
وتفكر,2
الـ80،,2
والإقلاع,2
وتتكون,2
زواجه,2
وورث,2
للتطرف,2
للرئيس،,2
"والتعليم""",2
محذرا,2
الدائمة،,2
والتراجع,2
جاليات,2
الكافي،,2
والعدالة،,2
يُحدد,2
نشرنا,2
متحمساً,2
وجائزة,2
"2024"".",2
الديكتاتور,2
وتناقش,2
"""الصين",2
الإقليمي.,2
"الصين""",2
المعدية,2
والمعلومات،,2
الحيوانية،,2
أر,2
تركيزا,2
استنتاج,2
الفلسطيني-,2
شركاتالذكاء,2
للتوقيع,2
الجندي،,2
ميليسا.,2
ستتجاوز,2
بقادة,2
وأدان,2
لغيابها,2
لمسؤولي,2
العنصرية،,2
والسيطرة.,2
ري,2
2.1%،,2
لبقاء,2
البلوز,2
للربع,2
شمالًا،,2
والطراز,2
خططا,2
لمهمة,2
"""سوني",2
خضمِّ,2
69%,2
بحقها,2
التصنيعية،,2
فوضى,2
بالأشخاص,2
الازدهار,2
اعتلى,2
مصورًا,2
غورمان،,2
الحارس,2
تيا,2
"و""إنفيديا""",2
البيع،,2
يكتمل,2
معدّل,2
ويتجلى,2
والموافقة،,2
سيقتصر,2
والسلم,2
155,2
أوقيانوسيا,2
اللاعبون،,2
إدلب،,2
مهتمين,2
أتجه,2
والأسهم,2
كرائدة,2
فالصين,2
التصديق,2
يستدرج,2
والجيوش,2
بقرارات,2
الثور,2
222,2
"""أورانو""،",2
تطبع,2
لوتنيك,2
والسودان،,2
للإعجاب،,2
تاريخياً،,2
انتظرت,2
ارتكبها،,2
يأت,2
الأصلية؟,2
وخلصوا,2
مساعدها,2
السّابقة،,2
علامتي,2
اقتباس,2
صحفي.,2
هامشا,2
بطانة,2
لوتنيك،,2
المجدي,2
الأميركيين.,2
للتزييف,2
والخراب،,2
يطوي,2
المتواجدة,2
الوعودِ,2
2026؛,2
ذهني.,2
1997.,2
هزم,2
جيوفاني,2
مجموعات،,2
الطماطم،,2
المناخية،,2
ايران,2
مضمونها,2
ولغاية,2
ويسري,2
انتقالِ,2
بعضُ,2
يرفضن,2
حمايةِ,2
بالإرهاب,2
40.8,2
استمرارِ,2
الاستغلالِ,2
وخططها,2
الجيوش,2
مديرو,2
وجزيرة,2
لقلب,2
فوربس،,2
سويفت,2
كركيزة,2
وفك,2
وإسرائيل),2
نتجاهل,2
احتلالها,2
272,2
وحثّت,2
مصيدة,2
لعلي,2
بابا،,2
يضعها,2
برلماني,2
وسويسرا,2
وهولندا,2
أثراً,2
للمجموعة،,2
كولومبيا.,2
لمحادثات,2
تمزق,2
بسلام,2
ودعمت,2
اجتماعاً,2
المليارديرات.,2
بإحالة,2
سين,2
تشين,2
جانغ,2
انتخابي.,2
قضائيًا,2
عاجلًا,2
جروح,2
وجهها،,2
بوجوب,2
لاستراتيجيات,2
تنحي,2
للوكالة،,2
الاستثناءات،,2
ينفق,2
أصدقائه,2
والأنماط,2
رأسمال,2
كوبايلوت,2
الأميركي:,2
الحافة,2
الركام.,2
أحلامه,2
بيعه,2
والاستراتيجيات,2
مستهدفه,2
التجهيز,2
تُسرّع,2
كاظم,2
نتاج,2
آبادي،,2
"""اتفاقية",2
يختتم,2
"إن"".",2
حكومته،,2
ندّد,2
تذبذبات,2
القياسي.,2
يستحوذ,2
السلس,2
متكررةً,2
ميلوني،,2
المنافع,2
الصادقة,2
وافقت،,2
الكفالة,2
باو،,2
الأرضي,2
الجيران.,2
نعمة,2
واضحًا،,2
نوقشت,2
كروم.,2
وانقطاعها,2
طلاقها,2
الاستقصائية,2
للأمن.,2
0.05%,2
القطريين,2
والمالي.,2
يتباهى,2
السر،,2
ووكلاء,2
مستجدات,2
للمسلمين،,2
القوارب,2
سبيله,2
"أميركي"".",2
مترددة,2
أركض,2
متواصلة.,2
تُخبر,2
للمستقبل,2
"""وادي",2
"يم""",2
لنصف,2
متنها،,2
بالمر,2
راجعوا,2
النحيف,2
نظامي,2
الساحل.,2
للتقييم,2
لروبوتات,2
المحادثة.,2
دولةٍ,2
واحتلت,2
فادحة.,2
ليما,2
مواردنا,2
تتسرب,2
فداحة,2
الأحاديث,2
المرتبطين,2
أعظم.,2
باعتبارهم,2
مستعدين,2
منطقتنا,2
بألوان,2
للفرار,2
مدخل,2
و100,2
بمرونة,2
«اليوم,2
"""كأس",2
حفيدته,2
تغلبت,2
أمريكية،,2
كثيرٍ,2
السماور,2
مليونًا،,2
9.7%,2
2024م.,2
الود،,2
والتفاهم,2
حياتهما.,2
وأكمل,2
يبلغون,2
صباحاً,2
وسيحصل,2
مشتركو,2
تيرابايت,2
بالإفصاح,2
وتزوير,2
الوثائق.,2
تغريدته,2
للبنغلاديشيين,2
الاستعراض,2
التعاطف،,2
والمجتمع.,2
المجهود,2
بالتراب,2
كويتي,2
"""الحصول",2
فيلكا,2
الفتاة،,2
ظهورها,2
تامة،,2
والبطالة,2
المتنامية،,2
عفو,2
وساطة,2
مومباي،,2
رأسًا,2
شان،,2
للصوتيات,2
ثرائها,2
نطاقًا:,2
التسلسلات,2
تزدهر,2
بأموال,2
لاعتراضها.,2
وضح,2
ميكيلي.,2
أكواد,2
يستثني,2
شهري.,2
أدخلت,2
خضوعها,2
استبداله,2
عمارتها,2
حكرا,2
أسطحها,2
المرسومة,2
النهوض,2
الحوريات,2
مادي,2
الهيدروجين،,2
التزود,2
للمستهلكين،,2
أضيفت,2
مانعة,2
الفادحة،,2
وكفاءة،,2
تخترق,2
الرقمنة,2
ابتزاز,2
الكرامة،,2
مولدوفا،,2
وفرنسا.,2
سيو,2
"""نيورالينك""",2
لقراءة,2
احتكارها,2
كاملًا،,2
كلماتها,2
وكرامة,2
يُعبّر,2
باستراتيجية,2
تجاربها,2
كنسبة,2
ترمي,2
وعاجل,2
باوليستا,2
المسافرون,2
96,2
يُجري,2
القانونيةِ,2
أنحاءِ,2
وتملأ,2
حيَّي,2
الأشرفية,2
دافنبورت,2
المسافرين،,2
التياب,2
لهجات,2
يُوصى,2
والتدهور,2
مارتينيلي,2
وينشر,2
هويتها،,2
أفصحت,2
طفولتها,2
أسرتها,2
"""آس""",2
المثقلة,2
النقدي.,2
لنساء,2
بافل,2
لعل,2
إفصاح,2
2025/2026،,2
يونايتد،,2
حيازات,2
بزمام,2
اهتمامنا,2
الثاني)،,2
الأورال,2
للجوائز,2
والحرف,2
وعشرين,2
قابلاً,2
فلسطيني.,2
وتنبيه,2
ستعلّق,2
سيتخذ,2
سيفكوفيتش,2
كتطبيق,2
كشفته,2
الكلفة,2
استحضر,2
التفكيك,2
المتبناة,2
الدونغان,2
الوجبة.,2
والمستمرة,2
والنترات,2
شينوي,2
سريعًا.,2
جميلة,2
رسومية,2
بتجاهل,2
البرمجة,2
60%،,2
وثانيها,2
يثبتون,2
"واحد""",2
وصوّت,2
لجرائم,2
بوريس,2
إعجابه,2
السعودية-,2
تمتثل,2
وعدالة,2
الفقعان,2
التعاوني,2
ومؤثرة.,2
تفجر,2
الملأ.,2
المصغر,2
وتكافؤ,2
-حيث,2
الحسبان,2
“سفال-إي,2
بارجاسته”،,2
الأربعين,2
المشرعون,2
التصعيد،,2
70%.,2
الفيتامينات,2
مدفوعا,2
تتشابه,2
أليس,2
وتجميع,2
والمُستأجِر.,2
يوازن,2
لاحتلال,2
ضيفا,2
الأوكرانيون,2
وإذاعة,2
سياسى,2
توريط,2
يونهاب,2
الافتتاحي,2
(بالتوقيت,2
المداهمة,2
بالبطاريات,2
حداثة,2
وتتعهد,2
يدعمهم,2
وتفكيك,2
للرياضيات،,2
سهمها,2
لِمُكافحةِ,2
الخريّف,2
مرنة،,2
ومركزًا,2
امرأة،,2
يُملى,2
العارمة,2
القوي.,2
بالصين،,2
لأجواء,2
طباعة,2
حريرية,2
البحري.,2
مشاركون,2
والباسفيك,2
هشّ,2
اليهودية،,2
انتقادهم,2
يصنف,2
شيكا.,2
للتشرد,2
"""الخطوط",2
الطلابية,2
مثّلت,2
المتعاقبة،,2
صنّاع,2
والهويات,2
نازية,2
للقارئ,2
الأشعة,2
"موتور""",2
غولد,2
يلوث,2
بفرنسا،,2
صدمت,2
الروبوتية,2
نيكاي،,2
بالرقائق,2
7.1%,2
ورفضه,2
المتوقعة.,2
سياراتهم,2
بنظيره,2
والمستأجرين,2
منزله.,2
2400,2
واضحةً,2
السلالات,2
المؤلف.,2
منارة,2
تشاهد,2
نوعها،,2
صلةٍ,2
معه.,2
تستر,2
وستتسبب,2
لحومهم,2
وتر,2
بمطار,2
المطربة,2
للتوجيهات,2
كفنانة,2
للكريكت,2
ساحلية،,2
الممتصة،,2
والعكس,2
الكالسيوم.,2
بجرعات,2
ملغ,2
والزنك.,2
"إي""",2
الكويت.,2
السائد,2
استوديو,2
للفيضانات,2
فنه,2
ويأكلون,2
ستضاف,2
التصديرية,2
ويحسن,2
الإطار.,2
زد،,2
بطابعها,2
لمرافق,2
رينارد,2
الملحق,2
المؤهل,2
بالإعصار,2
التناقضات,2
الحرائق،,2
النشطة،,2
كاراكول،,2
السابعة،,2
يتخيل,2
وصفي,2
دخولًا,2
الأبوي،,2
"""عدم",2
والمضمنة,2
مهاجمتها,2
ومخازن,2
"التحتية"".",2
نقود,2
بالحركة,2
رؤيتك,2
كنقطة,2
النقابة،,2
تطابق,2
"""أسبوع",2
مساعدتها,2
الحالي؟,2
ويظل,2
الكمبيوتر،,2
بنجامين,2
وآخرين،,2
الاستقطاب،,2
منفردة،,2
لتجاربها,2
تقصد,2
“تخصيص,2
بداياته,2
فخورين,2
بتراثهم,2
فخر.,2
تدوم,2
تساؤلًا,2
وهو:,2
لوفاة,2
دبليو,2
كونغ.,2
للعيش.,2
نزيهة,2
بالموظفين,2
تعافيه,2
عاليي,2
العادية،,2
تعليميًا,2
لهواتف,2
والعقارات.,2
تأكيده,2
العادي،,2
سيفتح,2
وسلاسة.,2
حرفة,2
تطريز,2
الإقامة،,2
للشرطة,2
وتترقب,2
“نسوية,2
7.6,2
الأساسيين,2
اعتذار,2
لله,2
“هي,2
كلفه,2
ناجحة,2
الأغلبية،,2
ضعيفًا,2
أبيكيلييش,2
"""الوفاء",2
"إدارة""شركة",2
كارون,2
ورشات,2
الأنهارِ,2
كليوباترا،,2
بوب,2
التهريب,2
ترتب,2
ناديين,2
معدله,2
أعدائها,2
وتسعة,2
المالكة،,2
يُرسل,2
الدعوة،,2
للأمل,2
بالإطاحة,2
برئيسة,2
المحترفة,2
المعوقات,2
وازدادت,2
تنفق,2
وون,2
المنخفض.,2
الرمز,2
البريدي,2
ريبيرو,2
التصميم.,2
كاسيميرو,2
السافانا,2
بالغة،,2
ستتمتع,2
حساسة،,2
بتوضيح,2
يتصرف,2
أعلنوا,2
ممرضة,2
والتصدير,2
للمحافظة,2
أغلبيته,2
متاجرنا,2
مبدياً,2
أسفه,2
صحف,2
زوال,2
لسلوك,2
للديمقراطية,2
يكتشفوا,2
خروقات,2
اهتماماتهم،,2
جاذبيّة,2
العائلات.,2
السرطاوي,2
تشكك,2
وضوحًا.,2
وخمس,2
للاتجار,2
حمدي,2
بالفيديو,2
آمن.,2
حقوقهم،,2
لعموم,2
التأسيس,2
جيوبنا،,2
ونذهب,2
بلقبي,2
الأخبارِ,2
محرم,2
دينياً،,2
يحتاجونه,2
يتوج,2
تحسنت,2
الداكنة,2
تصلُ,2
يقلق,2
كاليفورنيا:,2
بالإرهابيين,2
تقول،,2
الوجوه،,2
ليبراتا,2
المبعوثة,2
بالمرأة,2
والأرز.,2
وبدورها,2
ومنابع,2
بالطبيعة,2
البازار,2
وتعهدوا,2
نضوب,2
الجوفية،,2
المقبلة:,2
جفّت,2
وداعًا,2
قديماً،,2
المراصد,2
تونسية,2
الوديان,2
الخصبة،,2
اضطررت,2
نوبة,2
بالاتجار,2
التهم،,2
شاركوا,2
بجودة,2
المعالج,2
بالمخدرات,2
ألكاراز،,2
الفرس,2
والملح,2
والدقيق,2
سحر,2
سالتز,2
مرأى,2
للعار,2
جلبتها,2
الهوى،,2
طوعاً,2
بدائرة,2
وبخلاف,2
تقدَّم,2
التشقّق,2
المحاليل,2
يغلق,2
اليمنية،,2
الميدان,2
نصراوي.,2
الأصغر،,2
359,2
ورئاسة,2
والحكومة،,2
حتّى,2
هنية,2
وشقيقه,2
"""أكاذيب",2
نجاحاً,2
والمحاصر،,2
مشاهير,2
وفن,2
فورتشن,2
تفسد,2
وقواعد,2
المفضل،,2
بيرنارديس,2
فناجين,2
وتسهم,2
آرثر،,2
إيجابي.,2
للاستعداد,2
المنابر,2
ضابطًا,2
امتثل,2
القاصرين.,2
الأدغال,2
سنواصل,2
شخصي،,2
اعتداءٌ,2
أصرّ,2
أنفقت,2
جهوداً,2
الحيوان.,2
مُدن,2
لتطبيقها),2
بقرارٍ,2
يحتجون,2
ضعفاء,2
والمحافظة,2
الدولتين),2
"""خطوات",2
والفلسطينيين.,2
لاستيعاب,2
"""الوحدة",2
"الوطنيّة""،",2
تنامت,2
العنيفة.,2
منفصل.,2
مجتمعةً,2
يحقّ,2
المهمّة,2
كسبب,2
وتكرار,2
توليدو,2
نقد,2
التمييزي,2
اللازمة”,2
الإعجاب,2
رومانسي,2
نضالهم,2
وتلوُّثِ,2
واستبداله,2
صرامة،,2
الهرمونية,2
العقاريون,2
ويعيدون,2
كاهن,2
وضعي,2
الواجبة,2
اليقين.,2
عديمو,2
ضدهم.,2
وسبب,2
بالمبادرات,2
بريكمورجي,2
عدوانية,2
الاستيقاظ،,2
يشرب,2
مستقرًا,2
وبهذا,2
للسوق،,2
بدائية,2
تنتهج,2
تاريخية.,2
كأن,2
مباشرة؛,2
الصيانة،,2
لعشر,2
كوبرتينو,2
1447هـ,2
م،,2
للمُؤجِر,2
يزيدَ,2
المُتفق,2
التكهن,2
مقدمتهم,2
وترحيل,2
رقميًا،,2
للأجيال,2
تخلُّف,2
المُستأجِر,2
والعسكرية.,2
وعمليا,2
والقضية,2
واليمين,2
وعضوة,2
ألفاريز,2
ويخضع,2
للمراقبة,2
مجهولة،,2
عيوبٍ,2
وقابل,2
تظاهرة,2
بداخله،,2
بإغلاقه,2
هنادي,2
مهنا,2
المألوفة.,2
والمقتنيات,2
تجلى,2
قونية,2
كلبًا,2
بضرب,2
النقاشات،,2
والأجانب,2
كو،,2
سُمك,2
سيتراوح,2
اسكب,2
ويحل,2
ضيفاً,2
ثامن,2
تُؤثر,2
الساكنين,2
مُعتمَد,2
المُختصَّة,2
مبانيَ,2
9%,2
التقليديون,2
بروفيا,2
مرموقة,2
وسادة,2
وعودها,2
إجراء.,2
سرداب,2
أفقي,2
متراً,2
لمديرية,2
بإبلاغ,2
13%،,2
العطية,2
للبالغين,2
يقلّ,2
الجينوم,2
علاقته,2
وأنّ,2
ستقبل,2
وتقاسم,2
ويعيش,2
وعدت,2
طالقان,2
الأقوال,2
الأفعال،,2
الطبيّة,2
والاقتصاد،,2
الكواليس،,2
الاختطافات,2
الطرقات,2
المساجد،,2
ركوب,2
بتضخيم,2
قرشي,2
المنبثقة,2
يقتضي,2
واللغة,2
الشمولية,2
الطعم,2
إلاّ,2
للتكيف،,2
الريم،,2
طفليها,2
بالمستقبل,2
خزفية,2
ليسَ,2
الوصولِ,2
سيُتيح,2
الفوسفات,2
النّصف,2
المتشابكة,2
اثنتان,2
يجهل,2
حوارها,2
و900,2
الطقوس،,2
المنفي,2
معروفين,2
مهاجمًا,2
"فوتبول""،",2
بالنزاهة,2
لوالدته,2
المتناول,2
أعطتني,2
دايملر,2
وتراتون,2
للتنبؤ,2
الشقق,2
وصفة,2
للباني,2
8500,2
كيات،,2
أحماض,2
الالتزام،,2
بعناية،,2
باعتداء,2
للطعام،,2
غلاء,2
خيالي,2
الحرة.,2
وغرقت,2
حسني،,2
لتدقيق,2
وبمرور,2
كالاس،,2
التميمي,2
اللقاء،,2
"""تاس"":",2
خدمتها,2
مستقر.,2
وحسابات,2
إعفاءات,2
القياس,2
كانونَ,2
أكثرِ,2
المطور.,2
لفئة,2
ناكاشيما,2
و6-4.,2
إقراراتها,2
المرفوعة,2
وأدلة,2
اختتام,2
الضار،,2
جبلي,2
سيحافظ,2
تسببها,2
243,2
حولها,2
عقوباتها,2
استقرارها,2
الجاهزة.,2
احتوائه,2
جيل.,2
لرأس,2
اضطرارهم,2
عليهم،,2
البورصات,2
أصدره,2
لتتوافق,2
رواياتك؟,2
مسعود،,2
وتكلفة,2
وأقلها,2
بتصحيح,2
الواردة،,2
فرت,2
منهجية.,2
العائدون,2
لأنتيغوا,2
وبربودا,2
مصري،,2
العاقل,2
محتملاً,2
و2020،,2
الديناميكية.,2
يحتضن,2
معتقدين,2
الكحول,2
وأقنعة,2
تداخلت,2
للسنة,2
شيتي,2
نقاء,2
البنغلادشي،,2
الدرزية،,2
استغلوا,2
ذاتَ,2
علاوات,2
العتيقة,2
الاستخدام،,2
"""أوراكل"".",2
الدعائية.,2
والمخاطرة,2
رقمياً,2
جهودنا,2
والفاعلية,2
الإحصائيات،,2
مهدداً,2
و90,2
ألهم,2
مستحيل،,2
كوبنهاجن:,2
المواجه,2
هنري,2
العالميِّ,2
مريرة,2
المعركة،,2
صفات,2
شقيقي,2
للاطمئنان,2
"""جميع",2
للعملة.,2
حلبة,2
مسيرته.,2
مداها,2
للتعايش,2
السلمي،,2
الكيشوا,2
منتخبي,2
بو”,2
تحديات،,2
الاستنزاف,2
التدابير،,2
وقدراتهما,2
الموحد,2
والمراقبين,2
وتشكل,2
بِنسبةِ,2
المائةِ،,2
يُوفِّرُ,2
بكشف,2
المطالِبة,2
بإقرار,2
والضحايا,2
الكامل.,2
عمولة,2
الغزيرة.,2
حلب،,2
صبري,2
كربونات,2
51.9,2
كافح,2
يشهر,2
مركزا,2
توافد,2
مهاجري,2
عمدا,2
"برايم""",2
“آي,2
متجدد.,2
المساءلة.,2
والتفكير.,2
الدوسري،,2
سردية,2
"""العصبيّات",2
"الخلدونيّة""،",2
تغييره,2
عسكريا،,2
لاعتداء,2
أودعت,2
شكاية,2
تركيا”.,2
تختبئ,2
متلاحقة,2
تلتهم,2
واستهداف,2
بإيقافه,2
تصريحات،,2
حقيقتنا,2
للمسابقة،,2
"""الترجمة",2
اللهجة,2
تنهي,2
82%,2
واستثمارات,2
الأسرة:,2
المسؤولين،,2
منتجين,2
ماسبيرو,2
بالتسمم,2
نعود,2
صمد,2
وإبقاء,2
كلغةٍ,2
للصور,2
منطقتين,2
البحرين،,2
خدعت,2
ضده.,2
فوجئت,2
يومِ,2
المُقاطعةِ,2
المستخدمة.,2
السردي،,2
الهامش,2
أعمالك،,2
استخدامه،,2
نفسِ,2
الإحباط.,2
نفوذًا,2
ستؤجل,2
العولمة,2
وقفه.,2
قانونيًا.,2
ويتألف,2
77,2
مجموعتان,2
ميادين,2
استقالته،,2
للمسؤولية,2
ويب,2
مفتعلة،,2
نور،,2
لخيار,2
جونسون,2
"""الشيء",2
ميسونيس,2
توقفت.,2
يثق,2
(خدمات,2
مبطنة,2
"نفسه"".",2
تحذيراً,2
هبوب,2
"غولد""",2
والتسليم,2
وصم,2
أرباحًا,2
الديون.,2
للطيالمتوقع,2
المعركة.,2
معزولة،,2
البريكس,2
أسعارا,2
والمصرية,2
"""قال",2
وخضار,2
وبروتين,2
لحلها.,2
وهشاشة,2
موسمي،,2
للأسمدة،,2
بريطانية.,2
تُؤكد,2
استثناءً,2
وتلقى,2
رواجًا,2
إدماجها,2
بلغاتهم,2
بتنفيذها,2
وقدموا,2
يتوافر,2
شكوك,2
موجودة.,2
وأخطاء,2
المساعدة،,2
بالهدوء،,2
السري,2
هزمه,2
جزيئات,2
ثنايا,2
للإنشاءات,2
رأيي،,2
غاضبًا,2
الجوال,2
متجاورة,2
أمتار.,2
إقحام,2
الاعتراف،,2
لنوع,2
تتغذى,2
جهازها,2
الممكنة,2
قيمتها،,2
المتعاقدين,2
أطلقت،,2
وفاعلين,2
المكلّف,2
ومقارنة,2
الهام,2
باغماتي,2
الكفرة,2
والذكريات,2
الصومالية،,2
عينها,2
"إيروسبيس""",2
أ).,2
وتبادلاً,2
6.8,2
إسرائيلية،,2
بضغط,2
الفكاهة,2
والرعاة,2
ووقوع,2
التوسعات.,2
الكلام،,2
زواجهما,2
لطاقم,2
أجنبي.,2
لصانعي,2
اعتمادهم,2
لجوء,2
الملجأ,2
ليتمكنوا,2
"الفائق"".",2
بالصور,2
مضت,2
المدعوم،,2
تُعزَّز,2
وتُحفَّز,2
بتريوس,2
670,2
درنة,2
البرلماني,2
المرجانيةِ,2
دعمها.,2
رائعين,2
نظرها,2
والقوة،,2
والألعاب,2
بلندن,2
العلا,2
دافعي,2
طلبه.,2
وشقيقاتها,2
وبيئية,2
بدنية,2
وحيدة,2
بالانسحاب,2
"""المركزي""",2
النموِّ,2
البطارياتِ,2
"""ولكن",2
العينات,2
لنشرة,2
الأربعاء:,2
واسعًا،,2
روفكانين,2
"""وجود",2
"القطاع"".",2
أعاق,2
"30""",2
والحفاظِ,2
النَّظافةِ،,2
مميز,2
عراقة,2
5-1,2
واستعدادها,2
تمويلات,2
194,2
157,2
ومجمعات,2
مشاهدته,2
رايشه,2
ولاري,2
سيقدم,2
لِلوقايةِ,2
الدموع,2
وخارجه,2
مواساة,2
بإيجابية,2
ثقيلًا,2
الناديين,2
الشجاعة،,2
الجاهزة،,2
0.76%,2
35671,2
"الأوزان""،",2
1.29%,2
10755,2
الخنزير,2
المفاجأة,2
وخيبة,2
المبهمة,2
فلسفية,2
رحّلت,2
بمخاطر,2
الإبداع.,2
موجّه,2
ساموا,2
تفضل,2
للفضاء,2
ريالا,2
أساسها,2
والمواطنون,2
الشكاوى.,2
الكمامات،,2
واكتشافِ,2
وعلاجِ,2
"الوطن"".",2
"""ثريدز""",2
التَّطعيمِ،,2
"الاجتماعية""",2
رقابة.,2
المدعين,2
الدودي,2
مركزيًا,2
النازحين.,2
وأسرع,2
فجّر,2
نظموا,2
والمليئة,2
بالتحديات.,2
جيلالي,2
"""تواصل",2
الكيارية،,2
"آخرين"".",2
تقليدية؛,2
أعمالها،,2
الحرية”،,2
للمستخدمين.,2
مصدران,2
"""أوباما",2
"كير""،",2
الضجيج,2
الستينيات،,2
وجاره,2
كطبيب,2
وموحدة،,2
مؤيدون,2
لإثيوبيا,2
وملحقاتها،,2
الدفترية,2
التطوع,2
رادع,2
وحضر,2
نفعله,2
سيتنافسون,2
بمحادثات,2
تُجرى,2
صائب,2
مستوحى,2
بير,2
الهندي.,2
“البشر,2
مراحله,2
يتعلَّقُ,2
بثلاثية,2
"و""ألفابت""،",2
كبت,2
لماهية,2
"و""غوغل"".",2
الأطول,2
الأجهزة.,2
"""سياسة",2
باليستية,2
الفقيرة,2
رونالدو،,2
والفرنسي,2
شراكتهما,2
طفليها،,2
/6,2
يدافعون,2
منطقةُ,2
"""موتورولا""",2
تنفسية,2
خيال,2
عاملات,2
مسببات,2
وأنظمتها,2
صعّب,2
مولر,2
غولدمان,2
مقعدًا,2
وظيفية,2
وتوافق,2
وأمانة,2
حنا,2
التحسين,2
رودري,2
سيخوض,2
حازماً,2
توجّه,2
ستجبر,2
ضربها,2
ويدخل,2
رسالةً,2
شوفان,2
منزليا,2
وتصوير,2
شقيقها,2
الخردة,2
مكتملة،,2
مالكا,2
البحري،,2
بمعبد,2
ساد,2
وأشعلوا,2
الشموع,2
ترميمات,2
المجمل,2
النفسي،,2
آسرة,2
جمعته,2
داهمت,2
ظلال,2
للفتيات.,2
ترشيحاتهم,2
أقصاه,2
يساعدنا,2
حدة.,2
بإخفاق,2
والمقاصير,2
حلمه,2
جثتيهما,2
الهندسي,2
يمارسها,2
والأخلاقية,2
يُحافظ,2
الإجمالية.,2
الطهي،,2
يلب,2
خوضها.,2
والغرب,2
"""الديمقراطية",2
بالمئة.,2
التزاوج,2
اجتذب,2
بموجبِ,2
وذلكَ,2
خضعتْ,2
زولا,2
تقريبًا),2
البضائع،,2
القدرات.,2
ويكفي,2
ابنًا,2
وفيًا,2
داعماً,2
محبة,2
بالقبول,2
لنطق,2
أثّرَت,2
2024م،,2
والآليات,2
الاعتراضات,2
حجمها،,2
آرني,2
للمتقدمين,2
الحمض,2
نسخًا,2
تُلغى,2
إلينا،,2
سعودية-,2
فرنسية،,2
لوكسمبورغ,2
وموناكو,2
داخلي،,2
“أكبر,2
فعام,2
المضاربة,2
43.20,2
لقصفٍ,2
الإذاعية،,2
العطلة،,2
موبتي,2
مصيره،,2
الفقراء,2
أكشاك,2
يستبعد,2
مطروح,2
المعاصر،,2
والتفاصيل,2
الاختصاصية,2
والفحص,2
الكمبيوتر.,2
الفائزة,2
النساءِ,2
يزيدُ,2
سيرة,2
الحيادية،,2
سترتفع,2
ومضة,2
الوظيفة,2
فسننقلها,2
"المدينة""،",2
يزورون,2
4000,2
دورات,2
منه)؛,2
للأزمات,2
فصيلان,2
صراعهما,2
حوارات,2
مسرحيات,2
“موجة,2
بيانين,2
"النووية"".",2
الإيوية,2
للرحيل.,2
ويقوّض,2
ملابسك،,2
للمناقشة,2
118,2
مهدد,2
لخداع,2
رُفضت,2
مريحة,2
أفعالًا,2
لحاجة,2
منهما،,2
وقّعه,2
الرقائق.,2
ويليس،,2
إيراكلي,2
العربية/الحدث.,2
جانبية,2
متعمد,2
ووافق,2
فارغة.,2
الجسدي،,2
والإيمان,2
(إكس),2
أليكسيس,2
التحرّك,2
غزة:,2
لروسيا.,2
وبمساعدة,2
مصادر.,2
ستقدم,2
الحوسبة.,2
العليمي,2
للإفراج,2
ونُشر,2
رصيف22,2
بالضرب,2
مريضة,2
نفسياً,2
وألقى,2
الصّنعي,2
تسونامي,2
الأسبوعي,2
الأمرَ,2
يُنذر,2
فجوةً,2
الخارق,2
كفيلًا,2
بحالات,2
الرقمية”.,2
تعبيرات,2
1986,2
بوليفار,2
هارودز,2
خرم,2
واندلاع,2
البرازيليين,2
"""كراغوييفاتس""",2
لسوريا.,2
الصادق،,2
صوتي.,2
موبتي،,2
اللعاب,2
"باندا""",2
وأضافت،,2
المسار.,2
دراستي.,2
بانتانال،,2
46.1,2
مرهقة,2
ريك,2
مَصبِّ,2
نهرِ,2
إسميرالداس،,2
الاحتجاج.,2
رومينيجه,2
لعمال,2
كانتا,2
يصرّح,2
للموازنة,2
وسيقدم,2
لمؤشرات,2
والمحلية،,2
التمرين,2
التجنيد,2
الصفوف,2
بعثاتها,2
سروري,2
ماستر,2
التضخمية,2
ومعارضة,2
الكريم,2
وأُطلقت,2
وتقويض,2
المولد,2
توسعاً,2
"الأرض"".",2
الأرقام.,2
والنقل،,2
والكهرباء،,2
خطب,2
إيرباص,2
لإرضاء,2
وستستهدف,2
المُلفقة،,2
والشائعات,2
المُحرّفة,2
"""شدد",2
توحد,2
يوسف.,2
كلاً,2
تطمح,2
تحيزًا,2
بعدُ,2
مجهول،,2
الحقوقية،,2
سوءًا.,2
موجهاً,2
مسيرات،,2
ليرد,2
فتحَتْ,2
عامَّةً,2
يسقط,2
مختصين,2
يرجح,2
"المثيرة"".",2
صراحةً،,2
ووعدته,2
استخباراتية,2
يزالُ,2
لينضم,2
"""بوينغ""",2
والمقاتلات,2
"""لوكهيد",2
"مارتن""،",2
بالطعام,2
لآخر.,2
عادةً،,2
حيّ,2
ينصب,2
الكل,2
بالمخاطر،,2
مزدحمة,2
بالمحتوى,2
الأكثرية,2
الكاملِ,2
الأقلِّ,2
بانخفاضه,2
استغلالها,2
لإمكاناتها,2
للتنس,2
راقية,2
الحصانة,2
كارثيًا,2
جثمانها,2
الميناء،,2
الكاثوليكية,2
صادف,2
لبابلو,2
عروضهم,2
مستقبلي,2
تفويضاً,2
نيين,2
بالشرطة,2
تتقاضى,2
هافانا،,2
وقمامتها,2
البالية,2
طبيعيًا،,2
ومبنى,2
خطيراً,2
التحسن,2
"مباشر""،",2
ذهابه,2
الطيار,2
المباشرة.,2
الترطيب,2
والرياضة.,2
سلوبودن,2
قدّمها,2
واجهه,2
الشاشات,2
منزلًا,2
وتضرر,2
الـ21,2
أهدافا,2
ومطلع,2
صاروخا,2
منتقدو,2
ولعله,2
إميل,2
الخيالية,2
56,2
أصلاً,2
العانة,2
التقدمي,2
حسابا,2
والتقط,2
للإعلامي,2
وإضفاء,2
إطارها,2
"""روسيا",2
بيانٍ,2
مشترك،,2
وجزيئات,2
سوداني،,2
دولي.,2
ودوت,2
للوزارة,2
بمباشرة,2
ناقلة,2
الططري،,2
ذهبي,2
ودائم,2
والفلسطينيين،,2
الطلاء,2
فرهاد,2
شامي،,2
"تينة"".",2
أعقبها,2
وتصورات,2
المتسابقين,2
والتضخم،,2
"سنوات"".",2
الغردقة,2
والبطولات,2
سلاسة,2
بالجسم,2
се,2
да,2
ја,2
المتحركة،,2
وأفلام,2
الكاريبيين,2
الناشئين,2
المخالفات.,2
صوتًا،,2
"""الإعلان",2
ولشعوب,2
إيرلندا.,2
ببعضها,2
الغزاة,2
توتنهام،,2
مبومو,2
فهمها,2
الوثيق,2
المصنعين,2
(قسد),2
جيرمان.,2
الأخبار.,2
وعربية،,2
بالقدرة,2
توقيفه,2
وتسليمه,2
هانزي,2
ومباشرة,2
والظلال,2
لزميله,2
كلاب,2
والأفارقة,2
صنعاء.,2
الرادار،,2
الموجة،,2
المتسببين،,2
وكير,2
كاذبًا,2
للأطراف.,2
بالمستخدمين,2
طعامها,2
حين،,2
ويجد,2
الفنزويلي.,2
وتتجلى,2
بزاوية,2
أحيا,2
رواتبهم,2
وتذبذب,2
الفلاحين,2
يساعده,2
وسفارة,2
سلالاً,2
سانا.,2
رُصد,2
استنفاراً,2
الدمام،,2
الضعيفة،,2
أملهم,2
عمراني,2
"بان""،",2
أولئكَ,2
بالفعلِ,2
العمليَّةِ.,2
ممتاز,2
العريش,2
يسيّرها,2
مكة،,2
ومستشفى,2
الأحمد،,2
تجمعنا,2
٢٠٢٢،,2
التكريم,2
احتفاء,2
زاخرة,2
لرحلة,2
ليتناسب,2
القدماء,2
ومخاوفهم,2
مواطنة,2
اللبنانيّون,2
“الزرقاء”,2
"""الدفاع",2
"الناتو"".",2
يرافقه،,2
ومكة,2
والرياض،,2
التأهيل,2
وجميعهم,2
"""ديفينسا",2
"سنترال""",2
فالفشل,2
што,2
فوتوغرافية,2
مطبوعة,2
عربي،,2
تكليف,2
مستقلين,2
المتعمد,2
سيرى,2
مولدة,2
رحلاتهم.,2
أصالة,2
وحداثة,2
الرشد،,2
بالمؤشرات،,2
الاغتيالات,2
تابع:,2
منطقي,2
يشهده,2
الإجابات,2
جنوبِ,2
يجعلُ,2
المناخِ,2
مصانعها,2
استهدافها,2
التطورات.,2
الكلى,2
الحرجة،,2
بمكان,2
الذّنب,2
اعتُمدت,2
القادسية,2
الثغرة,2
قبله,2
الكاميرونية,2
بالاعتبار,2
الكابتشينو,2
معتادًا,2
القهوة،,2
أليجري،,2
(وهذا,2
النظاميين,2
رأسه،,2
بأعضائه,2
المتوتر,2
الصارمة،,2
والتنظيمية,2
طه,2
"باور""",2
سلم,2
للمساءلة,2
"""زمالة",2
"ثيل""",2
شركاتهم,2
لأنهما,2
المشبعة,2
تولّد,2
للأحذية,2
أحذية,2
رسلان:,2
آلان,2
الأطلسية,2
برادفورد,2
لخبير,2
فرضضريبة,2
قصتي.,2
حي،,2
الأخلاقي,2
التقييم،,2
21.5,2
ضعفاً,2
متجاوزاً,2
هنأه,2
التقديرات،,2
التذمر,2
48%,2
درب,2
رئيسيًا،,2
"""دوسِت",2
النخيل،,2
والمرشح,2
كاتربيلر،,2
بيلاروس,2
"""ناشط",2
"""تدمير",2
"الفرنسي"".",2
وتمكنت,2
كاتربيلر,2
لبياناته،,2
قصد,2
حيويا,2
حرصنا,2
تجلت,2
"الاستعراضية""،",2
فيشير,2
مقعدها,2
توجهاً,2
بلغته,2
النتائج.,2
اليونيسف,2
الطفولة.,2
الفرعية.,2
وكم,2
يبعد,2
فلوريان,2
السقوط,2
ميلاني,2
ورائدة,2
لتسعير,2
الاقتلاع,2
تكوينات,2
الروتين,2
الإداري،,2
المعاملات،,2
بأسرها،,2
الروهينجا,2
وفاة،,2
(13,2
"ثاني""",2
بانكوك،,2
الأشياء،,2
بجعل,2
خارجيتها،,2
وغرس,2
معروف،,2
ليوافق,2
المتحدة),2
"""تُعد",2
الأميركيون،,2
إبستين،,2
(هل,2
جهازك,2
السار,2
أعضاء،,2
إضافيا,2
والاستكشاف.,2
حقيقيًا،,2
يسكب,2
مخدرات,2
لافتة،,2
ضعف.,2
“كراميل”,2
متفاقمة,2
بعصابات,2
بالمخدرات،,2
رش,2
الطيب,2
بعدئذ,2
بتملك,2
وسنرى,2
عندي,2
تطأ,2
ارتباطهم,2
لقلة,2
1917,2
يتسنّى,2
ويرفع,2
معارضًا,2
بتقييمات,2
يراهن,2
وصانعي,2
الشائعة،,2
للتنفيذ،,2
وقائمة,2
بسندات,2
دمجها,2
الأشغال,2
خ.د:,2
مضاءة,2
وتخصيص,2
عرائس,2
16%,2
ومنحهم,2
"2028""",2
شبابي,2
الجريئة,2
المتدني,2
1910،,2
حيلة,2
العلو,2
إيجابي،,2
الاستسلام,2
ريزو,2
تحديها,2
المتداولين,2
درامي,2
الألفية،,2
ويفوز,2
توريس،,2
غرفتي,2
الصدمات.,2
عميق،,2
دبابات,2
للنخبة،,2
ميكيلي،,2
والبعثات,2
المشروط,2
التدريبات،,2
الخطوة،,2
ووكيل,2
التكافؤ,2
للرياضة,2
الخفي،,2
الكُبرى,2
الأرمني,2
بخيارات,2
التَّنظيفِ،,2
الجندري,2
أوفر,2
حظاً.,2
الركائز,2
الأنوثة,2
"الذهب"".",2
الافتراضية،,2
تفاعلاً,2
ممثلةً,2
سفناً,2
بحي,2
"المعقولة""",2
تدويرها,2
الخطرة.,2
الأقليات.,2
حضارات,2
ورمزية,2
طوّرت,2
أمادو,2
مراتٍ,2
"""وكالة",2
الفائض,2
لتتماشى,2
النثر,2
الكهروضوئيةِ,2
لتصميم,2
تقريباً.,2
وعلّقت,2
مروعة،,2
المستوى.,2
العالم..,2
أُبلغ,2
مزيجا,2
الأرخص,2
بالعلاقة,2
الخزينة,2
"""التسليم",2
تهاجم,2
والدته،,2
أرسلها,2
فراي,2
الملونة,2
الدفعات,2
وستحدد,2
حينه.,2
خواجة,2
النار؛,2
"""الكثير",2
الدولي:,2
لموظفي,2
قهر,2
الأحياء،,2
التحريرية,2
فعالة،,2
الرفوف,2
الخشبية,2
الرئاسي.,2
طويلاً،,2
بجريمة,2
ليتبين,2
محصوراً,2
تعقيداً،,2
أغرق,2
بإخراج,2
لامرأة,2
الأصليين؟,2
مرتين.,2
مفهوم،,2
"""فرهيختكان""",2
محركاً,2
فإننى,2
وغربها,2
لنزع,2
هانوي,2
صمت.,2
"""المنطقة",2
منعطفًا,2
يمسك,2
درزية,2
أتحقق,2
والمتطرفون,2
التلف,2
فضح,2
بوصف,2
الجائلين,2
استنادا,2
1988,2
المغلق،,2
الساحرة,2
الطمأنينة,2
وارتفاعات,2
القريب.,2
صفارات,2
اللبنانيون،,2
عال,2
العيون,2
سينتج,2
العربية-,2
تتمركز,2
موضوعاً,2
158,2
"ولاغية"".",2
الجندري.,2
تطالبه,2
أضر,2
والتعاطف،,2
وإنجاز,2
وتالياً,2
الشقيق,2
ميليشيات,2
بالأصول.,2
السداد.,2
وكذلك،,2
وقروض,2
المتحدة-,2
أولهما,2
التنظيف,2
إثره,2
الأخضرِ,2
سيرجي,2
ترحيب,2
لمطالبة,2
يشتكي,2
تُقلل,2
الرقبة،,2
تغيّرات,2
403,2
يوغوسلافيا,2
البلقان.,2
وبلغاريا,2
1925,2
بتعيين,2
قرب،,2
الأزمات،,2
بكرة,2
لاستكمال,2
فلويد,2
ونهب,2
شلّ,2
حرمت,2
إ.أ:,2
لإيسو,2
تلقتها,2
لايين,2
رأيه,2
الباعة,2
لقبه,2
سابقون,2
تجربتك,2
الريال،,2
نوك”,2
مستنقع,2
الصناعيةِ,2
بوليفيا.,2
المكتشفة,2
بالوقود,2
بولندا.,2
بـ25,2
تشنجدو,2
للسياح,2
واعدة،,2
لشن,2
عسكريّة,2
الاستضافة,2
المصلحة.,2
ثورة،,2
إجبارهم,2
وكثفت,2
يدخر,2
الفقري,2
والرفض,2
الفستق,2
يدفعهم,2
الحجوزات,2
النظامي,2
تُقتل,2
وبعضنا,2
"و""ميتا""",2
وقيمها,2
بالرغبة,2
إرول,2
وتزعم,2
بوكيلي,2
المحصلة،,2
السمو,2
بظلاله,2
ساسة,2
احتراما,2
مسيرتك,2
شهاب،,2
والمجوهرات.,2
وبالتزامن,2
مينيابوليس,2
سيارة،,2
لاحقة.,2
يدوم,2
البعيد.,2
فهيم،,2
يلوذ,2
عائدًا,2
يُدفع,2
وللمقارنة،,2
ثمّة,2
تور.,2
تعليمي,2
دائمة،,2
صحتك,2
وستسهم,2
للسكان،,2
التحسينات,2
"""إسناد",2
وعيد,2
سالار,2
وافتتح,2
يتقن,2
لعبنا,2
اتفاق،,2
والانفتاح,2
جسرًا,2
القوقازية،,2
الإيرانيات،,2
الصوف,2
وقعه,2
اسمي.,2
كتبوا,2
دراستهم،,2
بالفرشاة,2
اللثة،,2
مدنيًا,2
ليطلب,2
لمفاوضات,2
بوصلة,2
العالمين,2
والإسلامي،,2
وستظل,2
إنسانية،,2
"""يتخذ",2
باللعب،,2
انزعاجهم,2
وقتنا,2
النهايات,2
أكدّت,2
تفسيرها,2
هوا،,2
الفرنسية:,2
تبتعد,2
“بالوصم,2
صلصة,2
متأخراً,2
معوقات,2
سيكونان,2
فقرات,2
مطوّلة,2
الأسطر,2
الهداف,2
اللور,2
اقتراحه,2
بدعمه,2
وعالجت,2
وأرواحهم.,2
الدوحة.,2
للإصلاحات,2
ويقترب,2
385,2
11%،,2
313,2
الانتخابيُّ,2
والأعمال،,2
معتبرين,2
أتجول,2
عبدالرزاق،,2
آملين,2
“الشرطة,2
رهان,2
استخبارات,2
قاعدةً,2
وافقوا,2
الهولندية،,2
صورا,2
روساتوم,2
للإسكان,2
السعر.,2
سكيب,2
المبيعات،,2
وتسهيلات,2
صينيون,2
يشاركن,2
وفلسطين،,2
جنباً,2
التوطين.,2
المستودعات,2
رؤيتهم,2
مرحاً,2
نصفها,2
بسوريا،,2
تُسلّط,2
الصادمة,2
والفاشية,2
سيُسمح,2
كارد,2
هوا,2
بالعدول,2
2025-2028م،,2
ورهاب,2
مكتفية,2
مرسومًا,2
كولويزي,2
بأجهزة,2
إلكترونية،,2
أسهمه,2
ميلان،,2
156,2
نِتا,2
رِسكن,2
أوتسري,2
المخرجين,2
يُبعد,2
التصور,2
الواي,2
أجيالاً,2
بلد.,2
وفنزويلا,2
المهمات,2
القمرية,2
بفشل,2
حصلوا,2
الوحدات،,2
سياساته.,2
التوليدي،,2
لأحفاد,2
المرتكب,2
صحافيو,2
وافية,2
وإدارتها.,2
الكتف.,2
يديره,2
بالقرار,2
يغيّر,2
والدخان,2
حدّة,2
والمسبقة,2
وخارجية,2
وتركيا.,2
بالإصرار,2
اختبر,2
لتغيّر,2
حذروا,2
يقضون,2
يشيرون,2
بانقطاع,2
بطهران،,2
مستحيلًا.,2
أندريا,2
عوقب,2
طريقا,2
وآلية,2
حكوميين,2
ومتنوعة,2
لاعتماد,2
المناصرين,2
القاعدة»،,2
معروفٌ,2
للمضايقة,2
الاستثماري،,2
الأرخبيل,2
للمسافات,2
امتلك,2
هائلا,2
عشيقته,2
شعارات،,2
التنصيب.,2
نيوكاسل،,2
الاستلقاء,2
والجلوس,2
العمودي,2
حقيبة,2
بالابتعاد,2
زين,2
العابدين,2
التونسيون,2
8.8,2
"الإطلاق"".",2
والاستقرار.,2
بالحديث,2
الحاضرين،,2
بحقها،,2
تنقّل,2
افتراضياً,2
قدراته،,2
جاهز,2
والمستنيرة,2
القرويون,2
وذهبت,2
والحدث,2
والأهلي،,2
ومعهم,2
والخليج,2
لتخريج,2
حدود،,2
كمؤشر,2
للمحترفين,2
عملاتها,2
مطلعين,2
قلقون,2
ليتجمد,2
ساعدوا,2
المنال.,2
تتعاملين,2
المحكوم,2
تفلح,2
الخيل،,2
لأراضٍ,2
بعدها.,2
رضوان,2
فاسكونسيلوس,2
بحري,2
إنجلترا،,2
تقدَّر,2
بالسفر,2
وأرض,2
سيبقي,2
وحثوهم,2
للدهشة,2
أفرج,2
"""سبيس",2
والانحناء,2
الصغير،,2
تُشبه,2
مطاعم,2
ووطن,2
القضائية.,2
بطلاب,2
بمقر,2
بالاعترافات,2
أقروا,2
تعذيبهن,2
المستعملة.,2
للعربية.نت/الحدث.نت,2
اليد.,2
يعتنون,2
للبنانيين,2
تسقط,2
والحِرَف,2
طاجيكستان،,2
تصويرها,2
وحرصه,2
استئنافها,2
بائعي,2
استقرارًا.,2
تجربتهم,2
تجاربهم,2
"سكور""",2
ظنًا,2
غييرمو,2
"""كينبودو""",2
والاستماع,2
قيامهن,2
ويضعها,2
"""داليدا""",2
إسلامي،,2
"سوشيال""،",2
تحكم،,2
المفصلية,2
بالفشل,2
ليحل,2
المحرمات,2
جيم,2
وصحة,2
التحرير،,2
السكرتير,2
شتات,2
المماثل,2
للترهيب,2
دهسها,2
مريضًا,2
الرمادية,2
"وورلد""",2
غوستافو,2
شريكتها,2
الثنائي،,2
ولاحقاً،,2
لجيل,2
علينا.,2
دلائل,2
كارافاجيو,2
الأشخاصِ,2
بيريندرا,2
أوغندا,2
بؤر,2
المصريأحمد,2
كجوك،,2
الميكانيكية,2
ورأت,2
حظاً,2
المكاسب.,2
"""ثورة",2
مستمرة،,2
واقعنا,2
“رجال,2
خطى,2
المستويات،,2
الخلايا,2
جوارديولا,2
نيكو,2
بموقف,2
بلطف,2
المحتشدين,2
بيرايوس.,2
وتضاعف,2
كفائز,2
ذوات,2
لينغوا:,2
والمهاجرين,2
الفارغة,2
النّساء,2
ديج,2
جليدي,2
أحياء:,2
منهنّ,2
الفروق,2
مزعج،,2
اختزاله,2
الاعتبار،,2
للآسيويين,2
ذهابًا,2
والبدء,2
وواشنطن،,2
الإسبانية.,2
الخطوات.,2
الملك،,2
بالتوتر,2
أصدقاؤنا,2
والملاحة،,2
اختلافات,2
التجريبية.,2
وتدميرِ,2
بيكريس,2
بالفرار,2
لمجموعات,2
واسعاً.,2
ونظرت,2
الحاكمة،,2
وهوية,2
بالتفاعل,2
42%,2
وتسلل,2
الموساد,2
لمخبأ,2
الكيماويات,2
تُعَدُّ,2
سَجَّلَتْ,2
طريقاً,2
الفولاذ,2
بنظامها,2
المتأخرة,2
368,2
مؤلمًا,2
العميقة،,2
وإرشادات,2
يمسّ,2
الأفارقة.,2
المحليَّةِ,2
يعانيها,2
نيوزيلندا،,2
مرشحا،,2
العشرة,2
خبراتها,2
نصنع,2
وتختار,2
(فيفا).,2
أعلنالبنك,2
للصيادين,2
عيشهم،,2
والمنازل,2
والحوكمة،,2
وتحوله,2
موسمه,2
2018-2019,2
هدفا.,2
منإقليم,2
يعتبرهم,2
تحسنًا,2
احترامه,2
تشرب,2
الفضاء.,2
الخفية,2
أجلها.,2
يزدهر,2
اسمي,2
مستعار,2
الزيادة،,2
يذكر.,2
منزلي،,2
"""طبيب",2
تنبيه,2
وفضلاً,2
تأثيراته,2
والمشاكل,2
واسترداد,2
ثالثة.,2
بأكمله،,2
وحدهم.,2
بيزو,2
دومينيكاني,2
الجريئة،,2
"""سومو""",2
ناقلًا,2
المنتقل,2
ارفعوا,2
"""هوية",2
"زائر""",2
"""للمرة",2
تبادر,2
و1,2
بازل,2
تخلص,2
لسومو.,2
ضمان،,2
المنتجين،,2
صحافيون,2
مختصرة,2
والأصالة,2
خفيتشا,2
نيفيز,2
يطل,2
مكانه,2
أدريان,2
ريد،,2
أ.,2
التقليديةِ,2
تقترض,2
ببطارية,2
مللي,2
أمبير/ساعة,2
فرناندو,2
المركز.,2
يديعوت,2
أحرونوت,2
بالقيم,2
بوصة),2
بيئي,2
النضالية,2
(المعروف,2
إغلاقه,2
إلغاءات,2
كاثلين,2
الحروب،,2
البديلة،,2
اقتصادًا,2
تُحفز,2
يستفاد,2
والعالمية،,2
الإقليمى,2
والجورجي,2
رويز,2
والحارس,2
دوناروما,2
لاعبا,2
للجائزة,2
دوي,2
ضياع,2
للآمال,2
والكاكاو،,2
المياهِ.,2
تقييمها,2
يدلي,2
المرارة,2
ترجع,2
سببه,2
وتمثيل,2
والاستهداف,2
الحار،,2
الممنهجة,2
المؤثرة.,2
جزءً,2
ممنهجة,2
لفصل,2
وحشد,2
يُدرّس,2
المقررات,2
إيل,2
عدمُ,2
الآخرَ,2
ثقبين,2
يقلقه,2
نوبل.,2
المضرب،,2
الأربع،,2
حصولهم,2
ويُضعف,2
وتشريعات,2
مكي,2
تراوري,2
وتكرارًا.,2
يسهّل,2
وواقعياً,2
لدائرة,2
والحروب,2
والصحراء,2
الممنهج،,2
المعروض،,2
كاذبة.,2
ذكرياتها,2
بزوجها,2
جمهورًا,2
لينكدإن,2
يخصّ,2
"""موبكو""",2
رطل,2
البوتاسيوم,2
تلوثًا,2
تسجّل,2
السمعي,2
عاقلة,2
موسوي,2
"الإيرانية""",2
البامبو,2
هيكلها,2
الفن،,2
التشيك.,2
رمزاً,2
لأكثرَ,2
أمامَ,2
ناشرون,2
كوريا،,2
التنبيه,2
بقميص,2
4.9%,2
4.7%،,2
متكاملة،,2
الموهوبين،,2
نسيت,2
وقدرتها,2
المعتزلة,2
بلانك,2
معمل,2
مخالفاً,2
بفيديو,2
ناشئة،,2
الأجيال.,2
والقواعد,2
تلميع,2
تعليقاً,2
إبستين:,2
إقناعي,2
جزيرته,2
بلجيكي,2
فلوريس,2
كاراكاس.,2
تخصصات,2
غانم،,2
يحكم,2
يخبر,2
والعنصرية,2
القابضة،,2
السعري,2
و1.40,2
1.84,2
مصرعه,2
لأدوات,2
العالم”,2
الغنام,2
للاتفاق.,2
عواقب.,2
شديد.,2
والأميركية,2
1995,2
البند،,2
مأوى،,2
شديدة.,2
بالمرور,2
الاستطلاع.,2
سيلا,2
معالجة.,2
يُظهروا,2
فالجمهوريون,2
بتمرير,2
تسويات،,2
تكون،,2
للنقابة.,2
530,2
طرد.,2
الكرتون,2
بأرقام,2
حنفي،,2
غيرها،,2
سمعنا,2
أترجل,2
موقعي،,2
ليكمل,2
بعدي,2
والعطاء،,2
أعدّها,2
"العمر"".",2
اعتراضات,2
العاملين.,2
شفا,2
الميداليات,2
مرتبطاً,2
لتصفية,2
تعليقًا,2
داخلها.,2
مرتفعا,2
ومرتبطة,2
واندلعت,2
والأشكال,2
والمواقف,2
واللاجئين،,2
«الحلم,2
التحريضية،,2
بالنظام.,2
للالتهابات,2
الأكسدة.,2
غانم:,2
زغرب,2
دلة,2
"التجارية""،",2
أنشطتها،,2
مشتركة.,2
للنصر,2
هدفٍ,2
أحرزه,2
لقاءً,2
استجابَ,2
الألفية.,2
هاجدارباشيتش،,2
مبهرة,2
المشروعات،,2
توقعتها,2
شرطاً,2
صواريخها,2
بانيا,2
لوكا,2
الطفلين,2
(١٩٩٤),2
نيلوفر,2
المستنقع”،,2
أصور,2
الافتتاح,2
المتّحدة,2
الصّين،,2
"سبورت""",2
القدس،,2
تبعث,2
البوركينابية,2
دينامو,2
حمايتها,2
التبادلات,2
لمارلون,2
أعمالها.,2
لبلدة,2
بالثورة,2
شافيز,2
الفيلم.,2
حققتها,2
وعقوبات,2
48.10,2
والتون,2
(38,2
صبيًا,2
ينذر,2
وأفراداً,2
رياضي.,2
الصبي,2
علاجًا,2
“المعايير,2
كشريك,2
رومان,2
"""سومو"".",2
ويُعزى,2
البرلمان.,2
وتكمن,2
المهاجرة،,2
شنّته,2
طوّر,2
بيتي,2
بماليزيا،,2
الأخلاقية”,2
فواشنطن,2
ستتبعه,2
"""القناة",2
"12""",2
معتمد,2
والهلال،,2
المباراتين,2
معاكسة,2
تماماً.,2
"14""",2
القصير.,2
بنغلاديشية,2
مناصرو,2
مغلقة،,2
مخاطبة,2
وبالتدريج,2
فريتز،,2
"""الخدمة",2
"البيانات"".",2
للفنون،,2
ثباتها,2
بقاء.,2
الرديف,2
ومباراة,2
استوائية,2
0.5,2
البعض؛,2
(مقاطعة,2
بيتش,2
ومعرض,2
ينسحب,2
أورخان,2
مقلدة,2
"""أوري",2
سجاتي,2
مدرعة,2
إيفان,2
1962،,2
(6,2
العددي,2
لرؤساء,2
سادوفنيتشي،,2
والأمين,2
عزت,2
سلامة،,2
معتقدات,2
تشافيز.,2
إكسارشيا،,2
للتشغيل,2
البيني,2
الثّاني.,2
لي”,2
1966،,2
نباتات,2
منزله,2
مصورة,2
ستموت,2
الفصلي,2
الحقيقيين,2
سياتل,2
ومازالت,2
هويتها.,2
فصول,2
المواجهة،,2
تقليدًا,2
الصامتة،,2
وباقات,2
والإشارات,2
تحميلات,2
وتصميم,2
متخصصة.,2
والكويت.,2
"""بينواست",2
تخلف,2
ستنفذ،,2
تحديداً.,2
حاز,2
الاجتماعيّ،,2
ساخنًا,2
صوّرها,2
العنبر,2
الرّيف,2
ستخلف,2
وسيجري,2
برلمان,2
مقعد،,2
بابتسامة,2
دودون,2
وغيرهم،,2
الاستفزازات,2
بنيويورك.,2
تبرعت,2
المفاجئة،,2
السيولة.,2
السيّاح,2
ريتشارد,2
0.2%.,2
قديماً,2
لهُ,2
شوكابل,2
منطلق,2
"""تؤكد",2
رافايل,2
اشتملت,2
بابتكار,2
الفنانين.,2
قواعدنا,2
صالات,2
طاقةً,2
بانتقادات,2
بأنحاء,2
لاوتارو,2
كابل،,2
"""رويداد24""",2
ويقدم,2
حيازته,2
وبشروط,2
حياد,2
صارمة.,2
المؤامرة.,2
الجمركيةالتي,2
تُطبّق,2
بأشكال,2
كصحفي،,2
يأخذني,2
شتى،,2
الفلكية،,2
التأكيدات,2
تسفييتكوفيتش،,2
للكشف.,2
والبيلاروس,2
والمرتبة,2
"""إنني",2
بترشيح,2
برلمانية.,2
الناشطان,2
توفوا,2
بركات،,2
مؤهلة,2
"الصناعية""،",2
إغراق,2
"العراقية""،",2
1970،,2
متاحًا,2
قريبتان,2
بزعامة,2
وعادات,2
قيرغيزستان.,2
"""العقوبات",2
الاحتشام,2
وجلب,2
بالسعودية،,2
وأضاف،,2
“خمير,2
خرقاً,2
وأيديهم,2
479,2
الإيقاف,2
أخوات,2
غرقن,2
المملح,2
البعيد،,2
"""انطلقت",2
معاون,2
الوسطي,2
أجروا,2
وتخليد,2
النازي,2
الانزواء,2
عزلة،,2
أمرها,2
الفرنك,2
يوصف,2
وانسيابية,2
"تُذكر"".",2
المضاد,2
والإسهال.,2
"""دولتشي",2
الجائزة.,2
استقبلته,2
أهدافِها,2
مواقعها,2
الاعتراض.,2
ورؤيتها,2
قالالرئيس,2
جنوبيين,2
جورجيا.,2
غوجرانوالا,2
طبيًا,2
السياقِ،,2
قدَّمَتْ,2
الكهربائيةِ،,2
للمضايقات,2
معلقة,2
"""موندو",2
"ديبورتيفو""",2
سياستها,2
يرسخ,2
مكتمل,2
طُبقت,2
فستقود,2
العصر.,2
هولنيس,2
نعتمد,2
جديدة”،,2
تؤيد,2
لإحلال,2
المسلم,2
"""مكافآت",2
"العدالة""",2
والنساء.,2
البحرية.,2
الحضري،,2
إشغال,2
استردادها,2
محلّ,2
يفصل,2
"الصفقات""،",2
الفيضان.,2
هيثرو،,2
طبيعتها،,2
والسبانخ,2
والشعير،,2
الصفر.,2
و17.8,2
مؤيدين,2
جلال,2
والسياح,2
(03:00,2
(1),2
"للعقارات""",2
جرحى,2
162,2
عضو،,2
الأخطر,2
ومسؤول,2
بمسائل,2
السويلم.,2
التذاكر.,2
تُفرج,2
قواعده,2
الباحثين،,2
المفاجئ،,2
قيوداً,2
محظوظًا,2
ميزانياتها,2
جيرالدو,2
ألكمين,2
القربى،,2
للأم,2
والجنين.,2
وعربياً,2
تدعيم,2
الانزعاج,2
مقتربة,2
"""بازل",2
تجاوزها.,2
والخاص.,2
فوزين,2
تغلق,2
الحياتية,2
والتسوية,2
196,2
ماركينيوس,2
للإصابة،,2
لغتك,2
أدولف,2
هتلر,2
للمرتبة,2
متخطية,2
سدادها,2
مولدات,2
المتعلمين,2
المعلنون,2
مستهدفة.,2
محدوديتها,2
مراقبي,2
"مستقبلًا"".",2
وتعليمهم,2
الأولي،,2
بينهم،,2
ياسين،,2
المثقف,2
الحساسة،,2
هاماك,2
والطفل,2
الأعشاش,2
نيويورك»,2
للخطة،,2
والأزمات,2
منطقةٍ,2
تعيينها,2
ترقيتها,2
جدد.,2
مقاهي,2
ستضع,2
حدٍّ,2
الجلوس،,2
الإمالة,2
الظهر,2
والرقبة,2
تُنقل,2
القسائم,2
ترقد,2
مدارِ,2
الورشة,2
"جنيه""",2
بالشلل,2
أوتاوا,2
لترجمة,2
والمجاعة.,2
أكبر:,2
محمي,2
وبكين,2
وانطلاقاً,2
شعروا,2
وبالمثل,2
"""أداء",2
أجدادنا,2
جوهرة,2
إنجازها,2
يدويًا.,2
الحلول،,2
نصح,2
أسرة.,2
التبريرات,2
موجةً,2
الفقر.,2
تُقوّض,2
شعبها،,2
الرسمي.,2
هيل,2
ستارمر،,2
مفضلة,2
المصب،,2
مسبق.,2
لرصد,2
بالاشتراطات,2
وأغانيهم,2
وعيًا,2
تكثفت,2
أعلم،,2
الجيني,2
الحركية,2
والنسيج,2
بحفاوة,2
حليفة,2
لسحق,2
بتصنيف,2
وتفريغ,2
المتة.,2
التزجيج,2
الحي.,2
تناقشها,2
يُعرّف,2
مشجعًا,2
كنظام,2
أرضية.,2
المولّد,2
والأمان.,2
اعتبرها,2
التعليمات,2
للعدوان,2
كود,2
سهّل,2
حيل,2
و2032،,2
والإسكانالسعودية,2
المدهش,2
التسرع,2
بالمملكة.,2
رافيد,2
آخر؟,2
وأنغولا,2
وموزمبيق,2
خمسِ,2
تصفي,2
وتونس،,2
بنتها,2
الجديرة,2
بالثقة،,2
ورواية,2
وسرديات,2
حمادة،,2
الكافية.,2
حقلي,2
وأخشى,2
"العام"".",2
حجرية,2
لملفات,2
ظلوا,2
مضيئة,2
يعزّز,2
الحاليّة,2
كحدث,2
المقاولون,2
موسافار,2
رحماني,2
مدافن,2
ويعقد,2
الغواراني,2
الفرد؛,2
معقول,2
"""أدى",2
"العمومية"".",2
"""نوكيا"".",2
فيه:,2
شاء,2
للمدن,2
بفاعلية,2
انتظام,2
إرنستو,2
جيجا,2
مخيفة,2
وأخيرا,2
المنخفضة،,2
غريباً,2
للعاطفة,2
كلّفت,2
مفقودة,2
غطوا,2
للارتداء،,2
مبتكرة.,2
أنفسنا.,2
يدعمها,2
الحقبة.,2
العقاب،,2
والفساد،,2
حينه,2
الخميني,2
بزراعة,2
وشرب,2
بعمره,2
جيولوجية,2
"""جاءت",2
النيباليون,2
معارضة.,2
"20,000",2
281,2
متري,2
المحاربين,2
فريداً,2
سوكس,2
وتأهله,2
الإقصائية,2
للجسم,2
تزوجوا,2
وأعلنوا,2
الصفائح,2
مستمدين,2
والراحة,2
"""يعتمد",2
النرويج،,2
البوسنية,2
طقسٌ,2
الضيافة.,2
تون,2
والميليشيات,2
سيحفز,2
(عملية,2
اعتدنا,2
والضحك،,2
والأعشاب,2
واختتمها,2
البحريني،,2
هرع,2
يتجسد,2
عمومًا.,2
وكرر,2
والأوروبي.,2
“مأوى”،,2
إردوغان،,2
تثور,2
وتوزعت,2
عملية.,2
أصلًا.,2
أسأل,2
أطلب,2
يُعرَّف,2
أنه:,2
انتقامية,2
"الجنوبية""",2
الجنوب),2
"للطاقة""",2
تقريرٍ,2
الوصفات,2
رسميًا،,2
لسيري,2
يخطو,2
بالحبس,2
ستنتج,2
محررين,2
المبدع,2
المحمولةِ.,2
وجدوى,2
وقدّرت,2
اختصاصي,2
صوماليلاند،,2
ودعمها,2
متأخرًا,2
للتدخل,2
تيليجرام,2
للمركبات,2
معلنين,2
لتحرك,2
«مع,2
وملكية,2
والمسائل,2
بتايوان،,2
المدعو,2
يدها,2
دعوا,2
بالتزامنِ,2
للعربية.نت,2
متهم,2
عادياً،,2
العباد,2
هيثم,2
وتطويرها,2
"2025""",2
الشقيقة,2
والصديقة,2
"""يو""",2
الإطارية,2
تحفز,2
الإفصاحات،,2
الحماية.,2
إنريكي،,2
المحيطِ,2
ويطالبون,2
دفاعاً,2
معلوم,2
الهادئِ،,2
يقلُّ,2
وأردف:,2
شيئا,2
استثنائيا،,2
95%,2
فرارهم,2
التحليلية,2
المراقبة.,2
استهدفتا,2
بطائرتين,2
للمواقعِ,2
“شمال,2
نلتزم,2
ترمب،,2
فترته,2
باستثناءِ,2
قدمًا.,2
مدينتنا,2
المسجونين،,2
العرفية,2
الياباني.,2
"""التركيز",2
"و""تيك",2
مصدرين,2
البُقعةُ,2
النفطيَّةُ,2
تزيدُ,2
الاستيراد،,2
تنسى,2
طيور,2
47.95,2
رزقهم,2
العالقين,2
زحام,2
فظائع,2
يحسن,2
"""برتلسمان""",2
منصتي,2
رضيع,2
القرع,2
أصدقائهم,2
واتجه,2
وماتت,2
حبشي,2
"الاقتصادي"".",2
كنموذج,2
مكمل,2
“مثلث,2
التراث.,2
هارون,2
بالخوف,2
"""واتساب""",2
"بلفور""،",2
نالته,2
تؤوي,2
سترى,2
للغاية:,2
افتقارها,2
معفاة,2
الممتاز:,2
سنويًا)،,2
ومياه,2
جذبتني,2
علىالاقتصاد,2
التساهل,2
أراضيه،,2
الطبيبة,2
والمقاومة،,2
انهارت,2
اختصاصية,2
المعيشي,2
العيناوي,2
الكبيرين،,2
وتفصيلاً.,2
محب,2
أحلامي,2
المتّحدة،,2
منقوع,2
ساخن,2
لبيك,2
حصيرة،,2
يتخيله,2
سيحمل,2
سيجتمع,2
صدع,2
"""تابوزيريس",2
وتعطل,2
إسرائيل..,2
وفيلم,2
بينك,2
فاخرة،,2
فيرجيل,2
وإبراهيم,2
الآخرون.,2
الإبراهيم,2
المغربي،,2
نابض,2
ونفسية,2
دائمة.,2
الأحمدية،,2
وأمواج,2
“إيفر,2
وحوادث,2
وأمان،,2
خالد،,2
لتحمل,2
”ماذا,2
كهربائي،,2
البحريني,2
واستقراره.,2
سانحة,2
حفنة,2
الطازجة،,2
-ومنها,2
"توك""-",2
الفوتوغرافية,2
تُترك,2
دقائق.,2
إيرانية،,2
زوجها،,2
القطيعة,2
المستعمرات,2
يبق,2
4.,2
مفهومة,2
حليفه,2
مبررات,2
لترحيل,2
حرب،,2
بـ”,2
الأمام,2
تينا,2
كوتيك,2
بالبنية,2
غويانا،,2
لأجيال،,2
39.35,2
تشتمل,2
الكابلات,2
بحثيتين,2
معدومة.,2
"""الجسيمات",2
"الشبحية""",2
والمُستأجِر,2
والمشتملة,2
وإقالة,2
كيلي,2
وعسكرية,2
إقليمية.,2
عبدالرحمن،,2
العسيري,2
وثقافية,2
الأصيلة،,2
والنرويج.,2
تسابق,2
ووزيرة,2
صمتٍ,2
الفنزويلية.,2
أكوا,2
باور,2
أمين،,2
للمنصات,2
تمادى,2
أيهما,2
"تشغيلها"".",2
استطعت,2
يعارضون,2
الحاملين,2
حفاظًا,2
الالتهابات،,2
ورقتين,2
تعلمون،,2
“التحقيق,2
والملاحقة,2
التحفظ,2
ياهو,2
شابت,2
صعبة.,2
ييأس,2
البوتات،,2
فعاليتها،,2
العدوان.,2
والتمويل.,2
فاطيماتا,2
"""الغارديان""",2
الوصول،,2
أوريغون،,2
الحاصلون,2
422,2
طويلٌ,2
جيلًا,2
بدّ,2
للمستثمر,2
الأجنبي،,2
بالحد,2
290,2
تقر,2
الوبائي,2
تطعيمهم,2
مكررا,2
المستشفيات،,2
سيترك,2
"""كما",2
وبايرن,2
رقص,2
المحفورة,2
بقنابل,2
“كيف,2
الخامان,2
المعيارية,2
أضواء,2
المينوراه,2
الأوبرا,2
لبس,2
تحضيره،,2
ببساطة،,2
2.57,2
فلساً,2
الأرباح،,2
والبيانات،,2
111,2
بمسافة,2
(45,2
عقارات,2
مسؤولياته,2
الأخضر.,2
والمستثمرين،,2
نافياً,2
والبالغة,2
واجبها,2
"هيوم"".",2
ممتنًا,2
بيسي,2
قاع,2
المعالجين,2
ولانتهاكات,2
لممارساتها,2
بقلق,2
"الـ""كريبتو""",2
الرجلين,2
غريبة،,2
المقربون,2
(الاثنين),2
وأشاروا,2
وبحري.,2
سُجلت,2
مجتمعة.,2
حقها,2
والسندات,2
المفيد,2
سيتغير,2
ضريح,2
فسيكون,2
بالطبع.,2
المضمضة,2
بغسول,2
وتفاعل,2
وحقيقة,2
أستمتع,2
يُشاع,2
نهاية،,2
القياسات,2
21%,2
"""إير",2
كإظهار,2
بنزين,2
المناقضة,2
كشخص,2
حلوان،,2
للفخر,2
نُسبت,2
تويواكي,2
الإنتربول,2
ووفد,2
الصحفي،,2
بالرأي,2
"واستقرارهم""،",2
وحمّلت,2
"""المسؤولية",2
تينة،,2
"السوري"".",2
والاستبداد,2
استسلم,2
أجمع،,2
بالفوضى,2
مؤهل,2
زاخاروفا,2
وعروض,2
عيناي,2
وغيرهما,2
بيتراغليا,2
دعواها,2
بثت,2
26%,2
الكتان,2
أوميغا-3,2
يُنقع,2
ويُضاف,2
مشروبًا,2
بالسوق،,2
عددَ,2
أصولا,2
فعليا,2
وألحقت,2
النية,2
قرأت,2
مجدداً،,2
تحقيقاً,2
يجريه,2
وأدلى,2
إدانته،,2
مكتملة,2
الجبوري،,2
"نت""",2
بالروائح,2
6.6,2
التوسّع,2
السحابية،,2
"و""أمازون""",2
"و""غوغل""،",2
وكازاخستان،,2
جيه-ميونغ,2
الكمية.,2
شاهق،,2
سيعتزل,2
للاستعمار,2
حواجز،,2
للتجديد،,2
لتوريد,2
ماسحات,2
معرباً,2
أعمالهم،,2
والاستكشاف,2
ستظهر,2
وكتابات,2
التفتيش،,2
للتحقيق،,2
المعنية.,2
تعلمه,2
التدريبية،,2
وستقول,2
رأياً,2
عارٍ,2
افتراء,2
المخلص,2
بمتاجر,2
سوبر,2
المُجملِ،,2
تسليمٍ,2
يحتفلون,2
بالرنين,2
المغناطيسي,2
فالدول,2
لدمجها,2
الشعوبية,2
33%،,2
كلغ,2
“قانون,2
أمواله,2
كويتا,2
للحدود،,2
تبنّي,2
المميزة،,2
تقاوم,2
تدريبها,2
ومحلات,2
الحلول.,2
شكوكاً,2
انتصاراً,2
زفيريف،,2
لورينزو,2
التزامنا,2
يجيد,2
العزف,2
موسيقية.,2
الندم,2
امتلاكِ,2
طفيفة.,2
القومية،,2
بسرعات,2
المشروعات.,2
اكتمالها,2
وهم:,2
وروبرت,2
237,2
مؤسسها,2
وأبنائه,2
"""أعلم",2
أبداً،,2
وجهُ,2
انتهك,2
بالمحاسبة.,2
وأحياناً,2
المدارة,2
مهرجانات,2
(63),2
لائحته,2
تتهمه,2
بالتجاوز,2
القصير،,2
وتلبية,2
ومتجر,2
أصلية،,2
ومحررة,2
بقدرتها,2
سمعي,2
بصري,2
للمناخ,2
كاستيلو,2
وإلزامهم,2
الغردقة،,2
هاوس،,2
التحقيقات،,2
الولايات،,2
تعبيرها.,2
والمدرسة,2
سيمارس,2
كليهما,2
عنفًا,2
بأشكالها,2
للكثيرين.,2
سيشاركون,2
الخيال،,2
دائمًا؛,2
لضريبة,2
(68),2
والمادة,2
"""سوفت",2
"بنك""،",2
الاختراعات,2
الإيرانيين،,2
لتبريد,2
الدافعة,2
الخطابِ,2
تُسلِّطُ,2
الحاجةِ,2
بسُمك,2
إير.,2
باندلاع,2
مركب,2
للفلسطينيين،,2
شأناً,2
تكتبه,2
الفاكهة،,2
الواضحِ,2
المستلزمات,2
أساء,2
"الوضع"".",2
كرارة،,2
بملامح,2
تدشن,2
مذهلاً,2
الإثيوبي،,2
النازحات,2
والمناديل,2
والارتباك.,2
الموضوعة.,2
وتهاجم,2
بخطوة.,2
أمضيت,2
حصدت,2
بالجامعات,2
والوظائف,2
والخدمة,2
السجن؟,2
قيصر,2
طفيف،,2
المحجبات,2
ملاءتها,2
يانبيان،,2
الغربيون,2
الجولان,2
قريبا.,2
وبالفعل،,2
تحقّق,2
المترجمون,2
مترجم,2
مبعوثة,2
واستقبل,2
رافضًا,2
سيمنح,2
الصوديوم,2
عنتر،,2
0.7%،,2
استخدمه,2
غداً،,2
ستطالب,2
"""تنازلات",2
بنداً،,2
ياو,2
المرتفعة.,2
"و""لا",2
لمكتبه,2
وسحب,2
لقوله,2
"""رووداو""",2
الاختبار،,2
التآمر,2
يساوي,2
وتسلم,2
للانتقاد,2
سيحد,2
لقرون,2
حالتك,2
أراضينا,2
والقرى,2
يمجد,2
ميستو,2
4.6,2
أميركي).,2
راجاسا،,2
صُدم,2
ابتكارات,2
حقيقيون,2
كلفتها,2
وصدرت,2
ويدافع,2
رياحاً,2
شاتا,2
زوجان,2
بالقاهرة،,2
شولتس،,2
المكثّف,2
"للمستفيدين"".",2
ناميبيا,2
طوكيو،,2
و28,2
شهدنا,2
ومعاناة,2
تصورها,2
و80,2
طاوكي,2
إنرجي,2
الاحتفالية,2
التألق,2
وأراد,2
للتأمينات,2
الأيض,2
"""سعيدة",2
ومرشح,2
الرئاسي،,2
الصحفيات،,2
الخشية,2
زيارته.,2
ولست,2
بمساهمات,2
ابراهيم,2
محددًا,2
التحديث،,2
لمستشفى,2
لسجلات,2
النصيرات,2
قيس,2
يومٍ,2
متمثلة,2
ظفر,2
الصاروخي،,2
بالاستقلال,2
العقاريين،,2
"الاستراتيجي"".",2
نزور,2
للاستمتاع,2
"ليك""",2
لفنزويلا,2
1969،,2
الفلسطينية؟,2
والحرب،,2
الدورة.,2
للراحة.,2
بهدوء،,2
ضدها,2
ربطه,2
مفرّ,2
التفكّر,2
الكرسي,2
ثورتها,2
الظلام,2
لسباقات,2
الأنظار،,2
يكتبون,2
بمعظم,2
البصري،,2
استثناء،,2
الفتيان,2
تعليمهم,2
تضرُّرِ,2
صيدِ,2
دستوريّ,2
شات،,2
ويوتيوب.,2
الأمثل,2
منظورًا,2
سجّلت,2
لعقوبات,2
وإجرائية,2
ويحفظ,2
إضافي.,2
راسل,2
مرسيدس،,2
كتعويض,2
تاريخها.,2
يخفون,2
تشجيعًا,2
الداخليّة.,2
تصوّرٍ,2
بخيار,2
مستقبلها.,2
во,2
يسمي,2
е,2
имаме,2
الربحي,2
رفات,2
الوسط،,2
الرفيع,2
القادة،,2
عملانيّ,2
فقهيّ,2
قانونيّ,2
لفلسفة,2
بلدًا,2
ناجيًا,2
دوّامة,2
العذاب,2
محايدًا،,2
ونائيًا,2
بكينونته,2
تجاذبات,2
والمطامع.,2
الجدّيّ,2
الأمميّة,2
وبإجماع,2
وشماله،,2
وسلميًّا،,2
وبالتوافق,2
المنحدرين,2
سنحاول,2
ونسخاً,2
بغرامة,2
(586,2
شيربا:,2
سببية,2
-مثل,2
متغيرات,2
حامليها,2
للتطبيقات.,2
само,2
999,2
بمخاوف,2
سنًا,2
و85,2
وأصابت,2
بالشلل.,2
متظاهرون,2
التامة,2
للأعاصير,2
البصري.,2
"""حماس",2
تفترض,2
تسلل,2
روتو،,2
مبسطة,2
وبسؤاله,2
أكوام,2
وسيضيف,2
الصينيةُ,2
المبتدئ,2
تقتضي,1
مغرية,1
كأبرز,1
المستفيدين،,1
التَغْيير؟,1
حادًا.,1
وانقسمت,1
"مينا""",1
المستشفيات.,1
يجعلك,1
تراجُعِ,1
كسبِ,1
مُتزايدةً,1
الصيَّادونَ,1
يجدُ,1
أسامة:,1
الأوهام،,1
وباعة,1
والآسيوية,1
"""مملة""",1
النعيم,1
قيمتهما,1
عائدا،,1
وصلتها,1
تجتاز,1
البيتكوينغالبا,1
ثام,1
“أظهر,1
رودريغيز.,1
للمفرج,1
مُناهض,1
بانتهاج,1
أبريل،,1
الخلافات،,1
اللامبالاة،,1
أوسع:,1
تحدثت.”,1
ثقتها,1
“ليت,1
وتضامن,1
وروهينغي,1
بنغالي,1
وبمشاركتهم.,1
واللغويات،,1
الناهوا,1
راموس،,1
للضرائب,1
فستمنح,1
ستُتاح,1
"""بلاتينوم""،",1
الغذائي-,1
سريرية،,1
للسعوديين،,1
بالزعيم,1
بلدنا”.,1
ومناخ,1
بتضاريس,1
الخرائط,1
استخدامه.,1
اشتاق,1
07:17,1
552,1
تويتش،,1
ثريدز،,1
ريديت،,1
كيك،,1
غرانت،,1
إنمان,1
جولي,1
رصدية,1
فصولًا،,1
المرتجى,1
مفوضة,1
وعلم,1
يُقارن,1
استثنائي؛,1
دافئة,1
استمدت,1
الرصيف.,1
الهزاز,1
نقضي,1
والبدلات,1
تخيط,1
ومشاهدتها,1
قوامه,1
جذريٍّ,1
طالبٍ,1
39.81,1
وتحليلها,1
ببيانات,1
66.6%,1
يُكمل,1
تتنازعها,1
(أُفهم),1
أُقرأ,1
عصرنا،,1
ساذج,1
مألوفة.,1
ملائمة,1
للمنتجات.,1
وينفنغ,1
ليانغ,1
ومؤسسها,1
بالعناية,1
منزلك.,1
بالاستيقاظ,1
السَّيلَ,1
القويَّةُ,1
تلقَّت,1
اعترافِه,1
شغله,1
وتوجهاته.,1
قسوتها،,1
وتتابعها,1
تكرارية,1
الممهدة,1
"""سيلفر",1
الحاليون,1
سيمتلك,1
88.3%,1
​​العالمي,1
و60.6%,1
العشرات.,1
مجمعاً,1
دولهم,1
وتستفيد,1
فتخسر,1
للقرار,1
بتخريج,1
المرضى.,1
بإسطنبول،,1
‎نظام,1
فيّ,1
وغرستا,1
مدركة,1
جعلتاني,1
الدبلوماسيةِ,1
الصفعاتِ,1
موجعٌ.,1
سؤالٌ,1
سيطاردُه,1
لتأديبه.,1
إرسالُ,1
إسكاتُ,1
يرتبكُ,1
“آكو”.,1
حقيقة،,1
"كابيتال"".",1
"""دالما",1
سيفاراتي،,1
زاكاري,1
نسبية،,1
ستٍ,1
الناقدة.,1
تموضع,1
لحاجز,1
معجبون,1
حانة,1
شوتار”،,1
“أليش,1
السلوفينيون,1
(592,1
وعواصف,1
لإشهار,1
فهبَّ,1
ضميرِ,1
إيقاظ,1
وارتكاباتُه,1
مغامراتُه,1
عجَّلت,1
المتكرّرة,1
أضيئت,1
وايكيرت.,1
المحتم،,1
متقطعا،,1
متتالياً،,1
مانغخوت,1
والكاتدرائيات.,1
والقصور،,1
إسبانيا),1
والمرْسَل,1
المستخرج,1
(نسبة,1
الخُمْس,1
للتوجهات,1
استراتيجي،,1
وصيني,1
المرادفات.,1
الإملائي,1
القاموس؛,1
والتحضّر,1
الكاثوليكية،,1
واليوريا.,1
للسعر,1
النّوع,1
بوتّات,1
خاصّتهم,1
سلوبودي,1
المقدونية,1
قصفت،,1
المُتْلفة،,1
المتمثّلة,1
"مجدية""،",1
157.50,1
المكونات،,1
المتشائمة,1
تُستثنى,1
إلكترونييُروج,1
أيمحتوى,1
وصفها.,1
أبراهام،,1
بلادها.,1
خطاً,1
نسيبة،,1
لانا,1
المصنعة.,1
الحافظة,1
ساندويشات,1
أيضا.وأوضح:,1
"الثانية"".وأصر",1
"""بنزيمة",1
"الشعبية""،",1
"""الكرة",1
22788.98,1
"المصارف"".",1
القلب..,1
"""اللبنانيون",1
الهيبة,1
مدبولي.,1
"مفاهيمك""،",1
"""صحح",1
نائم,1
لوكيل,1
لدافنبورت.,1
قِبَلِ,1
والحازمِ,1
الموقفِ,1
القانونيِّ,1
للإصلاحِ,1
والسدود,1
الارتوازية,1
للآبار,1
تسبَّب,1
الواردات.كما,1
السنين؛,1
والقابلة,1
والعراق.,1
الأخيرة:,1
واللاعبين.وقال,1
تساندني,1
جبهة،,1
للطي،,1
آيفو,1
المباني.,1
وأبراج,1
طواحين,1
«القنوات»،,1
مُستهدفة.,1
التبخر،,1
عجل،,1
"الانتقامية""",1
"""تصعيد",1
وطمأنة,1
المتلاعبين,1
الرسميةِ.,1
السُّلطاتِ,1
ومسؤولي,1
الانسحاب،,1
ملم،,1
و4.8,1
"فولد""،",1
المُلحَّةِ,1
حاسمٍ,1
للمرأةِ,1
المعيشِ,1
الواقعِ,1
العامِّ,1
القانونِ,1
نصِّ,1
الصارخةَ,1
المفارقةَ,1
تقلباً.,1
أكسفورد،,1
الكناري،,1
كالجزائر،,1
شهرًا.,1
وإذلالًا,1
تحدّثت,1
كشعوب,1
يختبره,1
قائداً,1
والكتاب,1
بتتبع,1
تخريبية.,1
خطين,1
"تقليلها"".",1
تتوازى,1
المُسرّعات،,1
المانحين.,1
رواياتهم,1
تكنولوجيز.,1
فوكس؛,1
ترامب؛,1
الزعفرانة,1
لوتخا,1
الأثاث.,1
تستفيد،,1
مرارته.,1
تذوقت,1
لاحظتها,1
جيبولاييفا,1
الملوِّث,1
لكازاخستان،,1
وتكتسب,1
ضارة).,1
المعيبة,1
بأدواتها,1
أسواقهم,1
للأغلبية,1
المهنِ,1
عشراتِ,1
محروم,1
اللاجئ,1
"كذب"".",1
"بلوس""",1
"""كانال",1
"""كليك""",1
سنين.,1
المعجزة,1
المنصف,1
أُرسِلَتْ,1
قتلوا.,1
ملفها,1
مقعدًا.,1
وحليفه,1
بورتريه”،,1
إيرائي،,1
“غولروخ,1
بالرياض،,1
يؤويه؟,1
بيتٍ,1
الساحل،,1
والبدو،,1
التوجيهي,1
ومبدأ,1
المتواطئ,1
للبلقان,1
وأولمبياد,1
بإيطاليا،,1
للبلقان،,1
السّعودية,1
ملح,1
وأفغانستان،,1
مطور.,1
ستترتب,1
سيتسنى,1
وكوينينديه.,1
مُتعدِّدةٍ,1
الكارثةِ،,1
رئيسيَّةٍ,1
شحناتٍ,1
خمسُ,1
ومها,1
حسيبة,1
القديرتان,1
السيدتان,1
تديرهما,1
متجرين,1
استغرابه,1
نفقاتهم,1
مُزوّدو,1
يُمهد,1
الانتاج,1
وسجِّنوا,1
وأغلِقَت,1
ونُهِبت,1
تختتم,1
بقُربُص،,1
إقالتها،,1
ببقاء,1
غريفيث,1
انتشروا,1
تنسف,1
بيربوك,1
وأنالينا,1
لأنور.,1
"مهمة"".",1
"تبه"":",1
"""حاجت",1
كراهان،,1
جوكنور,1
أشهدها,1
قديح.,1
المناضل,1
تحميص,1
الدافئ،,1
استئنافاً,1
وقبالة,1
التقليد،,1
أرجنتيني,1
ودُفعت,1
انطفأت,1
وكيتو.,1
وكوينينديه،,1
وإسميرالداس،,1
وكوينكا،,1
ريوبامبا،,1
شملتْ,1
مُدنٍ,1
التبرُّعاتِ,1
فالمخاطر,1
المنطقة؛,1
للسدود,1
بساط،,1
كاشفيتي,1
كاتدرائية,1
الفصح,1
واحتفل,1
جريئًا,1
بالموسيقى,1
قرب.,1
ويُنتج,1
الخليط،,1
البذور،,1
تمرة,1
والألياف،,1
تنتظرِ,1
وقوعِ,1
بمُجرَّدِ,1
آيتشي،,1
لخياطتي.,1
393,1
العالم؛,1
3.0%.,1
قرونًا,1
وسيطا,1
نظري,1
شباط/,1
بالحنة,1
مزينتين,1
بيدين,1
ومكلفًا.,1
الأوكتان,1
"""طاقات",1
القضبان,1
زالَ,1
و6300,1
5745,1
الألب,1
متاحف,1
اكتسابها,1
التركيزات,1
لجمعِ,1
مراكزَ,1
سبعةَ,1
الرسميَّ؛,1
التأكيدَ,1
الشبكةُ,1
دوامةٍ,1
الطقس.,1
وسمح,1
بيضاء،,1
الوقيان،,1
باسل,1
كم).,1
(185,1
كم),1
نزول,1
واكتست,1
التغذية.,1
كلبه.,1
يترجم,1
"إنتليجنس""،",1
"التحسين"".",1
إرهابيّة,1
ورافقته,1
تشيبانغوكا،,1
لناتالي,1
يول؟,1
مشين،,1
1.4%.,1
النيجيرية.,1
الإيغبو,1
وروحانية,1
الكولة,1
بلدانكم.,1
تفضلتم,1
وتكثيفها،,1
ينبهه،,1
ادعى،,1
الحقوق”.,1
ويحرّضون,1
المسؤولين”،,1
“إدانة,1
إيلين).,1
(#المعلمة,1
#エレン先生,1
هاشتاج,1
الأنيمي,1
هوريزون،,1
عاطلين,1
خالفت,1
للتحصينات,1
خارقة,1
فوردو،,1
القاعات,1
رَضِيَ,1
الجماعة.,1
لتكليفات,1
واستخدموها,1
والمتفجرات,1
اردرين.,1
جاسيندا,1
نيوزيلاندا،,1
تشرش,1
كرايست,1
أياكس،,1
مراهقا,1
المواعدة،,1
وعارضة,1
وتزوج,1
وقائدها،,1
الاجتماعيّ.,1
لخوارزميّات,1
الصّفحات,1
التلقائيّة,1
الوهميّين,1
النّطاق,1
العمليّات,1
الوحشى,1
فَوْر,1
الدولى.,1
محاولاته,1
انحاز,1
العظمى.,1
يتولاه,1
٢٠١٥،,1
٢٠٠٧,1
متفاوتة.,1
الكلبين,1
كلبين,1
وطاف,1
مشروعًا،,1
بالغنيمة؛,1
العالمى»,1
«معهد,1
مؤسسته,1
التالى,1
تسابقت,1
وضررها.,1
وملاءمتها،,1
سبوتفاي,1
نتفلكس,1
كتقييم,1
الإنشائية،,1
فتخص,1
205%,1
البترولي,1
تستضيفها,1
معروضًا,1
القدم..,1
ديمبلي:,1
"""عثمان",1
فجوهر,1
دخلك،,1
ولعائلتك,1
ستجبرك,1
متوفرًا,1
الوكالات،,1
لاما,1
ستشارك,1
سيُجرى,1
للاستراتيجية,1
المدينتين.,1
محتجِزين,1
ديلينغ،,1
كادوغلي,1
وحليفتها,1
فتحاصر,1
ونيوزيلندا,1
سيلغيها,1
لتلخيصهما,1
باحثو,1
الساكنين.,1
إخلاءه,1
بالعقار,1
"""حصين""،",1
تعريفي,1
9.188,1
11308.11,1
4.89%,1
بحمايتها,1
وقاموا,1
"إنفراجو""،",1
بيعها.,1
سيحفّز,1
مُدارة,1
الـ60%،,1
تخصيبها,1
"""القنبلة""",1
المرافقة,1
أتوم,1
شاهدناه,1
ماستانتونو،,1
لمنسوبيها؛,1
وقوالب,1
توضيحية,1
وفيديوهات,1
تخريبيا،,1
عملا,1
وتعاملت,1
ليفركوزن.,1
كابينة,1
وقطعوا,1
كابلات,1
فتحوا,1
مجهولون,1
غوميز.,1
فولاذًا,1
جولدن”،,1
يخرقها,1
بتعهداتها،,1
المفاوضاتالتي,1
عنماهية,1
بارو،,1
وجو,1
كوناتي،,1
دايك،,1
مدافعين,1
وتُديم,1
روجينا.,1
وزوج,1
نويل,1
الأنباء.,1
أتباهى,1
ظللت,1
للكربون.,1
وتغيراته،,1
بأولئك,1
استرشاداً,1
طويلة؟,1
التكلفة:,1
مفتوح،,1
ردد,1
و435,1
لمزاولي,1
والاستثنائية,1
والفحوص,1
لمهامهم,1
أداءهم,1
النوويةالعالمي,1
لإنتاجالطاقة,1
مستقبلا.,1
وقوعه,1
مدمرا,1
لتعيد,1
الهزة,1
للزلازل.,1
بايدن-هاريس,1
الهشاشة.,1
ينتفع,1
السوجا,1
و2050،,1
“».,1
إيرا,1
انظروا،,1
"برايم""،",1
"و""أبل""،",1
ديموقراطية,1
إدارات,1
القضيتان,1
أولكسندر,1
الأسطورية,1
قبر,1
ترجيحات,1
بمصر,1
"ماغنا""",1
ضريحكليوباترا،,1
"إلي"".",1
لطفاً,1
جدًا..,1
وتقادم,1
وبديل,1
المفيدة،,1
بالدهون,1
ريزو،,1
ناتالي,1
1843.,1
النحوية,1
يوروبي,1
معجم,1
الجذري.,1
بالإيقاع،,1
واعدًا.,1
آخرًا,1
البوليساريو,1
المجمد,1
تدري.,1
المصريبشكل,1
الدولارمقابل,1
الاطّلاع,1
يفوت,1
بالكردية،,1
النورس,1
موقعك:,1
ضريبية:,1
القضاء.,1
الواجبة،,1
مقدماًلاستثمارات,1
السابقإيلون,1
بصديقه,1
الديربي،,1
وتواصلت,1
للزبدة.,1
ينتهي.,1
وأبواق,1
ناصية،,1
كعك,1
وذهابًا،,1
جيئةً,1
البوسفور,1
عبّارات,1
فوقك،,1
ومكبات,1
وحاويات,1
بنبش,1
والمراهقون,1
يكسب,1
الصباحية،,1
التعاملا,1
لمسافةِ,1
النهرِ,1
تيارِ,1
تدفَّقت,1
تُعدان,1
بمواصلتها.,1
أوندو،,1
أكوري،,1
للتعليم،,1
والستين,1
وهزيمة.,1
إنكسار,1
واستقلاله،,1
وحدته,1
يتآمر,1
تجلي,1
منذئذ،,1
أسرعوا،,1
أبلغتهم,1
شواطئَ.,1
تلوُّثًا,1
خلَّفت,1
ومكشوف،,1
والمتآمرون,1
يطلبه,1
ادّعى,1
للغير،,1
الطائرة.,1
المستمدة,1
الطيار،,1
وشكك,1
وصولِها,1
امتيازاتك,1
اترك,1
داعم.,1
إيّاك,1
نوّاف،,1
بياناتوزارة,1
والدراسات.,1
والنماذج,1
"""سدايا""،",1
ملاذ,1
تواصلنا,1
تعيينها.,1
الـ100,1
للتعيين,1
وجيش،,1
حكومة،,1
غاماغهيليان,1
خبيرا,1
قادمون,1
تستقيل!,1
تقنيتهم,1
وضغوطات,1
خزان.,1
تُكتشف,1
ونتيجةً,1
بوسعيد,1
رسوّهما,1
مسيرتين،,1
المتجه,1
تابعتين,1
سفينتين,1
بضلوع,1
المستمرة؟,1
والبحثية،,1
والتعليمي,1
سنبحث,1
المتعاقدة،,1
الإثني».,1
متجذّرة,1
البراغماتية,1
براءتها,1
دفعها,1
للفتاة,1
دوم،,1
فإنّه,1
تلاها،,1
حسينوفا,1
وسيفين,1
التأثيرات.,1
خصوصاً،,1
عموماً،,1
نشط،,1
“الحالة,1
"و""سامسونغ"".",1
منافسيها,1
فستُخاطر,1
المُتوقع،,1
يُحقق,1
مُتوقع،,1
تأخيرات.,1
تتلقاها,1
وسيلة،,1
مقابلتها،,1
سعدية,1
يلتمسون,1
لازدواجية,1
للصمود.,1
"المدينة"".",1
"""وجدت",1
"مسمى""،",1
"""لأجل",1
بدّل,1
لإمداد,1
للمخدرات.,1
بالتهريب,1
ملفقة,1
إليهما,1
وُجِّهت,1
"ينتهي""،",1
"""الصراع",1
بازلي,1
نونون,1
اخترتُ,1
والرقص.,1
بالعائلة,1
والناخبين،,1
نوك),1
وتجريمها،,1
تكتيكاتها,1
الفائدة25,1
خفضأسعار,1
"بالشركات"".",1
الأخلاقيات،,1
هاربيتز،,1
بروسجارد,1
ماريكن,1
صخور,1
بركانية,1
ثورات,1
بظروف,1
كمشهد!,1
لحانة,1
واخترتُ,1
3736,1
3765,1
5030,1
5070,1
الأواني.,1
بيني),1
(شادون,1
المقدس),1
(الريحان,1
والشرايين،,1
المثيرة،,1
لسلطتهم.,1
يمتثلوا,1
وتضاءلت,1
الفرنسي:,1
دعمهم.,1
نوعي,1
3739.20,1
سُلطت,1
(4-3),1
والجيولوجيا.,1
توقيعاً,1
ألماس,1
"""اللامبرويت""",1
"""الكيمبرلايت""",1
النبيذ،,1
يخاف،,1
وصعبنا,1
سهلا،,1
مرمانا،,1
كلفنا,1
المساحات،,1
وتضييق,1
الشراسة,1
ينقصنا,1
المفاجئة.,1
"الطاقة""",1
"""احتياطي",1
تقليدياً،,1
ضاراً,1
زائد,1
مستيقظين,1
المؤيدون،,1
تصعيدا,1
وغوغل,1
وجرار,1
مصقولة,1
وأرضيات,1
والهيكل,1
"و""الحدث.نت"":",1
منك.,1
والأجور,1
وتوقعاتها،,1
رغباتها,1
2026م،,1
فواجهتها,1
نشطاً,1
مشاهدتهم,1
بالتقدم.,1
تصرّ,1
المُمنهجة،,1
لسياساتها,1
ويُخفي,1
الدّاخلية,1
بندا،,1
والمكونة,1
[الشرطة]!”.,1
“أخرجوا,1
ويهتفون,1
ملونة،,1
وعصي,1
بأعلام,1
ويُلوحون,1
تضحى,1
وتمويلًا،,1
يصدم,1
وستتدفق,1
"""يَسرّ",1
بيجان,1
رويداد24،,1
ترويسة,1
لظروف,1
بمواجهتهم,1
استأجرهم,1
"وأصابعها"".",1
أذنيها,1
سفننا,1
بالصراخ,1
باشر,1
وقوعها,1
واكتشافها،,1
المنتج”،,1
“سلامة,1
حازمة,1
المُدرّب,1
التعاونات,1
كارابوبو,1
القليل.,1
ويتوقعون,1
نحوي،,1
يلتفتون,1
رأيتهم,1
متوعدين.,1
وشتائم,1
ومؤيدون,1
شددتوزارة,1
سُلِبنا,1
توجب,1
المتميزين.,1
لهيئات,1
المساءلة،,1
"لسنوات"".",1
نكافح,1
التوصيات...,1
مكررة،,1
دابوف:,1
والتهوية,1
ومجتمعاتها,1
متزامنة،,1
الأشياء”.,1
“التحرك,1
والمساحة،,1
والموقع،,1
التراخيص،,1
الأنشطة،,1
تشكيلها.,1
مصوغات,1
بصهرها,1
بتوافق,1
خصومها.,1
حماسية،,1
وأسدًا,1
لإثيوبيا،,1
تمجد,1
دعاية,1
استُقبل,1
نظامية،,1
بسخاء,1
استثمرتْ,1
الأصل،,1
تقاومها؟,1
إبداعك,1
للضرر.,1
لتعرض,1
وخصمت,1
والمبتكرين.,1
"شؤونه"".",1
وطني،,1
الأسطوانات،,1
لتحميل,1
للمواقع،,1
تضمّنت,1
والمعمارية،,1
و14,1
لممالك,1
وشريكًا,1
جارًا,1
أرضٌ,1
أثريًا,1
والمقابر,1
شهرة،,1
النداء،,1
أميركياً)،,1
4027,1
"""194",1
مسبك,1
لعامل,1
العشرينَ,1
القطاعِ,1
بالمنصورة.,1
جراحية،,1
غرزة,1
المزرعة,1
فريق،,1
بطلةُ,1
ك,1
لنفسَها,1
لمالكين,1
يُبع,1
ومدد,1
26.7%,1
19.3مليون,1
المتنقلين,1
52.1%,1
سيجمع,1
القرقني،,1
والليبي,1
والسوري,1
مستشاره,1
الدملوجي،,1
المعروفين،,1
بمستشارين,1
مقصوراً,1
الإمداداتمن,1
بينضمان,1
الفويز,1
إعلانية,1
وسلوكهم,1
للقمع.,1
للتحرير,1
نظره،,1
المراتب,1
مستهدفها,1
أرسله,1
ومضيفه,1
خسرها,1
وعددها,1
تكلفت,1
الماضييَن.,1
(空巢青年),1
الفارغة”,1
“شباب,1
والتأمينات,1
ومتوازناً,1
"معقول""",1
"""سليماً",1
دائم؟,1
ومعارضين.,1
وردود,1
وتباينت,1
متوقعاً،,1
غزةبسبب,1
فيمدينة,1
"3""،",1
"3""",1
واحدة”،,1
عرضية,1
“وفاة,1
وزعمت,1
فيكافح,1
غوجرانوالا،,1
التقاليد.,1
للمراتب,1
لضبطمسؤولين,1
مكافآت,1
"الحركة"".",1
وتُسلّم,1
و”دقيقة”،,1
“جراحية”,1
لـ65%,1
للإنفاذ,1
فرصه,1
لسجل,1
"حروب""،",1
"""إنهاء",1
للوائح.,1
للفهم,1
والتنقل،,1
سيكدر,1
امتعاضًا,1
ومفادها,1
هتفوا،,1
تبرَّأ,1
المتمركز,1
المزارعة,1
مخزونه,1
القرارة,1
“بلدي”,1
بساتين,1
واقتلاع,1
موعدها،,1
"الرحلات""",1
العالمتتهمهم,1
كماولشخصيات,1
تصنفه,1
وتفوّق,1
تقدَّم,1
“الدنكي”,1
بؤرًا,1
فكثيراً,1
يثيره,1
بإطلالة,1
ستتكفل,1
"غابانا""،",1
سترتدي,1
ويتباهى,1
يدع,1
وجريح،,1
"الأخيرة""،",1
"و""كأنها",1
بهوَس,1
“اقتصاد,1
وديون,1
الوقتية,1
بالتدريس،,1
وشغفها,1
عمليتها,1
الاستضافة.,1
والمسؤوليات,1
المحسومة،,1
"صهيوني""",1
"""نواف",1
يتراجع،,1
يهادن,1
ليتحوَّل,1
وإقدامًا،,1
جرأةً,1
موكسيفلوكساسين).,1
جيميفلوكساسين،,1
سيبروفلوكساسين،,1
الكينولون,1
ليفوثيروكسين.يمكن,1
بفاصل,1
ليفوثيروكسين،,1
دولوتيغرافير,1
الموصوفة,1
بهجرة,1
بهاودين,1
وماندي,1
وغوجرات,1
وسيالكوت,1
ميونغلنواب,1
الديون”.,1
والعادات,1
"طهران"".",1
ستتحمل,1
ستضر,1
للفلسطينيين؟,1
的缺失，使得中国无法通过创新驱动实现长期经济繁荣，反而深陷经济通缩和就业困境中。,1
新质生产力,1
依赖于国家投资和地方政府债务的不断扩张，形成了所谓的“债务型经济”。这种模式的重复不仅导致了债务危机、房地产泡沫和地方财政困境，也未能激发经济中的颠覆性创新能力。,1
基建和房地产经济,1
例如，中国的,1
وانج:,1
مستدامًا،,1
الاستخراجي,1
بمرشحٍ,1
غاخاريا،,1
بساعتين.,1
سامحة,1
للبارالمبية,1
يتفاوض,1
أقدامهن.,1
ارتعاش,1
المميت،,1
ليـلو,1
اللاسلكية.,1
البيجر,1
تايمز”.,1
البلدين.”,1
“الأهم,1
"بيننا"".",1
"شقيقة""،",1
1.1665,1
شفّرت,1
قريةِ,1
شريده,1
يُسعر,1
وكسبت,1
ومكوناتها,1
149.81,1
ستستتبع,1
العربي!,1
"النائمة""",1
"و""الخلايا",1
"و""الحوثيين""",1
للفصائل,1
مصالحها،,1
ويتآمر,1
يعادي,1
تموضوع,1
وستتعطل,1
(ناسا),1
إجراء،,1
الكعبي،,1
وقابلها,1
يستفد,1
الزوايا،,1
لتدوير,1
وبدبلوماسية,1
إلغاء،,1
الحريصة,1
تحفظها,1
ناريَّةٍ.,1
درَّاجةٍ,1
هديرَ,1
يُطلقانِ,1
والبحث،,1
للتجريب,1
فسحة,1
80.,1
مجرشي,1
72،,1
البريكان,1
فراس,1
مجتمعي،,1
تهمني,1
الإيجاري,1
وسُبل,1
وأبرز,1
الإيجاري،,1
والمعالجات,1
"جداً""،",1
يلعبُ,1
بإسميرالداس،,1
روتو,1
مُجتمعيٌّ,1
قائدٌ,1
بوني،,1
“الحلول”,1
مرسمي،,1
أبدعها,1
"الضار"".",1
البنّاء,1
سنركز,1
التجريبية،,1
الملاحظات،,1
لسارة,1
الفارسي،,1
كبعض,1
ومثير.,1
مواضيعي,1
شائعًا،,1
المأزومة.,1
لوتس,1
"ريجيو""،",1
لقسم,1
بالا،,1
إيفلين,1
وجارٌ,1
أوباندو,1
نحوهُ,1
اندفعَ,1
القدمِ,1
كرةَ,1
الهوائية..,1
وسائد,1
وأقنعت,1
واصطحبت,1
المعلمة,1
حلم”,1
يهدمون,1
وتنظيمها،,1
المختلف,1
وراعى,1
متوازناً،,1
مجهوده,1
ليتوج,1
عدائين,1
لمدّة,1
السّوق،,1
نحوه,1
أبواقها,1
لمركبة,1
لعرقلتنا”،,1
“مركبات,1
متخطيا,1
الأمتار,1
وإرشادهم,1
آذانهم,1
لزوار,1
إرشادية,1
"هيمي""،",1
واسمه,1
صممته,1
"""اليابان",1
الشاشات.,1
للنص,1
عنصرَا,1
استوائية،,1
مروجًا,1
سيستضيف,1
والنهائية،,1
جالسين,1
الثلاجة؟,1
إشكاليّة,1
للتبريد،,1
وفعاليتها,1
التجميلية,1
بالجامعة,1
المطوع,1
سيحتضن,1
والمتابعة،,1
بطرس,1
وأنوش,1
قاديموفا,1
نازرين,1
للباحثتين,1
كيفوركوفا.,1
مهين.,1
لاستجواب,1
أخضعها,1
كولمبو,1
فرزانة،,1
بذلك».,1
الناشئ،,1
«زيادة,1
(الذكورية).,1
دزيمال,1
سيضغط,1
المدنيون،,1
أسبوعية،,1
2021-2023.,1
قصيرًا:,1
فتحًا,1
وأضافتا,1
وحريتهن،,1
طبيًا.,1
وركبته,1
صدغه,1
وانقض,1
القومي.»,1
أدارها,1
«ظلّت,1
يان،,1
الأمريكيّة.,1
لتدفّق,1
59.4,1
الخارجيّين,1
المخبز,1
نجلس,1
بالمئات،,1
زنبقة,1
محيطها،,1
مؤثر.,1
بالفعل.”,1
7:30,1
التهديدات.,1
جمهوريون,1
تحرّك,1
لمنعهم,1
سامات،,1
الشتات.,1
المسيّرة.,1
وفعّالة,1
الدبابات،,1
"متكافئة""",1
"""توك",1
"""تليفوني"".",1
بياناته,1
لإعفاء,1
بالعقبات,1
بالشاب,1
ليلحقها,1
بويمبلدون,1
يذكره,1
مراهقته,1
للتقرير.,1
الطلاق،,1
دفعهن,1
الزوجات،,1
ر,1
جيسيكا:,1
وبعدئذ,1
والعسل,1
والهيل,1
قدر،,1
الكلاسيكي,1
الجامايكيين.,1
الحَيْرَة,1
انتياب,1
والحواسيب,1
سيُحقق,1
منتقدًا,1
"""داليدا""؟",1
بداية..,1
آخر”.,1
عليك،,1
4-4.25%.,1
مخفضاً,1
برومادينهو,1
الهارب،,1
رئيسنا,1
غني،,1
الخبر:,1
للامتحانات،,1
أستعد,1
الأوروغواي.,1
بكرامة”,1
المرشح.,1
تؤديها,1
"الأخلاقية""",1
"""الكوابح",1
ينسون,1
مهنة،,1
الماضيان,1
العامان,1
(1.91,1
6.75,1
ستتراوح,1
شركةأليك,1
والعداوة,1
الكراهيَة,1
بالخيانة،,1
أبيلوف,1
فويرتي,1
سيليا,1
كفاءتها.,1
متخذي,1
بهم».,1
مائيٍ,1
إجهادٍ,1
تلويث,1
شيلي,1
جيجوبا,1
مشاركة؟,1
“كأس,1
كثيرًا.”,1
مؤشري,1
للإحصاءارتفاع,1
أعلنالمعهد,1
تعتيمًا,1
التغيرات.,1
"و""كيما""،",1
"للأسمدة""",1
الاقتصادية؛,1
القصيرة.,1
والدكتوراه)،,1
(الماجستير,1
والبكالوريوس,1
الدبلوم,1
الفنون.,1
الأدائية،,1
كليات,1
2.5%.,1
27.5%,1
تيونا،,1
تمدد,1
أرجينين,1
فيتحول,1
البطيخ،,1
الملاك.,1
ومراقبتها.,1
و2019.,1
الموت),1
(سحل,1
بقيامها,1
تأييدًا,1
بدقيقتين,1
وبعده,1
38،,1
فادا,1
فالنتين,1
وسواحلَ,1
نافقةً,1
أسماكاً,1
تأشيرة،,1
احتالت,1
يُفصّل,1
الكينيون,1
ويستشهد,1
والمتكافئ,1
"""العدو",1
لصحافية,1
وسفنكس.,1
إدانات,1
الإسرائيلية-,1
-مهمتها,1
السليمة،,1
مبالاته.,1
يتفاقم,1
وأشادت,1
الزواج.,1
للحوافز,1
مُتاح,1
ليكتشف,1
السيترولين،,1
الرأسمالي،,1
وحسنت,1
صناعية.,1
للجذع,1
واقي,1
(胴),1
بالنفطِ.,1
مُشَبَّعةً,1
واهتماماتها,1
لتعبّر,1
(1-2).,1
افتتاحا,1
(4-2)،,1
اعتلاء,1
الدحيل.,1
ستحفز,1
المجمعات،,1
والتأجير,1
كتقسيم,1
‎تأمين,1
‎غير,1
يركزان,1
وصياغته,1
وتريد,1
شواطئَ,1
وصلَ,1
البعضَ,1
كبيرةٍ،,1
آثارٍ,1
التَّسبُّبِ,1
بعضُها,1
أخفي,1
للمنطق,1
والافتراض,1
الإسكندرية،,1
"لأوزيريس""،",1
"""القبر",1
جامعةً,1
والخيط،,1
الحبكة,1
تعهّدُ,1
السلمي.,1
للمخاطر.,1
ممتازة,1
أستانا,1
أولاف,1
بعضهما.,1
"الحلزوني""",1
"""الدوران",1
أسودين،,1
ومفاجئ,1
وراءَهُ,1
مُخلِّفاً,1
وتونسوبا،,1
وكامارونيس،,1
بالماس،,1
والكسافا،,1
الموزِ،,1
محاصيلَ,1
الصَّيدِ؛,1
للشربِ,1
صالحةٍ,1
غيرَ,1
ألميدا,1
شدَّدتْ,1
47.6,1
ويدفعهم,1
مخيبة,1
وتعطشُه,1
تعطشُ,1
الدلالات.,1
بمنعه,1
الأخطر.,1
شبحاً,1
كيلومتر.,1
المتحرشون,1
العصابات،,1
بالمجرمين,1
التحريضي,1
وداعموه,1
ميران.,1
وليامز,1
بتصريحات،,1
شُربِ,1
نفقَتْ,1
الماشيةَ,1
فُقِدَتْ؛,1
والقهوةِ,1
النيكلِ”,1
“اندفاعُ,1
يُخلِّفَ,1
يَعيشُ,1
الأصليَّ,1
المُجتمعَ,1
القلقُ,1
منها)؛,1
مقتطف,1
مبرمة,1
ستستثمر,1
مختبئاً,1
يدري,1
ومحاكمات,1
عواصفَ,1
والجثث,1
إدكو,1
"""تنفس""",1
ورصدت,1
أجينسيا,1
فرازاو/,1
عكسي,1
لاسلكي,1
سلكي,1
"6,300",1
للبطارية،,1
الفريدةِ.,1
وثقافتِهم,1
سُبُلِ,1
الهشِّ،,1
النظامِ,1
مُدمِّرةً,1
المشتريات.,1
والمطورين،,1
والمنظمين،,1
تشميع,1
ترخيص.,1
التنفسية،,1
والجلطات,1
القلبية,1
النوبات,1
الشريكة.,1
يَساوُرُ,1
للتخسيس,1
عبوات,1
"تغذية"".",1
وتديره,1
رشيد،,1
استغلاله,1
يُنظَر,1
وإهمالها,1
والتوربينات،,1
والعدادات،,1
الشواطئ.,1
وخصخصة,1
الضواحي،,1
أكرا,1
ورفضًا,1
النقّاد,1
العام).,1
الدومينيكانية,1
(87٪,1
كدعم,1
"86,393,000",1
توزليتش،,1
هؤلاء،,1
ليبيريا,1
بريطاني،,1
فريتاون,1
المارون,1
الأمريكية),1
وقفوا,1
الموالين,1
سيراليون,1
مكلفًا.,1
الشريكة,1
بالترتيب.,1
بسباق,1
فوتبول,1
ورعايته.,1
ضعفت,1
تُلحق,1
«ستُجري,1
المقال:,1
وانجا,1
كرّست,1
المتحركة.,1
ومشاريعه,1
بمنهجه,1
وسنرسل,1
القامشلي,1
الأراضي؟,1
مزقتها,1
حاربت,1
لتسمية,1
ومنحتها,1
للخضروات,1
ساكني,1
الحضارية،,1
الرامي,1
المستديم,1
الزعم,1
دولتين:,1
وقيود.,1
سياق،,1
ملكية،,1
للأتمتة,1
مغمورة,1
الفائدة!,1
ثمنها،,1
فسيؤدي,1
مؤخراً».,1
لفتة,1
القوانين.,1
إبلاغهم,1
التظلّم,1
العامِ,1
وفاةٍ,1
حالةٍ,1
"1,090,000",1
دولٍ،,1
أكبرِ,1
كاشفةً,1
عينيها”،,1
“فتحت,1
30.8%,1
16.2%،,1
والزيوت,1
محققاً,1
مرافقتهما,1
طفليه،,1
"مان""الشهيرة",1
إنسانية،استعان,1
والتمسك,1
والتيتانيوم،,1
منافسيها،,1
الباطن.,1
الريان,1
والأندلس,1
والخالدية،,1
والنهضة،,1
والملك,1
والأمل،,1
والروضة،,1
المجاور،,1
«آسيوي».,1
خطابٍ,1
تعمّدتُ,1
الشّابّات,1
والدّعم,1
والاهتمام،,1
للرّفقة،,1
للشّباب,1
لغوية؟,1
ترجملي،,1
فيغزة،,1
غرباء,1
يلفظ,1
أمامي،,1
ركبتي,1
السّكنيّة,1
إحساسهنّ,1
بسب,1
اللّيل,1
شعرن,1
42.9,1
بمفردهنّ،,1
عشنَ,1
اللّواتي,1
والدرة،,1
والريان،,1
والفيحاء،,1
والنزهة،,1
الشاطئ،,1
الخفجي,1
تسو،,1
بالتحالفات،,1
وتخلط,1
نختارها،,1
وإيابًا،,1
دعوةً,1
قبلتُ,1
الكاريبية.,1
مهاجرون,1
طبقياً،,1
ريكو,1
اللاتينيون,1
فالآسيويون,1
22.98,1
24.01,1
بدفعنا,1
الفوضوية,1
لوجودحياةفي,1
إيشيبا.,1
شيجيرو,1
يعقدان,1
والضبابية,1
تفريقنا,1
الهافدون,1
ليهددها,1
1.03,1
زارته,1
المترو,1
احتمى,1
الإصابات،,1
معناها.,1
يفرغ,1
مثمر,1
حسَّاسًا,1
المرضَ,1
والتَّمييزَ،,1
الوَصْمَ,1
يُواجِهُونَ,1
يزالونَ,1
بالسَّلِّ،,1
المُصابينَ,1
العديدَ,1
مارياني,1
أوضحتْ,1
فاكهة”.,1
“وعاء,1
قطةً,1
رسمتَ,1
استلهمتها,1
ويضطر,1
ممتلئ,1
التخزينية,1
الروصيرص،,1
الأنفلونزا؟,1
أحمي,1
وجبال,1
وأوزكان,1
يقبع,1
التعددية.,1
الشعب)،,1
(حراك,1
الأولى”,1
عليهِ.,1
القضاءَ,1
ويُعيقُ,1
للأمير,1
2.8%.,1
3809,1
تثقيفًا,1
بينبوستا،,1
العشوائي.,1
التوالي..,1
وانتقاداتهم,1
تعبيراتهم,1
الحميس,1
هلع.,1
والرواية,1
“وصل,1
17.66,1
16.89,1
الفائض.,1
تعيشه,1
تتوقعها.,1
وتنتمي,1
النسخة،,1
الرعاية.“,1
ووظائف,1
بأعمالهن,1
إطلاع,1
القليلات،,1
الإذاعي‘,1
’البرنامج,1
”بالإضافة,1
تتابع:,1
الكارئة,1
“الديمقراطية”.,1
البلجيكي.,1
باختطافه,1
"""تهديدًا",1
أعربرئيس,1
الجزائريات“,1
”النسويات,1
الاحتجاز:,1
عائلته،,1
"""أور"".",1
والمستعملة,1
بخدمة,1
الانطلاقة,1
للتقييس,1
العراقيةبدء,1
والمفاجآت.,1
بالغموض,1
الرتابة,1
"""تكدير",1
والإعجابات,1
النقرات,1
تحصد,1
وتُضخّمها,1
تُعزّزها,1
مستمرةً,1
مشكلةً,1
المُضلِّلة,1
لأسبابٍ,1
أذيّتها,1
كليّة,1
جزئيّة,1
لبعدها,1
ويصنف,1
ومظهره,1
مأزقإغلاق,1
لفرضها,1
الآخر!,1
وأتفق,1
أتفق,1
للمنصة.,1
اللغوى,1
المدقق,1
المكافأة،,1
صداقاتها,1
وفية,1
محبة،,1
بودكاست،,1
عادية:,1
"**""داليدا""",1
"الاستقرار"".",1
استعانته,1
"لـ""العربية/الحدث""أن",1
الصناعية:,1
محتلة.,1
والضم,1
وسنابك,1
الرماح,1
أَسِنَّة,1
مونتسيكيو,1
الغاشمة،,1
المتظاهرين”.,1
قضائه,1
المعزز.,1
"""أوريون""",1
المعزز،,1
الحكومةقبل,1
المُصاغ,1
لبنغلادش،,1
الرابحة,1
لإعانتهما,1
وأغذية,1
سلمتهما,1
للطفلين,1
تتذكر.,1
تذاكر”،,1
تسنى,1
“لو,1
المنغولي,1
انتهيت,1
بالأقزام.,1
تعنى,1
بأقزام,1
إفادة,1
المواعدة,1
يتعمق,1
٢٠١١,1
وإرثه,1
سيكشف,1
ونظامه,1
الهندوسية؟,1
لأختفي,1
أضطر,1
بالإحراج.,1
بشوارع,1
بباريس,1
قصرا,1
إبريل,1
النافذ,1
"الشرقي"".",1
ذكّرت,1
"""التقارير",1
ونيوزيلندا:,1
مومو,1
مكارثي,1
أمنية،,1
تاجر,1
منقولة،,1
منقولة,1
أملاك,1
اصطناعيًا,1
ووضوحًا،,1
بإفصاحات,1
"""سيسمح",1
8.1,1
ويُخاتل,1
للظرف,1
تكتيكاته,1
«التنظيم»،,1
مساراتٍ,1
تُجبرها,1
بها؟,1
تعترفون,1
السخرية:,1
يتساءلون,1
يعبأ,1
الوجود،,1
المناخي،,1
جبر,1
فاي,1
مساهمات,1
صوتا،,1
"2,759,256",1
أرقاما:,1
الرقيق،,1
سنّت,1
وتجنيده,1
استقطابه,1
ومجالاتٍ,1
واهتماماتٍ,1
بأفكارٍ,1
17بسلاسة,1
حكوميون,1
الموائل,1
“يهدد,1
مشروعًا.,1
أمزجة,1
(183,1
أللف,1
يوفنتوس،,1
والمديونية.,1
صوتا.,1
"6,275,182",1
والنحاس,1
المناجم،,1
واتوم،,1
عازمون,1
يبدون,1
"""ريجال""",1
(680.70,1
رهاب,1
وتوقّعت,1
المستوطنين.,1
متداولا,1
صندوقا,1
سيجنيا,1
وخلقت,1
والإسكانفي,1
مستدامة.,1
بـ62775,1
البيانات),1
(منذ,1
والمغتربين,1
والجنسيات,1
ترسيخه,1
والاستبعاد,1
للتقسيم,1
(2ر1,1
مستثمرا,1
تأكيدات,1
"2025""،",1
التَّقويمُ,1
حدَّدَ,1
مترددين,1
ومجازيًا.,1
رماديًا,1
4:27,1
طفلاً،,1
التمويلية.,1
11.2,1
ويُغرَّمون,1
وعشر,1
منتهكو,1
ويُعاقَب,1
البورصةللعملة,1
16.9,1
مطورة,1
للديمقراطية،,1
الاستجابةِ.,1
توقيتَ,1
ومؤتمر,1
المصريةحالة,1
يراهما,1
الإنجليزية؛,1
امتحان,1
يقلقهما,1
تاين,1
أبون,1
البروباجندا,1
لتنشيطه.,1
التيسيرات,1
بسخرية:,1
"إحراجه؟""،",1
يستفيده,1
الأمور:,1
السراج,1
"تماماً"".",1
ماضيّ,1
"السرطان"".",1
"""بات",1
"""جاما""",1
"""لإقامة",1
لامي,1
"""تتحمل",1
لامي،,1
وموظفة،,1
421,1
التعليقات،,1
وتتكشف,1
مشفرة؛,1
والبتة.,1
الكبّة,1
ومسؤولة,1
لتهيئة,1
يدوم،,1
تنهشه,1
يبنى,1
وحاضري،,1
مربحًا,1
نوالباراسي,1
"المدير؟"".",1
ليتعلم,1
للمدرسة,1
مئوية)،,1
سلسيوس,1
(18.5,1
فهرنهايت,1
"الخفية"".",1
"""الأفعال",1
مبهرة،,1
يكرر,1
غبياً,1
"الإغلاق""،",1
"""مكتب",1
للإنفاق.,1
فوت،,1
مقامرة,1
ماكهنري,1
ويُرشح,1
سرّهم.,1
موافقين,1
بالصمت,1
العزل،,1
تكييفك,1
تتساءلي,1
تعلمك,1
الكليم,1
الرحل،,1
العادة,1
جماعي؟,1
المثيرين,1
1864.,1
القوقاز،,1
والجرأة”،,1
"هيلث"".",1
متهالك،,1
"""مستعدون",1
بكينونة,1
علنيًّا,1
شرًّا,1
التفجيرات,1
وموسيقي.,1
متحركة،,1
ورسام,1
مصورة،,1
سلك,1
الثّالث,1
السّادس,1
6%،,1
إيجاريًا,1
وستحمل,1
روبيا،,1
سايروس,1
و105,1
46.6,1
وتشيونججو,1
"""الرابط",1
كتاباتك؟,1
وأسرار,1
نظرك,1
براء.,1
جوعًا.,1
يجبرونك,1
وحكام,1
المثليين،,1
النظامي،,1
وعملة,1
يعقبها,1
الاندفاعات,1
وخيارات,1
افتقاره,1
عيوبه،,1
متتابعة.,1
انقلابات,1
باتّجاه,1
النّيجر,1
وبروكينافاسو,1
يستخدمونه،,1
"الاتصالات"".",1
"""بالإضافة",1
بعيدين,1
النمو..,1
البنك:,1
(ناتو),1
ألقته,1
"للمسيرات""",1
"""جدار",1
عرابي.,1
وحدة،,1
لنقترب,1
شلل.,1
آمال،,1
و591,1
و2.4%,1
التطبيقية,1
مزعوم,1
إنقاذهم,1
الكمبوديين,1
ركود:,1
منزلها.,1
جافة،,1
لتبقى,1
ساعدناها,1
أبعد.,1
واقعاً،,1
والإنتركونتننتال،,1
واللعب,1
جدة:,1
والبتروكيماويات,1
تعكسه,1
وأكَّد,1
"الفيدرالي"".",1
"""قطر",1
حادة.,1
لانخفاضات,1
وثانيهما,1
مجالها،,1
رئيسيتين:,1
مهمتين,1
وأنطلقت,1
الأرض”.,1
ومحيه,1
-سفير,1
صيغ,1
بالمفاهيم,1
لخلط,1
صغري,1
لبلاده,1
للتنحي,1
أردان,1
جلعاد,1
مريحاً،,1
الحمام»،,1
«صخرة,1
وتسمّى,1
«رأس».,1
«روش»,1
للكلمة,1
آراميّاً,1
الترجيحات,1
الأصحّ,1
الجذر,1
أوبيرن.,1
"الأساس""،",1
"""بُنيت",1
مضيفا:,1
الإسهام,1
لواقعه,1
ويستسلم,1
ممارساته،,1
نتمنى,1
أعمالك؟,1
مرئيين.,1
محمود.,1
أخرى...,1
تسميات,1
الغازية.,1
والأسمدة،,1
الفسفور,1
لحمض,1
ويوفّر,1
للطيور،,1
ومحطّةً,1
وعرَّض,1
انتهجها،,1
ذاق,1
محيطه,1
وأبعده,1
يدعمونهم,1
الأقران،,1
انتظرناه,1
للثروة،,1
بتصديره,1
تتسلّم,1
"""توصلنا",1
والآخرين,1
التمهل,1
يكابر،,1
يعاند،,1
شروطًا,1
ضمّن,1
السطحي.,1
الحميم,1
كتفها،,1
مستريحة,1
المولودة,1
وطفلتها,1
يرددها,1
لعنق,1
الاعترافات»,1
«تسونامي,1
تفصلني,1
البدوية،,1
انتقامية”,1
“عمليات,1
لحقبةٍ,1
بدايةً,1
التزامي,1
بانمونجوم,1
وكيم,1
خطيران,1
لمعلوماتنا،,1
المرسم،,1
المموّهة,1
الكامن,1
شخصياتها,1
للمدارس,1
المبذولة،,1
مقعدٍ,1
ولحقتها,1
ينتظره,1
كضريبة,1
مونتيفيديو.,1
(0-2),1
تتصفحها.,1
بالصفحة,1
ولهاذا,1
وتُدار,1
فُتحت,1
صالحي.,1
الإفطار،,1
"للبنان"".",1
دموع،,1
فيك؟”,1
قصتك،,1
بسيطًا:,1
أطرح,1
والبريطانيين،,1
والعثمانيين,1
والرومان,1
واليونان,1
والبابليين,1
بالآشوريين,1
مرورا,1
والفراعنة,1
والمصريين,1
الكنعانيين,1
متعاقبة,1
عاصر,1
لتستفيد,1
أستراليا؟,1
مشاركتك,1
والتنافسية،,1
بامتلاك,1
"موجودة"".",1
لقريتي,1
"""زيارتي",1
العروس:,1
البيولوجيَّةِ.,1
العيِّناتِ,1
وجمعَ,1
المدنيَّةِ,1
لِمجموعاتِ,1
المشورةَ,1
قدَّمَ,1
نفطٍ,1
لتسربات,1
واللقى,1
الأطلال,1
البطولتين،,1
تُحصر,1
هامشي،,1
تفصيل,1
المُستخدمَةُ.,1
الأساليبُ,1
بعمليَّةِ,1
أحدٌ,1
يُوضِحْ,1
دنماركية.,1
رصدها,1
وإرباكًا:,1
الصاروخي.,1
لوّح,1
للتخصيب,1
"نووي""،",1
نفذته,1
الخفاء.,1
يعلمون,1
الشجعان,1
معلمونا,1
هرات,1
انضممت,1
والطارقية.,1
والمزابية،,1
الشاوية،,1
السجل،,1
مُولّدة.,1
واللون،,1
تنبثق,1
هجينة,1
طاجيكستان.,1
54%,1
وترتفع,1
تزوجن,1
النزاعات؟,1
يحضرون,1
يجني,1
ممتلكاتها,1
والاحتجازات,1
الصواري,1
والميكانيكية,1
والكهربائية,1
والإنشائية,1
الإفراج.,1
انتقادية،,1
إديسون,1
وتعمقت,1
وعطرية.,1
ونكهة,1
وأزمات,1
وتأخيرًا,1
ساوايا،,1
وتكافح,1
رائعة!),1
للاستراتيجية،,1
اختيارياً،,1
للرؤساء,1
المناخي.,1
وللتدخل,1
ويوالارااي,1
كووما,1
أسترالية,1
كوكرين,1
فأقول,1
أزيد,1
للطروحات,1
وممارسات.,1
يحتويه,1
سنسمع,1
للحوكمة.,1
وألوان،,1
ننسى,1
العسل.,1
تحليته,1
وتجديدًا.,1
فخامةً,1
جوزة,1
المطحونة،,1
الزعفران،,1
أراكان،,1
موطنهم,1
أقدامهم,1
بازار،,1
كوكس,1
5.5%,1
المكان”,1
“لابد,1
ومقيم.,1
ينعم,1
لولي,1
والشكر,1
الكرام.,1
مرئيات,1
عهدته,1
للنقد.,1
اﻷنباء,1
"والدقة""،",1
والمختصين،,1
"""إدخال",1
إخفاءً.,1
بالصينية،,1
بجهات,1
وإستراتيجيات,1
بـ5.4%,1
عطري,1
قرفة,1
عود,1
المبشور,1
كالفلسطينيين.,1
راسخًا,1
بأرضهم,1
شعبنا,1
مآسي,1
لأوجه,1
الشرق”,1
“فلسطين,1
أراكان,1
غرق،,1
تبالغ,1
بالألعاب,1
فعلها.,1
السرقة,1
أعجز,1
"حماس""،",1
"""أولوياتنا",1
فسيظل,1
جيجو،,1
اسم:,1
البيضاء)،,1
(روسيا,1
الاستقصائي)،,1
اتصالهم،,1
خصوصيتهم,1
تركيزنا,1
"""يظل",1
مشترطا,1
العراقية.,1
يصبّا,1
ويجريان,1
النهران,1
1.17%,1
جماعيّة.,1
وإبادة,1
أتذكر،,1
تذكُّر,1
"المعرفة.""",1
الغامدي:,1
فعبر,1
تجاريا,1
شريانا,1
قصد-,1
تفادياً,1
-وذلك,1
وباع,1
تفتك,1
نازحين،,1
للمتطرفين,1
"المتطرف""",1
«الغرب-2025»,1
وإياباً,1
ذهاباً,1
2014-2015,1
هولدنج،,1
مباشر»,1
«دهب,1
مُلْزمة,1
2024—,1
الثروات،,1
"إتش""،",1
برنار,1
غضبها,1
يقاس,1
ويعدونه,1
لديهم،,1
يمدحون,1
121.6,1
استغاثة,1
الطيارون,1
"""كانتاس""",1
المشكلات.,1
فاستطلاعات,1
بلدهم.,1
يجتاح,1
متظاهر.,1
سعداء.,1
ولويس,1
هنأني,1
(3,1
أرضه).,1
و3-1,1
(2-1,1
غزة).,1
المسجّلة,1
67873,1
مراجعتها,1
50798,1
المسجّل,1
فنجان,1
احترازية,1
لتكتب,1
كوبًا,1
يدركه,1
تعاني،,1
رامون,1
سائحًا،,1
"39,555",1
باستقبال,1
ببعثات,1
للفصول,1
واكتظاظٍ,1
غيابٍ,1
للأسقف,1
تضررٍ,1
تُضطر,1
المتمردة.,1
أنشأها,1
التناسلية”،,1
توصيلها,1
و”وجود,1
للضرب،,1
وتعرضهم,1
ملابسهم،,1
ضمنها:,1
تصفحه,1
المخمر,1
السائبة,1
الكلى).,1
والأملاح,1
(رواسب,1
بحصوات,1
قراصنة.,1
أعضاءً,1
مستقل”,1
“التحقق,1
يسددوا,1
المتكررين,1
وتميز.,1
حقيقياً،,1
فرقاً,1
والتز،,1
ويدفعه,1
متحمسًا,1
نظرنا،,1
"""أبطال""",1
شدّني,1
**أكثر,1
حافلة،,1
والإنجاز،,1
بالألق,1
والمبدعين,1
بزفرات,1
أنفاس,1
قانونيّة,1
ومستخدمين,1
للمشاركات,1
الإضاءات,1
الحواجز.,1
مجدداً.,1
58،,1
محرومات,1
زلن,1
بحزن,1
أُحيل,1
الـ64,1
الشاق،,1
استبعادِ,1
مؤقتا,1
تطلبت,1
شحن.,1
لخط,1
صحيفةالرياض,1
التلفزيون،,1
العالق,1
بالحصان,1
ليضمن,1
نزوله،,1
سببَ,1
تُوضِّحْ,1
لكنَّها,1
المُشاركةِ،,1
مُستوى,1
الوزارةُ,1
اعترفَتِ,1
مقلصا,1
1.1798,1
شبحي.,1
المتوهجة,1
سبوتفاي.,1
ساوندكلاود,1
للتسجيل،,1
يتطلبه,1
للمعاهدات,1
الأولى؛,1
السوريبقصف,1
اتهاماتقوات,1
933,1
والصليبية,1
والجهراء,1
رافضين,1
أخُلوا,1
مستوطن,1
قواتها،,1
نالها,1
سجنه.,1
وتاو،,1
الأميلويد,1
زائدة،,1
يفرزها,1
الانسان,1
مخ,1
يتخلص,1
"الدقيق""",1
"""بالتحقيق",1
أزمتي,1
تعليمية.,1
المؤثرين،,1
الكبرى؛,1
والمحاصر,1
آي.,1
"""الشرط",1
منازلنا.,1
وتعليمها,1
والتحدي.,1
الحامد,1
ألزهايمر.,1
جزئية,1
التشاور،,1
"""الوطن""",1
يربو,1
البدلاء.,1
ومشاركتهما,1
عودتهما,1
جاهزان,1
كامافينغا,1
وأكّد,1
وشباباً,1
كهولاً,1
لإثباتٍ,1
هجومًا،,1
فعّالًا,1
البرازيل”).,1
“انقذ,1
(بالبرتغالية:,1
ريغاستا,1
القصتين,1
ذُكرت,1
وكوشنر..,1
تقارير:,1
مهتمّة,1
ماديًّا،,1
"الأساسي""",1
122330,1
2504,1
وسبتمبر/أيلول,1
ويوازنون,1
جانبيًا,1
والمُيسّر,1
المستقلّة.,1
والصّحافة,1
الحريّة،,1
بالحقيقة،,1
وتجويع,1
أعينها،,1
والتجاهل,1
وطغيان,1
والثبات,1
وأطفالاً،,1
مغرمين,1
الحركات،,1
وتفتيت,1
الصهيوني،,1
والجبروت,1
ليثبت,1
تحويلها.,1
المتعصبون,1
شركاؤه,1
أخطارها,1
فعلية.,1
بعزلة,1
أشعرته,1
قاعةَ,1
الساحقة,1
641500,1
الدعائية،,1
تنتهي،,1
حتَّى,1
الحكومةَ،,1
أريانة,1
جريمةجديدة,1
“يشجع”,1
"""كونا"".",1
والحكومية,1
مصنفون,1
17.8%,1
128.2,1
وتعامل,1
"بالمحاسبة"".",1
قيمًا,1
بشاي,1
الصوتيةَ,1
الاتصالاتِ,1
الراهنِ,1
الخارجيِّ,1
قنواتِ,1
تعزلُ,1
البيضاءِ،,1
للقوائمِ,1
التطبيقِ,1
لبنانَ,1
مهددةً،,1
كارثة.,1
المتردي,1
شُنّت,1
يُحوّل,1
صلة،,1
لشارع,1
وتتمكن,1
وحادة،,1
"هيلثينيرز""",1
"""سيمنس",1
1.9%،,1
صفر.,1
أتمان,1
تيرينس,1
بالإرث,1
"التشرّد"".",1
سناً،,1
يكبرنهن,1
يُجبرن,1
الإنترنتِ.,1
تتمُّ,1
تؤد,1
بفعالية،,1
مسلح.,1
شيوعي,1
"""تدريب""",1
التآمر،,1
نظاميًا,1
المجال)،,1
(يقول,1
ومزيدًا,1
علوششائعات,1
السوريةكندة,1
المُولَّدة,1
يقسمهم.,1
ثالث.,1
صلاحيتها،,1
ممازحاً:,1
"الرئيس""،",1
أكمل،,1
المنصة:,1
ويغني,1
بالبكاء،,1
تتظاهر,1
المنتصف،,1
"منخفضة"".",1
والأسعار,1
ومشدداً,1
يجدن,1
71.2,1
و2.94,1
58.28,1
نطاقًا.,1
للوثيقة,1
لخريف,1
الواعية,1
"2028""،",1
"""الأرقام",1
يلماز,1
كاركول،,1
دونجان,1
وتنضم,1
متمرد,1
إيحاء,1
مسدسًا،,1
“للوصم,1
مجتمعي”،,1
“بنك,1
"أغادر"".",1
أدرس,1
أضرار.,1
برازيلية,1
28500,1
بإجلاء,1
المتانة.,1
نخطط,1
للمركز.,1
وجيوسياسية،”,1
“فإن,1
والمتعمدة،,1
الكويكب،,1
"""أوزيريس-أبيكس""",1
القتالية.,1
المجندين,1
وفرار,1
والعجز,1
الوِحْدة,1
رحلةٌ,1
عاطفيًا،,1
قدم.,1
هكتار،,1
احتراق,1
سيرادو,1
ومستنقعات,1
المطيرة،,1
أجانب،,1
وتتشوه,1
باماكو.,1
(385,1
621,1
سيفاري،,1
36%،,1
كاف.,1
والسيناتور,1
شولتز،,1
واسرمان,1
وديبي,1
سالازار،,1
إلفيرا,1
بالارت،,1
وماريو,1
جيمينيز،,1
والنائب,1
سكوت،,1
يكتسبوا،,1
الصارمة.,1
والبيروقراطيات,1
الهواتفِ,1
عدن.,1
مراحل،,1
ضخه,1
وأوضحوا,1
روحانيًا,1
بإتقان؛,1
(حركة),1
إيماءة,1
أتقن,1
صافرات,1
"وتخزينها"".",1
لإنتاجها,1
محليين،,1
مهندسين,1
وازدهاراً,1
وسادت,1
ليلقى,1
أبناءه.,1
ينعى,1
منشورًا,1
ارتكابه,1
عقلية.,1
بمعاناتها,1
ومعروفة,1
والشتائم،,1
انهال,1
الفخراني,1
المصريّ,1
والروائيّ,1
الصحفيّ,1
الفرديةِ.,1
الشمري،,1
والأبرز,1
البلتاجي،,1
أوبتوماتيكا،,1
فصلِ,1
الهاتفِ,1
خُطوطِ,1
قطعَ,1
يُشبهُ,1
دُمِّرت,1
لقوارب,1
رصدنا,1
مترًا”،,1
تضلّل,1
المتحقّق,1
التّوليديّ,1
وإخفاتهم,1
"""نينتندو""،",1
مباراتي,1
7800,1
زُرعت,1
"فرص"".",1
الصخري,1
للباحثون,1
يعقّد,1
الحبس.,1
مدعيَن,1
رسمة.,1
بيعه”,1
بحدودها,1
كرئيس،,1
ننفّذه,1
لوالدي,1
زيارتهما,1
بلدها,1
تعرفوا,1
الموازي.,1
بالأخشاب,1
وتأشيرات,1
يُصدر,1
يُسجنون.,1
يُنفون,1
العرش,1
تحدّوا,1
"فساداً"".",1
تعسفاً,1
يلحظ,1
مهني،,1
بالرجال,1
يلاحظون,1
بآفاق,1
وتُدَهوِر,1
المتاجر.,1
ذاتيًا،,1
شرائط,1
تناقلها,1
برامجه,1
اقتباسات,1
أغانيه،,1
الرحباني،,1
يحفظون,1
بألمانيا،,1
مورناو,1
تأشيراتهما,1
مبكرًا.,1
للخدمات،,1
لتصنيفات,1
تُهمل,1
آغي,1
"المجتمعات.""",1
لتحكي,1
النيجيريين,1
روسيافي,1
محادثاتأوكرانيا,1
العوالم،,1
"""د.ب.أ"".",1
التايلاندي,1
البات,1
"المختلفة""",1
"""لربط",1
وباناثينايكوس,1
لنس,1
لناديي,1
تعاقديا,1
الكؤوس,1
1996,1
بريتوريا.,1
رايا،,1
النشأة.,1
باقتصادها,1
1792،,1
التاريخ”.,1
إقامتهما.,1
ديوبا،,1
ميخوني,1
رأسي،,1
والمستقبلية.,1
الكسب,1
والإزعاج،,1
للمُؤجر,1
خامسًا:,1
بلدانه،,1
بإن,1
ديوبا,1
وشكلها,1
والألمانية,1
واستقبالها.,1
المُقدَّمة،,1
يعتمدُها,1
أُبرم,1
الإيجارية،,1
تفكيري,1
وغربها،,1
غوتنبرغ،,1
أيام-,1
والتأخر,1
عنيت,1
فإنما,1
بقصد،,1
ودمج,1
والشجاعة،,1
والخسارة،,1
سبقنا,1
التصالح,1
مختصرة،,1
يخلصون,1
(شباط).,1
اجتماعهم,1
تخلّي,1
تسبيب,1
شفافية,1
فأصبح,1
مسبباتها,1
الحديدية”,1
“المرأة,1
“النمرة”,1
معجبوها,1
للقتلى.,1
"شلويط"".",1
"""دير",1
وإيزيس،,1
والدير,1
وهابو،,1
الكرنك،,1
عثمان،,1
تُشاهد,1
معقلاً,1
واجبة,1
أعضائه,1
الإستراتيجيات,1
مرتبطا,1
الحواف,1
وإذابة,1
تكسير,1
البرك،,1
ماهرات.,1
وتُقصي,1
ستُفاقم,1
نوفل،,1
بالبطل,1
"ومناسباً""،",1
اُتفق,1
وللشعب,1
الشرفة,1
طُرد,1
البنغلادشية،,1
لأعداء,1
يُفضي,1
وقاطع,1
حورس”.,1
يخفيه,1
التسليع,1
توزيعه,1
للفساد،,1
والحسابات،,1
محاسب,1
التقدمية.,1
يفلتان,1
والجمعة:,1
وقرارتها.,1
لاهاي،,1
وناميبيا،,1
وهندوراس،,1
وكولومبيا،,1
وتشيلي،,1
وبوليفيا،,1
بليز،,1
الرياح.,1
للعناصر،,1
يوميّ,1
"القانونية"".",1
رُفعت,1
السريع”،,1
وموت,1
وجائحة،,1
“صداقة،,1
المكسورة،,1
وعلامات,1
التشققات،,1
للضحك.,1
ومثيرًا,1
كوميديًا,1
منحىً,1
ضحكت,1
لبلادهم،,1
باك,1
"تضليل""،",1
"""يتطلب",1
إنرجيز,1
بريانت،,1
باسكال,1
"سيرش""",1
وأخطرت,1
(18.2,1
لأمراء,1
محلية:,1
صادراتها.,1
مفجعة,1
والمطبخ.,1
دلاء,1
خِيار,1
ديمقراطية.,1
بمثيله,1
كيتس.,1
وتغلق,1
استقصائي,1
سموه,1
فالزيارات,1
للبحرين,1
حفظه,1
المتتبع,1
اهتمامهما,1
الفلسطيني).,1
(كما,1
وجارديم,1
ريدوندو,1
كاباو,1
مخبزين,1
النقدي،,1
وقبرص،,1
لمستخدمين,1
بروان،,1
الأسبق.,1
9199,1
13796,1
الإيراد,1
ومعوزة,1
ومجزأة,1
الأقوياء,1
يمزّق,1
العمودية,1
مخاوفًا,1
يغطّون,1
والحنان،,1
الشعير.,1
علف,1
للتحفيز.,1
الانقسامات،,1
مبارياتهما.,1
لتتوالى,1
مانشسستر,1
مبارياتهما،,1
1893،,1
السهم.,1
وحصتها،,1
انطلاقته.,1
الفضي,1
بيوبيله,1
والصناديق،,1
للنقاشات,1
لهيفن،,1
غضبهم,1
23.285,1
للفيدرالي,1
السبعين.,1
أتجاهلها،,1
ذرف,1
بودابست،,1
الانجاز,1
بابقاء,1
لمطلبها,1
فورًا”،,1
“بمهاجمة,1
لقواتها,1
تقاريرهم,1
172,1
لقدرته,1
وإيماناً,1
لألمانيا،,1
"المتجددة"".",1
"""10",1
تُحذف,1
"أكثر"".",1
الإندونيسيين,1
المصدّرة,1
سلعهم,1
مُصدّرو,1
سيوفّر,1
إجمالي،,1
"مشرق"".",1
"""فجر",1
الموريكس,1
كازينو,1
24.112,1
هايد,1
مجموعتنا،,1
مجموعةٍ,1
وقعنا,1
القرعة،,1
وهدوئه,1
جأشه,1
برباطة,1
والمعروف,1
والماهر,1
الأنيق,1
التسوّل.,1
العمرة,1
باتخاذها,1
مُحتَمَلة,1
تُعتَبَر,1
البريطانيون,1
الحداد.,1
وتركت,1
قانونياً،,1
حكام,1
اسناد,1
للاعتراض,1
الماضين,1
للموسمين,1
هجومية.,1
815,1
وتثبت,1
الثلاث.,1
شقيقيها,1
يُستخدَم,1
وأقام,1
المرحة,1
فالحيوانات،,1
701,1
حصاناً,1
كونورديا.,1
أجرىالرئيس,1
العملي.,1
لتجسيد,1
ترسّخت,1
ورق.,1
حبرًا,1
غالب,1
للمياه،,1
هربوه,1
قرروا,1
الاستعماريون,1
بالشراء,1
3400–3500,1
تراجعات,1
مرجحاً,1
ترامبمن,1
لـ(د,1
أكدته,1
وتنموية,1
المستنفدة,1
كم.,1
لكارثة,1
والفيضانات,1
الرصينة.,1
فتضفي,1
لكارافاجيو,1
كقطة,1
ماهرة.,1
ويوصف,1
لاستلزامه,1
وتافهًا،,1
756.4,1
776.5,1
730.7,1
الرئيسي),1
(البر,1
و3.4%,1
واحد؛,1
والجاذبية,1
للنقد،,1
اليساري.,1
"""سومار""",1
وألغت,1
وإتمامها,1
وكلفت,1
كمواطنين.,1
بأحفاد,1
لسكانه,1
فنياً،,1
تشبعاً,1
ملاذاً,1
كوناتي.,1
وإبراهيما,1
برواندا.,1
العيادات,1
عمّال,1
السهول.,1
يجرفها,1
للتدوير،,1
ورحبت,1
التوربينات,1
وحلوان,1
موبكو,1
قطعية,1
للمستخدم،,1
المقررة،,1
سهولة.,1
لتفشي,1
شيوعًا.لقد,1
والابتزاز,1
وفيروسات,1
والمرتفعة,1
بالفضاء,1
آراؤها,1
وسلمية.,1
للنهضة,1
التيار،,1
تيار,1
عائشة،,1
استقطابها,1
الحية”,1
“المباراة,1
ناجحة.,1
إنفانتينو,1
توربينًا،,1
معلنًا،,1
المستطلعة,1
وأعمالهم,1
لأتمتة,1
معربة,1
بمنتجات,1
الجسر،,1
أعبر,1
خُمس,1
واكتسبوا,1
كوبي,1
الشيوعي،,1
زراعية.,1
روجو،,1
(سي.إن.إن),1
وآمالهن.,1
منتجاتها.,1
سياراتها,1
الأوروبيبالكف,1
طالبتالصين,1
الملزم,1
والولوج,1
ألكسندروفا،,1
لمنافستها,1
أهليتهم,1
والقياسات,1
"المباشرة""",1
إيربودزر,1
بارك).,1
(سانت,1
ثمينا,1
واقتنص,1
"+""",1
الاحتكارية.,1
تنظيميةٍ,1
استثناء.,1
أجزم,1
أتنقل,1
ويسجل,1
إتزانه,1
للإنشاءات.,1
وعائدات,1
طفولتي.,1
والمستشفيات.,1
للمنازل,1
والوحيدة,1
لطبقة,1
الملحي,1
كمرشحهم,1
حسمته,1
فاصلا,1
شوطا,1
انتفضت,1
واللقب،,1
مفرغة،,1
حلقاتٍ,1
دورانٍ,1
اللبنانيّة،,1
العقلَ,1
مُنعِمٌ,1
إنّي،,1
متحضرة.,1
للعالم،,1
لتم,1
استعماريةٌ,1
لغةٌ,1
شجب,1
النخبة.,1
للأمام،,1
ليحسم,1
مآسٍ,1
الرذائل,1
تستولده,1
ووحدانيّة,1
البنيويّ،,1
وعطبها,1
المؤسّسات،,1
وفساد,1
العقل،,1
وانحطاط,1
2003.,1
238,1
آداب,1
لانتهاكه,1
للأطباء,1
الصعد.,1
تبذله,1
معيبة.,1
الربعية,1
المتجسد,1
تحصين,1
سيادتهما,1
التحصين,1
وتمر,1
والاحتمالات,1
وتحصينه,1
"و""حل",1
متقاطعة،,1
قناعات,1
"اللجين""",1
ينبئ,1
وفواجع،,1
وصلت،,1
مختلًا.,1
لعنف,1
مهدئة,1
(ب.أ.),1
للخيانة.,1
الحقيقيين”،,1
“أصحاب,1
فن.,1
بالمعرفة,1
"150,000",1
تقليديًا.,1
ناجح.,1
وتحصل,1
تتعاقد,1
المؤسسات؛,1
“يربا”,1
لتهيئتهم,1
والممتلكات.,1
تبتلع,1
والواسعة,1
المتواضعة,1
اللوحات،,1
جواروا.,1
والـ,1
بالحواجز،,1
الشاقة,1
والمشتريات,1
المبادلة,1
"الخيارات""",1
البيزو,1
رأسنا,1
لترطيبه,1
الشامبو,1
العنيف.,1
والطبع,1
والمقامرة,1
ستنفد،,1
لأكمل,1
سراحي،,1
أريده,1
المفروضة.,1
مميزًا,1
كالاباش,1
“ماتي”،,1
مشتق,1
“ماتي”,1
“عشب”،,1
كيبيناتشيبي,1
كولن,1
بوسانغ,1
ريزفي،,1
روهول,1
"المتقدمة"".",1
فائقة،,1
"""معايير",1
يُلبون,1
العامين.,1
ويتنقل,1
العاديات,1
الكوريات,1
والجندر,1
دهنياً.,1
ملمساً,1
يردد:,1
تستطيعَ,1
واثقاً,1
كأنَّه,1
تفاهمات,1
الأنسجة،,1
المرطبة,1
الكريمات,1
وبوتين,1
لعقدين,1
(44.20)،,1
نودري,1
بايابو,1
والحاصل,1
43.53),1
(بأفضل,1
زمنية،,1
وتنازلت,1
الثمرة,1
وتركسات),1
(بلدوزر,1
مجنزرة,1
كيال,1
والأطفال”،,1
حربًا،,1
الاصطناعي؟,1
بطله.,1
"كاب""",1
"""تشالنجر",1
إقامته،,1
حجر».,1
«إنَّ,1
فرار،,1
بأوميغا-6,1
غناه,1
مستبعدًا.,1
كايرانود,1
المانحون,1
يتصوره,1
ضمنًا,1
صلنفة,1
والتركمان،,1
43.72,1
تريناداد,1
جريم,1
مزعجة،,1
و249,1
المادتين,1
"""عملنا",1
قتال،,1
غاية.,1
ومساءلة،,1
مجموعتنا,1
ونموه.,1
أمينية,1
النكسة.,1
وتدفقت,1
بثلث,1
الأفوكادو،,1
الاستنزاف.,1
للمغادرة,1
السوقية،,1
الشفوية,1
تستكشفين,1
فسحقتها,1
المصاعد,1
حوصروا,1
المساء،,1
مقدرًا,1
سيديرون,1
فلسطين…,1
التنسيق».,1
تضخها،,1
تجارةً,1
بالخفض،,1
«تجاهل,1
سومرلين،,1
قراراتنا,1
(100),1
الوطني..,1
يشملها,1
محمومًا.,1
بالمنطقة،,1
ثمّنوا,1
لذيذين,1
البوتشكا,1
كابور,1
سانجيف,1
الشيف,1
الظلام.,1
(المعلن),1
تربويون,1
الـ25.,1
بلقبها,1
تتوج,1
و6-2,1
بعقيدة,1
احتلته,1
وتحرير,1
صلاحياتها,1
الأحزاب،,1
للإرهاب،,1
وحزب،,1
وأمين,1
إيسنز,1
تقعان,1
جوينت،,1
الأشمل.,1
ومكانة,1
لغويّ,1
تجاهلًا,1
للفيلم.,1
المحاولتين,1
المواضيع.,1
ومستنيرة,1
للحساسيات,1
المراعية,1
لينجوا,1
ونتمنى,1
وتجريده,1
لفرق,1
تثمين,1
بيانهما,1
مُضيّعة,1
ولار,1
سدّيّ,1
للتدمير,1
أميركا-,1
الطامحين,1
وسخونة,1
المواجهات،,1
والأسهم،,1
تعويضاتها,1
وستُستثنى,1
تعرفة,1
للجاليات,1
المسؤوليات.,1
مجتمعية،,1
فأخذت,1
فسارعت,1
ومستمرة.,1
بقنا،,1
انهارت.,1
الأوليين،,1
ودراما,1
الموازين,1
الساحرة،,1
تكفي،,1
الصلابة,1
وصلابة,1
السر,1
فالثبات,1
والشحن,1
الضغوطـ,1
وصمودهم,1
طاقتهم,1
وستظهر,1
القاع،,1
والهاربين,1
للصدارة,1
وتتنصل,1
"""دمشقتراهن",1
64.1%.,1
1.007,1
منفردًا,1
11.9%,1
6.928,1
وأنتجت,1
متقلبات,1
عثور,1
استاد,1
الكوب،,1
المصفاة,1
الرخيصة.,1
تغادر.,1
تُعاش،,1
(شمال),1
ألبورغ,1
بميولهم,1
اعتدالًا,1
اليساريون,1
ملم.,1
عشوائي,1
عنفاً،,1
مصراتة،,1
تخولنا,1
الشرايين,1
اللويحات,1
تُخِل,1
خاصًا،,1
"اللقاءات""،",1
وتماطل,1
وتجعل,1
للمراجعة,1
مناطقهم.,1
المشبوهة,1
والخطيرة,1
بالمظاهر,1
مندّدين,1
تعمّق,1
بمجرفة,1
رأسه,1
ضالًا,1
سكريدستروب,1
وقاعدة,1
وسوندربورغ,1
(غرب)،,1
وإيسبيرغ,1
ودمتم.,1
يزيدون,1
تطويرهم,1
أضيق,1
تدخلها,1
لموظف,1
محجوزة!,1
"المبلغ؟""،",1
ودونية,1
التظليل,1
وتاريخه.,1
وسياسته،,1
واقتصاده،,1
وثقافته،,1
فالسعودية,1
تصحح,1
أُجبروا,1
الروهينغا؛,1
والحجم.,1
متطابقًا,1
ألاحظ,1
رسوماتهم،,1
نراجع,1
وديناميكياته,1
قل,1
استبعاده،,1
العدائين,1
ساده,1
صلبا,1
الكنسي,1
اضطرها,1
المساهمات,1
كأسًا,1
موريتاني,1
حدود:,1
سلبًا.,1
التّجنيد,1
والبطالة،,1
المدنية”,1
وتركها,1
للتطور…,1
للغجر,1
بريكمورجي،,1
غجري,1
روداش'،,1
‘داركو,1
الغجر،,1
“دنيفنيك”,1
التكاملية,1
استفادتهم,1
"فسيرحل"".",1
وإلا،,1
عقده.,1
سيمدد,1
"""معلقة""،",1
استُنزفت,1
لتتجدد,1
الجوفي,1
لمباركتي,1
الأساقفة,1
ونطلب,1
فسنذهب,1
والعائلة.,1
يومه،,1
المتعددة),1
(السكريات,1
لإزالتها.,1
وجوههم،,1
هاب”.,1
“إكسيل,1
المنفيات,1
سوت،,1
بماي,1
يوميًا),1
4–5,1
الحذر...,1
الكافيين.,1
استقلاب,1
الحمل),1
الطمث،,1
الإفلاس.,1
“أسير,1
باحترام.,1
تقوله,1
وشجاع,1
تجاربهن,1
ويلز.,1
سينضمان,1
"""سينغتل""",1
تعبيرًا,1
ومؤيدوهم,1
علنًا.,1
بأشواط,1
سريعة،,1
بهلوانية،,1
تُسلِّط,1
“القانون,1
المعنيّة.,1
ومؤسّساتها,1
سُفِحتْ,1
التنفيذيّة،,1
وقَّعت,1
"دخان.."".",1
تُحوّلوا,1
التخصيب...,1
"""الطرف",1
تصديقها,1
كلّفتها,1
تقصّي,1
نوّاف,1
يتعدّى،,1
واغتصاب,1
بشخصها,1
بحضورها,1
خاطبت,1
سوكري.,1
يُسْلب.,1
منا،,1
سُلِبّ,1
التركية-السورية.,1
سوري،,1
الحلاق،,1
"مُقدَّمًا"".",1
يثني,1
المؤلفة.,1
أفيش,1
أفضل:,1
الإنترنت”،,1
بمظهر,1
ولإظهارها,1
دعمتني,1
شفافيتي,1
العجز.,1
وتبحث,1
التفاؤل،,1
للمرونة.,1
مناخات,1
لتزدهر,1
وتؤشر,1
لبعثة,1
ومروّع,1
القيادية.,1
للاستياء,1
المقدم.,1
المنتشي,1
"إنسانية""",1
"""أسوأ",1
والاكتئاب.,1
يتعاملون,1
للمستخدمين،,1
يوماًمقابل,1
ضمانوقف,1
بعيدة،,1
سمية.,1
حيوياً,1
لاريز,1
دومينغو,1
كوبيين,1
بسمعة,1
سيء,1
للصيد،,1
نذهب,1
وسوتي,1
المخمر،,1
إيراج،,1
الحاد.,1
ومتزايدًا,1
المتهربين,1
الفرنسيةإلى,1
تتجهالحكومة,1
و6-4,1
(9-7),1
7-6,1
وأليكس,1
منشيك,1
والتشيكي,1
مقللةً,1
فعلهم,1
التواصلَ,1
والمعلوماتِ,1
حجبِ,1
يعدِ,1
لقبل,1
“سحر”,1
لغاباتنا.,1
استخدامنا,1
والمبادئ,1
[أن],1
قيود؛,1
نخشى,1
[و],1
للتجمع,1
كاذبة،,1
ويتهم,1
رأيها،,1
للغابة,1
ويصفهم,1
لرهينة,1
يومٍ.,1
يتقلَّصُ,1
الخارجِ,1
المقيمينَ,1
الشخصيَّ,1
متقدما,1
للثالث,1
أوسلو.,1
ومخففةً,1
الخارجيين,1
“آلت,1
ويُساهم,1
الاحتيالي,1
بالبرامج,1
ضار,1
أرواحهم،,1
ينخر,1
ندوب,1
ووجدانهم,1
أجسادهم,1
بأعجوبة،,1
ذاتي.,1
الملمس،,1
الروائح،,1
بها:,1
الحسيّة,1
آلياتهم,1
مزوّدي,1
مكسورة,1
أوصي,1
العوامل.,1
المتعدد,1
وستخضع,1
"""سيختارها""",1
بخارطة,1
"""اتخاذ",1
وتنمي,1
تعظم,1
بدقه,1
والمنفذة,1
"""اكتشاف",1
بالجنس.,1
3900,1
"لحالتهن"".",1
بأنفسهن,1
شؤونهن,1
يملكن,1
أُسري,1
فالإستراتيجية,1
مصالحهم,1
ومراعاة,1
تميّز,1
والبعث.,1
كمنارة,1
تعدي,1
"""القانون",1
رويبي,1
"أنظمتهم"".",1
روبونوني,1
أيشالتون،,1
سيشكل,1
إير-,1
نغفل,1
نراه،,1
وأثمر,1
أزهر,1
والإعلامي,1
المُراد،,1
لروكافوندا.,1
304،,1
مُشكّلًا,1
بيديه،,1
بأهدافه,1
أصوله،,1
للأمة,1
نفسه؛,1
يصوب,1
أشواريا,1
ديبيندرا,1
وتوابعهما.,1
للغزو,1
مثالاً),1
(إسبانيا,1
«مزاج»,1
يتقلّص,1
النووية؛,1
والطاقات,1
بالتكتل,1
"الميسر""",1
غويانا.,1
وديزني,1
ونينتندو,1
إي،,1
الأرضي،,1
ابنتها.,1
محاكمتين,1
ذاك،,1
يدوية.,1
-بالنظر,1
نحيفًا,1
المراهق,1
للبالغ,1
بطفله.,1
ولإعداد,1
حاجاتها.,1
يعني،,1
بمصطلح,1
وربحيتها,1
ومرتاديها،,1
فعالية،,1
ودازن,1
التفاعلات،,1
تمهيدية,1
النظارة,1
كلاجئين.,1
ملموساً,1
مظهراً,1
أصبحتا,1
ثانويتين،,1
مسألتين,1
سبيلًا,1
بيكر،,1
والمطلعين,1
موفلين؟.,1
الأبد،,1
للأذى،,1
للجمهورية،,1
وسيقودون,1
تستضيفه,1
للفائزين,1
أهداف.,1
بالمجمل,1
حرمته,1
جوهانسبرج.,1
العامون,1
المدعون,1
"10,000",1
للفرد”؟,1
ظلما,1
تحريره...,1
"""أريد",1
"للموضة""",1
احتيالي,1
"الشخصية""،",1
الموزعين,1
عنيف.,1
بأجسادهن.,1
إملاء,1
المحتشمة.,1
يُصنَّفون,1
لإغفالٍ،,1
والتفصيل,1
الانخفاضات؟,1
سؤالًا:,1
والرواسب,1
تحوم,1
الشبهات,1
بعضها،,1
والأحراش،,1
لتنافس,1
السواء.,1
وعريقة,1
بالمفاجآت,1
ويزخر,1
بنسخته,1
وفيضانات,1
وأجلت,1
اسطنبول.,1
ديمُقراطياتُنا,1
يشكله,1
بالمكالمات,1
وأزرار,1
يمين,1
الأفقي،,1
والقاعدة.,1
واتخذتها,1
تضررها,1
حفريات,1
والعقيق،,1
للصوان,1
ومواطنين,1
ونفذ,1
"""الديربي""",1
إيجادها,1
بالظهور,1
وأسواقها,1
100.00،,1
40.97,1
100.00,1
وتدريس,1
و98,1
هوت,1
السياحية،,1
تنج,1
إنشائه,1
ثلاثا,1
أف-35,1
وهولندية,1
بولندية,1
وأسقطت,1
الاختصارات,1
يسارها،,1
مكانتي,1
الحمَّاد,1
والتحيزات,1
الفطرية,1
هاريانا،,1
ميوات,1
كوفيد-١٩,1
وباء,1
الأبحاث.,1
ثمارها،,1
تؤتي,1
بالعادات,1
رعايتها,1
وأعواد,1
أعواد,1
ولجعل,1
إيجابيةً,1
تأثيراتٍ,1
فدان.,1
مثبت,1
مشنوقًا,1
شريفوف،,1
محي,1
المؤجرين,1
31.62,1
"خلفهم"".",1
ضدهم,1
وسأتخذ,1
والادعاءات,1
أتهاون,1
وأؤكد,1
وإنسانة،,1
الطير”,1
“منطق,1
الحبيب”،,1
والروح،,1
بالجسد,1
تخلٍّ,1
إداري،,1
"""إخراج",1
التطرف.,1
للسامية،,1
واحتلالها,1
زجاج,1
الطاقةِ.,1
وأمنِ,1
العامةِ,1
والصحةِ,1
أراغالايا,1
"لحماس""",1
والكامل,1
"بـ""الانسحاب",1
"الحمراء""",1
مطوّل,1
"معًا"".",1
والانحراف،,1
يعرّضها,1
مسؤولياتنا،,1
أسرتي,1
باسمي,1
الزج,1
"""أرفض",1
لوفاء,1
للعطار,1
وبإنهاء,1
ديمقراطي،,1
وبإصلاح,1
بالمحاسبة،,1
والساحات,1
رقميًّا،,1
لامركزية،,1
قاشقي،,1
ومكعب,1
ليمون,1
المربى,1
يغضون,1
الزاحف,1
لميزات,1
جمهورية.,1
تاريخيًّا:,1
تشرشل,1
البريطانى,1
تونى,1
كتابًا،,1
داربار,1
سينغا,1
بتخريب,1
مُرضيًا,1
ثقافيٌّ,1
شغفٌ,1
“للأوكرانيين,1
يوليا:,1
"صحيفة""الاقتصادية""",1
٢٠٢٤.,1
ضمك،,1
وتقام,1
للإيقاف,1
لجلسات,1
سينزل,1
للكهرباء”.,1
وستبني,1
بالمياه،,1
“ستبني,1
التيار.,1
ثلثها,1
الحلبة,1
أيقن,1
الأثرياء.,1
والشهرة,1
صفاته,1
٣,1
وتاتشر.,1
الإثنين،,1
ستترأسها,1
يُحسن,1
"الواضحة""",1
"""الأخطاء",1
الأمريكيين.,1
وعلاقاتي,1
بلداننا,1
فيأتي,1
تشغيلها.,1
1.36,1
جنوبيين.,1
عمالاً,1
المحلي)،,1
قولها,1
شاذ.,1
والاستنكار,1
مغربية,1
تنفيذها.,1
ونتعهّد,1
"الفلسطينية,",1
"للمجتمع"".",1
"""نفعهم",1
المهاجرينبشكل,1
ستدرستشديد,1
شبانة,1
ثمن؟,1
المتواصلة.,1
تحملهم,1
قياداتهم،,1
ويؤوي,1
نقيضة,1
تهديداتهم,1
لمتطلباتها.,1
مجتمعاتها.,1
فقوانين,1
نحوي.,1
الأول).,1
وبدءاً,1
بالتكنولوجيا.,1
حذّره,1
المراهقة.,1
يذكّره,1
بموهبة,1
وجمعيات,1
الزوجات,1
وأسباب,1
الرادعة,1
ويُعرّف,1
التأشيرات.,1
اضطرهم,1
البوركينابيين،,1
96.2,1
96.8,1
ويخاطر,1
يهمش,1
باي,1
بمونتيغو,1
سبرينغ”,1
“سولت,1
برؤيتنا,1
ليخبرني,1
استراحة،,1
مهدت,1
هارتارتو,1
إيرلانغا,1
النهائي..,1
واغادوغو،,1
ولسنوات,1
يتناولونها,1
المحليات،,1
عُينت,1
ستقرران,1
تعتبران,1
لمهنٍ,1
ويتخرجن,1
مهاراتهنّ,1
والرياضيات،,1
ومهارات,1
تكنولوتشيكاس,1
يتصاعد,1
بحساب,1
عيب,1
الاعتداء.,1
الاعتداء،,1
لسيتي,1
إيرلينغ,1
لمواجه,1
تحتم,1
المنزل”،,1
“يبدأ,1
المأثور,1
لساعاتهم.,1
ماروس,1
السلوفاكي,1
والمفوّض,1
أنشطةَ,1
المحليُّون,1
النُشطاءُ,1
"القصير"".",1
مينون،,1
وتهافتت,1
القنوات،,1
ومعنويًا،,1
عاتقها،,1
خدمتهم,1
زد”،,1
لـ”الجيل,1
"""لارام""",1
فأشارت,1
14%،,1
يُتوقَّع,1
2025!,1
مفصل،,1
"أو.سي.بي.سي""",1
يُمارس,1
والصحفيين”،,1
“أمن,1
نذرول,1
الخنجر.,1
وداعمة،,1
عطوفة,1
للتجمعات,1
بأليات,1
ريادات,1
البلادِ.,1
مُستمرَّةً,1
التعدينِ,1
وانتقلوا,1
الزرادشتيين,1
يُروَّج,1
"دي"".",1
وتُمكن,1
لانتشار,1
كحواجز,1
لاستكمالها,1
كيال،,1
والمتطرفين،,1
باتيل،,1
كاش,1
"""أف",1
صعباً.,1
لـ59,1
20.8,1
الأكمل,1
سحبه,1
قمعًا،,1
"الإنتاج"".",1
فروقات,1
"""الربط",1
الندم.,1
هادئًا،,1
"ممتنة"".",1
الجري،,1
التأرجح,1
وممتعا,1
500.,1
تقلباً،,1
أباد.,1
لينتهي,1
يجمعهما,1
و”شعيب”,1
“تشاندان”,1
الصيدليات.,1
ويباع,1
76.9,1
زوار,1
148%،,1
لإنسان,1
والمقدّرة,1
تدرّها,1
والعشرون,1
وقرّرت,1
والروحانية،,1
والشمولية،,1
والتفاهم،,1
"و""إيثر""",1
"112,700",1
11:20,1
إداري.,1
إهانتهم،,1
الضُباط,1
واحتُجز,1
يرتاد,1
متتالية،,1
وآرائهم,1
تفضيلاتهم,1
استبيانًا,1
239,1
ناخب,1
تضلل,1
الضمني,1
1932,1
لتوحيد,1
الوطني»,1
المعنى:,1
حقيقية؟,1
للمحللين,1
أمريكيّ.,1
15.99,1
اشتراكهم,1
بالمنصة-,1
-وهي,1
"""بلاتينيون""",1
غيغابايت،,1
3.99,1
دولاراً.,1
"4,170",1
1952،,1
الأبنية.,1
اكتظاظا,1
والسند،,1
حزيران،,1
يختارونه,1
كاملةً,1
عليها؟,1
وتمارسها,1
يعشقها,1
"رايدر""",1
النابعة,1
بتقاليدها,1
وواثقة,1
وراسخة,1
المؤسس،,1
أركتيك,1
والخدمات”.,1
“الضغط,1
ميقاتي,1
مثمرة.,1
ترامبوإيمانويل,1
نظيريه,1
للمظاهرات،,1
العدل»,1
«قصر,1
اعتصامًا,1
ونظّمت,1
المجتمعي.”,1
كمحرّكاتٍ,1
وتكبدوا,1
(1950-1953)،,1
تختبرينها,1
بالتغيرات,1
تأثرها,1
السياح.,1
باي،,1
مونتيغو,1
الشريرة,1
هول”،,1
روز,1
لقصر,1
“الساحرة,1
آني,1
"أولًا"".",1
"""النساء",1
بقوارب,1
الطاقم.,1
وبالتهديد,1
حلقتان,1
المندب),1
(هرمز,1
ادعاءً,1
مشاهدات,1
معايير:,1
وركّز,1
يبرزوا,1
تمسّكهم,1
لمناصري,1
أزعج,1
المناقصات.,1
سلّطت,1
المموّلة,1
بيئتك؟,1
3205.63,1
3187.02,1
العنصرين,1
المهتمين،,1
يؤكدان,1
المندب،,1
تا,1
طفلان.,1
الراحلة,1
والدقيقة،,1
فالصواريخ،,1
"جيميني""",1
مؤخًرًا,1
فوز.,1
هرمز،,1
بغلق,1
معتز,1
والعالمي,1
الاولمبي,1
رصيدهم,1
مواقعنا،,1
نتخل,1
"""فرونتلاين""",1
الكشف.,1
كوبيلوت،,1
381,1
ليتراوح,1
"""أليك""،",1
لابتكار,1
والحرير,1
حياكة,1
تتفرد,1
وأبعد,1
"""ملموس""",1
عقدتها,1
تاو,1
راجي,1
تينجي,1
لجبل,1
جليديًا,1
انهيارًا,1
بتصدع,1
"الظروف.""",1
السماوي,1
مثلها،,1
بمواطنين,1
الاصابة.,1
برشم،,1
محاصيل,1
وزرعت,1
«قد,1
بيرول،,1
فاتح,1
"435,000",1
آبادي,1
سيلقي,1
بالعدوى؟,1
سيتهمني,1
لوجسيتي،,1
الأقليم,1
البروليتارية.,1
والثورات,1
مكرسًا,1
كشيوعي,1
"""القمة""",1
مدربي,1
بتصويت,1
دستوري,1
إعجابهم,1
ينالون,1
16،,1
الكهرباء».,1
وتجزئةً,1
وقمعًا,1
استعمارًا,1
يغادرنا,1
623,1
وماكلارين,1
286,1
الصانعين،,1
(فاراناسي)،,1
بنارس,1
للجولان,1
والبت,1
طارئاً،,1
عسيرًا,1
بالحرس,1
بالجيش,1
بموافقتهم,1
يُحسنون,1
متأثر،,1
قلتُ,1
المتحصلات,1
بالقتل.,1
بالشتائم,1
وصربيا,1
بيريكار,1
مبيتشي,1
العدسات,1
والتقطت,1
باليابان,1
أستحضر,1
أجدني,1
أميّزها،,1
أتوه,1
اختراع”.,1
حاصلًا,1
يكن],1
[لم,1
“لأن,1
هانلين،,1
رقابتها,1
95-1992,1
ثوريًا.,1
نجحتا,1
وقطر،,1
الوسيطين,1
ابتلاعها,1
نانوية،,1
وجسيمات,1
مايكروبلاستيكات,1
الميكروويف,1
المفترسون,1
ضايقهم,1
تمحى,1
والصينية.,1
اللعنة,1
متقاربة,1
عنوانها,1
ضيرًا,1
ومسارِ,1
والتبعيةِ,1
التنميةِ,1
مِزْوِجِ,1
المليمتر,1
بأجزاء,1
الامتصاص.,1
امتصاصًا,1
الصفار,1
السبانخ،,1
البيض:,1
صفار,1
شاب.,1
والإبداع-,1
بالقارةِ,1
تضرُّ,1
مزدوجةً,1
لعبةً,1
تمارسُ,1
الصينَ,1
دعاةِ,1
يتخوّفُ,1
الطاقةِ،,1
كيوتو,1
قطعه,1
"إلغاؤه"".",1
تعديله,1
الإسناد,1
عاتقها,1
الجارة,1
شقته,1
إرادتهم.,1
مصائرهم,1
الجندرية.,1
طبية’,1
‘لجان,1
تصورًا,1
جيميني.,1
لشعار,1
متدرج,1
متماشيًا,1
الخادعة,1
الظلمِ,1
ضدَّ,1
كفاحِها,1
الإفريقيةِ,1
اقتصادكوريا,1
وثقافتك,1
بأرضك,1
ارتباطك,1
تحافظين,1
المزدحمة،,1
"للمسلمين""،",1
للعرب,1
"(2003-2011)"".",1
"""توني",1
سيؤكد,1
بالتماشي,1
أذواق,1
تلائم,1
تذكيرًا.,1
ستكتمل,1
ثابتِ,1
كنمطِ,1
“النزاعات,1
للهرب.,1
تحمله،,1
الزيتية،,1
لأجد,1
زملائي,1
الدروس،,1
جربوا,1
36%.,1
برومانيا,1
تتخارج,1
المكسيكيين،,1
المنظمين,1
الجنوبيةقد,1
أنتسوخيليدزه,1
جيورجي,1
تسولكياني,1
مسببةً,1
فيتنامية،,1
مزدوج:,1
المحققة.,1
والأرباح,1
ويقضي,1
مجانية.,1
سياحة،,1
لمنزله,1
حافظمن,1
الفنانعبد,1
الصحي”.,1
بمستوياتِ,1
"""معياراً",1
"""مايكروسوفت",1
أنالصفقة,1
"""عنكبوت""",1
بعثت,1
مطارات.,1
للمعارضة،,1
ينتفض,1
رينا,1
مباغت,1
كوبرتينو.,1
للاستقرار.,1
وشرطية،,1
(2020),1
ساكاشفيلي.,1
ضُحِّي,1
"""عرض",1
الأطباء.,1
الكفاءة،,1
الأفغان”.,1
إرهاب,1
شركةأبللإطلاق,1
ووقايتها.,1
وتربيته،,1
ورعايته،,1
والنباتية،,1
البيطرية,1
والمجالات,1
أيٍ,1
الوبائية,1
ومكافحتها،,1
"ذهبيا""",1
وأحاله,1
الاصطناعيالكبرى،,1
نَشر,1
اختراقا,1
ونجاحات,1
والمُمَنْهَجَ،,1
يمكن،,1
قيود.,1
والمتاجرين.,1
والمهربين،,1
المتعاطين,1
بالتمييز,1
وصُدِّق,1
11.343,1
بأسره.,1
"مبهر""،",1
بالاعذار,1
تقصيره،,1
التوظيف،,1
صيامهم,1
يكسرون,1
ووجبات,1
الموريتانيون،,1
الاجتماعي”،,1
“مؤثرًا,1
هوجو،,1
البيطري،,1
وويتكوف,1
"مختارة""",1
"""مطارات",1
برمجيتها,1
رفضه.,1
أُعجبتُ,1
كملفات,1
لتقاريرنا,1
ملخصًا,1
وحمايتها.,1
لتشغيلها,1
"""موانئ""",1
التوق,1
الرديئة,1
وسانتياغو،,1
ومدريد,1
والانتاج.,1
بالاداء,1
الأعذار,1
الإغراق,1
عنده,1
المخالف,1
مقيمين,1
وإيرانيين,1
سيتضمن,1
"والإنسانية""،",1
بميناء,1
وسيتطلب,1
أريوب,1
التوليفة,1
والروسية,1
وزارتا,1
"قادم"".",1
ويستمتع,1
ألعابهم,1
ودائمة،,1
بقدرتهم,1
مساعدا,1
أمينا,1
يختاره.,1
شرطان,1
اختياراته,1
ووالر,1
وارش،,1
تسابقإيرانالوقت،,1
المحافظ.,1
بتسخير,1
اللكمات,1
مخالب,1
قلّمت,1
وبرهن,1
جلبها,1
أوتار,1
لتكامل,1
آفاقاً,1
"نعرفه"".",1
الآن...,1
مستقبلا,1
شابا،,1
أتفهم,1
":""خضت",1
الجيتار,1
“أدوات,1
شخصيةً,1
وأسرّةً,1
غرفًا,1
فرسمت,1
“بيروز”,1
الفارسي,1
صلاحيته,1
المتحدة..,1
خيانات,1
للخطة.,1
المحددة”,1
“مواقع,1
الجدارية,1
لمعاملة,1
إضرابه,1
الرغْم,1
ذكر،,1
حلوة,1
ويتمّ,1
المحليّة،,1
السّلطات,1
بُعد،,1
"الساحة""؟",1
صلاته,1
متسائلة,1
عبادة،,1
والتخويف,1
المصلّين,1
الأسماء،,1
احتشدت,1
المنتشري،,1
خليجية,1
"الشمس""",1
"""شروق",1
"الحيوي"".",1
استثماراتنا,1
توسعية,1
إبّان,1
الاحتمال،,1
ونسير,1
إفراج.,1
المدونة,1
وتعقيدًا,1
صبح”,1
“هشتِ,1
"حالياً.""",1
بالمغنية,1
عاطفياً,1
الوطنيّة،,1
التّقاليد,1
بيلدي,1
ينظّمها,1
الثّقافية,1
أدناه,1
بوليمرات,1
شدة،,1
8.,1
وإنستغرام.,1
باكستانيين,1
تجديفي,1
لمشاركتهم,1
حافظالدولارعلى,1
مسلح،,1
وأنني,1
أحمل،,1
خطأها؛,1
لجدتي,1
حُظرت,1
بالمثلية,1
المربوطة,1
يُلجم.,1
بسيادات,1
الاستهتار,1
تكاتفت,1
نُشرته,1
وأصدقائه،,1
عدرا,1
والفنادق,1
المصرّح,1
ممرًا,1
"وقالت:""",1
الشاب.,1
لمقابلة,1
"سالسا""",1
تدواس,1
النوافذ،,1
نهايته.,1
متقناً,1
بالمنطقة.,1
مهولة,1
والحيوي,1
كاشفًا,1
“إنترنيوز”,1
البداية؛,1
والاستمرار,1
توازنت,1
أقرتها,1
للتخزين،,1
منخفضة،,1
ليقتصر,1
وتباطأ,1
منفتح,1
أتابعه,1
لأهميته،,1
وأحببته،,1
الغني.,1
الأسلوبية,1
وتحييد,1
المورمون,1
والمؤثرة.,1
الدؤوب،,1
بالأمنيات,1
فرح,1
يعانيه,1
نرى،,1
مصابون,1
تخبرنا؟,1
ويسألانني:,1
والشوارع,1
الواجهات،,1
بنكي,1
البين,1
’آيفون,1
للتنمر.,1
تقويضها,1
والسيادة,1
خيالية،,1
هجومٍ,1
كابرال,1
إيفلا,1
وخوسيه,1
و1987،,1
أوزفالدو,1
للمغاربة.,1
انظر،,1
لنا:,1
وإعادتنا,1
لتشجيعنا،,1
الشاهقة,1
والصفوف,1
والسينما،,1
والأدب،,1
أسبوعًا.,1
ووزن,1
وفيينا,1
واكتشف,1
التقسيمات,1
أحمر..,1
أزرق،,1
والموسيقى،,1
لقبيهما,1
موتيلي,1
وينفريد,1
سفيان,1
صعوبات.,1
والتباينات,1
أسودًا,1
أبيضًا,1
الخرابشة,1
نفعل”.,1
تستسلم،,1
“اركض,1
مميزًا”،,1
وحدك”،,1
الآن”،,1
“كلنا,1
المسعفين»,1
«مقتل,1
بشكوى,1
تقدّموا,1
جبلية,1
تضاريس,1
يوليوس,1
الشخصيات،,1
"الإباحي""",1
"""الانتقام",1
بيست,1
أشهرا,1
السوداء،,1
المرشحين.,1
وصولهما,1
سباقي,1
"""أرغب",1
"الإيجارات"".",1
مقبول”.,1
ومرتبط,1
وزملائي,1
دفنهما,1
ودُفنا,1
وانتحر,1
أنطونيوس.,1
خلفائه,1
الغارة,1
ماريوبول,1
ويقوده,1
و2014,1
متتاليتين,1
(آذار).,1
لسلطات,1
57.3430,1
70.8545,1
7.0%,1
ذكرها.,1
القصية,1
88.62,1
وهبطت,1
نجمع,1
إدراجهم,1
لإخراجهم,1
لأجلي,1
18.5,1
الإيرانيأدنى,1
سجلالريال,1
انتهاز,1
جورجينو,1
وللاتفاق،,1
أنظمتها،,1
"متطورة""",1
"""جهة",1
مشبوهًا,1
المحتجين.,1
كوهدشت,1
الباسج,1
الثوري،,1
فولاذية,1
جملونية,1
بجسور,1
متراً،,1
1420,1
امتداده,1
سهمًا,1
كانتيبور”.,1
“مهاجمة,1
“ديسكورد”,1
الاكتتاب.,1
للجزائريين,1
يذكرك,1
تلقيتها,1
هزات,1
بولو،,1
الرحالة,1
يدخلنا,1
بنص,1
طبع,1
بحدودي؛,1
فينالدوم,1
الانغلاق,1
لرسالة,1
المنفتحة,1
يتحد,1
سهمًا.,1
لتأخر,1
الالتئام.,1
داغستان,1
كتلك,1
يتخيّل,1
مشتّتين،,1
المدنييّن,1
النّشطاء,1
المتبّقّي,1
والقليل,1
صاعدًا,1
سيتكفلون,1
التنشئة,1
والعلمي,1
يوازيه,1
لحظاتها,1
الفسيح.,1
وعالمه,1
انضباط,1
لريما،,1
الإشادات,1
ضجت,1
ولاحقًا،,1
هذا».,1
للفاشيّة,1
هديّة,1
تستمرّ,1
وممرّ,1
أُسكت,1
إسكاتنا.,1
والإيديولوجيّون,1
الفنيّون,1
وشركاؤنا,1
زملاؤنا,1
تكشفه,1
المُوجّه،,1
أمورهم,1
معلّقًا,1
طريقٍ,1
الذاتي—,1
—الوحدة,1
الروايتان,1
ديوغو,1
تُحارَب,1
تستحقّ,1
المتبادلة.,1
والمنفعة,1
بالتراث،,1
الطوعية،,1
وكاحلي،,1
وساقي،,1
فخذي،,1
تعليمه.,1
الأفدح,1
بالمدنيّين,1
النازل,1
المضيّ,1
المتعطّشين,1
المتطرّفين,1
أرجنتينيًا,1
649,1
الدفاعي.,1
81.5,1
استغاثة،,1
ماركيز,1
بيليري،,1
بياجيو,1
والصحفي,1
روسيو,1
تهاجمنا,1
تصفيتنا.,1
دوماً,1
والقوميّة,1
الفاشيّة,1
مؤيّدو,1
وحض,1
الفوائد.,1
الكوليستيرول،,1
تبريره,1
والمحتجزون,1
نجتمع,1
استثنائيًا.,1
فقيرة,1
مايو.,1
نايتسبريدج,1
بمتجرها,1
هارودز،,1
سبنسر,1
ماركس,1
ببرنامجيها,1
مكوّنات,1
افترض,1
للخيارات,1
وتوضيحات,1
أثقلت,1
يُضطر,1
أبداً.,1
الأوكيناواني,1
تُنصف,1
المتكرّرة.,1
وواقعيًا,1
أطفالهن.,1
تضرّ,1
تضرّهن,1
بالحمى,1
"و""التحمّل""،",1
نجنّب,1
(62,1
ورافينيا,1
إحساسٌ,1
٩٢٪,1
وفرارهم,1
لنزوح,1
يسرّع,1
سكريات,1
المعلبة,1
المترجمون،,1
صحةالقلبلأنها,1
مناخية،,1
الإمكانية،,1
بالأنابيب,1
المنقولة,1
لإمكانية,1
تجاربها.,1
متحدثةً,1
لأسماء,1
مكالمةٍ,1
مُهتز،,1
وبصوتٍ,1
يعتريها,1
الذريع,1
بالخوفِ,1
يتقبلون,1
ترحيبهم,1
بالنادي,1
وشغفهم,1
الاحترافي,1
أدائهم,1
"""لعبنا",1
للحقائق،,1
نالا،,1
مرئي”.,1
كونك,1
نامشي,1
شيربا,1
تشوجيال,1
تينسينج,1
كابلها,1
الساحليين,1
لجيرانه,1
الرحلة.,1
لرحلات،,1
ورجّح,1
والصعود,1
للائحة,1
أخباراً,1
والصحف,1
حركته.,1
0200,1
الداكن,1
والشعر,1
مصريّ,1
النويبت,1
الضأن.,1
وسمبوسة,1
وينافس,1
بشرة,1
للون,1
للأصفر؛,1
المائلة,1
تعهد،,1
نيلسون,1
والاختفاء.,1
الإفلاس,1
وإجبار,1
المسافرين.,1
الكعك,1
البسكويت,1
للوجبات,1
الحليبي,1
عنصرية,1
ذرعًا,1
ضاقوا,1
للأمريكيين,1
الخارجبصحبة,1
دخولالهواتف,1
بتغييرات,1
شدّة,1
أسيء,1
ولا...,1
وعديمي,1
والمتجاوزين,1
بالأرشيفات,1
الذهاب.,1
ماملو,1
وسدّيّ,1
34%،,1
58%،,1
انخفاضات,1
تموز/,1
شكوكًا,1
"""غورك""",1
ألدريش,1
أونيانغو,1
حرار,1
دبي،,1
والجنود,1
الهاوية,1
لافي،,1
ليشاي,1
تصفية،,1
وجريمة,1
والمساجد,1
المطابخ.,1
والخطب,1
الشمولية؛,1
19.8,1
الشرفاء,1
واستُقصِد,1
558,1
772,1
877,1
"التاريخ"".",1
بالديون,1
ترجيح,1
بتجاوزه،,1
لانها,1
استراتيجياً؟,1
والأثاث,1
والشاحنات,1
فنعم,1
لذا..,1
(2),1
"صحيفة""الاقتصادية",1
استخباراتية.,1
والناس...,1
ثارت,1
العزيز...,1
تعسفي,1
سيبرت،,1
لورين,1
المبادرات،,1
وإفادات,1
لتغريدات،,1
شاشة،,1
نومهم,1
اجتماعاتهم،,1
لمساكن,1
بقمّة,1
متبوعة,1
عُقِدت,1
فايس,1
القبول.,1
فلاست.,1
زوغ,1
البشري”،,1
ينعدم,1
ساكسون,1
"نيوز"".",1
الخفيفة،,1
الواجبة”.,1
وطردهم,1
والدتها،,1
الأوروبيون،,1
الفتح.,1
وتعلمني,1
تخيّل!,1
18.2%,1
والإنفاذ,1
المعدنية؛,1
السعوديبندر,1
لتوفر,1
كلّف,1
يحضرني,1
يوما.,1
والتضامن؛,1
متطرّفة,1
مناوئة,1
أتباعهم,1
أسلم،,1
والصحافي,1
المستشرق,1
أسد،,1
محسوسًا،,1
ملمّحاً,1
"أطول""،",1
سيسعيان,1
بنده,1
أضراراً,1
مخلفة,1
وشرّدت,1
مهددة؟,1
بالتشفير,1
س:,1
"وأخرى""،",1
ومسؤولا,1
يتعيّن,1
"""نسمع",1
لشعبها.,1
ييشان:,1
استبيان,1
يورجنسن,1
"أيضاً"".",1
مردوخ.,1
ولاكلان,1
متورط...,1
"""أكره",1
يكونان,1
"هورويتز""",1
الجانبين”،,1
“كلا,1
الموضوعية,1
يسيئون,1
و/أو,1
تصديقًا,1
وإسبانيا،,1
إدراك.,1
بنشرها,1
مقصودة،,1
بيريز،,1
خيسوس,1
كله.,1
تتهاوى,1
والبراغماتية,1
لخصومه,1
المتوَّج”،,1
“ملك,1
لصالحه.,1
يوظّف,1
“إسرائيل”،,1
المهنية؟,1
وكريستينا,1
تشابل،,1
نيمياس,1
فاسكيز،,1
مارلين,1
كويوك،,1
تشي،,1
ياما،,1
ياميلي,1
ستضم,1
"بريفينغ""",1
صنداي,1
أساسه,1
لنبض,1
وتستجيب,1
جمهورها,1
تحديثها،,1
ميشلزن،,1
كلاوس,1
متشددة.,1
"بـ""الكأس",1
"جيرمان""،",1
بالجائزة:,1
"موند""",1
بالسياح,1
تُبثّ,1
وكاميرا,1
ومكبر,1
بميكروفون,1
والمثلية,1
موجهًا,1
ألفاريز.,1
الكاملة.”,1
تعوق,1
والعبء,1
سيحدث.,1
حظا،,1
"الفردية""،",1
المصنع.,1
المشافي،,1
"للصناعات"".",1
وأبرمتها,1
وخيمة،,1
رقمنتها,1
وتسريعها,1
"اقتصادي""،",1
ومتوافقة,1
تحوِّل,1
واصلتالبورصة,1
حامليه,1
إيكواس,1
صحيحًا.”,1
يخشين,1
فلسطينيين،,1
كمساعِدة,1
غارنيزيا,1
ضمانا,1
والواضح,1
"""يمثل",1
واستقرارًا,1
بقاءًا,1
30.4%,1
الحميم،,1
الجامايكيات,1
تتحدّث,1
لتخلق,1
تتضافر,1
شركة..,1
مواقيت,1
البيداغوجي,1
المنتهجة,1
تنحو,1
والتربوي,1
واقف,1
السوراني.,1
مقاتليها,1
وكردفان،,1
الأيمن.,1
مقتربًا,1
المصريةمكاسبها,1
بالتّسجيلات,1
التّحكم,1
وبالتّالي,1
النّظام،,1
تقانة,1
الصحوة,1
“أصوات,1
كانواس,1
وبفسحة,1
مثلنا,1
جُلُّ,1
حياتُّنا,1
وسفيرة,1
التخصّصات,1
رناسِنغه,1
كاسومي,1
ضعفًا.,1
المحاصيل.,1
الروسيةفرض,1
قررتالحكومة,1
"""وقد",1
"نراها"".",1
يحدث،,1
"""سيلقون",1
التمرد،,1
اليمينيين,1
أحداثاً,1
ورومانيا,1
مضمونًا.,1
المعالَجة,1
الحسّاسة,1
الصّوتيّة,1
—منها,1
بدمشق.,1
الجامع,1
أهلها.,1
وإرث,1
للعار؛,1
"109,274",1
"35,074",1
متساوون,1
فرنسية–سعودية,1
كدولةٍ,1
تمكينها,1
يكبح,1
مربطه,1
الله»،,1
و«حزب,1
بخصمك،,1
وبسيطاً,1
يصح,1
لتواكب,1
والطفولة,1
وأُدخلت,1
جذباً،,1
جسدياً.,1
والعملية،,1
فالتطور,1
وتطلعاته,1
لحيوية,1
بالبرتغالية.,1
الملّحة,1
استثمار.,1
منازلهم—,1
"""مسحاً",1
انقطاع.,1
بالكهرباء,1
يفارقني.,1
وتيليغرام.,1
مُكالماتِ,1
مُشكلاتٍ,1
الإبلاغِ,1
الروسُ,1
المُستخدمونَ,1
بدأَ,1
سطحالأرض،,1
والمتناثرة.,1
سقطت،,1
للتظاهر،,1
وشعبك,1
مقتضب،,1
"""المبيضات""،",1
الفطريات،,1
مردفين,1
"به""،",1
مركزه,1
"""6""،",1
بالتدخلات,1
واضحًا.,1
وحضورًا,1
‏فلا,1
والإنسانية،,1
الشرائع,1
وسعودية.,1
وفرنسية,1
بضغوط,1
شيف,1
فيبول,1
ويمثلها,1
26.49%،,1
"الشرق""",1
"""ويلسبون",1
هجماتها،,1
والوقفات,1
الخضراء)،,1
(تظاهرات,1
البانيولاثوس,1
الماشية.,1
أغنام,1
"نصراللهورفاقه"".",1
وللسيدحسن,1
وشهداء,1
العميل.,1
البنكية،,1
وتعزيزًا,1
وتسهيلًا,1
للمواءمة,1
(عضو)،,1
كولينغود,1
هاريتاران,1
وفيسواناثان,1
المجلس),1
ماثور,1
الرسميةإلى,1
وذلكضمن,1
بإيمانه,1
طريقه،,1
ساهاي,1
يوروبا.,1
بالأسى,1
تمثيلات,1
تشعرني,1
(إ.أ),1
أفوفون,1
إيفادولا,1
المؤثر.,1
الأصلية،والصحفيون,1
خاضوا,1
محيطًا,1
تُذكر.,1
اختناقات,1
للمرور,1
بالإدارة,1
الفيدراليون,1
يكبرون,1
حُرِم,1
والمستقبل:,1
سُلبنا,1
سورية.,1
والحب،,1
والعصيان,1
مظهره.,1
ومنبوذ,1
الصحيفة.,1
المتشددين,1
رفاتها.,1
قدماً،,1
كرال،,1
بافاريا،,1
خيمة.,1
المسكنات,1
الستيرويدية,1
بمضادات,1
والآلام,1
ميلين,1
حيوية،,1
شعرك,1
وتُضفي,1
تساقطه،,1
بصيلات,1
تُقوي,1
والبروتين,1
مازال,1
يحلموا.,1
والتوجيه،,1
يكبروا,1
اقتنائها,1
الأخاذ،,1
وجمالها,1
وولائها,1
وسرعتها,1
متقدمًا,1
سيصوتون,1
المبتكرة.,1
لوظائف,1
تنافسها,1
حظوظ,1
مونتيفيردي،,1
أجندتها،,1
التسول.,1
انتظارًا,1
الأفيونية,1
غاراف,1
الإلغاء.,1
"وجلي""",1
"""واضح",1
والمرافقة.,1
والإغارة,1
متكافئة،,1
أياً,1
المقدس،,1
وأسبوع,1
أكدها,1
بالعشب.,1
مراعي,1
المنغوليون,1
التركماني،,1
أنفس,1
الجبن,1
والجبن,1
المعلبة.,1
والأسماك,1
"والطلب"".",1
تأجيرها,1
وإسلامية.,1
تتفتح”،,1
“نسيم،,1
الأوروبية(فرنسا,1
معتواصل,1
"""الإعلام""",1
للمنافذ,1
تفضيلًا,1
النفس،,1
وإيذاء,1
لخرق,1
الكالسيوم).,1
بالكالسيوم،,1
بالكالسيوم•,1
المدعم,1
البرتقال,1
والبروكلي•,1
الفاصوليا,1
الكالسيوم)•,1
كبريتات,1
(مصنوع,1
العظام•,1
المعلب,1
السردين,1
السلمون,1
القريش•,1
النظام.”حتى,1
تتذكّر,1
النظامية.وفي,1
المزاد,1
المحجوزة,1
لتحل,1
وتسعير,1
استفزازها،,1
المتحدةخلال,1
مندوبي,1
معانسحاب,1
جلياً،,1
تعانيها,1
“مراجعة,1
الفيتناميين.,1
الناتو،,1
المجادلة,1
ميندي.,1
تسديدة,1
بانينكا,1
ثبوت,1
اللائحة،,1
بإيران,1
بأهداف,1
تصفه,1
"كبير""،",1
متوفرة،,1
معيبة،,1
اختبارها،,1
الغرضُ,1
ميانمار.”,1
البوذية،,1
قضايا،,1
"و""إتش",1
ساكس,1
"و""غولدمان",1
"الرياض"".",1
محدّدة،,1
بذاتها,1
فأولًا,1
كلامه،,1
موفقًا,1
"""قاسم",1
والتحقيقات.,1
الكنائس،,1
التعديني.,1
التعدينية،,1
التعديني،,1
لايف،,1
ساكارا,1
أدريان،,1
"و""ميزوهو""",1
"وشركاه""،",1
تشيس,1
"و""جي",1
هولدينغز,1
",قالت",1
الرومان.,1
يدفن,1
"للمخاطرة""،",1
مثبطاً,1
"""مصادراً",1
تصاعدية,1
"""سلاك"".",1
جلّ,1
خفَتَ,1
"مستدام"".",1
والتصحر,1
واشتهر,1
وإمكاناته,1
متقلب,1
تحولان,1
فكلا,1
إضرابُا,1
النيتريك،,1
والأنواع,1
"و""الروثيا""،",1
"""النيسرية""",1
"""بريفوتيلا""،",1
العصير,1
ووردزورث,1
بقصيدة,1
ارتباطه,1
ونجاعة,1
364,1
بجرأته,1
الجراحة،,1
متخصصاً,1
معتادة.,1
بطريقةٍ,1
مختلفةٍ،,1
وبصيغةٍ,1
مزمعاً,1
ظهوراً,1
مُريب,1
أفرعه,1
مانهاتن,1
لوير,1
مخفضة,1
بأجرة,1
ستيل,1
"""تدخلت",1
بانضمام,1
ويرحّب,1
السودانيين.,1
وعملتها,1
وجيشها,1
والخيال،,1
بالزمن،,1
علاقتك,1
الخلود”,1
أنشودة:,1
رويحة،,1
للأستاذة,1
شيغيرو,1
148.62,1
هولنداخلال,1
التصنيعفي,1
لغوية.,1
كارين.,1
كاوكاريك،,1
"الشركة"".",1
التعرية,1
باللقب.,1
مميزًا،,1
الذروة.,1
ستشير,1
ميدتاون,1
دولارات،,1
ستعرّضها,1
غراماً.,1
العصبي.,1
تهدئ,1
جيسور،,1
سيثي،,1
إيشيبا,1
وستسوّق,1
وساو,1
وأمازوناس،,1
وتوكانتينز،,1
وبارا،,1
غروسو,1
وماتو,1
والبحوث.,1
والبوري,1
الكاحل,1
بأخصائي,1
للجسد,1
أبسط:,1
بيده.,1
ضعفاً،,1
متشددين,1
جديدة...,1
لضربات,1
والسنغال»,1
أطلسية:,1
«طموحات,1
اطلعتُ,1
رؤيته.,1
ألماني،,1
"""تصدق",1
متابعي,1
والروما”.,1
السينتي,1
والمُهم.,1
لنعيد,1
والرياضية،,1
منابر,1
أيدى,1
نُغل,1
فسيدفع,1
وجوجارات،,1
ماهاراشترا,1
اختفيا.,1
نصطادهما،,1
نوعان,1
قصصاً,1
يعرضوا,1
أوامرهم،,1
ييل،,1
ماركوفيتز،,1
الهرمي،,1
التسلسل,1
لتتناسب,1
يُحول,1
ويدّعي,1
يُمجّد,1
ونيجيريا,1
الإلحاح,1
بالمساواة,1
"""يوتيوب""،",1
"متصدقش""",1
يُعط,1
معاناته،,1
ديسكورس,1
بالكان,1
سجيفيك,1
كيركمساء,1
تأبينالناشط,1
الجديد”,1
“الواقع,1
غداً.,1
وتتصرف,1
وذوى,1
والمتخصصين,1
ينبغى,1
ولعلاج,1
وأخباراً,1
يكررونها,1
يرونها،,1
تفاحة,1
ويحفظون,1
ينظرون,1
العالم”.,1
كذب,1
للسفارة,1
بينتو/وكالة,1
قاساها.,1
تعزية.,1
الظالمين،,1
إجراءاتٍ,1
لأركان,1
"""السبب",1
لسجنه,1
وشقيق,1
أطفال-,1
الشعب،,1
الوطن”.,1
استنارة,1
تصاريح,1
“إدخال,1
كادكوي,1
صعوبة...,1
«الفار».,1
الطريد،,1
راحة.,1
«الهارب»,1
هيبتها،,1
استعادت,1
الرسمة.,1
مدينته,1
سرقة،,1
"""التشيرينغيتو""",1
تحفظاته,1
لتطبيقتيك,1
آجال,1
وتطوره,1
بنجابي,1
دنكي,1
لاستعارة,1
بالمؤسساتِ,1
تنطبقُ,1
البيانُ,1
أضافَ,1
جماعي”,1
“إفراج,1
إيجيبت،,1
إنترناشيونال,1
لـ15,1
يعظّم,1
"للمسيرة""،",1
"إنالحزب""يعيش",1
الحشد،,1
متلفزة،,1
ولامين,1
للإنسان،,1
المعنوي,1
الشرايين.,1
الكورتيزول.,1
العصبي,1
لمرتفعات,1
لأمطار,1
كراوية,1
كمقدمة,1
بالعلاج،,1
الوهمي,1
يتلقين,1
6.6%،,1
6.46,1
خطوته,1
قائلةَ,1
بالتجاوز،,1
وبورتلاند,1
سلطتا,1
الدعوى،,1
تشددًا.,1
“المحرضين”,1
أورا,1
تُكبَّل,1
بوتان,1
للعوامل,1
كبيرًا؛,1
الأقمشة,1
التحديد،,1
إيفرست,1
يتزلج,1
بارجيل..,1
والنعاس,1
الصداع,1
الزور،,1
الالتفات,1
لامتناع,1
المتحجرات,1
"الوسيطة""،",1
تمويلَ,1
أوقفَ,1
نفسِهِ،,1
اختبرت,1
باضطهاد,1
تركيزي,1
وموثوق.,1
"""سايت""،",1
للهيئة،,1
"""حصين""",1
التشاركي,1
المقيّدة.,1
الانتقائي,1
والتطبيق,1
المفرِطة،,1
بالبيروقراطية,1
وخصائصها,1
لاستخداماتها,1
جهودا,1
وشكره,1
التقدم”,1
المحاولة،,1
“واصل,1
لدعمك,1
المناسبين,1
الإصرار،,1
أنتاناناريفو،,1
المُتاحةِ,1
تقلُّصِ,1
زادَ,1
الأمريكيَّةِ,1
الوكالةِ,1
منالأزمات,1
استقلالها،,1
بصوته.,1
المداولات،,1
بيرغ,1
المغناطيسية.,1
والخواص,1
الواقعين,1
وتوكويتو،,1
أرسلوا,1
للمظاهرات,1
المشكوك,1
نزاعها,1
"هائلة""،",1
"""إمكانيات",1
الفريدة،,1
طفولتها،,1
وملاذ,1
لآنا,1
الرقميين.,1
جسيم.,1
[من,1
“بحسب,1
حياة؟,1
لعمالهم,1
يدفعونها,1
أسبق,1
نشره.,1
والمعروض,1
#قرار_ضبط_الإيجارات,1
"""معقولة""",1
الماليةالتي,1
المزيفة،,1
منالحسابات,1
التذاكر،,1
تُكثّف,1
يتوجب,1
تركيا]،,1
وباعت,1
"رئيسي"".",1
كممول,1
"""تحول",1
العابرات.,1
محظورًا,1
ملاذًا،,1
كاوكاس,1
إسكوبا,1
بيلار,1
(فادن,1
"والإعلان""",1
فادن,1
"الفنية""",1
سابقه,1
لنتائجهم،,1
بنفسها،,1
التحقيقات.,1
لمباشرة,1
وجارٍ,1
وحُرر,1
التخصصي.,1
سمالوط,1
والمصابون,1
ونُقلت,1
بالمنيا,1
بتكريم,1
استثنائياً,1
احتفاءً,1
رة,1
ببطئ,1
مالايا,1
ماناسلو,1
رب,1
غ,1
“ثلاجي”,1
يتلف,1
الحظ.,1
معطل،,1
10سنوات.,1
لأمانة,1
ميديا)،,1
هناك!,1
فابدأ,1
البديل،,1
ويتجاوز,1
قيلّ,1
أورفة،,1
سانلي,1
بكر،,1
ديار,1
"الملعب"".",1
بدأتُ,1
أحلامي،,1
بالجدية,1
بالتحلي,1
"""نصحني",1
مهيب,1
وتضليل,1
سبيتلير,1
آرون,1
لمقترحاتهم,1
ستلغي,1
أضافوا،,1
اللحظة.,1
مرتكزة,1
للتعهدات,1
لقائها”.,1
“توقفت,1
بذلك].,1
[لإتهامه,1
ستالين:,1
السوفييتي,1
الدكتاتور,1
شكوكا,1
بالوحدة،,1
الملل,1
يقررون,1
وتستقر,1
مفعمًا,1
الكيندوكا,1
(気合),1
“كياي”,1
روحانية,1
بصرخة,1
دقتها,1
الإدمان,1
"و""هانكوك""،",1
"و""إيفانهو""",1
"""باريك""",1
سجادة،,1
وبيده,1
فريد.,1
"بلازا""،",1
"""ديجويا",1
المرتقبة.,1
المتبقيين,1
الاجتماعين,1
ويراهن,1
وارتفاعا,1
عايض,1
غنائها,1
ويتساويان,1
دخولاً,1
لمباراة,1
جاهزيته,1
والبترولية,1
للمكامن,1
السيزمي,1
عمداً,1
ارتدوا,1
بالكازاخية،,1
والألمانية،,1
"غير""،",1
"""جدة",1
الأدق,1
مكنتها.,1
الانتفاضات,1
المعرفي،,1
"""رصدية""،",1
والكشف,1
بوذينة,1
إخلالًا,1
الموريتانية.,1
نواكشوط,1
الإيمراجن،,1
أرجين,1
نقاش.,1
مجهولاً.,1
كي),1
(إن,1
وشاملة”,1
“تراكمية,1
40600,1
3384,1
4350,1
وغازية,1
بترولية,1
أحمر،,1
تُصعّب,1
حماية.,1
النسيان،,1
والأرض.,1
مسلطين,1
الإجباري،,1
عارض,1
للأكشاك,1
خوارزمياتها,1
شرحت,1
والإعلانات.,1
للإيرادات،,1
منفصلًا،,1
قسمًا,1
انعكاساتها,1
مكالمته,1
للمشاة,1
20٪.,1
الدومينيكان،,1
الإنتاج؛,1
40٪,1
بالعمالة,1
الارتدادات,1
المخارج,1
وتتمثل,1
حام».,1
«أبناء,1
بعقاب,1
مسيحيون,1
مثقل,1
لصبية,1
والهواة,1
أكسيوس,1
لدق,1
ظاهرها،,1
واجههم,1
كينج,1
لوثر,1
القس,1
والعرق.,1
منقسمون,1
دعما,1
وشنّ,1
ومسيّرات,1
بريئة,1
كعقبة,1
التكنولوجيا!,1
"""روح",1
يختفي.,1
الرئيسيَّ,1
دخلِهم,1
مَصدرَ,1
صيادٍ,1
وفُقِدَ,1
تضرَّرتْ،,1
الزراعيَّةِ,1
هكتارٍ,1
المُتَّحِدةِ,1
الأممِ,1
لاحقٌ,1
أقرَّ,1
والعقلية.,1
الإعاقات,1
وأشرفية,1
جرمانا,1
أجانب.,1
(جنوب,1
كاتانغا,1
مقالع,1
تنظيم،,1
1933،,1
19.5%,1
غواتيمالا.,1
ومشاركتهم,1
نظرائهم,1
وتوجيهم,1
مشارك,1
الجيب,1
لوحي,1
العراقشبه,1
إلىإقليم,1
وستواصل,1
سيُستأنَف,1
لشحن,1
محمد.,1
للنبي,1
الدروز،,1
وأفقيًا،,1
بمواصفات,1
الفخ,1
"هيوم""،",1
قطاعغزةدخول,1
للمحيط.,1
نُسب,1
صحنايا,1
فيث,1
بالحادثة.,1
لليونان,1
اعتذارها,1
بلغارية,1
جنودها,1
قرّب,1
النار.’,1
تشكيله,1
للصوت,1
"نظامنا"".",1
سنستأنف,1
الأمر..,1
وعقوبة,1
سيعاقب,1
المعدل،,1
“مُلحّة”,1
جلساتها,1
عناده,1
"غروب"".",1
"و""سيتي",1
"""جي.",1
مقوّماً,1
لسرية,1
هويتيهما,1
المصدران,1
فعلو,1
انتزاع,1
مكنها,1
أخير,1
فاجأتها,1
تشيروتيتش,1
وستفعله،,1
الملابس.,1
نتبادل,1
ودائماً,1
فاللعب,1
استمتعت,1
قريبين،,1
نتكلم,1
والمقدمة,1
بُثّ,1
جواد،,1
مير,1
باطلة.,1
والإلغاء،,1
العاطفية.,1
مشاكلها,1
استخدام”,1
المنظومات,1
لقطاعات,1
وسيادية,1
المتنافسة,1
جسرا,1
لمنطقتنا,1
تنافسي,1
بمزاملة,1
والقارية,1
التعثرات,1
والرشوة،,1
وشعوراً,1
وغلواً,1
غطرسة,1
زادها,1
أعادتالزخم,1
سبائك،,1
مسلوقًا,1
الدهن,1
بإجهاد,1
(نترات/نتريت),1
حافظة,1
المستنكرة,1
والإسرائيلية،,1
ومحامين,1
المغامر,1
مؤسسين,1
لمقابلات,1
وفوسفور,1
صوديوم,1
الراغبون,1
الشراكات.,1
ستنقل,1
الحديدية،,1
بلوز,1
سكانّه،,1
جديداً.,1
فيالمفاوضات,1
"أنطونيوس"".",1
لحياتها,1
"""نؤيد",1
أطرًا,1
الأرمني،,1
سيمونيان،,1
أندرانيك,1
ادخار,1
الذهبمؤخرا،,1
المعلوماتي.,1
حققنا,1
"""سنحرك",1
مزارعًا,1
نفقاتهم.,1
وحدهم,1
الروك,1
‎يوغوسلافيا,1
لإحدى,1
5.8%،,1
بالتأثيرات,1
بالتوظيف,1
يدفعان,1
وتكلفتها,1
البداية-,1
-وليس,1
اغتصابٍ،,1
لاحتلالٍ،,1
و«بستاني,1
لكابول»،,1
الاستنادية,1
و«الجدران,1
كمباني»،,1
و*«بولِ,1
باغرام»،,1
«سجن,1
قصصهم،,1
أقراننا,1
آي.دي.تيك,1
والخاملة،,1
المبرِّدة,1
322,1
وولدت,1
سنبلة»*،,1
و«التاسع,1
شرطة»،,1
و«يوم,1
الدولة»،,1
دونيتسك,1
كليبان-بيك,1
تشكيلات,1
"""الجنوب""",1
ودولها.,1
والدوليّة,1
يُطرَح,1
تقسيمٍ،,1
ضمٍّ،,1
قضمٍ،,1
الولوغ,1
مغبّة,1
المفرغة،,1
الجهنّميّة,1
"الفل"".",1
مردفة:,1
والأمور,1
بالشائعات،,1
الخادعة”،,1
صيفًا,1
النسوة,1
تعبث,1
التظاهر.,1
مجردة,1
الجوهر،,1
والتقليدية.,1
كارابوبو.,1
تيجيدا،,1
المنشورة،,1
سيُحاسبون.,1
أبداً”،,1
هَكيم,1
قوياً.,1
الجوانب.,1
بسن,1
استدراجًا,1
انتداب،,1
وصاية،,1
مشدّدًا,1
"""الدولة""،",1
مختلفين.,1
أطرافٍ,1
تمنوا,1
مغترب,1
أعمال،,1
(ريال,1
كوبو,1
وتاكيفوسا,1
ميلان/أولمبياكوس,1
(إنتر,1
تاريمي,1
مهدي,1
آسيوي,1
"إسرائيل""",1
وأوردت,1
مولودًا,1
النهوض،,1
السلسلة:,1
للمرونة,1
كصور,1
ومواضيعي.,1
وتنقل,1
أدارت,1
كوريا).,1
(باريس,1
إين,1
كانغ,1
"""النهار""",1
"""زين"".",1
نجلها,1
أنجبت,1
انفصلت,1
"وشكراً""،",1
بحياتنا،,1
ساءت،,1
"""قدرة",1
تستغني,1
لتربويين,1
لاحقا،,1
الاسكندنافية،,1
بالألواح,1
كسرها.,1
هشّة,1
أكشف,1
وتشتت,1
"""أعذروني",1
والطقوسية,1
والفكريّ,1
وبوابةٍ,1
والصمود،,1
التضليلية,1
عزلت,1
الإدخار,1
للادخار،,1
ضرورية:,1
"الشاشات"".",1
كمخلّفٍ,1
ونُظرَ,1
والحكومية،,1
والإعلامية,1
كالأوساط,1
نمونا.,1
وأسئلة,1
واللقاحات.,1
عندهم,1
وضعفت,1
"للاجئين""،",1
"""المجلس",1
"""كير""،",1
"""أوكسفام""،",1
إغاثية،,1
جوقة,1
الإسلامي”,1
بُنِيَّ,1
منزلٌ,1
وأشرفت,1
والمزلي,1
وتولت,1
الأسماك.,1
المغامرة,1
ضخمة؛,1
ادعاءاتها,1
أنفاسي.,1
قدمًا؛,1
للعقار.,1
اليمنيين،,1
تتهدد,1
"و""إنترسوس”،",1
"الطفولة""،",1
الكازاخستاني.,1
وعقول,1
فظائعها,1
شنيعة،,1
للفنانين.,1
كنقيب,1
لتفرغ,1
والمنتج,1
وإيهاب,1
ساء,1
حينذاك،,1
التفاوضية,1
تستعمل,1
"للإرهابيين""،",1
"""قانون",1
27.3%.,1
ومصنوعاتها,1
اللدائن,1
مشتركا,1
"تقدماً"".",1
دائرتها.,1
عصب,1
بشد,1
دونه،,1
السني/الشيعي،,1
وانعدامًا,1
الحادة،,1
العاجلة؛,1
أنظف.,1
فقريًا,1
عمودًا,1
للفحم,1
صارم،,1
112كم,1
"""الخريف""",1
أسراها,1
الصريطي,1
كلفها,1
وتمنحهم,1
للتيار,1
84%,1
الموقر,1
كبث,1
بحتة.,1
كبنية,1
للمساواة،,1
العبور.,1
وعي:,1
القطنية،,1
السدادات,1
لارتداء,1
والتفسير,1
تجديده,1
لتجاوزها,1
باستبدالها،,1
"""طبيعية""",1
قُيّمت,1
"""التنفيذ",1
"تشويش""،",1
خياراً،,1
"""الدبلوماسية",1
أهمية.,1
المختص.,1
للعضو,1
ويُسمح,1
ليبي،,1
"""الجمارك""",1
تعهداتها.,1
يحيل,1
مقيدًا.,1
واعدًا,1
بانخفاضات,1
نظرائه,1
ومارس/آذار,1
شُحنت,1
الاستقصائيون,1
يُجدد,1
للأخشاب,1
المتمردون،,1
أكدا,1
سأعطي,1
إنريكي:,1
ليكسر,1
سيتراكم,1
الفخذين،,1
"كليهما"".",1
أسلحة،,1
"""فالبعض",1
"الفوري""",1
والتحمُّل،,1
“قدرتنا,1
بريطاني,1
أوكري,1
شيتنغو,1
محتملة؟,1
ومجروح,1
برهنت,1
أشيع,1
داعمه,1
وشركائه,1
التجارب.,1
هرمونية,1
حبوباً,1
الباطني,1
للطب,1
تباينًا,1
يتباينُ,1
القانونيَّ,1
المساواةِ,1
مُنظمةِ,1
تقريرُ,1
فيمصرمن,1
معين.,1
تمويه,1
وقنوات,1
معالجة،,1
أصالة”.,1
تجعلنا,1
معاناتنا,1
والتحوُّل،,1
والتجاوز،,1
أصبنا,1
وأفكارها,1
احتياطي،,1
السياسيين”.,1
“أطلقوا,1
بيضاء:,1
بحروف,1
ًا,1
قماشًا,1
“كليبف”،,1
الإفريقيةِ.,1
واعٍ,1
نضحي,1
أنشئ,1
لومونوسوف،,1
موسكوالحكومية,1
للخردة,1
آذانهم.,1
الملجأ،,1
تفاصيلٍ,1
يُدلِ,1
المشاكل”،,1
الفنلنديون,1
“أغلق,1
لا”،,1
"للتفاوض.""",1
وقّعتجامعة,1
نستعد,1
أموريم:,1
المتقلبة،,1
وأصابنا,1
أسفارنا)،,1
وفارق,1
بعبوره,1
انطلاقته,1
مفصليا,1
حدثا,1
1868,1
ميجي,1
ماكولاي،,1
لصديقتي,1
الإطلاع,1
(رجاء,1
"والحرية"".",1
"""شهيد",1
حليفه،,1
"الدماء""،",1
"""تاركًا",1
الاهلي,1
المهنا.,1
نورة,1
شامان،,1
نجدي,1
ليلى,1
القس،,1
قبضة,1
الحائط.,1
تثبيته,1
وذراعه،,1
مخالبه,1
غرز,1
بتكساس،,1
جيجافاكتوري,1
شاسع,1
المعلوماتِ,1
مُشاركةُ,1
ويُمكنُهُ,1
بِوزارةِ,1
معلوماتِ,1
نظامُ,1
يتَّصِلُ,1
(5-6).,1
مهندسًا,1
وليم,1
بالشعارات.,1
ستحتاج,1
الديموغرافي،,1
حاجته,1
لتضع,1
امام,1
لطول,1
"""يونايت""",1
وحذّرت,1
الإغلاقات,1
وجعلهُ,1
الصاعدين,1
المهرجان,1
لعودته,1
حساباته،,1
أنييلي،,1
الغالب.,1
"""تافهة""",1
المكائد,1
يُصرّ,1
والديمقراطية.,1
الأنظمةِ,1
ستاربكس,1
شق,1
تشاي،,1
تُوسِّع,1
وباليقظة,1
وبالحميمية,1
يوميات,1
المصبوب،,1
وزخارف,1
وترتر،,1
نافرة,1
محفورة،,1
اختيارات,1
للسياسيين,1
فارغًا,1
ثقافاتها.,1
كارثيّ,1
يُخفّض,1
آران,1
ونالت,1
الرشيدية,1
بهدوء.,1
تصورها،,1
أبوة،,1
احتجاجاتهم,1
وطاقتهم,1
مهاراتهم,1
حاتم،,1
الشاي”.,1
الشاي”,1
“تشاي,1
المضحك,1
“جامايكا,1
ألقينا,1
"إيران""،",1
فيماتفصل,1
أحبائنا».,1
نغادر,1
يائسون،,1
بكاراكاس:,1
كلوديا،,1
المطوّلة,1
(الاتحاد),1
يُسلّط,1
والعقل,1
تُفيد,1
الاستيقاظ,1
لانقطاعات,1
وشعوبه،,1
دولَه,1
ينعمَ,1
ارتكاباتها,1
إسرائيلَ،,1
بسيطاً,1
الدولي؟,1
يتخطّى,1
30.,1
ماني،,1
الغرب؟,1
يدّعيه,1
خلافا,1
وسلمية،,1
"بـ""آيس""",1
البرازيلية”،,1
عدنان,1
79%.,1
الأنثوية.,1
كرموز,1
يمسكن,1
بفتيات,1
الحوريات”،,1
“النهوض,1
والفقد.,1
اختصارا,1
وأكّدت,1
كمعاناة,1
"الصناعات"".",1
"""وفي",1
الرمزية،,1
لكنَّها,1
يتركها,1
ونفذوا,1
معداتهم،,1
وصادروا,1
45354.99,1
والصعب,1
الفوضوي,1
رواياتي,1
قراء,1
بالقضايا,1
قيمي,1
منالذهبفي,1
استخرج,1
للانتقام،,1
للإخوان.,1
بلبيس,1
لصادرات,1
الصياد،,1
إسماعيلا,1
نظيف,1
"السرعة""",1
"""مجموعات",1
بينها:,1
والإقلاع،,1
عنيفة.,1
"فيها""،",1
الكارثة؟,1
يبحثن,1
"الكبرى""،",1
"""الدفعة",1
غانابرنامجاً,1
أطلقتالحكومة,1
للخصم,1
موضوعيًا.,1
"معينة"".",1
هادف,1
مُنتج,1
"""محتوى",1
ريفيو،,1
هارفارد,1
47454,1
212,1
بامتيازات.,1
أنالخصوصيةتظل,1
يعارضونها.,1
بـ33%,1
41%,1
معاريف,1
شغفي،,1
المحظور.,1
"الاستثمار"".",1
وسمعته,1
الممتازة,1
ماجادها.,1
فولكي,1
مؤرخو,1
نمارسه.,1
المدر,1
متحدة,1
تكترث,1
وإقليمياً،,1
‏كان,1
فلو,1
والذريعة،,1
كلامي,1
سيرد,1
ناجم,1
بروكسل،,1
إدارةمطار,1
ناقمٍ,1
وشعبٍ,1
المعدّل.,1
ستُرى,1
الكبيرة”,1
“بالمخاطر,1
مقالة,1
المحنك،,1
وأصالة،,1
منعوا,1
ثبط,1
وناردا,1
نورثي,1
واشتعلت,1
نادى,1
المحتشدون,1
١٩,1
٣٤,1
٣٦,1
متخصصون,1
الذهبإلى,1
أنفسهم؟!الإجابة,1
يدافعوا,1
ويرضخوا,1
ويقبلوا,1
يسكتوا,1
ويسأل:,1
الداعمة.,1
"الأميركية"".",1
"""الضغط",1
المأمول،,1
قليلون,1
وللأشخاص,1
وشركائهم,1
واغادوغو.,1
ممكن”.,1
والمحققين,1
“المتخصصين,1
والتسلط،,1
مهووسٍ,1
توتّرٍ,1
يُعرفون,1
ناتيورانومينا,1
أريدها.,1
بإمكانكم,1
وبحثت,1
يونّان،,1
التوعية،,1
زودا,1
رجبوي,1
سوغد,1
اختصاص,1
تبرئتهم,1
"القانون""،",1
بالدمى.,1
والجيران,1
حواري,1
والمناطق،,1
3640,1
السجّال,1
وتفجّر,1
العلاقات،,1
ودقة,1
مارفيل،,1
تجريب,1
سائدا,1
تقليدا,1
السلوى,1
إمعانا,1
بالرباط,1
"""رياضات""",1
لمنحه,1
‎حاول,1
تشيشيتش،,1
"المباراة"".",1
بأخطار,1
وشابة,1
المولودون,1
لتطهير,1
لائق.,1
بهندام,1
بلير..,1
اللاحق،,1
واستجوابه,1
رئاسي.,1
سنوات؛,1
شهورًا،,1
"""لهذا",1
والتنانير,1
السراويل,1
والتصرف,1
هيدروكربوناً,1
تتلهى,1
"""القيام",1
بوليتكو:,1
الصعوبات.,1
وممكن,1
ميسور,1
أتواجد,1
ألمني,1
بفرحهم,1
اللغويين,1
بتجاوز,1
والأنكى,1
والعملية,1
والتقدير,1
الوشائج,1
الرطوبة.,1
حاجزاً,1
السكوالين،,1
طبيعياً,1
يتكوّن,1
زهم,1
للبشرة.,1
الغشاء,1
يندمج,1
لتسجّل,1
"إنيرجيا""",1
"""ياشيل",1
للحسابات,1
الرائحة،,1
وعديم,1
شفافاً,1
المشاحنات,1
العدو”.,1
“أهداف,1
وتحذر,1
"عن""اندبندنت",1
البطل.,1
التقليديّة,1
بالتعليمات.,1
الابن.,1
تُحرم,1
تعليمها،,1
والمتحمسة,1
تشاندان،,1
الوجدان:,1
ليهز,1
"""المضادة""",1
يدونون,1
القائلة,1
بالفكرة,1
وفوز,1
أفي,1
بتعادل,1
تدريبه,1
المريح,1
بوتيم,1
الغرض.”,1
أطفالنا.,1
لزواج,1
فلنقل,1
نحبهنّ,1
"المقبل""،",1
"""سيُخاطب",1
وقوية.,1
تتحايل,1
مولاي,1
احتياطيا,1
بنكا,1
الخلاف،,1
الحجم.,1
تجسس,1
قلبك,1
“مريحة”.,1
بافوس,1
وهالاند,1
القياسي،,1
ومناقشتها.,1
يُمنحوا,1
ومجتمعاتهم,1
قياديين,1
والبراهين,1
بالأدلة,1
استغباء,1
للتحرك،,1
المنحى,1
إنشائها.,1
تُنسى,1
تلقائية,1
تُولّد,1
وتحسينها.,1
وغيرت,1
نصاً,1
فتركت,1
أجريتها،,1
وقوي.,1
وإسميرالداس.,1
مُقاطعاتٍ,1
الآنَ,1
تُمثِّلُ,1
إسميرالداس”،,1
والديزلِ,1
انسكاباتِ,1
المُتضرِّرينَ,1
“اتِّحادِ,1
لتشكيلِ,1
المحليُّونَ,1
السُّكَّانُ,1
تجمَّعَ,1
أيَّارَ/مايو,1
بخطاباته,1
اغتالوه.,1
"صعود""",1
"""فريق",1
والثلاثاء,1
وغواصة,1
الديموقراطية.وأرسل,1
معتبران,1
زعيمين,1
"يفعلونه""،",1
فالكثير,1
هينًا؛,1
موطنا,1
الجبلية،,1
تضاريسها,1
المأهولة.,1
السهول,1
بالركام,1
واجهوه،,1
حاجٍّ,1
الباكستانيينَ,1
الحجاجِ,1
عددُ,1
رضاهم,1
وناشطون,1
الغانيين،,1
الانجليزية,1
حمّلته,1
بغزة”،,1
الشهداء,1
“إطلاق,1
وحمولتها.,1
جواً,1
ببنادق،,1
الحجةِ,1
العَشْرَةِ,1
مناسكِ,1
لأداءِ,1
السعوديةِ,1
يتوافدونَ,1
المسلمينَ,1
وجُرفت,1
ضيقة،,1
أُجبِرَت,1
أجسادهم.,1
مفروض,1
مقدس,1
إباحية,1
لنجوم,1
عارية,1
"""دائرة",1
"للمياه""،",1
مسلمات,1
نساءٌ,1
بالكرم؛,1
وعظًا,1
"بـ""السافرة"".",1
قتلى،,1
ضحيته,1
لتخطيط,1
ديانات,1
اليروبا,1
ديانة,1
“أوريشا”،,1
أوشوم,1
المباركة.,1
ويوحي,1
للطائرات.,1
والاحتياطية,1
إيروسبيس,1
وجنرال,1
رولز,1
الشاه,1
"""التكيّف",1
النيلي،,1
بمصانع,1
للهيئة.,1
2.81,1
الصناعيةالتي,1
وشهدتالشركات,1
ودرجات,1
بدراسات,1
كنتاكي،,1
فيل,1
وأسقطتها,1
أورمية.,1
وانتقال,1
الأذريين,1
والديمغرافية,1
تولّي,1
وقباردا,1
الشيشان,1
غزا,1
للإمبراطورية,1
“بحلول,1
البحت،,1
سنتاً),1
(42,1
"""فضاءات",1
الفرشيشي،,1
ويؤيّده,1
متقاربتان,1
مدينتان,1
تنيسي،,1
تفعيلها,1
يضغطون,1
"طيران"".",1
تخدمها,1
المسارات،,1
للوافدين,1
بالي،,1
393.8,1
سجلنا,1
و124,1
"يد""",1
تركي،,1
"المخصّصة"".",1
فضاءاتها,1
تأديبيا،,1
مقاتلو,1
الدؤوبة,1
ا،,1
شهداؤن,1
بالأرجنتين.,1
“الجامعة,1
موطنهن.,1
يطلقون,1
عصيانا,1
ليّ,1
"المساجد""،",1
"""يتوقع",1
اللبنات,1
الأسئلة،,1
"ثانوي"".",1
إليكم:,1
"""أبعث",1
والتعاونيات,1
بأوسلو.,1
(0900,1
فريدنيس,1
واتن,1
الطلاب؟,1
محذّرين,1
بانهيارها،,1
"المنبوذة"".",1
"""الدولة",1
مُجتمعٌ,1
شيريغويلي،,1
المُحسّنة.,1
رسميةً,1
مذكرةً,1
البديهية,1
وترسين,1
ديفيس،,1
تدرّسين,1
وحدهما،,1
الأولين,1
متظاهرًا,1
متطرفون.,1
حزبيون,1
لميزانية,1
نهجا,1
تغيُّرٌ,1
1920,1
1910,1
ثورية,1
يومِنا,1
مُلوَّثةً,1
لِعُبورِ,1
قاربٍ,1
ودونِ,1
قريبةٍ,1
متاجرَ,1
دونِ,1
عالقةً,1
عائلةً,1
تُرِكَتْ,1
كيلومترٍ,1
تمدّوا,1
النفاق,1
السوري”,1
“الهلال,1
والميزان,1
حماد،,1
والمثلية.,1
للنقاش،,1
يقين،,1
"أرادها"".",1
أردناها،,1
"""حاسمة",1
والمعاناة.,1
التعاونية,1
ووعيي,1
وطبقاتها,1
كومبانيس,1
ملأت,1
الجولة.وقدم,1
تداعياته.,1
و'خطير'،,1
دستوري’,1
بأسلحتكم.,1
تقتلونا,1
الجاذب,1
الغربيةِ,1
بابوا,1
الواقعةِ,1
مجموعةٌ,1
أرخبيلِ,1
المياهَ,1
ولوَّثَ,1
راشفورد.,1
جوندي,1
31،,1
أودريوزولا,1
ألفارو,1
"""مونتجويك""",1
تعدينُ,1
دمَّرَ,1
البيئيةُ,1
ويتنس,1
مُنظَّمةُ,1
صوَّرتْها,1
لقطاتٌ,1
أظهرتْ,1
ويتراجع,1
ليفقد,1
الأكبر:,1
تبييض,1
محكم:,1
لمنطق,1
وقُتلوا,1
بسقوطه,1
"""مستقرة""،",1
"""إيجابية""",1
"بورز""",1
عدّلت,1
زلزلت,1
تتالت,1
ثمنها,1
يلاقي,1
عاديين,1
الصمود؛,1
حيواناتهم,1
العامل.,1
متاحةً,1
المستندية،,1
والاعتمادات,1
وغنىً,1
لضواحي,1
الميسورة,1
تتساقط,1
أكبرماسةفي,1
المجوهرات,1
يُبرَّر,1
رودريغيز:,1
"المضافة""",1
جوفاء،,1
وضبطه؟,1
قيّض,1
"بالمقاومة"".",1
الاجراءات,1
شقتي,1
ستُغطّى,1
انتشاراً.,1
الشرايين،,1
تصلب,1
مفيداً,1
"""البوليفينول""",1
صمتهم,1
نواياهم,1
صومالية,1
وبحكومة,1
مصيرهم,1
المعرفات,1
فوتوغرافيًا،,1
رسامًا,1
لستُ,1
تنفيذهما,1
فطاقتهما,1
طاقتهما,1
الشقايا,1
ونذكر,1
لضاق,1
مطروح.,1
بالساحل,1
"""القيمة",1
مشاريع،,1
مواعيده,1
"المقاومة""!",1
لصرخ,1
تقنياتِها,1
وترويجِ,1
قادرةً,1
يتعيّنُ,1
يقترب.,1
لهدير,1
سماعهم,1
3540,1
المحضر,1
لعقر,1
انحكت,1
أولَ,1
وصعب،,1
للتسلق,1
كمرجع،,1
أعتمد,1
بالنساء,1
2-5,1
بالحمل,1
تصميمًا,1
وخيمة”.,1
فستُواجه,1
تجرأ,1
لشيخ,1
مبطّنة,1
الانتقام:,1
وقرابة,1
لإنسانيتنا,1
بعمق،,1
الدومينو,1
عادلةٍ,1
شراكةٍ,1
معتدل.,1
لإنقاذها”،,1
جنائيتين,1
بتهمتين,1
“الافتقار,1
بالحقيقة.,1
يصدح,1
وتصغيرها،,1
عمرهن.,1
الانتقاد،,1
التوسّع!*,1
مستقبلي،,1
عدوان,1
وشعبي،,1
دولتي،,1
حالاتهم،,1
وحكة,1
الجلد)،,1
بياض,1
(اصفرار,1
اليرقان,1
فتشمل,1
أعراضه,1
"لبلدنا"".",1
للقانون.,1
ومخالفة,1
تتعلقان,1
جيراني,1
جغرافيا,1
الحثيت,1
يفز.,1
تصديقه,1
الفارغة،,1
والعنتريات,1
تتسلى,1
إيقاعية،,1
النبضات,1
خلاياه,1
متوحد,1
والظهر.,1
والإسهال،,1
والغثيان،,1
والتعب،,1
الشهية,1
البراز،,1
وشحوب,1
البول,1
ولون,1
عضلاته،,1
وتسترخي,1
ذبذباته,1
يُبطّئ,1
مميز.,1
دماغي,1
ألزهايمر.يتضمن,1
والمخلفات,1
كمهزوم,1
تضخمية,1
المحمية.,1
"""التش"".",1
كزدورة,1
واصطحبهم,1
غب,1
غوغائيين,1
بالفشل،,1
محكوم,1
للدماغ،,1
خاملة،,1
فالنوم,1
استقرارها.,1
ولتقوية,1
تقليديين,1
تكييفها,1
اُستخدمت,1
الاحتجاجية،,1
الوقفات,1
والمقاطعة،,1
العربية).,1
(المستمد,1
واتخذ,1
شاهقة,1
طابقًا،,1
«الأمل».,1
شعاره,1
21».,1
«بناء,1
كلينتون,1
النزاهة».,1
بـ«العودة,1
وبشّر,1
الجديدة».,1
«الصفقة,1
روزفلت,1
اختلافهم.,1
يطوّروا,1
ويلهمهم.,1
رمضانمقطع,1
الفنانمحمد,1
متفاقمة.,1
وأزمة,1
دموية،,1
اشتباكاتٍ,1
المحيطة،,1
(عاصمة,1
كلاجئ،,1
لمغني,1
“الأغنية,1
للنساء:,1
الحمقاء,1
تقدمي,1
الدرج.,1
العلوية،,1
"بالبشر"".",1
"العام""،",1
أرجل,1
بينها،,1
العراك,1
التوافق،,1
فأمامها,1
مستفيدًا,1
والتحالفات,1
لهدافي,1
صدارته,1
ومعززا,1
(الإمارات),1
كليب,1
يرقصان,1
"""القصص""",1
ورحيم,1
الطاقية,1
الأمكانيات,1
المسؤولين.,1
للفت,1
اتخذوا,1
“محرضين”،,1
المزاج.,1
والفرصة,1
المؤلّفة,1
تدلل,1
ويختتم,1
"100%"".",1
تماماً..,1
لجعلتها,1
استطعتُ,1
لإلتيجا,1
التفريط,1
أسرى,1
‏حينما,1
هانيبال,1
رائدًا,1
باقتراب,1
تشددًا,1
مقلصًا,1
148.22,1
مهم.,1
ستتحول,1
وصراع,1
السائقين،,1
بياستري،,1
وتبثان,1
والذاكرة.,1
الطلاقة,1
الدماغ:,1
مجالين,1
الستين،,1
ألعبها.,1
وتراكتور.,1
والهلال,1
الشارقة,1
ويتصدر,1
ووارداتالعراقخلال,1
الأغراض.,1
واعتمادًا,1
جنينة،,1
كمرشحين!,1
استمارة,1
وتعاونه,1
متاعبه,1
ويستمعن,1
يتابعنها,1
أخبار.”,1
المشكلات).,1
الكلمات),1
(القدرة,1
النقية.,1
أسطوانة,1
موضوعة,1
الأكريليك،,1
الكُرة،,1
متبنى,1
ضال,1
جاكسون،,1
قناعاتي,1
وسحابة,1
تدفئة.,1
فجراً،,1
جلوسها,1
أُغمي,1
للوكيل,1
قطعته,1
إسبانيا:,1
لأنفسنا,1
10.285,1
(350,1
1.285,1
"للتوزيع""",1
البني,1
مادية:,1
والتنجيم,1
والكهانة,1
بالإشارات,1
تمتلئ,1
روحيا,1
آنكي،,1
يتفاجأ,1
الإلكتروني:,1
وتفارق,1
لتسقط,1
وصديقتها،,1
أينشتين,1
وألبرت,1
وديلاوير,1
فوردهام,1
وأخضع,1
"""فاسانارا",1
بأعجوبة,1
لشاب,1
وكلنا,1
نودعه,1
وجاذبية,1
أسسه،,1
فخورون,1
المجموعة:,1
الزائفة.,1
"""الإشكالية"""".",1
بالقنوات,1
"بـ""قائمة",1
زودته,1
"كارير""",1
الاهتمامات,1
فرعيًّا,1
صناعيًّا,1
وسيتبع,1
قمتهما,1
المقاتلةخلال,1
علىشراء,1
ستتفاوض,1
ومبتكرة.,1
المريح،,1
المجزية،,1
فيليا،,1
الطبيب.,1
انتظار],1
“تذهب,1
والمؤلف,1
بالإضافة،,1
سأوضح,1
عزلته,1
وأوروغواي),1
(الأرجنتين,1
الدوليين،,1
الصعود.,1
وطابعات,1
"إيست"".",1
ميديل,1
"والتخصيم""",1
موندو,1
مهمًّا,1
يؤهل,1
والمعادن،,1
بالمزايا,1
وقطاعات,1
"""حاسم",1
قبولا،,1
مألوفا،,1
زايونك,1
أثبته,1
الزرقاء،,1
العصبة,1
مرتديا,1
طبيعيا،,1
فينشأ,1
واعٍ،,1
العصبة،,1
وتستنكره،,1
سترفضه,1
ومرفوضا,1
زرقاء,1
سأتمكن,1
سأحقق,1
بوجوتا،,1
بربع,1
أيدا,1
معارضَين,1
الجمعي.,1
ليعيد,1
أثره,1
مرفوضا,1
نوسترو,1
1992،,1
تعبّئ,1
فـمسيرة,1
ثلاجات,1
"وحازم"".",1
ونفوا,1
الفرش.,1
الخطوات:,1
وستؤدي,1
وبإطلاق,1
بهدنة,1
ترامب),1
(دونالد,1
اطلعنا,1
لدينا،,1
أخيراً.,1
صيف»,1
«أعطش,1
ونبع,1
ارتياح،,1
بزفرة,1
(محافظة,1
مُقارنة,1
"""كوالكوم""",1
سنابدراغون,1
المُزودة,1
وتستعد,1
"دائمة""",1
قصد.,1
"الجميع"".",1
ميتاً.,1
كلهم،,1
والإجرائية،,1
الناحيتين,1
باطلاً,1
الأوروبية),1
(الترويكا,1
31.1%,1
وقُراهم,1
مخرّبة،,1
وحدائقهم,1
العديدين,1
وتأثيثه.,1
سمحت،,1
بدأه.,1
انتعشت,1
بهواتف,1
وتعافي,1
ويختل,1
“باردة”،,1
صحيح:,1
سجني,1
واحدة).,1
وتلوث,1
وللأبد,1
بالشراء،,1
الكتب:,1
بايلين.,1
مُعلّم,1
“حلبيّ”,1
الشرعأنه,1
(محافظتان)،,1
الرفاه,1
للمساواة,1
محافظة)،,1
81،بينما,1
المجموع،,1
تتفقد,1
الطوطم,1
المقموعين.,1
متاح.,1
جنسيّ,1
لاعتداءٍ,1
"الثقافي""الأول،",1
لوكلير.,1
الفلسطينى,1
وسلمية,1
عمومه,1
شهرة.,1
مشجعو,1
الهابطة,1
مستأجرة,1
إيماءات,1
التدرّب,1
المصغّرة,1
خياله,1
حلمٌ,1
(37,1
يشقّون,1
عالميًّا،,1
انتباهًا,1
"ألترا""",1
ويُشحن,1
بائع،,1
مشتريا,1
11.48,1
و48.23,1
48.13,1
“24/7″،,1
تغذّي,1
بالموضوعات,1
سيُقام,1
للإنشاءات”.,1
“فولام,1
للاشتعال,1
بشكاوى,1
المبلّغون,1
لانتشالهما,1
يأويهما،,1
والاستقرار،,1
يمنحهما,1
وبارزة.,1
أزرار,1
بالنقر,1
ظاهرة،,1
فعلت.,1
ببتة,1
تخطّط,1
مرن,1
للغذاء,1
بلوائح,1
والتبريد،,1
مجهزاً,1
الإدارية.,1
ينسج,1
مبتدئين.,1
متمرسين,1
فنيًا،,1
وغالبية,1
تدفقًا,1
المستعمرة,1
"فارما""",1
"""سيتكو",1
للتكسر.,1
المعرضة,1
خصلات,1
الزنك,1
ربلة,1
اللحظة؟,1
‏كل,1
نظري،,1
4.5%.,1
المصريفي,1
لنموالاقتصاد,1
القنابل.,1
للتأكيد.,1
أقواله,1
استُدعي,1
5570,1
"وغيره"".",1
بقوته,1
الاستخفاف,1
"لبنان""،",1
"بـ""حزب",1
57.8%,1
12.69,1
البتروليةلدول,1
إجماليالصادرات,1
الساق,1
العازبات.,1
المفروضة،,1
للإيجار،,1
يستنكر,1
للزيادات,1
روشان,1
احتجاجات،,1
ولأعضاء,1
"مضى""،",1
قاليباف,1
لانتخابه,1
دكتاتور,1
أليشاندري,1
التغريدات،,1
كطفل,1
يُصلح,1
مهمان,1
غذائيان,1
والزنك،,1
الكاجوإن,1
تتريًا,1
التتار؟”،,1
قدوم,1
ونتطلع,1
بقيادتنا,1
فنهنئ,1
والخليجيون,1
شرم,1
الثلاث؛,1
أكاو,1
كامباي,1
بالتحايل,1
للسيدة,1
والمسلمون,1
المسيحيون,1
يقدس,1
والانتظار.,1
احتفالات؛,1
قضيته،,1
العالميبن,1
الحقيقي:,1
متفرجين,1
نضمن,1
احترافية،,1
فالموهبة,1
والفنية)،,1
(الإدارية,1
باستقطابات,1
استثماراتها.,1
تتردد,1
“يتعين,1
تعرف.,1
سعيدة.,1
أعوامٍ,1
معتمد.,1
فيمكنه,1
نظامه,1
عاجلة.,1
والمدفوعات،,1
الميزانين,1
غائبة,1
1907,1
والاستمرارية.,1
جوستنيان,1
البيزنطي,1
أسسه,1
أرثوذكسي,1
إيبادوغلو.,1
وإجباره,1
وتعذيبه,1
ومزودي,1
بأغانيها,1
الأفراح,1
11.550,1
395.6,1
487,1
8.031,1
358.9,1
"المستهدف"".",1
جَلسة,1
بمانشستر,1
يربطه,1
مهتما,1
ناشطٌ,1
وسنحققها,1
"""حققنا",1
"2020,",1
زواجها،,1
ابتعدت,1
ممارستها,1
لسردية,1
مؤيديها،,1
تراوري.,1
اعتبرناه,1
المقترح،,1
مُصدِّريه,1
طاجيكستان,1
محولًا,1
بالهدف،,1
التطوعي,1
متوقعة:,1
ومسألة,1
التفتيت,1
بتكتّل,1
أصدرتهامبادرة,1
للمناقشات,1
بالاستكمال,1
رهنا,1
مُختلقة,1
يُلقيروبوت,1
"بـ""هلوسات""",1
وأصدقائها.,1
جماهيريا,1
نجاحا,1
بأمير,1
مشاريعهم،,1
والتأمل,1
بالإجهاض.,1
والطُّيورِ,1
أنواعِ,1
المئاتِ,1
أشجارِ,1
مُختلفةٍ,1
أنواعٍ,1
لثلاثةِ,1
الملاذُ,1
بموجات,1
تويالألمانية,1
أعلنتمجموعة,1
حوَّلت,1
تركها,1
الثلاجة،,1
إخراجها,1
الاستعمال.,1
هامَّةٍ,1
واقتصاديَّةٍ,1
ثقافيَّةٍ,1
بِقيمةٍ,1
يَحظى,1
.وكِلاهُما,1
الأزرقُ,1
اليابسةِ,1
سَرطانُ,1
الرَّاكونِ،,1
عائلةِ,1
فردٌ,1
أمريكيِّ,1
الجنوبِ,1
الكواتي,1
والثَّدييَّاتِ،,1
البرك,1
ي,1
التجاريبين,1
حجمالتبادل,1
أردنية,1
ومنتصف,1
جسيم،,1
مسحوق.,1
إضافيّة.,1
متانتها,1
وإنعاش,1
التعب،,1
الاحتقان،,1
بالوجه.,1
الأقنعة,1
لِلمنطقةِ.,1
200،,1
جيدًا؛,1
للكتابة.,1
العينين،,1
لاصقات,1
إلزامياً.,1
لطيفة.,1
بلوحة,1
وذكرياتهم,1
وعائلتها،,1
أنجاله,1
وتسلّمها,1
رايتها,1
تُخلق,1
مستقرة؛,1
والحجم,1
"""التواصل",1
أسوأ».,1
«الانقسام,1
معاكساً,1
ليعكس,1
أفضل»،,1
«معاً,1
وجدانه,1
مصيرية,1
نسجها،,1
3.577,1
تشونغ.,1
لنقلها”،,1
شعاراً,1
كلوث,1
«بلومبيرغ»,1
رحلتهم,1
أغاديز,1
المرحلون,1
التعبيرية,1
وفلسفاتها,1
“أذهلتني,1
خلاياها,1
فلول,1
الإرهابي،,1
مُني,1
التكهنات.,1
كسلاح.,1
"الهوا""",1
حيي,1
والاستهدافات,1
الهمجية,1
مسؤولياتِ,1
هرعوا,1
المستهدفين,1
عازلة,1
ومكتب,1
"""إيراد""،",1
تمويلاً,1
والقطاع،,1
السعوديةمن,1
منالشركات,1
واحتيالات,1
لفخّ,1
الاسكندنافية.,1
الكريبتو,1
صمدت,1
وتكبدت,1
الحزمة.,1
لفرصة,1
التأملي,1
معين،,1
وفعّالة.,1
الادخار،,1
ركائزها,1
التوجه،,1
لتؤكد,1
وفجاجة,1
المناخيُّ,1
الظلمُ,1
يصبحُ,1
مظاهرِ,1
وتفاقمِ,1
الأطرافِ,1
إيديولوجيّة,1
النظرِ,1
بغضِ,1
الأطفالِ,1
مقتلَ,1
يُظهرُ,1
للاجتماع,1
4.50%,1
تتلائم,1
يهدفون,1
للمصرف،,1
للتنوع,1
ماكينسين,1
جينز,1
أسماء.,1
الهيمالايا،,1
لعملات,1
ويتابع,1
وسياسيين،,1
لأحزاب,1
تُحددها,1
موجزات,1
للفيدرالية,1
"خضراء""",1
وإنمائية,1
للنفط.,1
6.141,1
5.994,1
والناس.,1
يفرّق,1
مرّة:,1
حقيقةٍ,1
ارتباطاً,1
"""أنظف""",1
والموتى,1
والمغريات.,1
الأزلي,1
وآخرة“،,1
”دنيا,1
نفته,1
ولمحت,1
"تفصيلًا"".",1
الدراسة:,1
0.5791,1
0.26%,1
0.6571,1
0.36%,1
تعاملاته,1
لمكانة,1
المحلّي,1
الألمانلم,1
متزايدةمن,1
للسيولة,1
وشغفه,1
وأسفاره،,1
بيونيو,1
العديد),1
(قاعدة,1
بموجة,1
خلل،,1
الاستقالة.,1
روزمارين,1
الأخلاقي.,1
بمشكلات,1
مقيمة،,1
طبيبةً,1
فظيعة.,1
الإفصاح،,1
مارست,1
ونابعًا,1
صادقًا،,1
للتأويل,1
مصراعيه,1
بالحوادث,1
يمنحان,1
فالعمر,1
جذرياً,1
مطابقاً,1
ونوعية,1
يقتنصون,1
أنهض,1
"التمويلية"".",1
حسن:,1
احتدام,1
تُثبت,1
شواهد,1
بناءًا,1
تسمّي,1
بالمعاملة,1
فتندد,1
ورأيه,1
حماسه,1
حواره,1
والأسر،,1
٣٠٪,1
ومونتريال,1
28.8,1
وزراعيًا,1
ومائيًا,1
الفضلي،,1
يدشّن,1
قادمة”.,1
أمي،,1
“شكرًا,1
السرير:,1
لكونمينج,1
والثلج,1
والشراب,1
المخفوق,1
مخاطرها,1
طائرةتابعة,1
حجرةعجلات,1
المصنّعة,1
لزائري,1
رسميًّا,1
إثباتًا,1
"بـ""المعجزة""،",1
والفلبينِ.,1
إمدادِ,1
سلاسلِ,1
والبيئيةِ,1
أُخرى،,1
الأعمالِ,1
مركزُ,1
مجازفة”.,1
بعملي،,1
يعجب,1
لمستهدفاترؤية,1
تخلقها,1
واستفادة,1
يبذلوا,1
تتوجه,1
بالتداول,1
“الاحتجاجات,1
المظلل,1
العراقسيضم,1
التنميةفي,1
تاريخيهما.,1
نقصٍ,1
هانكوك,1
لنفسه”,1
تَنعكس,1
مُحددة,1
أتوق,1
منظر,1
مضللة،,1
الاستقدام,1
أنثويًا.,1
أتعاون,1
يموت,1
إنجازه.,1
بوسعنا,1
الإسرائيلي..,1
أجتمع,1
للقطات,1
سلَّطَ,1
آسيوياً.,1
منتخبا,1
والمقررة,1
وملاعب,1
فائز,1
(35891,1
حرض,1
ظهير,1
والأوساط,1
العلوم،,1
الرمادي.,1
الخلاب,1
الكريمي,1
متسامحة,1
المستجيبين,1
أخلاقيات,1
منطقتها.,1
وكاوكاس،,1
وداغوا,1
أنشيكايا,1
الغنية،,1
تأخيرًا.,1
يُروّج,1
سوقين,1
آي)،,1
(498,1
2492,1
يزن,1
لملفها,1
أوباما،,1
مساعدةً,1
خايباس”,1
77.7%.,1
سيتضيف,1
لبلدنا,1
عيسى.,1
ورشدي,1
عبدالوهاب،,1
الرافعي،,1
الشماشرجي،,1
فهمي.,1
"وأحمد""",1
للسقا,1
"""موتسويدى"".",1
بوتسوانا,1
تقريباً)،,1
48.1,1
لفيسبوك،,1
14.3,1
المغلي.,1
للأجهزة.,1
بشركاتٍ,1
(كيمز)،,1
عبدالوهاب,1
وغادة,1
لطفي،,1
وضيفا,1
(زد,1
بنشاطها,1
النوويمع,1
حلالنزاع,1
لغطاً,1
وتفصيلاً،,1
عزيزي،,1
باشروا,1
مفتشيها,1
الذريةأن,1
الشامي،,1
المرهقة,1
مراهق,1
أسواقًا,1
الآسيوية،”,1
تأكيدالوكالة,1
ضغط.,1
(2016-2018)،,1
ميشيل,1
أظهرتها,1
صُدمنا,1
"الصحيح""",1
إلكتروني،,1
“العقوبات،,1
ويخرجه,1
درويش,1
ويؤلف,1
لتدعيم,1
سدّ,1
وباردة,1
يطاق,1
والوجبات,1
للتتار:,1
للسياق,1
تداولت,1
يُرجَّح,1
المغايرين,1
يوتوبيا,1
تخطو,1
الأعين,1
معصوبي,1
ونقلهم,1
أوروبا:,1
وكبد,1
القرضاوي.,1
الإنسولين.,1
للالتهابات،,1
داء,1
بالنوع,1
النوبيّة,1
وأُبعدت,1
لعدوى,1
تفشيا,1
بالفاشر،,1
البيلاروسية”.,1
للتدابير,1
):”,1
إنسايدر,1
كمعبد,1
السوشيال,1
بإنجازاتهم,1
ومعنوياً،,1
والاحترافية.,1
والتنظيم,1
يحتذى,1
ينتظرها,1
منعطفاً,1
محاور،,1
«الحفارين»،,1
العالمية»،,1
«عاصمة,1
الرسوميات,1
الرابح,1
السوفيتية.,1
لهيبة,1
صحفيًا،,1
محتواه.,1
بالاشتراك,1
توطدت,1
مراجعاتها,1
كوكبتها,1
أفادته,1
(حسبما,1
ساذجاً.,1
طريّاً,1
غضّاً,1
والتصرّف,1
تريد...,1
«الخوارزميات»,1
وتصميمات,1
ميديا،,1
يُحدثه,1
"""قللوا",1
إس،,1
بمسيرات,1
قتلا,1
فوروبيوف،,1
زيارته،,1
بحوزتها,1
عنيتُ,1
وسيُقال،,1
قِيل،,1
"هنا"".",1
فقاعات،,1
توسعات,1
احتمال،,1
شحناتهم,1
"""كاتليست""",1
الجائحة.,1
لاعتقالات,1
بوتفليقة,1
بالديمقراطية،,1
يتظاهر,1
عانين,1
بسمة،,1
"المناقشة"".",1
""":",1
"لـ""رويترز",1
المؤسفة,1
ألهمته,1
نبرة,1
"والمالية""",1
(التحفيز),1
والخلاصة:,1
أوقاتٍ,1
أُبرمت,1
مبتوري,1
وأعداد,1
حطمت,1
نتنازل,1
المحيطون,1
العراقيحيان,1
مسميات,1
نكرر,1
والاعتذارات،,1
البروباغندا,1
أجّّجَ,1
إيفتين,1
أسبن,1
لايتس.,1
بيكاديللي,1
الأخير'،,1
‘الدرس,1
لاختطاف,1
عبد:,1
نهرب.,1
نواجه،,1
نخاف,1
تخنقنا،,1
تطوّقنا,1
وشبكاته,1
مزعجاً،,1
انفلاته,1
تشعّبه,1
مربك،,1
"""المعيب""",1
كانجرا,1
وآسام؛,1
دارجيلنغ,1
وأشهرها,1
لزراعة,1
التفتيش”.,1
“الآن,1
الأولي.,1
الدرقية,1
الغدة,1
وفرط,1
الدم).,1
كالسيوم,1
(فرط,1
ويُمنع,1
المُعتادةِ,1
للكشفِ,1
قابلةٍ,1
لِخطِّ,1
وموليناري,1
الوداد,1
تصويتاً,1
دابتو،,1
عطلًا,1
الواتساب,1
أحدهم.,1
صغيرة:,1
مجزأً؛,1
بتصفيات,1
فني“,1
”خطأ,1
أميركيتان,1
مدمرتان,1
"الروسية""،",1
شحًا,1
ضمتها,1
1811.,1
البطولة.,1
تشيسلي,1
إيطالي,1
صداقتهما,1
لمجتمعي,1
إرباكًا,1
ميلادي,1
كمواطن—,1
بلد،,1
ولادتي,1
شائعاً,1
الأغطية,1
ولسنوات،,1
مزودا,1
ذكيا,1
هاتفا,1
مقصرة,1
الدنكي،,1
"25-3""،",1
سترايك,1
البحار،,1
"فورد""",1
ر.,1
جيرالد,1
ودنماركية,1
وفرقاطتان,1
اعتُبِرَتْ,1
فيرغيل»,1
«إل,1
حادثةِ,1
الأحداثَ،,1
اعترفُوا,1
العلاج.,1
بالمنصورة,1
والبناءة,1
"""لشرح",1
سينتهز,1
للبطاريات،,1
ليجذب,1
ومعاهداته,1
التكيفي”.,1
“سلوك,1
عبدالفتاح،,1
الموجودات,1
مطلوباتها,1
محذرةً,1
الجماعيّة”,1
“الاستخدام,1
باستشهاد,1
تموز/يوليو,1
"للعالم"".",1
المَكانيِّ,1
الحَقِّ,1
حُدودِ,1
خارجَ,1
وحدثَتْ,1
النِّطاقِ»,1
«صغيرةَ,1
جربناه,1
وضعنا،,1
الاتصال…”,1
صعبًا”،,1
“سيكون,1
مثل،,1
غامضًا،,1
حديثهم,1
بالقيمة,1
متفرقة،,1
وطعنًا.,1
خنقًا,1
أعوام),1
أعوام)،,1
ومعاذ,1
عامًا)،,1
ويستعد,1
إفريقيَا,1
وتدفّق,1
"الأبد"".",1
"""قدمت",1
مختصي,1
والمعتقدات,1
عنوان”,1
وثائقية,1
إدريس.,1
وتيسير,1
طيارة،,1
وأنس,1
بشار،,1
وكاريس,1
إيزيل:,1
والسريعة،,1
لمصدر,1
المُستعصي,1
كليفلاند،,1
الفيدراليفي,1
رئيسةالاحتياطي,1
بالعادة,1
ينمي,1
مويس,1
الطلابية.,1
كالأمان،,1
تناولا,1
بندا,1
مسروق.,1
فرانكفورت,1
آينتراخت,1
مناص,1
والعام,1
بالصواب.,1
تذر)،,1
(أقر,1
تصيب،,1
بإلغاءه.,1
نمو،,1
لليأس.,1
لخمسة,1
امتيازها،,1
تفاعلية,1
ومحتويات,1
بالدخل،,1
العنزي،,1
بمراسلة,1
وتطويره،,1
بتمكين,1
تتواءم,1
"""العدالة""",1
الوردي.,1
أواللون,1
واللون,1
يضفي,1
بجماله،,1
شفاف,1
بمقاييس,1
كراي,1
خاباروفسك,1
جوياس،,1
ستحققه,1
لكليهما،,1
والمكتسبة,1
والبرلمانية،,1
"الهشة"".",1
والعهد,1
والإدماج,1
المؤقت،,1
للعربية.نت،,1
الغامض.,1
مصدرها,1
للتسعير،,1
ادنى,1
(للتسعير),1
واس).,1
السعودية(,1
"""صناعي""،",1
ميسَّرة,1
مشاريعَ,1
بتمويلِ,1
المتجددةِ,1
قطاعِها,1
تناقض؛,1
المشهدَ,1
وتعاوني.,1
ومنصف،,1
شامل،,1
نهجٍ,1
"للسامية""",1
الساحرة.,1
وجاذبيتها,1
وفرتها،,1
التلميح,1
توجيهها،,1
جمعا,1
وكوي,1
لعامين،,1
40160,1
3347,1
4303,1
5737,1
إلخ)؟,1
التعبيرية،,1
(التجريد،,1
اخترت,1
والنفط،,1
الفحمِ,1
الطبيعيةَ,1
تستغلُّ,1
عملاقةٍ,1
29.39,1
ارتفاع،,1
"ستريت""،",1
البيولوجي.,1
الرعوية,1
وآلات,1
الشيوخ.,1
تعثّر,1
تيراواط,1
2677,1
والمتاحة,1
أحترم,1
المراسلة.,1
نظير،,1
نظير,1
لتصفح,1
للمهاجم,1
أيديولوجية.,1
تحيزات,1
لسيناريوهات,1
والاجتماعية.,1
محتشمة,1
الأكمام,1
التنانير,1
الفساتين,1
ومطالبتهم,1
معاقبتهم,1
"الأولى"".",1
"""الاستبعاد",1
بالمريخ.,1
عوّض,1
6693.75,1
تنكشف,1
للكراهية,1
"القدم"".",1
يدربه,1
موسيقى،,1
خلاصته.,1
أسيرا,1
كويكبا,1
ولمرونة,1
والعينين،,1
نشهده,1
معيّن،,1
للروهينغا.,1
مروجي,1
تصحيحه،,1
"""إنستغرام""لتبادل",1
أفاقًا,1
المفجعة،,1
العداءة,1
"""سخيفا""",1
للغته,1
الطموحة.,1
تحالفها,1
معالجتي,1
محظوظ,1
للعدوى،,1
المنتفخة,1
اللمفاوية,1
الـ20،,1
للمواصفات،,1
فضيتين,1
انتكاسة،,1
20.4%,1
المحتجز,1
مسروق،,1
اقتصادياً.,1
لفلسطين,1
وستصوت,1
لأقاربها.,1
بالدولار.,1
بميدالية,1
وتُوِّج,1
اللوحة.,1
قطة,1
لغيرهارد,1
“بيتي”,1
انتباهي,1
(جورجيا),1
المَكتظَّةِ,1
العملاقةِ,1
للمُدُنِ,1
ضوضاءَ,1
تُنتِجُ,1
بالوقودِ،,1
بالمركباتِ,1
مُقارنةً,1
تتناغم,1
بالإنسانية,1
“وجدت,1
نهى:,1
"تنفيذها"".",1
وحاولتا,1
حبال,1
"""شد",1
ضاحيةِ,1
لِمَسؤولٍ,1
العائد.,1
بخفضأسعار,1
"بالقول:""المجال",1
المحددة”؛,1
“المزيد,1
سونكو،,1
علىالتركات,1
شاق.,1
وسميك,1
ليوائم,1
الدولياليوم,1
طالبصندوق,1
المنطقةِ.,1
بالسكانِ,1
"""كسر",1
لاتفاقياته.,1
وخروقه,1
لوعوده,1
بخلفه,1
منقسمًا.,1
المتطرفة.,1
نتكيف,1
"السيبراني.""",1
باندنغ,1
أوجونغ,1
لِلتَّوعيةِ,1
واحدٌ,1
حَدَثٌ,1
أُقيمَ,1
الحضريَّةِ،,1
ضخمين,1
هيكلين,1
ستُغلق,1
وبغياب,1
"""فوتسي""،",1
لونيت،,1
يمتدّ,1
مفاجئًا,1
الميانماري,1
الأسئلة.”,1
لغرس,1
الصّغير,1
الرّقم,1
نساءً،,1
الغاف,1
وساق،,1
“يركز,1
والإماراتية,1
لكواي,1
ترحيبًا,1
شرياني,1
والحكايات،,1
التاريخ؛,1
أمًا,1
مهمًا:,1
والمطول,1
الانغماس,1
وحاز,1
متجذراً,1
بالتحرّك.,1
بيومتريًا,1
ومُسحت,1
لِلإهمالِ,1
الاتِّحادُ,1
تأسَّسَ,1
واحترافه.,1
عالمًا،,1
"""حاليًا",1
بمؤسسة,1
تقديمي,1
سيو،,1
لإسبانيا,1
والمعصم.,1
البطانة,1
قفازات,1
(小手),1
كوتي,1
العربية”،,1
أندرلخت,1
ويهبط,1
وُلدوا,1
المساكن.,1
تسترشد,1
"نيورالينك"".",1
(شريحة),1
الحافلات.,1
(441,1
(110,1
كيلوغرامًا,1
والآنَ,1
أعوامِ,1
تسربات,1
شَهِدَتْهُ,1
المُتكرِّرِ,1
والإنماء,1
لصندوقي,1
ذاتا,1
(وهما,1
ويتشاجرون,1
فيسرع,1
قطعة،,1
وتفكيكها,1
كيميائيًا،,1
المتفتتة,1
هينكل،,1
للتشافيزية,1
نيودلهي،,1
3-2.,1
بروج,1
سيركل,1
نسحب,1
تيسيرات,1
البترولية.,1
513,1
عقدًا,1
1.4%,1
للشرب،,1
بعلاوات,1
ملائمًا.,1
وتُمنح,1
تعسفية,1
انضباطه,1
تغريما,1
انضباطه،,1
وحداتهما).,1
والإعمار,1
الأوليمبية,1
الترويض,1
ست),1
(عددها,1
أبسنت,1
0.89,1
الإقامات.,1
ينبغي.,1
جدية.,1
وجمالية,1
والصور،,1
للأسمنت.,1
شاوريا,1
الواقع.”,1
يواجهه,1
"محلك"".",1
10780.69,1
3.13%,1
الخطاب:,1
ولفرض,1
إسكتلندا,1
فيغاس,1
تنفجر,1
راكبة,1
عليه؟,1
مسلمًا,1
متسرعة.,1
مينور،المصنف,1
الموتى.,1
خزيًا،,1
أولمبيتين,1
١٩٦٠,1
“الأمن,1
يعزف,1
ستطال,1
الانتباه.,1
محيطهم,1
كررها,1
"الناس""،",1
مُستعرة،,1
حروب،,1
أنهيت,1
ركبتي،,1
46206.69,1
0.23%,1
108.6,1
9.059,1
1.478,1
تاون»,1
«نيو,1
المنفيّين,1
يبنيه,1
سيواجَه,1
والسيناريوهات:,1
المعتقلين.,1
صحفًا,1
ووزعن,1
التقين,1
“المستحيل”.,1
كاتفاقات,1
واليسار.,1
كحامي,1
الوجودي,1
القومي”,1
وغرق,1
موطني”،,1
“الكتب,1
توسيا:,1
المستوطنات،,1
المزدوجة،,1
متدرِّجة؛,1
استجابةٍ,1
تصعيد،,1
بعقوبات,1
مزيدٌ,1
سفيرها,1
لبنغلادش,1
ثلاثًا,1
المقرّرة,1
كولكاتا,1
زفافه,1
فجأةأثناء,1
عريس,1
مأتم,1
مصر،تحول,1
هزّت,1
"الإنماء""",1
أسئلتي.,1
إجابةً,1
ليوضح,1
سيصور,1
لغطاً،,1
للوراء,1
أصفه,1
البورتريهات,1
البحيرة.,1
الأرجح.,1
"الأطوار""",1
وغريب,1
"""تعسفي",1
الوطنية),1
(معاهد,1
لين،,1
لمسرح,1
"صن""",1
"المدني""",1
للثقافة”.,1
“مضاد,1
وتحظر,1
والمنشورات،,1
1989،,1
المدعوين،,1
أبوظبي.,1
ستُدرج,1
بالركام،,1
كافياً,1
الوون.,1
لعملة,1
أمثالي,1
مواعيدهم,1
مجدولة,1
البرازيليّين.,1
مضمونًا,1
حقًّا,1
برك,1
لتملأ,1
السوفييتية,1
بأسباب,1
632.2,1
المجموع,1
207.3,1
"""الوحدات",1
"وتقاليده"".",1
والحفر,1
أشجعك,1
(120,1
304.8,1
وحبر,1
“لوتس”،,1
المُحتجزين.,1
التوضيح.,1
"الأحيان""،",1
عمان.,1
وقازاخستان,1
والوطني,1
المدققات,1
تمييزها,1
الاصطناعي“،,1
نقر,1
أنابيبنا.,1
تحملت,1
حيضي,1
صرامة.,1
بالزوار,1
85.6%,1
"شيئا"".",1
أكانت,1
سحري،,1
ترياق,1
"البلاد""،",1
950.36,1
الضريبي،,1
بدونها,1
المطالبة،,1
والمخرجات,1
والنحوية,1
الإملائية,1
بالحريات,1
صارخاً,1
استخفافًا,1
والمنافسات,1
"تلك"".",1
بنطاله,1
"موجودة""",1
"""حلقة",1
"والتنمية"".",1
باسي،,1
بله,1
سكورسيزي,1
يُسجل,1
"الملاجئ"".",1
الزجاج.,1
للهدوء,1
بربادوس،,1
تزور,1
الترينيدادية,1
دونا,1
موته,1
يموت،,1
والسلامة.,1
الميكروفونات,1
132.29,1
وتدفئة,1
وإنارة,1
كلاسيكية،,1
"""بعض",1
المتحدث:,1
"الرابعة""",1
"""نشرة",1
المفرج،,1
تضبط,1
وتتم,1
يتخذه,1
وينعكس,1
السلاسل,1
الايكولوجي,1
كتدهور,1
"""الصيد",1
بأساطيلهم.,1
خاليي,1
ليلاً.,1
للغسالة,1
المنزل:,1
للتلاميذ,1
ومارتن,1
تارانتينو،,1
وكوينتن,1
فينشر،,1
لمخرجين,1
بالحظر،,1
هوليوود,1
وممكنة,1
تربوية,1
فإنَّ,1
انتابت,1
فالمتقاعد,1
المعاشات,1
ليتواكب,1
"العمرانية"".",1
مكية,1
نابية.,1
"""قاطعاً""",1
وقارنها,1
كمعالجة,1
الخليل،,1
نيوزيلندا.,1
للانبعاثات,1
مساوي,1
أسبوع.,1
وتفوقت,1
مستحقة,1
712.5,1
"""المداواة""",1
عقاري.,1
2.59,1
"أولين""",1
ونفقاته.,1
يقضيها,1
واستقرار،,1
لانبعاثات,1
"متكافئة"".",1
إضافيًا،,1
امنحونا,1
واستطرد,1
مسرعين,1
فخرجوا,1
الشقيقة،,1
المتواصل.,1
سجنت,1
تنتهجها,1
نيتهم,1
ومداهمة,1
والذخيرة,1
الجهاديين”,1
“القادة,1
آنيّا,1
بأوجه,1
ولذا،,1
أجدادي.,1
الجارية،,1
1-,1
23.75,1
أسيت,1
المفترسة,1
"فاروس""،",1
مضت.,1
وصاحب,1
المُنظر,1
مهنى،,1
والآراء,1
والتوازن,1
والمطلوب..,1
والجوهرى,1
الأساسى,1
الرأى،,1
ضاربة,1
فالعلاقات,1
كليًا؛,1
"نتنياهو؟"".",1
بالعبرية,1
ودافئين,1
آمنين,1
تبقيهما,1
لاحتواء,1
حضرياً،,1
"ومنطقيًا"".",1
ينفي,1
المكشوف.,1
للسحب,1
للهيئات,1
إقراضه,1
لرسملة,1
لمدفأة,1
قطرية.,1
النزاعات.,1
الموحَّدة,1
غزة»,1
كُرِّس,1
ساعيةً,1
تعاونيًا،,1
الشرائية؟,1
تمتصها,1
لكن:,1
يزيدان,1
الإنسولين،,1
وفارغة,1
كمكان,1
الوظيفي،,1
مسارهم,1
كمحطة,1
"""سيستدعون",1
كمنافسة,1
**لا,1
95.51,1
66.13,1
،ونمساوية.,1
استخداماتها,1
القسري.,1
المتحررة,1
المسالمة,1
وروما,1
سيفساغار،,1
لأوروبا،,1
العهود,1
نكث,1
وواضحاً,1
ومريم,1
وأعتبر,1
دافعًا,1
"""فلاش",1
يحاكَم,1
هرتسوغ،,1
إسحق,1
وتتحسن,1
والاستقلال,1
اليسارية”،,1
“الأجندة,1
"فيدرالية"".",1
مهمات,1
يتولّون,1
مدّتها,1
حالا,1
مخاطر،,1
للكريكيت,1
قسرياً.,1
وأبلغه,1
رجي,1
بوزير,1
تشواندونغ,1
سيكولوجية,1
وأولسان,1
المرأة.,1
فيتونس،,1
للمعارضين،,1
غامبا,1
وأوراوا,1
خسارة،,1
بسجل,1
كوريّة,1
بالهند.,1
لانكو،,1
14.7,1
65.23,1
للمشغلين.,1
اقتصادي،,1
لألمانيا,1
والضوابط,1
عابر،,1
لتكمل,1
لليمنيين،,1
قلوبنا,1
الاستسلام،,1
للاحتواء.,1
يصرّ,1
طالبان]،,1
[التي,1
والضعيفة,1
«عندما,1
أريوب:,1
لقاعة,1
أريوبي،,1
المُباع،,1
سددت,1
متخليًا,1
بالأجواء.,1
وانتهاءً,1
تجربةً,1
التقليديّ،,1
الزيّ,1
الهنبوك,1
والإرهاب،,1
التعهدات,1
"""نوفين""،",1
سايرا,1
العين.,1
لشبكية,1
فالأفضل,1
سوليفان،,1
كيران,1
ليمريك،,1
والاختبار,1
فيراراغافان،,1
كوشيك,1
حيويًا.,1
العالمية».,1
متخلف،,1
1.081,1
علياء,1
استقبلمطار,1
سنجمع,1
تُصمَّم,1
وضيق,1
وصداع،,1
وإرهاق،,1
وسعال,1
وقشعريرة،,1
بحمى,1
والرفاهية,1
تجربتي،,1
الرهبانية,1
وصناع,1
مسلّحة،,1
تفصلهما,1
مدينتَي,1
الفنان.,1
(80,1
قرره,1
كلام،,1
يصابون,1
الأنفية.,1
انسداد,1
البرد،,1
للمرض,1
وتغيرت,1
مختفية,1
"تري"".",1
و”كوانغ,1
"""هيو""",1
لمساحات,1
حرملك,1
سلاملك,1
لأماكن,1
تقسيمه,1
الإرهاق،,1
الشهية.,1
والإسهال,1
والقيء,1
معرضون,1
"""مونجارو""",1
"""أوزيمبك""",1
والوقود.,1
والماء،,1
والدواء،,1
الضروريات:,1
تتلف,1
التشقّقات,1
"""لك""",1
بالتبديل,1
تجربتهم.,1
48.,1
للجيش،,1
المناخ:,1
بهولاناث،,1
للشارع.,1
والموانئ,1
(كاماريجا)،,1
والشرفات,1
(هاجات)،,1
والحديقة:,1
تُطِل,1
الضرورات,1
بتهميش,1
متعثر.,1
الأوروبيةارتفاعا,1
سجلتالأسهم,1
"50%"".",1
وهدفنا,1
المنتج.,1
"""يتراوح",1
وخلاصة,1
مُحسّنًا.,1
نومنا.,1
انفجارٌ,1
أفزعنا,1
فائدتها.,1
وتُبطل,1
صحافياً,1
ألستَ,1
عملياتهم,1
ليظهروا,1
الائتمانات؛,1
"تتوقف"".",1
"الضفة"".",1
خطيرة:,1
حجماً،,1
فأر،,1
مجمّدة,1
مينيسوتا,1
وتكيفهم.,1
اندماجهم,1
أسمح,1
علنياً,1
الجميلة.,1
ستظلون,1
ولكرة,1
جزيلا,1
اللاسلكية”.,1
للشبكات,1
لجهوده,1
ماجسايساي”,1
“رامون,1
والتكنولوجيا؛,1
للتربية,1
بون,1
ماهبير,1
بصحيفتك,1
انشرها,1
أوروبياً؟!,1
"""واضحة",1
5.8,1
شكرا,1
اتبعنا,1
لاستباق,1
المعارضة؛,1
جنب.,1
سلاح،,1
"يعيط"".",1
وقعد,1
شهيرة.,1
مينغلونغ،,1
متهمين,1
"إلزامية""",1
دفعاً,1
ودعمته,1
الجناة.,1
مسائلة,1
والخزن.,1
أكسون,1
مأوى.,1
تقدمهم,1
والانتباه,1
أداؤهم,1
سحريًا،,1
الخرف,1
الخالص.,1
والفكري,1
ثنائية،,1
"""183",1
688,1
مئات،,1
أخوه,1
خد,1
حواليه،,1
وملقاش,1
شاف,1
"""ابني",1
حاملاً,1
عنهما,1
فروت,1
65.20,1
04:54,1
69.55,1
الكرنك.,1
بالاعتدال,1
فلكيةهامة,1
الاثنينبظاهرة,1
عظة,1
الاسرائيلي.,1
مستقلّة,1
للموضة،,1
المتراكمة،,1
ديونها,1
بافيت،,1
"""أوكسيدنتال""",1
التوفير,1
حيثأصبحت,1
لاقي,1
ماشي,1
وفضل,1
بيه,1
ومشى,1
راسه,1
فتلقت,1
المتينة،,1
الهزيلة,1
باكرة,1
"17,000",1
روزنامة,1
تعرّفوا,1
والفن.,1
الإبهار,1
عنصريّ,1
الإيطاليّة,1
بشرتهم.,1
بتسجيلهم,1
“الروما”،,1
بعرقية,1
تبشيرية.,1
والأمهرية،,1
السواحيلية,1
لغاتٍ,1
تكييفه,1
استفادته,1
المتحفظة,1
سخطاً,1
وخسارة,1
حقّه,1
تخوّلها,1
والعربية,1
فلك,1
بألاعيب,1
معنيّة,1
متقدماً،,1
وحاسماً,1
"فيها"".",1
هائل،,1
حقا.,1
لعبهم,1
أرضهم،,1
"""الطريقة",1
باعتدالها,1
ديبلوماسية,1
لعلاقة,1
و257,1
و255,1
253,1
للتحقيقات.,1
"""فيليبس""",1
الحاجة-,1
"نووي"".",1
“البانشايات”,1
ماهيندرا,1
فاطيماتا،,1
عمّت,1
الغاضب,1
وحواجز،,1
مشتعلة,1
تماماً؛,1
السحيق،,1
لتعليق,1
ارتياحها,1
ممارستها.,1
وقواعدها,1
إيفرو,1
ماديلين،,1
(24.7,1
“يأتي,1
أعضاءه.,1
لبيعها,1
وسيطاً,1
للبرمجيات,1
لأرشفة,1
ودفعهن,1
سمعتهن،,1
لإذلالهن,1
ومرشحات,1
صحفيات,1
العميق),1
وتقلصت,1
بسد,1
والجيولوجيا,1
شراقي،,1
وقتها.,1
يوضحها,1
الاكتمال،,1
والنرويج..,1
مطارين,1
للسُخرية.,1
يتقبلونها,1
عاديًا،,1
تَنُم,1
والتعليقات,1
صلاح.,1
وسيرتفع,1
الشروع,1
“علينا,1
مهارجان:,1
نابين,1
"الرائعة""..",1
أُرسلت,1
31.76,1
38.68,1
6.92,1
المصريةبنحو,1
فيأذون,1
الاغبو,1
النوبي,1
استكشافك,1
المكرمة.,1
5500,1
المجاورتين.,1
و”أراغوا”,1
غوايرا”,1
ثمانٍ,1
باسمِ,1
شرعيةً,1
مُضفيًا,1
الموافقةِ,1
تتقدَّمُ,1
الواجبَ,1
الداعيةُ,1
يزعمُ,1
سلامتهم.,1
ووقت,1
ماساتشوستس،,1
شارف,1
"وند""",1
وتدار,1
المهمين,1
الجديدة!,1
أوبو,1
باوتو,1
إلقاؤها,1
النماذج.,1
للحزن،,1
أنّني,1
ولى,1
الغناء.,1
فقط:,1
مهاراتها,1
وتشجيعهن،,1
كلل،,1
شريكتها،,1
فبدعم,1
محدثة،,1
"""إنديل""،",1
فيتنامي،,1
باللمس.,1
الأخلاق”,1
“شرطة,1
التعويض.,1
خدماتها,1
متدهورة.,1
رونا,1
لتخصيب,1
يثيران,1
وعمقها,1
دُمّر,1
"1,500",1
قافلة,1
22606.592,1
0.11%,1
التبادلي,1
المُريح,1
بالشفافية.,1
‎وتدابير,1
تدريب.,1
اكتشفوا,1
المشي،,1
بالركض,1
والغربي.,1
مربعاً،,1
جونج,1
7198,1
"دوست"":",1
رقاقات,1
المشككون,1
لتضييق,1
قاتمة:,1
والتحقيقات,1
"الصرف"".",1
2024/2025،,1
فهمي:,1
للصالح,1
"حروب""",1
"""سبع",1
وسيقول,1
حكومتي,1
"""الوحدتين",1
ثابت.,1
والناجم,1
ومركزة.,1
البطني،,1
فتحتي,1
بقوتهم,1
مستقوين,1
خصومهم,1
فقتلوا,1
ميليشياته،,1
لينخرطوا,1
حكومته.,1
أعماله،,1
لتناسب,1
"""أمبري""،",1
"البريطاني""",1
وجيزة،,1
века.,1
строить,1
“искусство,1
المعتقلون,1
ذكري،,1
وجهاد,1
الحربي،,1
متعب,1
المرمى،,1
وراغد,1
اليامي,1
الصانبي،,1
العقيدي،,1
مبعث,1
"ستيل""في",1
"لشركة""يو",1
تدخله,1
الانحسار.,1
والتجديدات.,1
الزيادة),1
المضاربات،,1
“صحيفة,1
والتصويت,1
"السليم""",1
"""لالتزام",1
فورة,1
إندبندنت،,1
هينتردوبلر،,1
بوشل.,1
عبدالحميد,1
وسعود,1
مجرشي،,1
تمبكتي،,1
وحسان,1
موسى،,1
سليمان،,1
سوروس،,1
المليارديرجورج,1
شبكةٍ,1
احتلال،,1
كنزي,1
"و""شركة",1
"""بتاريخ",1
المفاوض،,1
مطلعاً,1
جمهورياً,1
سيتحملون,1
(تجميد,1
الرسمية..,1
بالحواجز,1
وتنميتنا,1
إصلاحنا,1
الأسبقتوني,1
توليرئيس,1
التوحّد،,1
تفسّر,1
"واحدة""",1
"""نظرية",1
اختصاصيون,1
أعراضًا,1
وأبحاثًا,1
اللقاح،,1
لوسيلة,1
الحرير,1
نبحر,1
64.50,1
1.22,1
ومؤسساته.,1
البيوتُ,1
تتوارى.,1
العالمُ,1
يستطعِ,1
الاستطلاعات,1
"تخمينات"".",1
حقيقتها،,1
وتساءل:,1
"فلسطيني"".",1
يحكمهم,1
يقبلون,1
"اختبار""،",1
"""بالون",1
الهباش،,1
"مدنياً""",1
"""مجلساً",1
قوةٌ,1
بالتاريخ.,1
المجروحون,1
يستحكم؛,1
اليأسُ,1
الجنازات.,1
شفير,1
وعذابات,1
الغادر.,1
والخبز,1
طناجرُ,1
والقبور,1
المحتمين,1
تحترق,1
الخيامُ,1
ساكنيها.,1
وأفلامه,1
صراعه,1
لاعب.,1
ويكفكف,1
نيويوركَ,1
ستدوم,1
غيبوبتَه,1
وأنَّ,1
حجر.,1
ضميرَ,1
صحيحاً,1
ينفجر,1
طفل.,1
المظلومين,1
البيوت.,1
عاتيةٌ,1
رافقها,1
للتقرير،,1
ومفتشي,1
سلمياً.,1
"أدلة""،",1
المزاعم,1
زامبيا,1
غوتيريش.,1
دموعَ,1
حاسمتان).,1
وتمريرتان,1
(بنزيمة,1
حاسمة)،,1
وتمريرة,1
(رونالدو,1
بـ7,1
بأيام،,1
كافيًا.,1
ترقيع,1
كالمعتاد,1
ليفاندوفسكي.,1
وبيدري,1
وترشح,1
سلميًا,1
تعبيرهم,1
“بالإرهاب”،,1
باستبدال,1
والفاخر,1
والخفيف,1
ستفتقد,1
والمهاجرين.,1
بمهاراتهم,1
2.99,1
للعميل,1
ستتوسع,1
الميزة،,1
وسيرفع,1
التمويلية،,1
وسيُوحّد,1
والمستدامة.,1
منصةٌ,1
انسجاماً,1
وهونج,1
غدد,1
الشرفة،,1
الراجحي،,1
بمسيّرة,1
رومانيا,1
إسكازو,1
والديناميكية.,1
قصيرة.,1
وأربعة,1
اؤتي,1
أزماته,1
سينتشل,1
بالرفع,1
"ارتفاع""،",1
موسعاً,1
تشينارجك،,1
احتكاكات,1
الصفقات،,1
وتبطئ,1
فقيود,1
فسيحصل,1
تستكشفها,1
والموضوعات,1
توجهك,1
الغربية“,1
”الأراضي,1
باستراتيجيات,1
يحدده,1
رعايتنا,1
وسرير,1
المنتظمة،,1
والتشخيصات,1
الوريد،,1
الحقن،,1
بأصعب,1
مروره,1
المايا.,1
وحروبه,1
تتوكأ,1
وينزع,1
فتيل,1
ينزع,1
الغطرسة,1
ويخرجها,1
أجوائها،,1
طائراتها,1
متحمسة,1
يتحدد,1
"إلغائه""،",1
الميراث.,1
والقانوني.,1
علمانية،,1
البصرية؟,1
قوتين,1
جمّة.”,1
يتكبد,1
والتمويلات,1
"بالصفقة"".",1
ضروريًا،,1
ومؤشرها,1
المدفعي,1
للتنسيق.,1
شارلوتسفيل,1
"اليمين""",1
"""توحيد",1
"أعمق"".",1
صراعاً,1
وجعلت,1
وأهواله.,1
موزع,1
كلامه..؟,1
وللحاضر,1
القوة..,1
طرفان,1
يتخاصم,1
ومتعتها,1
الدورى,1
"""جردت",1
المهنية؛,1
والتأهيل,1
والسليمة,1
واللوائح،,1
وترتكز,1
ومتضادتين,1
متساويتين,1
مدرستهن,1
أزواج,1
ذكور،,1
بنات,1
أماديومي,1
إيفي,1
اليونان؟,1
آلهة,1
الأوليمب،,1
يشاء,1
ويدمر,1
ليخدع,1
الرومان,1
رَبِّ,1
عطارد,1
زمنُ,1
متّهمة,1
الترويكا-,1
-المعروفة,1
فعّلت,1
بالنفس،,1
والتضحية,1
إناث,1
أوضح.,1
اقتصادها،,1
تطلّعات,1
أبرزت,1
والماء.,1
بالإقامة,1
الطرابلسي،,1
بالشارع،,1
والتسكع,1
سهمين,1
"التعلّم""",1
ملحوظاً،,1
للبلاد».,1
كردستانلن,1
كملكيتها,1
طالبات,1
محافظبورسعيدبخروج,1
انقسامًا,1
يشاركه,1
ومسؤوليتها,1
باهظ.,1
أفغانيون.,1
مفاعلًا،,1
الكازاخي,1
الإيفاء,1
"ميكروية""،",1
بالنهاية,1
مقبولًا،,1
منطقيًا,1
"الجاري""،",1
وتنشط,1
وتاما,1
وأرون,1
كوسيس,1
بهوتي,1
بحيرتي,1
روافد,1
المتضخمة,1
والهجر،,1
النازحين:,1
مملوكين،,1
فاكسين،,1
كويست،,1
كوفورولا,1
لناتاشا,1
حافل,1
بالابتكار,1
بالتنظيم,1
الواعدة.,1
الجذب,1
للتنصل,1
والناس،,1
يُثقل,1
المضاعف,1
“أنبوب”،,1
وتنقلها,1
وتزود,1
بالنساء،,1
الغوغائي،,1
للتصدير,1
"""بريكس""",1
"المستدامة""،",1
"""الاقتصاد",1
تُسند,1
"""برك",1
تزرع,1
لمحاسبة,1
والدبلوماسي”,1
“إجراءات,1
وفود,1
1735,1
بأسوان،,1
داكار،,1
تعدينا,1
سحرية,1
صعوبة،,1
حاليًا؟,1
تقولين,1
حظنا.,1
العواصف،,1
"الخطر"".",1
"""لإبعاد",1
18:00,1
الطلعات,1
نستمتع,1
المحبوب,1
عبقرية,1
مقلق.,1
أمورًا,1
ويتأكد,1
"دينار""،",1
المليوني,1
راتبه,1
بالمناقصات,1
والابتزاز،,1
والاختلاس،,1
والاحتيال،,1
بالرشوة،,1
إجرامية؛,1
جاهز”.,1
عزيزتي،,1
“استيقظي,1
لإيقاظي:,1
مسموع،,1
خطوة.,1
اختباراتها,1
"روخا""",1
اعتزل,1
واعتزل,1
توقِف,1
وأحياًنا,1
تشدد,1
قدمهما.,1
موطئ,1
المتبل،,1
مجوفة,1
“بوري”,1
"بـ""عيوب",1
"""خطرا",1
يتشكل,1
عندئذٍ,1
الاضمحلال,1
تورّطا,1
يكونا,1
حركتهما,1
تاليًا,1
عون.,1
حليفا,1
محقّة،,1
بالأيّام,1
وذاك,1
شخصيًّا.,1
الاعتدال.,1
الموريتانيين.,1
الحظوة,1
لفوزي,1
وممتنة,1
جي),1
تورّط.,1
بالسياسة,1
أصوليّة،,1
لميليشيا,1
ومستسلمة,1
فاشلة،,1
دولتهم,1
وضدّ,1
الشيعيّة،,1
برّي،,1
ومحاصيلهم,1
مواشيهم,1
ضفتي,1
يسابق,1
تمر،,1
سارت,1
وألحقوا,1
دمرَّ,1
خصوصيتهم.,1
ناشطة.,1
النظام…,1
متواطئة,1
الاختيار:,1
بالمباني,1
الخالي,1
وترامب:,1
لقيادات,1
نتنياهو:,1
المثلى,1
والبرية،,1
والبترول,1
إعجاز،,1
ميهار,1
ربما.,1
سخرية,1
"اللعب""،",1
ضاحكاً،,1
المزعوم.,1
ونيكاراغوا،,1
استبدادية,1
"والإنتاج""",1
للاستكشاف,1
"""بوابة",1
وطبقاً,1
اشترطت,1
لمقاتلات,1
ارتفاعًأ,1
حادة”.,1
(24%),1
متبقٍّ,1
طوارئ،,1
(54%),1
السكان),1
دبلوماسية،,1
بجورجيا,1
نتائجها.,1
معاناته,1
"""28",1
لاهور.,1
التماسات,1
مالكًا,1
المحاماة,1
تال,1
فريقاً،,1
والتحرير.,1
والعوز،,1
واستعاراتها،,1
الشعرية,1
سطورها,1
5075,1
ولامس,1
جنيهات,1
وإحالتها,1
إثرها،,1
أخبارًا,1
كيغالي،,1
كينشاسا،,1
أوشكت,1
الأول2024،,1
والغَيَّ,1
العمياءَ،,1
والضَّلالةَ,1
الجهلاءَ،,1
الجهالةَ,1
«إِنَّ,1
العراق:,1
مخاطباً,1
الخطبة,1
عطايا”,1
“دردشات,1
مستخدمةً,1
التوعوي،,1
بتوقعاتها,1
للمسابقات,1
ترتيباً,1
بعبء,1
المنضبط,1
وحيد،,1
الكبيرُ».,1
يتحاشى,1
الصغيرُ،,1
يَنْبُتُ,1
العظامِ,1
الأمورِ,1
مِن,1
حُلَماؤُكم,1
ويشتملُ,1
سفهاؤُكم،,1
النارِ,1
بأهلِه,1
المُوَفِّيَ,1
ربة,1
فاري,1
كارلوفي,1
لنصائح,1
ومعهد,1
بإثيوبيا.,1
باهير,1
هيفن،,1
الغابة.,1
تكسبها,1
نيسان،,1
(22%,1
470,1
المحترفون,1
"""الابتزاز",1
الوحشي,1
خاصّة،,1
حِدّة,1
واللاتينية،,1
(غيفارا),1
بالغت,1
سيستندون,1
السباكة,1
وتحسينات,1
والحكومي,1
المخيمات.,1
إنجيليون,1
ويرتدون,1
ويرقصون،,1
الكف،,1
يقرأون,1
“بعض,1
"""الله",1
الحضور:,1
"الدستور""،",1
مصانة,1
تصريحاتالرئيس,1
آثارها.,1
سبلا,1
النيجيريون,1
ونظيفة.,1
الضامنة,1
بإقصاء,1
يناصرها,1
استبقت،,1
أتت،,1
وإدانته،,1
والشرقي،,1
ارتفعالذهب,1
أولوتشي،,1
"المئوية"".",1
ونسبتهم,1
والمطالب,1
متوافقاً,1
لمكونات,1
"""الحديث",1
"مارس"".",1
يقرّ,1
ومؤرق.,1
"""آلاف",1
المتردية,1
"عزيتنا"".",1
متل,1
يعزك,1
61.6,1
59.3,1
58.5,1
والتكيف،,1
مرعب.,1
بالفجور،,1
والاتهامات,1
الغوغائية,1
أحبطتها,1
فرحها,1
وتعالت,1
بالشرع،,1
عفوية،,1
أهمُّ,1
اتخاذها.,1
ركامها.,1
بورنموث,1
سلبيا,1
جامعيتين.,1
أستاذتين,1
وأصبحتا,1
كلتاهما,1
واقتحمته.,1
لقيا،,1
أطلَّ,1
لكنَّ,1
بحراً,1
حوَّل,1
يعمق,1
لنتنياهو.,1
الانتحاري,1
62.9,1
بتعبئة,1
إقناعنا,1
كمندوبي,1
“جاء,1
البرازيلي”.,1
يتوزّعون,1
“الذين,1
النص:,1
موسيقيًا.,1
نديريتو،,1
لإميلي,1
أبوظبي،,1
سقوف,1
وأحاديث,1
عمت,1
ومنفذة,1
العقاقير,1
كإطار,1
راعى,1
فلاتر,1
لكسوف,1
فتكمن,1
نت,1
لأوراسيا,1
إليه”،,1
[أذربيجان],1
“أبعد,1
محمدوف،,1
إلدار,1
وحماس”،,1
“التصويت,1
سنبيع.,1
البالوعات،,1
يسد,1
المهملات,1
أرجعها,1
مسؤوليتها،,1
وصنعت,1
للمراصد,1
والمناظير،,1
للتلسكوبات,1
"هولدنجز""",1
إتش.إس.بي.سي,1
للأنباء),1
(بلومبرغ,1
وإدمان,1
واضطراب,1
الاكتئاب،,1
مكّنَ,1
آثارالرسوم,1
"أسيت""",1
"ضحايا"".",1
نتفادى,1
غزيرة،,1
نبهت,1
وقع،,1
الأحداث:,1
وتستبق,1
تنظف,1
أرجعوا,1
"سنة""،",1
"الممتلكات""،",1
وتجرف,1
نتعلم,1
كابيلو.,1
وديوسدادو,1
يهين,1
وأميركية,1
أمامها,1
مواجهاته,1
لأهلي,1
لتعبيرهم,1
الجمركيةعلى,1
الاستعارة,1
تلهمني,1
رطوبة,1
لغرامات.,1
إدانتهم,1
"الاستباقية""",1
"بـ""الإصلاحات",1
إنسانيًا،,1
للإهمال,1
المتابعة,1
يكشف،,1
فالعثور,1
وميداني,1
بالمُحاكاة,1
وتصنيفها,1
الاصطناعي),1
الاصطناعي)،,1
(ختم,1
ملموسة:,1
المسؤول.,1
بإنفاق,1
شكواها,1
أورستيد,1
"""نود",1
ضيقة.,1
ومحدودة,1
الطبقتين,1
يُدرَّس,1
القصور؛,1
"الهشَّة"".",1
أيضاً!,1
بلة,1
وتزدهر,1
والميلشيات,1
تعليل,1
كله؟,1
بخراب,1
تحرشت,1
ويتعارض,1
توزيعُ,1
صالحةٌ؛,1
تعز:,1
وافتراءات,1
وأكاذيب,1
لظُلم,1
طالتها,1
البرونزية.,1
وخطف,1
رباعية,1
مستمع,1
٥٤٦,1
المشهورة،,1
تبث,1
دافعا,1
"مكسيكيا""،",1
الرِّيبةِ,1
بذرةَ,1
الرسميَّةِ،,1
الأرقامِ,1
أُعيدَ,1
1908.,1
مستقر،,1
“الناس,1
تكنولوجياً,1
وتقدماً,1
وتخريباً,1
لمالكي,1
جثتيهما.,1
متى،,1
وصلا,1
لِلأغذيةِ.,1
الإدراكي.,1
بالخرف,1
رباطها,1
"12,000",1
للأسمنت”,1
“شيفام,1
السادس.,1
المنعطف,1
بيستري,1
حظ,1
لنوريس،,1
لصادراته,1
واستئناف,1
بالفعلِ.,1
زُرعَتْ,1
كانَتْ,1
كإضافة,1
سيعتبر,1
مُلحة.,1
بينتيكي,1
مستغلا,1
الليندي,1
تاديو,1
المباحثات،,1
العلاوات.,1
لمنحها,1
منتهى,1
ظاهريًا،,1
وترتكب,1
متناقضة,1
ودخولها,1
ويناير,1
المنظومي،,1
يبتعدون,1
نكهته،,1
53.,1
الغجر”،,1
“معاداة,1
كخيار.,1
والبوليساريو,1
شُربٍ,1
مياهُ,1
طبيَّةٍ؛,1
طوارئَ,1
فِرَقُ,1
تَعُدْ,1
أمنهما,1
إمكاناتهما،,1
وتلوِّث,1
بلاستيكي,1
تحلل,1
متوفرة.,1
تُسجّل,1
البرقع.,1
تُجبَر,1
مفتوحا,1
الاقتراع.,1
غامضًا,1
التدابير.,1
كأمثلة,1
المنسوخة.,1
‎الضوء,1
‎بالمساءلة،,1
المهنية.”,1
“ليست,1
يدري؟,1
السرعة.,1
«الميزة,1
ظروف.,1
ستيبلر.,1
وفرانك,1
كولب,1
بينسنت,1
المتوجين,1
ستقام,1
وفعّال.,1
وتلهم,1
أبوابًا,1
للإنسان.,1
وتجد,1
لينغوا,1
معلنة،,1
حراجي,1
وأفواج,1
خلافاتهما,1
وقطر.,1
مسلّحة,1
ميلشيات,1
مجازر,1
تواترت,1
الانحلال,1
“بل,1
الأتراك،,1
كوراماز،,1
إمين,1
معزولة،”,1
الاشتعال.,1
طرطوس,1
متورط,1
قضيتَ,1
(و.هـ):,1
الحوري,1
المهاجم.,1
أدبوش,1
لزوجته,1
بإشادات,1
مونج؛,1
وكارولين,1
لعوينة؛,1
مدهوني,1
ترجملي:,1
تطوعية,1
المتوفى,1
آمالاً,1
اانونية.,1
والأطفال),1
والمجالس,1
خلقها,1
“ثالثًا،,1
"يستسلمون"".",1
وتضج,1
تنقلب,1
منضبط,1
اليونانيون,1
أثينا،,1
المعاملة.,1
تشغلروبوتات,1
وذُكِر,1
إنج,1
التعاونفي,1
تشيرينياك،مذكرة,1
ياتسيك,1
المشيطي،,1
الاضطهاد،,1
التعقب,1
الصور.,1
رونقه,1
صغيراً،,1
محببة,1
والأسود,1
"أوكيناوا"".",1
"""جيمس",1
يلقبونه,1
بوسامته،,1
ييميكسيبيتي،,1
فستجد,1
مواردك،,1
والأمثلة,1
ماروزسان,1
والمجري,1
6،,1
ريندركنيش,1
وضرورية،,1
بالغرض,1
الإجلاء,1
ليناقش,1
الطبق.,1
وعزز,1
“رعب”,1
وين،,1
"""غُل",1
تودي,1
تحركه.,1
لسرعة,1
إحماء,1
بتمارين,1
الانزعاج،,1
21%.,1
317,1
بايول,1
بالمدن,1
التشريد،,1
متبايناً.,1
توقيته,1
مألوفاً,1
يفشل,1
كهربائية.,1
إلكترونات,1
النباتات،,1
الضوئي,1
والفضائية,1
والصناعية,1
باكيريسامي،,1
موثوكوماران,1
الضوئي،,1
"توت""",1
تُحْجَب,1
مميتة،,1
"""الندرة"".",1
ونصبوها,1
استقلاله,1
واستِعادة,1
الذكيةبالأرقام,1
معالجاتالهواتف,1
كويتي.,1
بـ7.2,1
بالأثر,1
مروّعة,1
للشرف,1
الشوارب,1
حلق,1
مستسلمين،,1
ومقاتلين,1
احتدم,1
تعليمها.,1
ستُنشر,1
مجهولًا,1
الوراثي,1
الإفريقية.,1
الناتح,1
مساهمًا,1
نسق,1
الكفاءة.,1
مناعية،,1
وأمراضًا,1
الأنيميا,1
مناعة,1
"""إيفان""،",1
لمتلازمة,1
المسبب,1
الجين,1
وتستمع,1
يعلمك,1
والسرعة،,1
كراوس،,1
ألباني,1
جثتين,1
(53,1
والموت؟,1
تخصَّص,1
70-90,1
فحوالي,1
تبذيرية:,1
متسارعة,1
وتسريبات,1
كاسبرسكي,1
انفتاحه,1
مغنية,1
داجناشيو،,1
بيثليهم,1
وجذورها,1
المسمومة.,1
"""بايدو""",1
سينافس,1
الرائدة،,1
الإعلام!,1
وإيرلينغ,1
احتاجها,1
الـ105,1
أسباب؛,1
للزراعة،,1
السماع,1
رؤيتهما,1
يتلقيان,1
وتيريسيا،,1
فرانز,1
والنصر،,1
ياس,1
تجربتين,1
الرذاذ,1
المتحورات,1
صحياً.,1
ركبة,1
"عام""",1
"""لما",1
سيغيب،,1
الدعايات,1
ترديد,1
وسياسياً،,1
منابعه,1
عالمياً؛,1
والهنود),1
لينجوا:,1
مخارج،,1
"""شاهد-136""",1
آدو،,1
وكوت,1
الأفدنة,1
واقتصادياً،,1
وثقافياً,1
ينجلي,1
قسوة،,1
يخط,1
أرحم”،,1
“الغد,1
يهمسون,1
التمييز؛,1
سُحقت,1
وبأقل,1
لأصحابها,1
وإيصال,1
مهمة؟,1
(البشرية),1
تعتقدين,1
وتطوراته,1
ومظالمه,1
وحشيّة.,1
مُستبدة,1
طياري,1
إثيوبيا”,1
71%،,1
زيوليت،,1
كلينوبتيلوليت،,1
اضطراباته,1
وتشكيلها,1
“إعجاب”.,1
المتطابقة,1
اونتشان,1
"3,186,271",1
"29,493",1
شهريًّا,1
"المرتفعة"".",1
لمخزوناتها,1
استنفاد,1
"""ستتجلى",1
انتقالها,1
والمسؤولة,1
فاسكيث,1
إغناسيو,1
الأعباء،,1
ويتطوّر,1
بسيطًا،,1
معقّد,1
"لـ""خط",1
بينواست,1
فانسلير,1
بيرسيفال,1
سيجونغ,1
يقللون,1
جامعته,1
المروحة,1
طيني،,1
مينيسوتايت،,1
خيالية.,1
ديك,1
تنورة,1
أؤكد,1
أطرحها,1
وفنانين,1
وأطباء,1
أبحر,1
المتكرّرة،,1
والتأجيلات,1
"المائية""",1
للقوارب,1
امتلأ,1
الخفيّ.”,1
ظهورًا،,1
“أقلّ,1
نفذوا,1
التّحريريّ,1
الوقت.”,1
التذكاري,1
وعملائهم،,1
فياليابانخلال,1
«الحساسة».,1
استثارة,1
“هجوم,1
بالرقي،,1
والضحك,1
والحيوانات،,1
والطبيعة،,1
يُثمر,1
بِسُرعة.,1
المالِ,1
«الديمقراطيين».,1
يفهمها,1
نقطةٌ,1
عصريًا،,1
وأكدنا,1
الانفراد،,1
التنفيذيّة,1
عنك,1
بالبيان،,1
جدًّا,1
تقصيرها,1
لنجلة.,1
أسعاره,1
وثباته,1
الفراعنة،,1
وشعبية,1
2017).,1
(التقطت,1
توابسي,1
يعنيهم،,1
الدستوريّة,1
لمواقعهم,1
فقرّر,1
الدستوريّة،,1
صلاحيّاته,1
رئيسه،,1
شديد:,1
الطائف.,1
جنيِ,1
لرغبتِهم,1
المدرسةِ,1
تسَرَّبَ,1
وقادرًا,1
التزاماتنا,1
متسقًا,1
سابا,1
ومهارة,1
وتتطلب,1
بحرّية،,1
"لـ""العربية.نت""/""الحدث.نت"":",1
يعلقوا,1
والإحباط,1
"مقيت"".",1
يترددوا,1
العاصمي،,1
3.69%,1
جذابًا،,1
منجذبة,1
ذاتيّ.,1
تاليًا،,1
ولا،,1
آليًا,1
مفاجئ.,1
فسقطت,1
ابنتها،,1
ترقص,1
توازنها,1
دنيز،,1
كيبيك.,1
بتوسّع,1
3.67%,1
الفارق،,1
"""بوش""",1
أفسحت,1
والآسيوية.,1
براغ,1
للجملة,1
وياسر,1
بيجين،,1
ومناحيم,1
السادات،,1
يتكشف،,1
والاقتصادية؟,1
الاستقامة,1
مراجعة،,1
ومراحل,1
السهوب.,1
الأبدية,1
وتحول,1
انطباعًا,1
“الفيلم,1
أنور,1
للسلام:,1
"""ستاربكس""",1
أقراننا.,1
بمناقشتها,1
(التابوهات),1
المحظورات,1
سيشعر,1
خفيف،,1
الأوجينول،,1
للأيضيُعطي,1
كركوك–جيهان,1
المملوكة،,1
لإيجار,1
جاسبر،,1
بببيع,1
بيريز.,1
وشيمون,1
قصائدها,1
الانتخاب,1
المصابين.,1
والمُراقبةِ,1
المُكثَّفِ،,1
والفحصِ,1
تفشِّي,1
لِمنعِ,1
الطُّرقِ,1
تتمثَّلُ,1
ييه,1
لنأخذ,1
ومدخرات,1
إجماليًا,1
سينتُج,1
نيكول.,1
توقيتاتهم,1
بالركاب,1
أهابت,1
للرياضة.,1
والتنس,1
الفورمولا,1
الجميل,1
التشيكية؟,1
"ممكن""،",1
"""بدأ",1
ضريبي,1
فيسويسرافي,1
“دوبي”,1
الأسود”,1
وايلر,1
بَني,1
ويدرّس,1
الخصم.,1
التشويش,1
لتعطيلها،,1
للمسيرات،,1
مستجدات.,1
كالف”,1
“رولينغ,1
لو’),1
‘ميس,1
بينيت-كوفيرلي,1
سجلته,1
لانسيت”,1
“ذي,1
مستقرًا.,1
المحدثة،,1
سارٍ،,1
محظوظة:,1
واحتجازهم,1
كتاباتها،,1
متوقعاً.,1
جيانكارلو,1
تري.,1
وكوانج,1
هيو,1
للتشاور”.,1
“أفرادًا,1
المصريةعن,1
أسفرتحملات,1
والربط,1
برنو.,1
ماساريك,1
ريكو،,1
"""حدث",1
غوارديولا:,1
بالملايين،,1
المهاجرون،,1
مجتمعيًا.,1
تصوّر,1
"""التاريخية",1
بصفتهما,1
وتعقيدات,1
ودخلًا,1
بيتًا،,1
اسميه,1
يؤويني,1
دخول،,1
وتأشيرة,1
والتغيير.,1
ويقودها,1
النقاش،,1
قادرٍ,1
جديدٍ,1
لصوتٍ,1
ودونالد,1
الرئاسيان,1
المرشحان,1
تفضيلها,1
دستوري،,1
"والصيانة"".",1
القياسية،,1
حاتم,1
روبين,1
ونيكو،,1
وتكسر,1
الأربعاء),1
(14:30,1
الماضية؛,1
وتلقيها.,1
هامشية؛,1
والمضطهدين,1
القضاء،,1
الاتهامي,1
وحماقة,1
تُوَجه,1
العداوة,1
نجاحهم,1
يقفن,1
إليهن,1
للكراهية،,1
أدوميم،,1
معالييه,1
الديمغرافي,1
لأخرى,1
التفاوضي,1
1:30,1
يتَّسع,1
مُكرِّرة.,1
يظلَّ,1
والثقافيُّ,1
الإعلاميُّ,1
سيُنير,1
تدريجيًّا,1
المشعل,1
باختصار؛,1
المنصَّات،,1
الأولين،,1
تحقيقه،,1
الاصطناعيبحلول,1
قدراتالذكاء,1
الجميلي,1
"كومباني""",1
"""بين",1
219.7,1
و4%,1
"الجزيرة"".",1
ورئيسي.,1
مدعومين,1
وشيطنة,1
ماضٍ،,1
المخطّط,1
خلالها.,1
المؤسَّسات,1
سبقوه.آن,1
جنبٍ,1
يناقش،,1
وللمثقَّف,1
يقرأ،,1
الناشئ,1
وللأديب,1
يكتب،,1
الشَّاب,1
"""1.56",1
11.09,1
للإدراج,1
11.2%.,1
23.2%،,1
54.1%,1
فيرنون,1
للصبي,1
كاملاً.,1
تجهيزاً,1
سيُطلب,1
يوان.,1
40.24,1
17.37,1
"""2016-2020""",1
الخمسية,1
شكليَّة،,1
حقيقيَّةً,1
«الشباب»,1
والإعلاميَّة,1
والثقافيَّة,1
الصحافيَّة,1
وتتضح,1
والشاي.,1
تنافست,1
(1.92),1
14.11,1
9.58,1
السعودية-الفيتنامية,1
متينة،,1
فوهات,1
تشينامانغلام,1
نحتاجها؟,1
"""يبقى",1
وأب,1
سنغالية,1
موريتانية,1
لأم,1
تواكبُ,1
وأساليبَ,1
وأدواتٍ,1
رُؤى,1
يضيفُون,1
ألاسكا,1
تُوجت,1
طلبها.,1
طارئا,1
الإستونية،,1
بالجواسيس،,1
ستالين,1
رحّل,1
1941،,1
مالحة,1
المنطقتين.,1
متسعًا.,1
بهؤلاء,1
فضاقت,1
الأحلام،,1
المسجَّلين،,1
قسرية.,1
وأوكراني,1
تشكيك,1
للصحافيِّ,1
تُبنى,1
منصَّات,1
إنَّنا,1
التفاعليَّ.,1
والإعلامَ,1
الرقميَّ,1
العصرَ,1
بالصعاب,1
ومليئاً,1
ومتعباً,1
"""شاقاً",1
اليانغتسي.,1
فمعظم،,1
بيلارا,1
إيوني,1
رئيسيون,1
ومزوّدو,1
تتغذَّ,1
والسليلوز،,1
والنشا,1
والبكتين,1
دكسترين,1
اختبروها،,1
تخطيها.,1
متعهداً,1
بزشكيان،من,1
قللالرئيس,1
لتهجيرهم.,1
نكبة,1
بلادنا،,1
“وفقًا,1
البدو.,1
وشبابٍ,1
أبوابًا،,1
دروسًا،,1
تُقدِّم,1
صحيٍّ,1
عروس,1
والمشاكل،,1
مرتكبي,1
درعا،,1
السفهاءَ».,1
اتَّبعتم,1
بالحلماءِ,1
760,1
المختار,1
أهميةٍ,1
والمعاييرِ,1
السياساتِ,1
ومُواءمةِ,1
التنسيقِ,1
عجلةِ,1
دفعَ,1
لذلكَ،,1
صدمهم,1
السلك,1
الذهبي،,1
يوبيلها,1
واحتفلت,1
يوما،,1
تعويضية,1
"كبيرة"".",1
"القطاعات""",1
"البلد""،",1
ينقصها,1
"و""أفينيتي",1
"العامة""",1
ماجويرك,1
كازاخستان؟,1
وشركاته.,1
"البائد"".",1
بتقنياتها.,1
وإخطار,1
بنماذجها،,1
نظاماً,1
يخترق,1
الحرب»،,1
«لعبة,1
والفيلم,1
ثمانينيات,1
ريغان،,1
"الهجين""،",1
"بـ""الهجوم",1
قضيته.,1
ستُحال,1
سفراء,1
بامخرمة،,1
"للمحفظة.""",1
إنديانابوليس،,1
بالعقود,1
حظاً،,1
وسنحقق,1
لافت،,1
"سوشيال"":",1
شبكته,1
والدامية.,1
أمريكياً،,1
الصراخ؟,1
والتبدل,1
متسقة”,1
“الملاءمة”،,1
بولسوناريو,1
باستوس،,1
"""نعم""",1
جوابه,1
والتخصيم,1
"""كاتليست""المصرية",1
المرجع,1
وانطلاقًا,1
استراتيجيتنا,1
هيب،,1
الظهرِ.,1
حقائبَ,1
الليلةِ,1
يصفهم,1
ممنهجًا,1
ترحيلًا,1
مقرّباً.,1
حليفاً,1
للمؤسسات،,1
وتُحاكي,1
و0.6%,1
أسلوبك,1
والإذلال.,1
وتعرضن,1
وغزة،,1
والتلوين,1
إلقاؤهم,1
ماتوا,1
حسينة.,1
للجماعة.,1
ومعسكرات,1
مركزة,1
"سياسي"".",1
"""انفصام",1
لتقوم,1
مالكو,1
وسيستأجر,1
وقتلت,1
أسبوعين”,1
“حفلة,1
جلوب,1
أحفادهم.,1
وله,1
يتماهى,1
عائلاتٍ,1
عشرِ,1
وصلَت,1
للمنظمين.,1
سنية,1
تكاليفها,1
بالنبرة,1
بالانتهاكات؛,1
ويتخذ,1
التراتبية,1
أبشع,1
ثقافتها.,1
وعُمان,1
ربحت,1
كملاجئ,1
الأطفال؛,1
سياحية،,1
النزل,1
"""سُلان""،",1
والترفيهية،,1
للمسؤول.,1
"الصفر""،",1
بيكر:,1
تردد.,1
تدينه,1
ولصالحها,1
توزعها,1
وتتدفق,1
قوةً,1
فانيتاس,1
تذكار,1
باقتلاع,1
بتهجيرهم,1
لخير,1
لإمكانات,1
القارات.,1
البشعة.,1
والمقاطعة,1
أرضيٌّ.,1
انهيارٌ,1
سبَّبَهُ,1
خطِّ,1
تمزُّقَ,1
بالفعلِ:,1
يعرفونَهُ,1
أكَّدَتْ,1
والمهمش,1
الفترات،,1
مجانا,1
يمانع,1
سوءا,1
الإيجابية”.,1
بالجوانب,1
سماعه,1
لزملائه.,1
هنري،,1
تيري,1
ليتقاسم,1
بالبطولة،,1
بالملاعب,1
وديناميكيات,1
كيتو،,1
مكتبِها,1
للطيارين,1
الرئيسدونالد,1
السعوديوالمتخصصة,1
شركاتصندوق,1
"""دان""،",1
السجلات.,1
صدقت,1
السنغاليِّ,1
العقوباتِ,1
320,1
للمادةِ,1
الصفحةُ,1
بالكاتب،,1
لحذاء,1
توقعها,1
الأليفة.,1
بحيواناتهم,1
يساريين,1
والغربيين,1
العلمانيين,1
وصفهم,1
بالانزعاج.,1
أقع,1
التهديدِ،,1
الإكراهِ،,1
العنفِ،,1
طريقِ,1
“يتمُّ,1
إيلاجٍ,1
بأنهُ,1
تُعرِّفُ,1
ليالي,1
والاحترام,1
التواضع,1
متواضعة،,1
الإسبانية:,1
اللوجستي.,1
متزايدًا،,1
وترحيلهم.,1
والليزر،,1
للتجميل,1
"كلينك""",1
"""ماسة",1
الدلنجات،,1
وجيبوتي.,1
وكينيا،,1
بالصومالية،,1
ليصبحان,1
يوليو/تموز),1
(صوماليلاند,1
اتحد,1
أكثر؛,1
والفضة,1
لتضم,1
المُفاجأة”,1
أزمان,1
الحظوظ,1
وبأقصى,1
سجلتها,1
وأنابيب,1
وسرنجات،,1
ليزر،,1
عبوة,1
997,1
جلدية.,1
ابتسم,1
الآن؟!,1
مكّة»،,1
«الطريق,1
التكليف,1
دبلوم,1
تبيّنت,1
الحمدان,1
هويتهم.,1
للطلاق,1
"شرعيون"".",1
ماليزيون,1
الموضوعات.,1
الطّارئة.,1
الأولويّة,1
الرّقمية،,1
بالتقاط,1
أسهب,1
انخفاضها,1
مرحلة.,1
لحزمة,1
"""يأخذ",1
ثقافياً،,1
كأولوية,1
وهدفها,1
منوها,1
بالممتلكات,1
"عبثي""،",1
"""أمر",1
كحامية,1
النّسخ،,1
البشريّة,1
السّياسة,1
ملفّات,1
الآثار،,1
لتسييس,1
"شافيه""",1
"""إيمك",1
بأوهام,1
الضعفاء،,1
وتذكرت,1
التصوير؟,1
3587,1
(2870,1
الجنوبيةلاستقبال,1
قطاعا,1
والخارج.,1
و«البندقية»؛,1
«كان»,1
بمنتجاتها,1
مخرجون,1
ينتجها,1
وتقديمها,1
بتمظهراتها,1
لأبنائهم.,1
ويتقدمون,1
ويمرضون،,1
الاحترام،,1
ردي:,1
مجتمعكم».,1
«سأبدأ,1
متصدراً,1
استضافه,1
رويتها,1
توجهوا,1
الإعدادات.,1
"الحسابات""",1
"""مركز",1
تفضيلات,1
المستثمر.,1
بألوانها,1
حسان,1
إغريقي,1
حايك,1
وحدهم».,1
تخصّ,1
مجتمعي»,1
بـ«قضايا,1
فشلهم،,1
يرمون,1
الملقا,1
وضوحًا:,1
سلبيًا؛,1
سيبقى،,1
مسارها.,1
قضايانا.,1
ويُستلب,1
تُقمع,1
البنَّاء،,1
وبدل,1
بالتحيز,1
اشتكوا,1
والجمهوريون,1
الخيول.,1
السهوب,1
المُهلِك،,1
تُوقف,1
حتمياً،,1
المُتوقع,1
يابانية،,1
السارّ,1
الخريفيّة,1
وإقصاء,1
والنتيجة:,1
تغض,1
والشعبوية.,1
للسطحية,1
رحباً,1
ويُترك,1
جائت,1
ذكرها,1
30.28,1
"بأصول""،",1
"""سندات",1
الهروب.,1
مُتهدم،,1
غابي,1
مظلمة،,1
يتخيله،,1
مهربًا,1
ياشاريفيتش،,1
أدنادين,1
مقدسة“)،,1
المناضلات,1
ويعني”,1
محارباتها،,1
تطلقه,1
المجاهدات,1
جنسيتهم؟,1
بجاذبية,1
"""إيسنا"".",1
دفعوا,1
والصمت.,1
الكفاءات،,1
والإعدامات,1
المتصاعدة؛,1
يهددهم,1
متداخلة:,1
علاقتهما.,1
هولندية,1
لمزارعين,1
“القطع”,1
التسويق،,1
المتتبعات,1
إبداعيًا,1
بأمنها,1
الجواهر,1
وحبي,1
اختياراتي,1
دماغه.,1
حُرُم,1
تُفتتح,1
"الحد"".",1
ورطبا,1
حارا,1
إستراتيجي،,1
وطبيعية،,1
واستطاعت,1
وتُحكم,1
بالأردن.,1
تستقبل,1
والمصانع،,1
التغويز-,1
-عقب,1
غاز،,1
و165,1
تعويضات،,1
استشارت,1
صراع.,1
ندخل,1
جامدة,1
حاسمين,1
ودعمنا,1
مناصرتنا,1
ضائع),1
الكتابين,1
حمولتها,1
كتاباته.,1
لمواضيع,1
باستكشافه,1
باجماتي,1
نواكوت,1
معلن.,1
نظمها,1
ويستحق,1
الدولاري,1
ويُتداول,1
مسطحة,1
أسرّة,1
أميركياً.,1
و2270,1
1538,1
والسعر,1
للمدة,1
‘إعجاب’.”,1
متطابقة،,1
الشبكي,1
جيلهم,1
لتنضم,1
بابًا,1
تجلبها.,1
نواصل,1
تعلمتها،,1
للدروس,1
بالامتنان,1
شديدي,1
أسودين,1
المريرة,1
الشربة,1
“سيبادور”,1
ولادته.,1
سنوات).,1
عم,1
عاطف،,1
كتفيه.,1
السجائر,1
سلامة،إثر,1
مصيرحاكم,1
لف,1
يباع,1
الأسبوع؛,1
يحجزون,1
الجاري..,1
تراهم،,1
المشاعر،,1
الخطوط،,1
وأجهش,1
يتمالك,1
تتسنى,1
تمكينية,1
يتجذر,1
والقضبان,1
بالمطارق,1
وبدأوا,1
عنيفين,1
والتصدير،,1
جمعة،,1
المتحدةهذا,1
أفكارهم.,1
واعتمدوا,1
الهواية,1
اليمني،,1
يحتسي,1
بشهر.,1
مصدره,1
والقمح,1
التفت,1
1954،,1
وحقيقية.,1
ومتقطعة,1
حرر,1
بالألم,1
القدرةِ,1
خطةٍ,1
وجودِ,1
آبادان,1
للتشقق,1
المؤكسدة,1
يلتزموا,1
وتمضية,1
الفارسيين،,1
بلايس,1
السحر:,1
برفق،,1
موستانج,1
كاجبيني,1
الجارف,1
التشبث,1
مريحًا,1
التناغم.,1
والراسخة,1
والسخية,1
ذكرتني,1
"التفكيك"".",1
لهينتردوبلر,1
وتأمينه،,1
"""الإخفاق",1
جدًا”.,1
تحرش,1
2026-2028م،,1
يعقبه,1
الرِّشى.,1
بالتناقض،,1
قيادية.,1
تتبوأن,1
مولامولا،,1
يُجرى,1
السنداتفي,1
يشهدسوق,1
بيرجان,1
كالثلج.,1
بيضاء,1
خُثارة,1
يتكتل,1
الخالصة.,1
وأيضًا،,1
البيروقراطية.,1
اطّلعت,1
ضربةً,1
يُوجّه,1
مؤسِسَتين,1
المضيفة،,1
والمستمر,1
502,1
362,1
ميلامشي,1
بالفيضان,1
التلفيق.,1
"""التوهّم""",1
تواجدهن,1
“بيصام”،,1
“الكركديه”،,1
العنّاب,1
كمشروب,1
بالمشروبات,1
الموريتانيّ،,1
للإفطار,1
تُحضّر,1
المتنوّعة,1
ويتعرضن,1
بالرجال،,1
والأتمتة،,1
"""الإيرادات",1
صفوفه.,1
المتواضع،,1
الرضا,1
كاتماندو.,1
تينكون,1
بوست”،,1
“أنابورنا,1
صحيفتها,1
أُضرمت,1
3:35,1
جيهان”.,1
الناقلات,1
التراجع.,1
والتلميحات,1
الرقيب،,1
المراقبون,1
“الباوباب”.,1
تجمخت,1
ومشروب,1
ويواكب,1
يلق,1
"الكثير""،",1
نبني,1
إلهي،,1
"""يا",1
(يقولون),1
كمحاولةٍ,1
وبلدان,1
ينسب,1
التعليمي،,1
الدعاية،,1
الإثنية،,1
07.22484,1
4.0%،,1
فريار:,1
بمُتطلبات,1
والباردة،,1
بالأطعمة,1
طباخ,1
مكانها.,1
ومسجد,1
خيرخانه,1
لطالبان،,1
29.46247,1
7.0%،,1
الجسدي.,1
قرآن,1
أقطعها,1
العزيزة,1
الغثيان.,1
إكس),1
المتطرف”،,1
“لمكافحة,1
وتكرس,1
ديفيس,1
الأحمدي,1
"161,600",1
المؤشرات.,1
لاستنباط,1
تراجعالذهباليوم,1
براون,1
حماس؛,1
الغواتيمالية,1
وأُدين,1
دمويةً،,1
مونت,1
الطعام؟,1
للتوعية,1
"آخر"".",1
"""سيُغيّر",1
"المساعدة""،",1
سيفعل,1
مُختصر،,1
ودقيقًا,1
مُعقدًا,1
حاسوبًا,1
"""تخيّل",1
ومحتملة,1
أعراضها,1
نعرفها،,1
وإساءة,1
لتأويلات,1
يُفسح,1
الجزائرنموًا,1
الإلكترونيفي,1
العجلة”,1
“الجهد,1
للاستغناء,1
تنظيماتها.,1
والمداولات،,1
السلطة”.,1
المتطرفة”,1
“المواد,1
الخصومات,1
الثاني!,1
تحاصرهاأنتيفاوغيرها,1
(آيس),1
لطياري,1
بأساليب,1
"اللّه"".‎",1
‌‏المواجهة,1
وبإمكاننا,1
وجودية،,1
كربلائية،,1
وسنواجه,1
"اللّه""؟",1
سيتصرّف,1
يُعتدُّ,1
الوزاري،,1
والبيان,1
يمليه,1
فرئيس,1
"المالي""",1
"""التجمع",1
47.2,1
سواه.,1
القذافي،,1
"الفلسطينيين""",1
"إنجليزي"":",1
زورق,1
سيواجهها؟,1
اللبناني؟,1
سيطالبه,1
سيواجِه,1
نويم،,1
لأرقام,1
65926,1
ملامحه.,1
"""زرادية""",1
ترميمها،,1
واختلست,1
الممرضين,1
طلباً:,1
46250.88,1
0.66%،,1
303.56,1
0.65%,1
22482.44,1
0.44%،,1
97.74,1
وأدلت,1
السلوفاكية.,1
بوبراد,1
لتؤسس,1
ليسيا,1
لتحالف,1
60.2%.,1
جيزيرو,1
نجدها,1
"""المعادن",1
وقائدة,1
مورلاند،,1
إلينور,1
التمريض،,1
والممارسين,1
ومديري,1
إيكوبيز,1
لمرؤوسيهم،,1
يُولون,1
يُقدِّر,1
للاستطلاع،,1
"تويوتا"".",1
المسجلين،,1
“عبر,1
فأكاد,1
والأخلاقيّة,1
الأدبيّة,1
عليَّ,1
وتلحّ,1
المكبوتة,1
والرغبات,1
بالتناقضات,1
بسيط:,1
1992,1
ويتعين,1
“دويين”،,1
ليمون8,1
للحظر,1
"السوائل"".",1
مدرجون,1
اعتقال،,1
مطلوبون,1
و170,1
(105,1
مشتبهٍ,1
402,1
بإغضاءٍ,1
والتصميم،,1
التصوّر,1
سلندرات،,1
نوعيات,1
الإعاقة،,1
ياباني،,1
الإنترنت”.,1
و”خارج,1
فكرةٌ,1
تراوده,1
السيارةُ,1
ترنوبولسكي,1
نوغا,1
وموارده,1
تركيبه,1
والمهارات,1
نسخه،,1
وابنة,1
التضليل.,1
والتكنولوجي,1
بأوميغا-6.,1
فقلة,1
تجاريين.,1
كمشتكين)؛,1
"الديون"".",1
محذرًا,1
"تجاهلها""،",1
والجندر.,1
المتحاربين؟,1
السّم,1
ليخسرها,1
حروبه,1
السّم؟,1
سيرغمه,1
وارتكاباتها؟,1
تعب,1
شكوكه:,1
السم,1
وزّع,1
موجعة.,1
"""مطولة""،",1
والفتور.,1
الاصطناعي؛,1
برفاهية.,1
النازح.,1
الفاجعة,1
والتخفيف,1
والمعنوي,1
والإغاثية,1
متحفّظ،,1
كوسيط,1
التحكّم,1
يتناغم,1
للقاهرة:,1
استراتيجيتين,1
غايتين,1
يتباحث,1
لخوارزمية,1
والمحتمل.,1
صريحة)،,1
(سواء,1
تحيزاتهم,1
ويحللها،,1
ويملكها,1
النباتي.,1
والسمن,1
ورقائق,1
الزيت,1
"""إتش-1بي"".",1
تكتنف,1
"""كامل""،",1
المفاعلات,1
ومفيدة،,1
"""الألياف",1
دوكا,1
التشادية،,1
تمييزية,1
وعادلة,1
و”هم”.,1
“نحن”,1
ماكرو.,1
تكبير,1
تليفوتوغرافية,1
ميغابكسل,1
مزودًا,1
للكاميرات،,1
يرتدّ,1
مصادرتها,1
وتربوية،,1
سلوكية,1
وضغوطًا,1
فصولًا,1
فالحصة,1
3426,1
4405,1
مستعملة.,1
وُلِدت,1
رواتبهم.,1
تستغنى,1
فرن,1
"الزراعة"".",1
والمستهلك،,1
"""معرفة",1
هدفت,1
48.8%،,1
17.4%,1
لأبوظبي,1
"التواصل"".",1
للتأثر،,1
وقابلين,1
متفاعلين,1
والمتحرشين,1
"""المتطرفين",1
لتحدث.,1
41120,1
وزمنيًا.,1
"الحصة""",1
"المنصّة""",1
الدوام.,1
والمراسلات,1
للذكريات,1
باعه,1
إمكاناته,1
"""عند",1
تشافي،,1
فاجتاز,1
(5-7),1
و6-7,1
كوردا,1
"والمنصّة""",1
"""الحصة",1
المران,1
ومنعوها,1
قاومها,1
مؤرق؛,1
فيتش.,1
والذخائر,1
المجاعة،,1
وتُلوث,1
وتُبيد,1
تُدمر,1
الزناد.,1
ستلجأ,1
العربية/الحدث،,1
وعددا,1
وفهمه,1
وكتابته,1
قرائته,1
الإيوي,1
أتيتسو,1
التوغولي,1
1.99,1
ينشرن,1
عجل,1
والأغذية.,1
وصناعتي,1
والتعديني،,1
يحظى،,1
بأفضلية,1
بالزيارة,1
مانع,1
وجَّهوا,1
مؤيدٌ,1
المفاصل،,1
وترطيب,1
جريمسبي،,1
لسكانها.,1
المنفجرة،,1
المصداقية،,1
التزاماته،,1
"فـ""الحزب""",1
بوصلتها.,1
لتصويب,1
"جاداً"".",1
مقترح،,1
نمضي,1
"""اعتقدت",1
"جاد"".",1
لبقائها.,1
مياهها،,1
أساسي.,1
الدارجة,1
باللهجة,1
ويتحدثن,1
تركهم,1
لتدني,1
وثقافي,1
يراقبها,1
بيلاروسيا،,1
أبيلوف،,1
إيلجار,1
مستعبدين,1
ينحدرون,1
(الكيلومبو,1
الكيلومبولاس,1
يكزدر,1
فليستقرب,1
يعجبه,1
قراراتها...,1
لتباشر,1
تُقالُ,1
برّاقة,1
والتراكم,1
كُنه,1
للانخراط,1
2030»،,1
لـ«رؤية,1
الروافع,1
واجتماعي،,1
الفضلات،,1
الخلايا،,1
المغذيات,1
ولصحة,1
يُعدالماءحجر,1
فأُغلقت,1
لمصيرٍ,1
للالتهاباتيذكر,1
تُعوض,1
تحققها،,1
الآنية،,1
البغيضة،,1
لجم,1
جامع,1
نفاياتهم,1
فأنه,1
البارد”،,1
المؤكدة,1
والسعودية،,1
البحريالمشترك,1
فيحقل,1
شراكاتها،,1
والغناء.,1
بإصلاحها.,1
بأيام,1
شبحًا.,1
اشترته,1
خدمته،,1
تُنهى,1
يستقيل,1
بالغُّ,1
لليونيسف.,1
76%,1
بارزةً,1
قضيةً,1
وتقاوم,1
جلدية,1
وتصلب,1
للالتهابات.,1
لمخيم,1
وسيعلن,1
والتحويلية،,1
صناعية،,1
"""نيوم""،",1
زميلاً,1
وأصابوا,1
بالأمس،,1
ضربونا,1
النيجيري:,1
للهروب.,1
للتوضيح,1
وواضح,1
التقصير،,1
وتحمّل,1
موقعنا،,1
إثنوقراطية,1
ديمقراطيتها,1
تروجه,1
وإيثر,1
والمخصصة,1
الطين،,1
التقنية؛,1
بتعلم,1
يُبقيها,1
مرفقاً,1
412,1
لمنجم,1
780,1
حزن,1
محاولتهن,1
مأرب,1
والدبلوماسي.,1
بشريان,1
مرهونة,1
والاغتيالات.,1
والنفي,1
والمجازر,1
خسرته,1
أثبتته,1
بسلوكها,1
كلها،,1
العدائي،,1
سلوكها,1
بالوجود,1
أحقيتها,1
فالقتل,1
وعنصرية,1
يستجد،,1
مُعالجات,1
بأيَّةِ,1
الرفع,1
ومراقبةِ,1
بتفعيلِ,1
وإدامتها.,1
افتعال,1
سيشجعهم,1
انتخابية،,1
مجاور,1
حتفهن,1
يمنيات,1
البيضاوي.,1
«جنرال»,1
موجودٌ,1
البدلاء,1
وروالبندي,1
ماندالا»,1
«مايتيغار,1
زيّ,1
الأسعارِ,1
مُتضمنَةً,1
عنْ,1
تبدى,1
شكّ,1
يخالجه,1
يخدعه.,1
شريكه,1
يغضب,1
يستحسن,1
ببراعة.,1
أفضلَ,1
صديقاً,1
السكن.,1
الخروقات,1
جلسة)،,1
موقع،,1
(جهاز،,1
بالتأكيد!,1
فكاهة,1
وبصراحة,1
"لدي"".",1
وأُقدم,1
بالحماس,1
مقعده,1
بالحيوية،,1
مفعمون,1
ريغان,1
والإقناع.,1
بالعواطف,1
بالتلاعب,1
الاحتراف,1
مبرمجين,1
98%من,1
"ووتش"".",1
و81%,1
وديسمبر/كانون,1
فائزًا.,1
حروبه.,1
تلوَ,1
وأعطاه,1
محدود،,1
ترمب.,1
«سيدي,1
يستعلم,1
فاستأذن,1
واقعيته؟,1
الطيب.,1
وجوزة,1
القرفة,1
المخبوز,1
مدينتين.,1
يخلفه.,1
الرزق.,1
يوازنّ,1
للجنسين,1
ويتمسك,1
مرتعباً,1
وزرائه,1
فالتقوا,1
انتحارية,1
شنوا,1
«الحماسيون»,1
جزءٍ,1
خوزيه,1
وأعيدوا,1
وقومية,1
للعلمانية,1
بعداء,1
المسلمة”,1
“الرجولة,1
69.19%,1
مبيعاتهم,1
الانتقال،,1
الفيلم!».,1
متفاوت،,1
جيسوس.,1
مستشارو,1
(1979–2017),1
لأنغولا،,1
التسعينات,1
أواسط,1
لحماس(!),1
ويزعمون,1
تُغطّي,1
وتمديد,1
ومساره,1
للتدمير،,1
يتباطأ:,1
1995!,1
وشريك,1
كوَّنَت,1
نبنيه,1
وسنستخدم,1
"بالحوسبة"".",1
قيمتهم.,1
يفقدوا,1
يملأه,1
المألوف،,1
ومحيطهم,1
اقتراع,1
للأدلاء,1
وستقيم,1
أرقاماً,1
ألتمان،,1
الحوثيين.,1
بالحجوزات.,1
لتثير,1
للتأثر,1
استكشفتها,1
مطلقة.,1
التّركيز,1
اليدويّ,1
يقلّل,1
العريضة،,1
بقواسم,1
السبايكي،,1
بتسريحة,1
بشعر,1
مسودّات,1
قضائيّة،,1
الوقائع،,1
تعرّف,1
حريصون,1
تشكيلَ,1
مُعيداً,1
محورَ,1
والتعذيب.,1
شيتور,1
مدام,1
نتوقعها,1
فسنواجه,1
نقف,1
التجاريالقوي,1
ساهمالتبادل,1
بلداً.,1
وحوّلاه,1
أزقة,1
ذهول,1
ستؤدّي,1
تقرّر,1
النّقرة,1
ولكنّه,1
والمحسوبية».,1
«انتفاضة,1
عنوانه,1
الماويين,1
والمتمردين,1
علماني.,1
منتخبة,1
الأدلة.,1
التُقط,1
برس”,1
“أسوشيتد,1
مقتطفة,1
فيتينيا.,1
رابعاً,1
تحمّلها.,1
كأنظمة,1
كمورد,1
"لالتزاماتها"".",1
تصعيدي,1
28.2,1
تسوشيما,1
روسي.,1
بحار,1
الراسخ.,1
والاقتناع,1
الاعتذارات,1
سرًّا.,1
لتساعد,1
"جماعية""،",1
وتدهورت,1
المتضررون,1
دعوى،,1
وتجدد.,1
ظلمة,1
التعافي،,1
بالوجبات,1
تقشف,1
المعنيتان,1
والولايتان,1
النهضة.,1
تجنيبها,1
يدفعوا,1
للريال,1
سريانه,1
كأتباع,1
زاينده,1
نواجهها.,1
مبسطين,1
الجلل”،,1
للمكسيك.,1
لتحصيل,1
1862,1
تامبيكو,1
1829،,1
بوفاته,1
وسرقوا,1
المرتاحة،,1
47.5%,1
ترفضه,1
التوصيف,1
مورِّدي,1
وخارجه.,1
وتطوّر,1
متحدثي,1
عددِ,1
والمستدامة,1
الرطبة.,1
الصفوي,1
ضرر”.,1
الحافظة،,1
قريبةً,1
يتناولها,1
“دائمًا,1
لرصيف22:,1
أهنا,1
ماو.,1
وصخور,1
الرملي,1
جيولوجي,1
“أفضل,1
اليوم.”,1
أسهل…,1
ومدنيّة,1
بواجبها،,1
بشرف,1
فيدرر.,1
روجيه,1
السفينة...,1
فردا,1
و61,1
مشبهاً,1
سادوفنيتشي,1
لويس-سكيلي,1
ومايلز,1
نوانيري,1
وإيثان,1
صراعاته,1
ثقافته,1
تتنفّس,1
راكبا,1
ينج,1
ركابها.,1
وغاصت,1
موافقات,1
بأخذ,1
المترشحة,1
استخراجها.,1
الغطاء،,1
للضّغوطات,1
كاستجابة,1
التّحالفات,1
الدّول,1
حدى،,1
بمفاوضة,1
الخارجيّة,1
مجزّأة,1
عمليًّا،,1
173.58,1
"""تيزر""",1
ضعفي,1
تزدادُ,1
أرسنال.,1
عقودهم,1
مددوا,1
التضور,1
لمنزلي،,1
دفعتين.,1
كوجبة,1
الزبيبيعتبر,1
بالعقد,1
المثلين,1
المزمعة,1
وللحفاظ,1
والإشارة,1
وانتقاد,1
المجرم,1
7.160,1
سومو،,1
والجيوسياسيّة.,1
الدّاخليّة,1
أنفيلد,1
والنادي،,1
وأحببت,1
ليفركوزين،,1
لباير,1
براهمابوترا,1
واستطونوا,1
الميا,1
حلوة،,1
تأثرهم,1
بانتشير,1
الاغتصابِ.,1
بتجريمِ,1
تُطالبُ,1
نسائيةٌ,1
احتجاجاتُ,1
وأجسادهم,1
يندفعون,1
الصخب،,1
والمسجلين,1
لأنهم،,1
ستدرك,1
ليفربول)،,1
45.02,1
لوجستية،,1
العامرية,1
العقارية),1
(حمد,1
والائتمان,1
هالمبلغ؟؟!!!#بدولة_القانون_ينظّرون,1
جاب,1
(معقل,1
فقدر,1
انوالهم,1
ناعب,1
"بـ""سبيشل",1
سمى,1
مشتبهًا,1
أوزكان،,1
ويانارداغ،,1
ركام,1
يرمي,1
فتسارعت,1
ثقلها,1
حدثاً,1
مهمةٍ,1
مشاهدَ,1
سيلتفت,1
حنون,1
تدقيقها,1
بنفيكا.,1
تلاشى,1
اللمعان,1
"ون""،",1
وين,1
بـ#لبنانوبالخارج,1
امواله,1
محجوز,1
واذا,1
؟؟؟,1
وصل#رياض_سلامةلهالمبلغ,1
...كيف,1
سبيلو,1
ليدفع,1
أيوا,1
تتهمها,1
والمهن,1
تهميشهن,1
عفوي.,1
وأجمعها,1
القماش،,1
فأرسم,1
غرير،,1
جاميسون,1
"""آسيان""،",1
هان-كو،,1
يعقدوزير,1
"""كيودو",1
"الخاصة"".",1
والداخلية,1
أحق,1
أولاً»,1
«أميركا,1
راضياً,1
التأثير؟,1
كوافد,1
الغليظة.,1
بالأمعاء,1
مُتصل,1
إصبع،,1
صغيرٌ,1
كيسٌ,1
روبلوكس.,1
ابنتهم,1
مفترس,1
اختطف,1
الداية.يحكي,1
ووريث,1
مرافقه,1
قرب:,1
عايشته,1
عينٍ,1
أوسلوفي,1
اما,1
بالتنقيط,1
لاموالهم,1
بيوصلوا,1
انو,1
تخيّلوا,1
تستدعِ,1
يطلع,1
الأموال!,1
صداقات،,1
ويكوّن,1
تُروَ,1
والزعيم..,1
نسمع,1
الحلقة،,1
"السلام"".في",1
خصره,1
"و""المسدس",1
سرّية,1
الجماهير.كما,1
والمصافحة,1
مانديلا،,1
ونيلسون,1
ولقاءاته,1
أيامه,1
والانسيابية,1
"العامة"".",1
السامر,1
متفجّرة,1
"كوبتر""",1
"""كواد",1
"""أسقطت",1
والعلماء,1
وبررت,1
الشبكات.,1
والخدمية،,1
القول،,1
بـ3.8,1
صرفها,1
ساخط,1
وتنسج,1
وسرقته.,1
درزي,1
خضار,1
يُعدّون,1
السنّة,1
لإجبارك,1
التكيف،,1
بقدرتك,1
"الذاتية""",1
"""الفعالية",1
المسيئة,1
بالعبارات,1
التنمر،,1
“مؤامرات,1
مدّعين,1
المستغرق,1
هار,1
ليمور,1
"يهوديت""",1
"""عوتسما",1
النائبة,1
اقترحته,1
مبدئية,1
وحفر,1
الإغاثة.,1
احتشاد,1
الإغاثات”،,1
حاشد,1
“جمع,1
منسقي,1
تحتكران,1
وإكس,1
دليجاني,1
69.70,1
06:30,1
"بالمعركة""،",1
بالأداة,1
شغوفة,1
بالضرورة،,1
قانسو,1
تهديد،,1
بالطفو,1
تخمير,1
زائفاً,1
"""حرباً",1
المختطفين.,1
بالجهود,1
ميليش،,1
مُسبقًا,1
تُسعر,1
المنطق:,1
مشكلتان,1
المدرسية.,1
للحدائق,1
"آكس""",1
البيك,1
"""جبل",1
والسجناء,1
"المحتملة"".",1
(الإسرائيلي),1
ينضمون,1
والمنزل,1
لسموه،,1
بتعهداتهم.,1
ضغينة,1
للحظر.,1
زوي,1
لمشاهدة,1
يقاتلون،,1
":""لا",1
النظرية،,1
العلنيّة.,1
بالمساءلة,1
للمالكين,1
الإلكترونيّ,1
والظّهور,1
تقوّض,1
الإعلاميّة،,1
المنظّمات,1
المدنيّ،,1
والأحباء،,1
ويصارعون,1
داريل,1
"ميغاواط""،",1
بالأصفاد,1
يُقدّر,1
ويقرأ,1
بطيئا،,1
ودائما,1
تعقيدات،,1
مني،,1
معنا،,1
تأسيسية،,1
ونعقد,1
مني.,1
كنت،,1
"الجيد"".",1
16.4,1
"إنفستمنتس""،",1
جواسيس,1
أصل،,1
تشوبی,1
بهمن,1
رجلا,1
أعدمت,1
"""ميزان""",1
بالتصويت,1
ومالكا,1
جوخ،,1
“ربما,1
معاناتهم.,1
يعجزون,1
اندلاعالحرب,1
"""ديل""",1
"إنك""،",1
"""ديل",1
بوبلويل,1
حياء,1
وجادلوا,1
“غضب,1
نعد,1
لإتقانه.,1
تدريبًا,1
أكنّ,1
فارسية،,1
منمنمة,1
المنمنمات،,1
أحصل,1
حديدي,1
وتبنت,1
حارقة.,1
بعبوات,1
ودويسبورغ,1
دوسلدورف,1
وبها,1
هويتي,1
"""المختبر",1
"""فيديليتي",1
جوريين,1
لصالحها.,1
مهنته,1
والجمعة.,1
746,1
الأوكرانيةفي,1
نفّذ,1
العامةلقوات,1
الحديث؟,1
المهمشين,1
ومجتمعٍ,1
كالاس.,1
هاندلسبلات,1
و2.6%,1
وسالزجيتر,1
تيسينكروب,1
الأظافر,1
صالونات,1
لفات,1
للمصنع,1
والأمتعة.,1
"آر""،",1
عرضةٌ,1
جيوسياسيّة،,1
وتحوّلاتٍ,1
تاريخيٍّ,1
لجورِ,1
رضوخًا,1
لأمرٍ,1
واستسلامٍ,1
يأسٍ,1
بسببٍ,1
تانيا,1
أدلت,1
السام.,1
وأندونيسيا,1
المتاعب.,1
سلطة،,1
بكلّ,1
الدولة.يجب,1
والخارجيّة،,1
والموضوعيّة،,1
الذاتيّة,1
المؤهّلات,1
استيلاد,1
وإنّما,1
والتغيّر.,1
للتبدّل,1
الورق),1
(صناعة,1
"الورق""",1
تونغزاهو،,1
الأصفر.,1
الذهبلمستويات,1
منصتها:,1
روتيني،,1
جيسوس،,1
بدفعٍ,1
جاوز,1
"بنيويًّا"".",1
"""عطبًا",1
فهمه,1
وإرغامه.بل,1
قسره,1
التنمّر,1
حياله،,1
والتواضع,1
ومراتبه،,1
وشروخه,1
جوارحه,1
الزعتر)،,1
​​الأوريجانو،,1
(بالنعناع،,1
الأوروبيةاليوم,1
انخفضتالأسهم,1
نضارتها,1
الباهتة,1
غنيّة,1
3-3.,1
والصفاقسي,1
والإسماعيلي,1
ارتفاعأسعار,1
تارجت,1
كارناتاكا,1
"التعبير""،",1
"""سنستأنف",1
التوت)،,1
(الفراولة،,1
الكمثرى),1
(التفاح،,1
​​شاي,1
بالنعناع،,1
والملح،,1
بالحليب،,1
بالعسل،,1
العقبات،,1
صبحي,1
إيرلندا،,1
مشكلتها,1
اللفظية.,1
المضايقات,1
زهري،,1
"فوبوس""،",1
"""تربة",1
والمبيعات.,1
للتسويق,1
المعتمدون,1
مُركّز,1
النيجرية،,1
وتدّعي,1
تلقته,1
"الوكالة"".",1
نفوا,1
"""تواصلت",1
"""ضخم""،",1
برزقهم،,1
وأضر,1
التوت.,1
سدى,1
دمهم,1
بشريّة,1
ودروعاً,1
رهائن,1
حبسهم,1
الدنيوية,1
حريّاتهم,1
مأمول.,1
تقدمٍ,1
وتيئيسه,1
الأممي,1
تثبيط,1
منفلتٍ,1
بأفكار,1
تعقيداً؛,1
مُلفقة,1
"عامًا"".",1
السيارة.,1
نستيقظ,1
وتتوقف,1
ليلا,1
النخاعي,1
فئران,1
روشستر,1
عبثيّة.,1
فيتالي,1
"قانوناً"".",1
إنشاءِ,1
المُدرّبة,1
"عسكرية"".",1
لمطارات,1
فـالتغيّرات,1
"""السذاجة",1
مصنوعًا,1
كلها؛,1
حمضها,1
بثقافة,1
الأمر؛,1
"""الليلة",1
"باييس""",1
287.5,1
"""رافائيل""",1
مضادا,1
و1680,1
قاذفة,1
168,1
وحياته,1
جرح,1
كجيران,1
تعايش,1
الصدامات,1
الحرية”.,1
حلفائه),1
"والطفولية"".",1
الأمومية,1
الملوّثات),1
غون,1
يرتدينه،,1
فالقليل,1
مستقطبة,1
وأجواء,1
تتّضح,1
"متفاوتة"".",1
وكورونا.,1
متشابهين..,1
خطرين,1
بالأنفلونزا,1
للأخطاء,1
للوجه,1
التمييز.,1
يغذيه,1
تشكلَّ,1
والعدد,1
الفاشر.,1
بالكارثية,1
وتبدد,1
مُحدد,1
بحثهم,1
مشاعري.,1
يخلّ,1
وفوسفات,1
مضاف,1
سكّر,1
المنكّه,1
الكثيرٌ,1
1942.,1
محض,1
تبرهن,1
المستجدة,1
مقالي,1
منالعقوبات,1
وبودابست,1
عنقه,1
زيّن,1
1967م,1
وإيرلندا,1
وآيسلندا,1
بذور.,1
محلى,1
وينتزع,1
ليتفوق,1
بيميش,1
جوردي,1
النيوزيلاندي,1
اندفع,1
تُستهدف,1
"""مرة",1
الأوكراني:,1
يرماك،,1
حضهما,1
زبادي,1
ليبتاكو-غورما،,1
العشر،,1
«الاعتزاز,1
والتنموية.,1
والعالمي،,1
وواسعة,1
والتملك,1
والمقيم،,1
مشتريها,1
الثلاثي،,1
المهترئة.,1
للزمن،,1
وفيروفيال,1
فينشي,1
أوراسكوم،,1
وسلوفينيا,1
وأرضها،,1
ممتد,1
لإرثٍ,1
المستندة,1
بتاريخنا»،,1
ثوابتنا،,1
والمضامين,1
الوطنية...,1
بهويتنا,1
العراقيل,1
امتعاضه,1
غوانغدونغ,1
شيوين,1
شنتشن,1
الأسوأ.,1
الديكتاتوريات،,1
مضمونًا،,1
"منهما""،",1
"""9",1
حجبت,1
البشر”،,1
“قللت,1
القاهر,1
التكنوقراط,1
مذكورًا,1
ودراسات,1
مطلقا،,1
أوبتوس,1
الاسترالية:,1
مُلحة،,1
وتاريخها».,1
وشعبها,1
وقرميد,1
الطيني،,1
الطوب,1
وبُنى,1
مبنًى,1
أقدام.,1
انزلقت,1
أحبائهم.,1
مصائر,1
أهوالها،,1
وإصلاحات,1
والتنموية،,1
تشريعي،,1
الإيراني)،,1
(البرلمان,1
رضائي،,1
النجاحات،,1
15.4%.,1
المديرية،,1
المُستدامة.,1
وتدعمُ,1
تُعززُ,1
مُهمَّة,1
تُمثّل,1
محوريةٍ,1
كخطوةٍ,1
4.00%,1
لليلة,1
عالمياً».,1
إقليمياً،,1
للتوسع؛,1
الخشب.,1
한남동으로,1
넘어,1
남태령을,1
[속보],1
المتظاهرين:,1
مارسهُ,1
للنزاع،,1
غالتونغ,1
يوهان,1
وباحث,1
طُور,1
معزول،,1
وللحصول,1
درجة”,1
“أداة,1
الغارقة,1
سترايد,1
بتحركات,1
لتسخينه,1
البارد،,1
مسجل،,1
أرومية,1
أراس,1
ماساليت,1
البلدات،,1
막아섰습니다.,1
경찰이,1
내란부역자,1
대오를,1
트랙터,1
농민의,1
진격하는,1
(حاليًا,1
لاعب،,1
سادس,1
حظا,1
صديقته,1
كويلو،,1
بتلات,1
واتش,1
متجه,1
محتجزا,1
جنسيته،,1
أوريغون.,1
الحبل,1
الخيوط،,1
إسرائيلياً،,1
فنتشرز,1
(المؤجر,1
بالزيادة,1
بعده،,1
ميلادية,1
فنجدها,1
راعت,1
ونجدها,1
الجبال.,1
الكريمة،,1
ألماسة,1
تكوّنالألماسالطبيعي,1
أشرقت,1
الاتهامات.,1
بشهاداتهم,1
إدلائهم,1
بوليانا,1
733.5,1
899.3,1
وتحتل,1
للتلوث,1
يمحى,1
يغضبهم,1
الكحولية,1
والتبغ,1
والأرز,1
"والأمن"".",1
ويُلحقون,1
ملكيتنا,1
وينتهكون,1
يُقوّضون,1
قصتهم,1
والمستأجر).,1
لوكان,1
بوثمان,1
بارزة:,1
تشهدها،,1
"""إنهم",1
"مستخدمينا""،",1
(أي),1
"""تخلق",1
جوسوياك,1
وعدلت,1
دانانج,1
النقال,1
الأحفوري.,1
الروائية,1
858,1
22.6%،,1
يتشاركون,1
يجرم,1
الروبية.,1
"1,850",1
التظاهر،,1
خيوشفيلي,1
يوسب,1
بلجيكا،,1
ولوتن,1
نسبه,1
المئة؛,1
40.9,1
وديترمين,1
كوكو,1
كليف,1
وأيقونة,1
سنكون,1
يقربنا,1
أمنيا.,1
الليلة،,1
أمريكيًا).,1
"الاقتصادي""،",1
وارجيو:,1
صالحنا.,1
والثابتة،,1
الطولية,1
سيطرتنا,1
لانخفض,1
بتشريعاتها,1
والأعلام,1
بالخطابات,1
إلكترونيون.,1
السياسة”،,1
“الكنيسة,1
نفاقًا,1
يكذبون,1
ويُحسن,1
فشرب,1
يذيب,1
والأساسية.,1
أُحرم,1
والتنزه,1
بارتياد,1
محظوظات,1
الأخرى؛,1
بالفتيات,1
أقارن,1
لاتفاقيات,1
صحفيتان,1
شخصيتان,1
بانا”،,1
و”إل,1
تشاما”,1
جلُّ,1
رفيقك,1
اجعل,1
وباختصار:,1
متكاملًا.,1
وظيفيًا,1
لروايات,1
ويروجون,1
المبرر,1
والقاسي,1
الظالم,1
1),1
وبنغلاديش،,1
بتطورهم.,1
وتدربوا,1
لطعام,1
19.,1
النيبالية.,1
بنور,1
وينير,1
"بالتأكيد""،",1
وسأرسل,1
للرخاء,1
توسعه,1
بالبناء,1
واستيعابها,1
منشأهما,1
لغرامةٌ,1
نسخةً,1
البعيدة.,1
لمصايد,1
موهوبة”,1
“أرض,1
أيضًا؟,1
كرايتشيكوفا,1
وسحقت,1
حائل،,1
2),1
الأرثوذكسي؛,1
وشوهوا,1
وحرفوا,1
المسيح،,1
خانوا,1
بسجنها,1
بمواضيع,1
268,1
ألو,1
بروثوم,1
بانغلا,1
الشائعات—,1
ماسح,1
المقبلة؟,1
(كيمارك)،,1
الأبحاث،,1
المتحدة:,1
وكوستاريكا؛,1
وتعني,1
حرًا,1
(232,1
لرئيسين,1
إدارتين,1
شركةمايكروسوفتإقالة,1
لتغتاله,1
أميناً,1
اغتياله،,1
للشيوعية,1
بمخططات,1
استُكملت,1
لصدمات,1
وبُعدها,1
وعزلتها,1
بالنمو؟,1
عرض.,1
البسطويسي,1
وكفالة,1
الواسعة،,1
وكتب.,1
زاهية,1
وغطاء,1
رداءً,1
بالبرازيل،,1
مندليف,1
يعرفونهم.,1
انعكاسات,1
أسطولاً,1
تحبط,1
أكتوبر..,1
إقرارا,1
الدمام,1
برونزيتان،,1
ديمقراطيين،,1
المركزي)،,1
الأحكام.,1
يرِدُ,1
توصيةٍ,1
ولمجلسِ,1
(يشمل,1
"2,661",1
اليمنية.,1
الإمامي,1
الثوار,1
المتوكلية,1
ويحتفل,1
مزعجاً,1
الأفقي,1
"""ريديت""",1
خزائنها،,1
والأقنعة,1
التبسيطات,1
الاستقالة،,1
وتوافرها,1
يذكرون,1
"2,334",1
5.75%،,1
"2,463",1
6.25%،,1
فقط).,1
والفائدة,1
"""الحق",1
تجاهلوا,1
وفرَّ,1
قُتِّل,1
1987,1
بلداً,1
حرمانها,1
متشابكة،,1
ينتشر,1
الملاحظة.,1
يرسمون,1
لتُروى,1
تصرخ,1
وتنظيميًا,1
"إيروسبيس"".",1
1444هـ،,1
(م/191),1
تُطبَّق,1
الأحكام:,1
نصٌ,1
سابعًا:,1
عالمٍ,1
البشرية)،,1
المشتركة)،,1
وإدارات,1
توسيعه,1
المشروطة,1
للتحويلات,1
إحساس,1
“راكان”،,1
افتُتحت,1
أولادها,1
“بيس,1
ونشرته,1
ميجان,1
واستقلالية.,1
متكررة.,1
ارتفاعاته،,1
فيالسعوديةسلسلة,1
نتمتع,1
الأوروبيمع,1
يوقّعهاالاتّحاد,1
والتبريرات,1
الاعذار,1
اخطاء.,1
اقترفه,1
عوضاً,1
والحجج،,1
للأعذار,1
وخطئه،,1
بتقصيره,1
والتوظيف.,1
قدرتك,1
واعتبرتاها,1
فعّلتها,1
تضامنية.,1
باتومي،,1
أماغلوبِلي,1
مْزِيَا,1
لطهران,1
16.7,1
"الراجحي"".",1
"عِلم""",1
للطوارئ،,1
"2,791,301",1
"424,462",1
وبزيادة,1
15.2%،,1
"3,215,764",1
ومكلفًا,1
عالقات,1
بالقاهرة.,1
سيرها,1
فيسيارةالإعلامي,1
والانكماش,1
النكهة,1
‎البوسنة,1
مافريتش,1
سناد,1
فيتسانوفيتش,1
ميلوراد,1
أندرونيك,1
للتدمير.,1
بالترشح,1
والمتمثلة,1
وتتغيّر,1
الاختبارات،,1
يجتاز,1
المعتدلة,1
ظروف:,1
الثبات,1
وسياسيًا,1
باوليستا.,1
معيشية,1
‎بشكل,1
سجلاتهم,1
لزملائهم,1
كبيرة”,1
و”إهانة,1
ومعاقبتهم,1
مطالبةً,1
(عالمة,1
تيرنتييفا,1
أوليكساندرا,1
للكرملين.,1
والتضحية.,1
ويحتفلون,1
يتخرجون,1
وأصدقاء,1
المميت.,1
منفردين,1
يمثلها،,1
فالمصانع,1
كورت,1
الغرفة.,1
لتغييرات,1
تركيبته,1
متكامل،,1
"السحري""،",1
"""إكسير",1
الرياضة...,1
هنا”.,1
انتقالي,1
يضطلع,1
"""الوفد",1
حملته،,1
مستقبله،,1
"المستمرة""",1
"""التكهنات",1
للبلدية،,1
تحتمس,1
):,1
ومتطوعة،,1
يختصر,1
بمخرجات,1
سفنها,1
طقوسها,1
دلالاتها,1
معقلها,1
والزيتون.,1
يرتبكون,1
بلورته,1
مونتيري,1
وبوكيلي,1
يشترك,1
يتفاخر,1
صفاء.,1
وذهن,1
بجسد,1
لبوسورث،,1
لمصنعي,1
برمجياتها,1
تُرخص,1
بوسعيد،,1
التّحسين,1
تعترض,1
خططنا,1
لعلاقتنا,1
زفافنا,1
حقا،,1
شُيّد,1
قلعةٍ,1
أكشا,1
لطيفًا,1
يُقصد,1
وأمنهم,1
أشاهد,1
"أكتوبر""،",1
سيثني,1
فاقا,1
"""بيانات",1
المعادن:,1
وونغ،,1
بمنحها,1
"رينيوابلز""",1
"""سكايبرون",1
"المواصفات"".",1
روبوتك,1
"""طالما",1
باستخدامه,1
تُطوره,1
"لـ""درويش""",1
“تيريري”.,1
مستحضر,1
والرطبة,1
"الحالية"".",1
"""تخطط",1
8.5%،,1
16.8%،,1
والخرسانة,1
الخرسانة,1
رقمية.,1
الهولندية:,1
"""فوغ""",1
لطهران،,1
سهلة؛,1
التشفير,1
متزايدة.,1
تواترًا،,1
مستوية.,1
ببقعة,1
عورة“.,1
المتداول:,1
الشفهي,1
حرف,1
بالكلمات،,1
حريتهم,1
كهيندي,1
مبارك.,1
وصبا,1
ومصطفى,1
وتارا,1
الشربيني,1
المفاجآت.,1
خوفها,1
المقاطعات.,1
الفعّالة،,1
الحصاد.,1
الحراثة،,1
بدءً,1
الفلاحون,1
"نووية"".",1
نتسامح,1
بخل,1
خلفياتها,1
يحرص,1
ازمة,1
لنجعل,1
نحافظ,1
حماد,1
بالمحطة,1
والتشغيل،,1
توثيق.,1
توكعبر,1
القصيرةتيك,1
يدعمها.,1
لمخاوف,1
منوط,1
إيسو،,1
أُضيئت,1
لتقام,1
الطقس،,1
والتملك،,1
كهروضوئية,1
وسيجمع,1
بينإيران,1
التسوية.,1
فيلريك,1
أنتويرب,1
وخاليًا,1
وقابلًا,1
"بروس""",1
"""تافاريلا",1
ملكة,1
يتنافسن,1
"جيدة""",1
"""بضاعة",1
الدمغة,1
حملهن,1
القربى,1
تُدمج,1
سيفر،,1
(تريانول،,1
مظالم,1
يُوصفون,1
(السلفادور).,1
موزوت,1
(المكسيك),1
أيوتزينابا/إيغوالا,1
بالجماعات,1
التأسيس.,1
مسابقاته,1
للثأر،,1
وعرضة,1
وخاضعين,1
لإبقائهم,1
نهائياً.,1
20.7,1
3.40%,1
3.45%,1
لـيوم,1
وغيرها).,1
الإقليمية”،,1
تُستكمل,1
الدائنين,1
ستتنازل,1
للسودان.,1
ضوءًا,1
والنوبية,1
عثروا,1
سنة،.,1
نُفيه,1
لقضاة,1
وباعتباره,1
المتوالي,1
وأوسلو,1
وشب,1
الأثيني,1
شغب,1
٢٠٠٨,1
جريجوروبولوس،,1
لألكساندروس,1
بهم”,1
“قادة,1
المنافسين،,1
لتنسيقها,1
تكبدتها,1
لبريد,1
والذهبية,1
"""استناداً",1
بشطب,1
جنايات,1
مكرر،,1
​​10,1
شملها,1
للسكر؛,1
كبدائل,1
"""عادةً",1
بجرافات,1
"""كاتربيلر""",1
الصحافة؟,1
م):,1
المنسوبة,1
المنظمة؛,1
يُساءل,1
لشح,1
معارضها,1
مخزوناتها.,1
كوانج,1
العاتية,1
الأمواج,1
صيادا,1
للاستعادة,1
ولماذا،,1
تدويره،,1
مصيره,1
وتجسيداً,1
إجرائية.,1
المالديف,1
خطاهم،,1
"المسلمين"".",1
الرئاسيَّةِ,1
حملاتِ,1
لشهرِ,1
والإعلاميُّ,1
الضغطُ,1
دوريٌّ:,1
الإهمالَ,1
لِسيبالوس،,1
تراي.,1
بتايلاند,1
عبورًا,1
ضفافه،,1
والسعودية.,1
مشترٍ,1
حرج.,1
مهاراتهم،,1
ألهمتنا,1
إيماني,1
عنإعادة,1
التأويل,1
(إساءة),1
سماتها،,1
تُعرّف,1
متراً.,1
جسدك.,1
ولإنقاذ,1
أطفالك,1
ستفعل,1
بذلك:,1
الإقليمُ,1
الضَّغطُ،,1
تَخفَّفَ,1
غرفتين,1
ومقابلات,1
السبعة،,1
بمراحلها,1
الأذواق,1
باني,1
لأسمح,1
أخلاقيًا,1
وبنيت,1
تحسن”،,1
كاندال,1
تاكيو,1
بريك,1
خليفته.,1
التكميلية,1
والتعاون.,1
الفنية”.,1
بالراحة،,1
“وبعد,1
والمطارات,1
بالشاحنات،,1
(التير),1
التقنيات،,1
والسلامة،,1
وقوعها،,1
تعزيزًا,1
لإشرافها،,1
تتبناها,1
معظمها،,1
أغلقتالأسهم,1
توثيق،,1
ففراغ,1
الكونية!,1
لاستفراد,1
تحدٍّ,1
الأوامر.,1
الرسمي)،,1
لميتا.,1
لألفابت,1
مُنافسًا,1
للتطبيق،,1
تفهماً,1
الأدرينالين,1
بالحبال,1
للقفز,1
كوشي،,1
بوتي,1
رحّبت,1
"جداً"".",1
"غزة""تتقدم",1
والجراحة,1
بدراسةِ,1
إجباريّا,1
البكالوريوس),1
(مرحلة,1
للقبول,1
باكستان!”,1
التحاقنا,1
يتسائلون,1
أستمر.,1
يكسر,1
الإسرائيلية!,1
صارخ،,1
مجسِّداً،,1
ليكي,1
إبيجو-,1
أبايجو،,1
إستيم,1
مورال,1
تشيديندو،,1
أوبيلوناما,1
لاغوس،,1
المتأثرة.,1
منتجاتهم.,1
المصنّعين,1
وتُجمع,1
تُخضع,1
تفتتح,1
لمعالجتها,1
تصميمها,1
عانت.,1
مستعدة…,1
ابنته,1
بتزويج,1
“باكار”,1
أزواجهن,1
يحضرها,1
وأجبرتهم,1
سلطتها,1
يستحقه.,1
ومنحه,1
لكنهم،,1
كينغستون،,1
ميزتهم,1
عززوا,1
ملاءمة،,1
باحثات,1
كمنافس,1
كسياسي,1
"و""داسيا""",1
"""مرسيدس-بنز""",1
"و""بيجو""،",1
"""رينو""",1
الفرنسيتان,1
العلامتان,1
مكنهم,1
نارية.,1
بالضرب،,1
والتعدي,1
بالإكراه،,1
ناري،,1
تداولاً،,1
معتقداتهم,1
لمسلمي,1
مستقبل.,1
خرجوا,1
بالبرّ,1
ربطتركياالحالية,1
إيجة،,1
بلطجةداخل,1
يوثققيام,1
بعدثلاث,1
دقيقتين,1
واد,1
قويتشو,1
أخرجت,1
جهدي،,1
تركيات,1
بارامات,1
جاهنغير,1
قميصًا.,1
أحضرته,1
السروال,1
ارتديت,1
البخار.,1
مُحبو,1
والحديد.,1
"ميتروبوليتانو"".",1
الإنسان».,1
«المسار,1
"واحدة"".",1
تختصر,1
سيطلق,1
ممارساتهم,1
أناسًا,1
266,1
قرنًا,1
وجسيمة”،,1
(المرأة،,1
آزادي”,1
جيان،,1
“جين،,1
والانتفاضات,1
المؤسسيين،,1
يُقيّمون,1
"البشرية""،",1
العالم”،,1
ومهاجر,1
الإخباريّ,1
فارارو,1
باريليروس,1
المحيطية،,1
الكميات.,1
الجوال.,1
تلف,1
ينبهون,1
لأسير,1
القسام،,1
معتادة،,1
الدافئة,1
تقويها,1
والإحباط.,1
والحيرة,1
ملؤها,1
وعيونهم,1
يبكون،,1
"و""بيكسل",1
"25""",1
سلسلتي,1
متاحة؛,1
بعناية.,1
مارتينز,1
إدارةالبنك,1
الريال”.,1
“خطة,1
والمانحين,1
كوسطاء,1
طريقها.,1
خطوات،,1
بالطفل,1
وكرة,1
وبطولة,1
مؤجلتين،,1
يملكون،,1
إدمانًا.,1
“ترد,1
تتضخم,1
والمستنير,1
المسيس,1
قوتهم,1
إجابةٍ.,1
التساؤلاتُ,1
ولمشجعي,1
ولهانزي,1
غزة”،,1
“المأساة,1
علييف,1
"15"".",1
بإصبعين،,1
متوازيان,1
فكّان,1
أصابع،,1
أيادٍ,1
"""بأذرع",1
والرسم.,1
لمهرجانات,1
سلبيين.,1
إيجابيين,1
وأكمل:,1
الديني.,1
عقول,1
مدّعية,1
“ينقذ”,1
يونيون,1
سينان،,1
ستيرلينغ،,1
التأهيلي,1
محاكمته،,1
حرياته،,1
لاحترام,1
المعترض,1
لمذاق,1
للفوضى.,1
الانتهازية,1
مروِّعة,1
الجافة.,1
"ناجحة"".",1
تحديداً,1
"بشرية"".",1
شفط،,1
خطةإدارة,1
كابده,1
أذق,1
لنجاتي،,1
متأرجحة,1
وز,1
"""يفتقرون",1
2005)،,1
إميلي،,1
الشديدة،,1
للأعاصير،,1
"ستريت""على",1
"في""وول",1
"الدم"".",1
بالمشي,1
"""الرحلات",1
مربع)،,1
(10.4,1
للسكّان,1
منتزه,1
عصرالذكاء,1
واستشهاد,1
كفايتها.,1
غط,1
المنتشرة،,1
"والدولة""",1
"""حصر",1
باهتمام،,1
تعزيزِ,1
يسلكون,1
واستجابةً,1
غزةبعد,1
وثقافتهم,1
الناتجين,1
والأذى,1
المُعلِّق,1
المُشَاهِد,1
بشدّة.,1
الثامنة،,1
التناسليّة,1
وخضعت,1
غامبيا،,1
كلاسيكي.,1
خدمتنا،,1
توحيدها,1
منشقة,1
رسميّة,1
1961,1
"""نوجّه",1
وضجيج،,1
المعلقين,1
رصينًا،,1
وتحليلًا,1
وصفًا,1
جمالها.,1
يسلبها,1
بريقًا،,1
فالتعليق,1
صافرة,1
المؤسسين,1
ساردار،,1
الهولالشهير,1
فيمخيم,1
يتواجدون,1
قليلا.,1
ونبذل,1
نريده.,1
"""لذلك،",1
هرمي,1
تسلسل,1
حُكِمت,1
مواجهة،,1
267,1
333,1
المسروقة»,1
«الأجيال,1
لتيكان,1
نظيراتهم,1
الفحم.,1
"الكارثة"".",1
مكرز,1
اللانشون،,1
والنودلز,1
البيض،,1
وفطائر,1
المشوي،,1
بأطباق,1
الـ65,1
مصداقيتي،,1
التنحي.,1
الثاني”,1
الحاشدة,1
وتحتقر,1
بمنهجية,1
أوروبي.,1
استُغلت,1
الدورتين,1
«قاعدتهم»,1
يعتبرونه,1
مهددين,1
دفعوه,1
الرواية،,1
وصومالية,1
1989.,1
1979,1
سعيد؟,1
تنظيميًا,1
صارخة,1
العبري،,1
يفلت,1
عنيف،,1
كمحتوى,1
وبحاجة,1
وخطير،,1
أموالاً,1
لـ«الديمقراطيين».,1
صوّتوا,1
فيدراليون,1
اتهمهم,1
موتور,1
بودل,1
شاندرا,1
وتفسيره,1
“شركات,1
وغيرهما،,1
وأكسس,1
والآسيويين,1
واللاتينيين,1
مستعيدةً,1
واستاء,1
الترحيل.,1
يُعفى,1
"إلغاؤها"".",1
سارياً,1
"""سيظل",1
الموقّع,1
ممارستي,1
جنسيتها,1
ويُرجع,1
0300,1
للوضع،,1
الصناعيين،,1
تطويرها،,1
لعناية,1
واستئثار,1
رسالتهم،,1
متعلمون,1
فالتحركات,1
اللعنة،,1
السعال،,1
الملاعين...,1
فانفجر,1
إرساله،,1
المتفرجين,1
للحصار,1
منفق,1
"و""كيندل"".",1
بالإعلانات،,1
حافلًا,1
شركةأمازونحدثًا,1
كروب,1
تيسن,1
أبيرام,1
2.6%،,1
التجول،,1
المطاطي,1
الذخيرة,1
بحملة,1
للاحتجاجات,1
تصدت,1
أولي»،,1
زد»,1
«جيل,1
المتواضعة،,1
بثروات,1
وأقربائهم,1
وملوثي,1
إندونيسية,1
أنيمي,1
مطالبهم.,1
وجدوها,1
بتهدئة,1
وتلغي,1
ضعفه،,1
باستغلال,1
المخلوق,1
اليائسة),1
(الأم,1
سينغ,1
5.2%.,1
سالزغيتر,1
3.5%،,1
واستبدال,1
«تشير,1
كلمته:,1
بيرول,1
والمطورين,1
الرواد,1
ارتقى,1
الضيقة,1
المحتولة,1
التعبيرات,1
وناجح.,1
سلس,1
سيجال,1
أكبار.,1
أبرييو,1
للتعهد,1
دليلا,1
والكبير,1
بينكرتون,1
معدي,1
العملية”.,1
لاستدامة,1
به».,1
ميتال،,1
أرسيلور,1
وسامسونغ،,1
بمجال,1
يُمثّل,1
بالارتباك.,1
الإمكان،,1
بالرغْم,1
للممتلكات,1
وعضوي,1
أولغن،,1
سنان,1
إيدام,1
ولفيرستابن,1
الجميع”.,1
“التمتع,1
ويأخذ,1
الدولي”،,1
و”تعزيز,1
إفريقيا”,1
“القضاء,1
ابنتيها,1
سريلانكا.,1
والهاكاثونات,1
تخفيفها,1
(2362,1
ميلا)،,1
(1491,1
ضدنا،,1
"""خوض",1
طالها,1
7.8%,1
"""163.33",1
1.16,1
لإمام,1
قلقة,1
لتفكيكها,1
وجهوداً,1
لطرق,1
وفعال,1
الانسانية,1
بالأغلال,1
مكبلون,1
"""القاسية""",1
غاضبون,1
الجنوبيين,1
مارس/آذار.,1
"المستوى"".",1
بحار.,1
"""تجمع",1
عائدًا،,1
يدر,1
أعادوها,1
واضطهادهم.,1
والتوازنات,1
أبيتي,1
ميلاً).,1
لجمهوره,1
كإهداء,1
الاستماع،,1
"لبنان""",1
سميتو,1
"""قلبي",1
وهياكلها.,1
النيباليين,1
فوضوية،,1
قصصها.,1
بعوالمها,1
تحص,1
الآمن،,1
ملاذها,1
لتأجير,1
خالتها,1
للمنتجين،,1
متأخرات,1
النخيل.,1
كاليسواري,1
ثياجاراجان،,1
جاناسيكار,1
برواتب,1
يُوعد,1
يقومالمغربببناء,1
حزبية.,1
فئوية,1
أفينور.,1
نوردلاند,1
برونويسوند,1
الغنائي,1
حفله,1
“حزمنا,1
تجربته:,1
وتعميمه،,1
معيار,1
الأورومو,1
"""جينيل",1
الأنابيب،,1
مقترحه,1
شركاته,1
"هينيسي""،",1
عامَي,1
老人茶,1
السن”,1
النيجيريين.,1
تسوية.,1
"""دي.إن.أو""",1
سيلًا,1
الذائبة,1
الثلوج,1
تدفقت,1
القمع.,1
قبلوا,1
بنقرة,1
شُيّدت,1
تركِ,1
وطأةِ,1
الوطن.”,1
نترقب,1
باكلايت,1
جمارك,1
نقِفُ,1
أمتعتنا,1
والانتعاش,1
ووعود,1
المقترنة,1
متروبوليتان,1
باستقالةأشرف,1
عارضًا,1
السودان),1
وكردفان,1
"و""مويت",1
"و""ديور""",1
"فيتون""",1
"""لوي",1
"إتش""",1
وأذرعها.,1
الموقوفين,1
ثامي.,1
الطموحين،,1
والخريجات,1
وسيعتمد,1
سيحسب,1
استلمت,1
براميل,1
“بوتاس”,1
للشيوعية.,1
يمينية,1
المواليتين,1
كوستاريكا,1
الكونتراس,1
لتسليح,1
بسوموزا،,1
مهنية.,1
صادقة.,1
ينشرنَها,1
خاصَّةٍ,1
منتدياتٍ,1
علاقاتهنَّ،,1
ضمنَ,1
النساءُ,1
تتعرضُ,1
مُؤلمة,1
شهاداتٌ,1
تبرزُ,1
للمنتج,1
بالروبوتات،,1
ستواجهها,1
بمؤهلاتهم,1
فرصهم,1
وحدّ,1
أرضيٍّ,1
انهيارٍ,1
ميليكن,1
"إضافية"".",1
نُوقف,1
التطبيق:,1
يُنبههم,1
الساحتين,1
جمعهما,1
استعرضا,1
مستعارٍ,1
المكتومة،,1
الضميري,1
تجول،,1
اسمٍ,1
تحتَ,1
لمعادن,1
إحصائياً,1
والبيطري،,1
الباحثين.,1
ويُولّد,1
والموائل،,1
مدمراً,1
كوكبنا.,1
الاتحادي.,1
يجسدان,1
بالتعهدات,1
للإسراع,1
الفلسطينيةوتنفيذ,1
المستوىللتسوية,1
بتروإكوادور.,1
أكَّدَتْهُ,1
0.6%.,1
السكنيبنسبة,1
البناءللقطاع,1
شبيهةً,1
التكنولوجي؟,1
وأشرطة,1
النقي،,1
الكيماوي,1
والكسور،,1
وضمادات,1
حدوثِ,1
أصرَّ,1
لمناقشةِ,1
عُقِدَ,1
عامٍّ,1
اجتماعٍ,1
إصلاحي،,1
وتخصص,1
الملغاشيين,1
أُريقت,1
بأغلبيتها,1
مركزة.,1
تضييقها,1
3350,1
الأخيرة..,1
أكسيوس:,1
الصَّمتُ.,1
عادَ,1
الأوليِّ،,1
الحماسِ,1
إنقاذٍ,1
المسجلات,1
وتشعر,1
والابتعاد,1
باعتقاله.,1
ستُشيد,1
"بوضوح""،",1
انتهكوا,1
عكسها,1
للإنتاج،,1
"""القبس""",1
للاختباء,1
مراقبو,1
قصصهم.,1
هوياتهم،,1
الأنديز,1
لليثيوم,1
ريادياً,1
بصورتي,1
وأضاءها,1
"لـ""العربية/الحدث.نت""،",1
حتي,1
وتصويرها.,1
حلمي:,1
أذني,1
أمري,1
يهمس,1
والمكالمات,1
أوراقي،,1
اقتنعت,1
عكاشة،,1
ثروت,1
مليغراماً,1
بالضغط.,1
الجدار،,1
ويسقط,1
مستديرة,1
فتحة,1
شعاع,1
التخريبية،,1
"""تظل",1
بيلينج:,1
والتصالح,1
التكاتف,1
النخبوية.,1
السقوط:,1
شعائر,1
للفعالية,1
متحدياً,1
اغتالتهما,1
يخيره,1
نوت”،,1
“ريد,1
والألم,1
يقترن,1
الشائعة.,1
روحيون،,1
غوساناندا,1
ماها,1
نات,1
ثيت,1
غزوًا,1
لتحيز,1
وسريع،,1
متصاعد,1
ليتحرك,1
موليوود،,1
المالايالامية,1
بصفقة,1
وستحتفظ,1
سياسات،,1
كصانع,1
كومنولث,1
وان،,1
وهمي.,1
بنشوة,1
وأسكر,1
ومؤسساتها،,1
زبائنها,1
أُغلِقت,1
البيع”.,1
“الحظر,1
تصّر,1
اكتشافٍ.,1
الحالاتُ,1
تُرِكَتِ,1
بكثيرٍ,1
العددُ,1
سيكونُ,1
الإطلاقِ،,1
عدمِ,1
القليلِ,1
سِوى,1
الشِّفاءِ،,1
العلاجَ,1
اكتشافُهُ,1
وأضافتْ:,1
بوليوود,1
تعترضه,1
اثنا,1
متنه,1
مادلين,1
أبحرَ,1
(شباط),1
عرضا,1
وأيده,1
والفقيرات,1
واحدةً،,1
مجديًا,1
دومًا،,1
للرسوم,1
ميتييلاند,1
مدرجاتها,1
وتتشارك,1
الإيثانول،,1
المتحدةلإنتاج,1
منالولايات,1
لاحق.,1
وسيغادر,1
يسرت,1
بإيجاز…,1
سيستدعي,1
للاستقلال،,1
حالتنا,1
ومكاسب,1
وأدوات،,1
"""بوهانغ""،",1
"إيل""",1
"""يونغ",1
متعمق,1
الداخلية:,1
مذكرته,1
1.998,1
1.984,1
631,1
624.7,1
لإمكاناته,1
واستجماع,1
والأسرى.,1
جمعتهما،,1
الذاتي”.,1
سكبه,1
بسكب,1
الشاي”،,1
“صانع,1
بإعداده،,1
آسيوية,1
مقايضة,1
ميونج,1
عمرانية,1
المتلاحقة،,1
"السكني""",1
"""الترحّل",1
0.7%.,1
"أجمع"".",1
وللعالم,1
الرائعين,1
لمطورينا,1
نوفرها,1
عملائنا,1
نُحدثه,1
فخورٌ,1
تُشرف,1
شركته،,1
العبوة),1
(بسبب,1
الفيل”,1
وزرع,1
"""توظف",1
للقواعد.,1
تطبيقًا,1
(مانشستر,1
هاسيجاوا,1
(تشيلسي,1
هامانو,1
ومايكا,1
(آرسنال,1
كاتلي,1
بوحدتنا,1
معجب,1
نصية:,1
بلومنثال,1
موسى.,1
يدعيه,1
والإحصاء،,1
"لروسيا"".",1
تُشوّه,1
المُتعمّد,1
ويُولي,1
الموجود،,1
مُنوّعةً,1
"الحكومات""،",1
موضوعي,1
"""تستثمر",1
"""وكيل",1
"والخدمات""،",1
وساحات,1
الاختيار.,1
مساسًا,1
ومناسبة،,1
والمظهر,1
التقنين،,1
الطغيان.,1
بعواقب,1
وتذكيرًا,1
الثَّبات,1
لذكراهم،,1
الكائنات.,1
فتتضمن،,1
"وصلابتنا"".",1
الزر,1
الطراز.,1
انتظار،,1
مستقلين.,1
“المدافع,1
بالقدس,1
الايجابي.,1
وإعطائهم,1
والشباب،,1
والتمكين,1
لسيطرته,1
"إليه"".",1
ورفعها,1
والشكاوى,1
للمعوقات,1
والمستشار,1
(الدفع,1
و”تسكي”,1
(المعصمين),1
و”كوتي”,1
الجذع)،,1
(جوانب,1
و”دو”,1
“مين”,1
القانون»,1
«دولة,1
ومعروف,1
وقضائها.,1
دعمه.,1
أجابت,1
ضروري.,1
مزعجًا,1
الناجيين,1
المعرضون,1
مجانيًا,1
تمثيلًا,1
والرائدة,1
جهناقير,1
والاختبارات,1
رمز،,1
​​36.7,1
«الحق».,1
ثيرافادا,1
بوذية,1
الزهدية,1
دوتانغا,1
突き,1
الحلقي،,1
نورفولك,1
إبراهيم،,1
9.9%.,1
بأغسطس,1
للإصرار,1
ليُشاهدوا،,1
للشيفير,1
المطول,1
المستوية.,1
أيديها،,1
نطاقات,1
النشط،,1
بالضوء,1
ككاميرات,1
ستحتوي,1
الباكستاني.,1
كمحافظ,1
فرزين,1
وترفع,1
ومالياً،,1
"""هدنة""",1
استدرت.,1
طاقتي،,1
63.2,1
61.9,1
محفزات,1
انسجامها,1
وجوع,1
الملايين،,1
لأمريكا.,1
صغرها,1
خارجي,1
وإطفائي,1
للمسنين،,1
الدبلوماسي،,1
وتطبيقاتها.,1
إنجازها،,1
المبذول,1
الملوَّن,1
الفسيفساء,1
الحِرَف،,1
التمارين،,1
٢٩٪,1
الطبيين.,1
ومناقشتها,1
ساعداني,1
"""تاسي"".",1
الـ33,1
والجاذبية.,1
تصوري,1
إخبارهم,1
علىفاجعة,1
الدقهلية,1
نبروه,1
رافعًا,1
البنات,1
وسجَّل,1
والدبلوماسي،,1
البعدان,1
“السيبادور”،,1
يشربها,1
ويمررونها,1
يعيدون,1
متطوع.,1
“المساعدة,1
مضى:,1
أكتر,1
أوفرتون,1
صادمة.,1
وطعن,1
إليهم.,1
طالتهم,1
أبدي،,1
مكتومة،,1
ضحكات,1
ومتطوع,1
لوسينا،,1
لليورو،,1
10.61,1
9.02,1
بيورن,1
نواه,1
للتويج,1
غلاف,1
وإيقاع,1
مدنيين...,1
قيادياً,1
وعناصره،,1
قياداته,1
طريقى,1
لك؟”,1
أقربَ,1
الكمِّيَّةَ,1
اعترفَتْ,1
العابرين,1
والممارسون,1
الملكي.,1
ستُحكم,1
السودان”,1
لاجئين،,1
“لقطة,1
(212.9,1
تايلاندي,1
202,1
والوفيرة.,1
"الجوي"".",1
مجالنا,1
والحليفة,1
"""فيما",1
سانسور،,1
ماكنرو.,1
بورغ،,1
"""طلبوا",1
المقبولة.,1
ومعقد؛,1
أنابوليس,1
إسرائيلياً.,1
أربعون,1
حافلتين,1
بتفجيرين,1
الطريق»,1
«خريطة,1
أفسدت,1
التعليمي.,1
1976،,1
عراقيين,1
غربية،,1
وتستنزف,1
وأثبتت,1
سيخفّض,1
2035؛,1
وأقمنا,1
بالريف،,1
جِنديريس,1
توجهنا,1
تهجيرنا,1
معلوماتنا,1
16500,1
الغارديان,1
لفيفيان,1
وتميزت,1
"سخيف"".",1
أشهر..,1
نسلّمهم,1
ليلي,1
تعرق,1
"الحماس"".",1
الفريقين،,1
وحيدا,1
لتصنيف,1
مراسيم,1
متسارعًا,1
بريسيلا,1
زهيريس,1
التهنئة,1
واللغات؛,1
مهمتنا:,1
الموضحة,1
متحمسين,1
"الكثير"".",1
الزمنية،,1
وطابور,1
بالأسف؛,1
بالذعر,1
"الانتخاب"".",1
حملتي,1
حققناه،,1
البرمائي,1
والإنزال,1
توافقها,1
بسوق,1
وطوكيو،,1
تعريفية,1
المعايير،,1
أصدرها,1
احتجزته,1
أُرسل,1
“كين”،,1
بابنها,1
فيتنامية,1
"مشترك""",1
"بـ""درع",1
سمّاه,1
"السكنية"".",1
أرادَ,1
توسعنا,1
"""لندن",1
رودريجيز,1
أموروسو،,1
الوشاح.,1
للمنزل.,1
يجلبون,1
انجُ,1
فيقول:,1
لالف,1
تنافسية.,1
موازيًا,1
“بالحيادية”,1
"""الحزب",1
بريمان,1
آنا,1
0.5825,1
%إلى,1
0.31,1
للدماغ.,1
الكاروتينات,1
المطبوخة,1
الذرة:,1
الغربية”،,1
“لإسكات,1
والمدلولات,1
الكلام”،,1
“الخطأ,1
المداهمات.,1
الأصيلة,1
عن٣٠٠٠,1
للطوارئ,1
مهوسًا,1
مميت،,1
قناتُكم».,1
تستقيمَ,1
سُعَيدٌ،,1
هلك,1
سَعْدُ,1
حجمه،,1
المحاسبية,1
"مكين""",1
والسكري،,1
التهابًا,1
الكورتيزول,1
«حتى,1
يكفّ:,1
أوامره،,1
تقاعسوا,1
هدّدهم,1
والاستحواذ,1
تتراجع،,1
بهرمونات,1
يغمر,1
عاصي.,1
ريتشموند,1
متجذر.,1
استعماري,1
وحمص,1
تدريبي,1
"""الخليج""",1
بالضحيّة.,1
مصورّةً,1
الإيرانيّة،,1
أصابتها,1
لمبانٍ,1
تبُث,1
الاستراتيجيّة،,1
الهجماتِ,1
صورِ,1
لنشرِ,1
وحملاتهم,1
تشاركي,1
وفراره,1
نتاجًا,1
التأطير,1
يُمَكّن,1
البلجيكية.,1
أقنعة.,1
وضوح،,1
لينغ:,1
سيرن,1
"بريفي""،",1
بانكير,1
"""يونيون",1
ساهما,1
باركين،,1
والأحمر.,1
للرياض.,1
إمبراطوريتي,1
وللشعوب,1
بالتراضي،,1
اختلاط,1
يُصوَّر,1
بالمرارة,1
والألوان,1
مقالتي,1
غاباتها.,1
المخزن,1
بالغابات،,1
فيليبس,1
كولوبلاست,1
الكوبية،,1
لرقائق,1
الحقيبة,1
المخففة,1
الزجاجة,1
ديلويت,1
للمقاولين,1
ومساكن,1
احتاج,1
والإنكا.,1
الأزتك,1
والتسعير,1
الاحتكارية,1
القادم،,1
التملك,1
ومطابقات,1
إيصالات,1
المساعدين،,1
البيطريين,1
تعقيم،,1
دوفار:,1
غازيت,1
أوزكان,1
استتبع,1
بولي,1
"الحزب""،",1
"""تكويعة",1
تعاطت,1
السودان؟,1
تساؤلًا:,1
وتشتد،,1
تحتد,1
نية.,1
تحركها,1
ومحركاتها,1
كتلتها,1
البالغ،,1
وحفيداتها.,1
بناتها,1
وعمدوا,1
خطتهم،,1
لتجميل,1
تبريرها,1
التصنيف.,1
البترول،,1
فيانقطاع,1
شبكتها,1
والأخلاقية”.,1
ومتزامنة,1
الشافيزية،,1
راغبين,1
للحقوق،,1
والمعادية,1
دوليًا.,1
"74,289",1
السّبّاقة,1
كواحدٍ,1
بعد-.,1
عالميتين،,1
بجائزتين,1
بأولمبياد,1
مشاركاته,1
الأفكار.,1
نواحٍ,1
متوقع،,1
فوريًا،,1
ونظيرتها,1
والظهور.,1
والحقوق،,1
صفوفها.,1
”نجم“,1
يعرفه،,1
وبقدر,1
"للحياة.""",1
السائلة،,1
الرائع.,1
فيريرا.,1
بالصدارة،,1
وعينه,1
للصراع.,1
لقراءات,1
بتسريب,1
أشهراً,1
الزمالك.,1
2-2,1
قمصان,1
"الزراعية""،",1
"""إحدى",1
4.14%،,1
الحائط,1
لحافها,1
ليهزم,1
الإندونيسيُّ,1
أمامهن،,1
معرفتهن,1
بُعد-,1
والتشخيص,1
ايران.,1
عرفتها,1
والعزلة,1
أقسى,1
تفضّل,1
المكثفة،,1
داعين,1
انغلاقًا,1
وحداثة،,1
والكاميرا،,1
قطاعُ,1
الإعلانية.,1
لتمنح,1
"فادن""",1
بطراز,1
وكمبوديا،,1
504,1
"العلمية""",1
"""أصحاب",1
الأخصائيون,1
تجريف,1
يولِّد,1
وعرضها,1
االشيوعية,1
١٩٨٩,1
الاختصاصات,1
والمعتمرين,1
"للتعهدات""",1
قطيعه,1
غاي,1
وكتبوا,1
متنقلًا,1
متضررًا,1
الممنوعين,1
العمراني.,1
للشريحة,1
مُطورة,1
صغرها.,1
إيليباشيتش,1
دراجانا,1
بأقوى,1
مدنها.,1
ياوندي,1
الأخصائيين,1
ومساعدو,1
الفنيون,1
والمديرين,1
65.1%،,1
"""ولدي",1
"للإرهاب""،",1
تمنحون,1
"""أنتم",1
متوجّها,1
والقوي,1
حرصمصرالصادق,1
أحرق,1
للاحتجاج،,1
المئتين,1
وراض،,1
وفخورا،,1
أشهري,1
تالفة,1
بالداخل,1
المحتويات,1
باستقلالية,1
الخريجون،,1
يؤمّن,1
هود”,1
“روبن,1
خضوعه,1
ألونسو،,1
إمرة,1
وتغاضت,1
المتفاوتة.,1
وطاقاتها,1
الجوازات،,1
لأهمية,1
"ست"".",1
"""فاكت",1
لكم:,1
"لـ""تقرير",1
عفوية.,1
حسنالحضور,1
فاجأالممثل,1
الموركس,1
لدوره,1
البلديات،,1
للإدارات,1
القتالية),1
آنية،,1
لصراعات,1
عداءات,1
عبثى,1
إعلامى,1
شجار,1
للمستقبل.,1
ممثّل,1
يت،,1
شيلدون,1
بيروقراطية،,1
المشروط،,1
الأوروبية».,1
القرارت.,1
استبعادهن,1
متناسب،,1
وفيرستابين،,1
299,1
ونوريس,1
324,1
سباقات،,1
شيامن,1
"(2024)""",1
لنهج,1
تغطّي,1
جنوحها,1
متيقنة,1
تحجز,1
مشاريعهم.,1
راتب,1
و4.7,1
9.7,1
0.25%.,1
بالإيجاب,1
والتصفح,1
"الخرطوم"".",1
"""وطأة",1
(اليونيسف)،,1
للطفولة,1
البيوت،,1
منحازة,1
جداول،,1
المسؤول”,1
“التمويل,1
المنطقة”.,1
وساعدونا,1
“قضينا,1
الهاتفية”.,1
منعتها,1
بزبون,1
"""مكتبات",1
للمستفيدين,1
سموتريتش.,1
نتنياهو-,1
كلياً,1
العراقيةوحكومة,1
منوزارة,1
الكاذبة”.,1
والرأي،,1
“ليس,1
وعدالته.,1
لتصيب,1
ستمتد,1
ساعر)،,1
(جدعون,1
"""الانتحار""",1
النأي,1
كسواها,1
يسمع،,1
كمن,1
تصرّف,1
المُروية,1
يستمتعون,1
"التهريب"".",1
محاربة,1
للطيور,1
"الصحراوية"".",1
والعوامل,1
والتحطيب,1
سمعه,1
"بـ""دولة",1
بأعمالهم.,1
الاضطلاع,1
بوادي,1
"""التعدي",1
تشغيلي،,1
التقويم.,1
صريحة:,1
المفترض،,1
بالعراق,1
آخرينمنفذ,1
العراق..,1
للتحرك.,1
الحكومتان,1
للسرد,1
خرائطها,1
المسعى.,1
"المعزز""",1
"""الرهان",1
شركةميتامؤخرًا,1
1.347,1
981,1
20.956,1
يرتديه,1
الدروع,1
(防具):,1
بوغو,1
الكربونمن,1
فيامتصاص,1
بـ100,1
مصدرا,1
"""كونكورديا""",1
للبصريات,1
الذهول.,1
بادعاءات,1
فكّر,1
لأدائه,1
15760,1
7.31%,1
والترجمة.,1
جديين،,1
"سيك""",1
"""ديب",1
"عليها.""",1
"""العامل",1
معلقًا:,1
"""تميز""",1
43893,1
1.24%,1
14260,1
1.20%,1
مستشهدين,1
القادرون,1
الملاءة,1
الكيندوكا.,1
و112.1%,1
113.9%,1
"التأشيرة""،",1
"""القنصلية",1
للتدريس,1
5.3%.,1
65.72,1
1.14%,1
والشخصي.,1
الموضوعية،,1
المكتظ,1
اقتضت,1
سوروكين,1
بتدربيهم,1
مارتن،,1
ولوكهيد,1
لتيار,1
"""إيكونوميست""",1
كومنز.,1
بينكي,1
هيرزي,1
السلاح!”,1
انزعوا,1
“الاتحاد,1
إحسان”,1
“تضامن,1
النمسا:,1
بفيينا،,1
فافوريتن,1
الأنفاق،,1
جرافيتي,1
بالوجهات,1
والبقاء.,1
بوتسوانا،,1
حساسًا,1
تصويرًا,1
المطر,1
يرضيني.,1
إبهاري،,1
السهولة,1
"""إنترفاكس""",1
خفضاً,1
أيّد,1
الوحيد،,1
كبُرت.,1
كلّما,1
والأطفال.,1
سبعين,1
والقضائية.,1
المترتب,1
تُلغي,1
المهن.,1
ظلالذكاء,1
الرياضلمدة,1
داخلمدينة,1
"الإمام""،",1
الخضروات.,1
القاسي،,1
والمحلي.,1
بيري,1
الإندونيسي،,1
سيُعلن,1
كاليفورنيا-بيركلي،,1
فهد..,1
واتصال,1
ونشاط,1
مُصنّعة،,1
وانصرفت,1
للتوحد,1
وبُذلت,1
سيسجل,1
"""التاريخ",1
حربٍ,1
تحرشها,1
فتتدخل,1
والآلاف,1
شعواء,1
بحربٍ,1
فتجيب,1
بروابط,1
دليلٌ,1
للتضامن،,1
كيلومترا.,1
حدودي,1
المثالين،,1
الشمال.,1
لاستنتاج,1
وإصلاحه,1
و98%,1
مستهدفات،,1
ومستدام.,1
والرياضات,1
58%,1
"""المقتلة""",1
الفصلية.,1
بالطبيعة.,1
يعرفونها,1
محاكمات,1
وسيخضع,1
الاستحالة,1
المضاربين,1
فيمصرما,1
فوزي،,1
بجمعية,1
خيارية.,1
اللين,1
الصحفيين؛,1
سيسبب,1
الإلزامي.,1
والفطريات,1
قيّمت,1
مرونتنا,1
مخرجاً,1
معتقداً,1
شفافة.,1
الشائعات،,1
الثلوج،,1
ذوبان,1
المطريّ،,1
الهطول,1
التبخر,1
وآمن.,1
تبدد,1
المنهك,1
فاقتصاد,1
سياسية؟,1
والاستضافة,1
فاقم,1
وأمس,1
للعربية/الحدث.,1
​​نسبة,1
لتصريحاته.,1
ودولياً،,1
وفاعلة,1
وسرعة.,1
الإلكترونيين,1
الاصطناعيلا,1
ويز,1
آمي,1
المصرفي.,1
جروف،,1
وتنظر,1
أطروحاته،,1
متنبهٍ,1
هيلب,1
حازمة.,1
روتينية،,1
إجرائية,1
بمناقشات,1
للطبيعة.,1
لإسماع,1
واحتجاجات,1
بفعاليات,1
41.92,1
بمقاعد,1
فكرت.,1
هذه؟”،,1
ستنجح,1
بالقرارات,1
مغتربة،,1
علىالأسهم,1
الإلكترونية)،,1
وأمازون،,1
(ميتا),1
وابنه,1
وجُرحَ,1
بوندي,1
حانوكا,1
والقُراء,1
المشاهدون,1
مجمعة,1
أرشيفًا,1
زيمين،,1
وكرونيكا،,1
وميموريال،,1
ديسك,1
وينصّ,1
عمّان.,1
"""المحظورة""",1
مدعي,1
السبت/الأحد.,1
وكثيف.,1
ناعم,1
طحنه,1
نقع,1
بكلية,1
٢٠٠٥,1
"""مانغخوت""",1
كونغأعنف,1
تواجههونغ,1
أُدخلت,1
بددت,1
وطبقتهما,1
جنسهما,1
ريفيتين,1
أرملتين,1
نيباليتين,1
امرأتين,1
للفيلم,1
ههنا,1
القاصرين,1
لدراسته،,1
السيئة”.,1
ستتعلمينه,1
والدتك،,1
"المستشفى"".",1
"""المصابون",1
والبهجة.,1
دعموني،,1
ليحصد,1
العائدين،,1
الأغلب.,1
لعامي,1
للمنصاتِ.,1
تفاصيلَ,1
أسماءٍهن,1
تكشفُ,1
قصصَهنَّ،,1
يشاركنَ,1
وحمايةِ,1
احترامِ,1
وثائقي.,1
الاجتماعية:,1
ومكانتهما,1
الثلاثة:,1
تزعمها,1
ونختتم,1
الأسلاف,1
والاتّفاقيات,1
ساخالين,1
بالتّودّد,1
النّفط,1
فقامت,1
بلده.,1
أبدا.,1
"خاصة"".وتابع:",1
بجوائز,1
أستهدف,1
عاما):,1
"نفسي"".وأضاف",1
مثار,1
وإصابات,1
"مركزية""،",1
داعم،,1
لينوكس،,1
بولفر،,1
ديوبا».,1
بهادور,1
و«شير,1
دال»,1
تفوقه,1
الأرجنتين.,1
وتنحدر,1
وكفلته,1
و«بوشبا,1
أولي»,1
والاختناق,1
لغاية,1
"نساء""",1
"""أصوات",1
سنوات”.,1
تمثيلاً,1
سميث:,1
وقدراتها,1
للدهون.,1
والجسم.,1
المهدئ,1
يُحللون,1
سنديان،,1
لأميركا”،,1
“خبر,1
وإعلامي,1
للريبة,1
تُدرَّس,1
النموذجية،,1
ويُديم,1
المهَرة,1
مدنيون،,1
شنته,1
والقضائية,1
التفسيرات,1
ومنضبطة,1
شكرت,1
تُعلّق,1
للإصابة.,1
الاكتشاف.,1
وإبطال,1
برموز,1
دعمني,1
محظوظة؛,1
787-10،,1
وبي,1
787-9,1
تلفزيونية..,1
وتبادلها,1
خُصصت,1
نجاحها.,1
التنشيط,1
لأسبوع,1
والتحذير,1
ووغادوغو,1
وماكو,1
نفاق,1
والسخرية,1
سوكورا,1
ديوندوري,1
بمستقبلِ,1
تلقّي,1
ومسودات,1
بتغذية,1
وتدمج,1
التحكم،,1
ببرمجة,1
أوبن,1
(المصدر:,1
أقامها,1
البلدة،,1
أسقط,1
طموح،,1
وشجعاني,1
والفنية،,1
بممثلي,1
مديرين,1
"الذخائر""،",1
بأبناء,1
انطلقتا,1
حملتا,1
ستُنجر,1
لمضاعفة،,1
العسكريون,1
حادثة.,1
بالعاملين,1
وفيات،,1
حداد.,1
وجيلًا,1
حشودًا,1
استجوابات,1
يقاسون,1
لآخرين,1
هوبي,1
هواتشونج,1
"روبوتيكس""",1
"""ساينس",1
"""وطنيين"".",1
يُدير,1
و48.19,1
48.05,1
​​منطقة,1
25.3%,1
الرسوب,1
تشو.,1
“نواجه,1
إليها...,1
وخلاصات,1
اللوجيستي،,1
(شينخوا).,1
الصوتية،,1
بالموجات,1
مغناطيسيا,1
دقيقا,1
روبوتا,1
طوروا,1
الأسطوري،,1
والساخر,1
والمسرحي,1
حاطّة,1
ومعاملة,1
مطولة،,1
والوفد,1
ليتغير,1
حتفهم.,1
خطفوا,1
وسلطانه.,1
لمعنى,1
اللاتينية),1
أوسوالدو,1
(مؤسسة,1
فيوكروز,1
الذهبي.,1
الحذاء,1
ناشفيل,1
سوريدج،,1
والبصير,1
انشرها.,1
الويب.,1
وتصفح,1
تشغّل,1
يتحملون,1
بركان,1
بطولاته,1
عمومًا،,1
العامة”,1
الهدافين،,1
لسجاتي،,1
والأحكام,1
"الشعب"".",1
“الأمومة,1
سيملي,1
لوريل,1
المؤرخة,1
جارفة,1
مشتركة؟,1
نكتبها,1
وحيوية،,1
المحدود،,1
تكاليفها،,1
2-2،,1
براغانتينو,1
والمُعدات,1
تردْ,1
"""واجبي",1
بالامتناع,1
التلفزيوني،,1
تسعينات,1
أهمية؛,1
الوشيكة؟,1
الآلة.,1
الطّبيعيّة,1
لتفسيرها,1
الثّالثة,1
عمليته,1
توثق,1
كا*رثة,1
19.9,1
22.8,1
المباشرفي,1
أظهرتنتائج,1
واجتماعية.,1
6.5%.,1
مخلّفة,1
الغزيرة،,1
#مدينة_الكفرة,1
(النصر)،,1
ظافر,1
حَكَمَ,1
والدولة،,1
الحداثة،,1
واستقراراً،,1
عدلاً,1
أوجدت,1
ريزوم,1
ومقر,1
والمناضل,1
(1930-1991)،,1
ضيفة,1
والمهمات,1
نموذجية,1
كحالة,1
وشققًا,1
اطلع,1
بأبحاثٍ,1
المسعرة,1
ويحوم,1
مشاهدة.,1
مطولًا,1
42.6,1
45.3,1
المصريةلتسجل,1
ارتفعتالصادرات,1
"مشكلة"".",1
(14.57,1
[للحزب]”,1
أوزداغ،,1
أوميت,1
مخففة,1
العازلة،,1
وأطرافه،,1
سربت,1
ومكاتب.,1
والتشخيص،,1
جديدًا،,1
"""وباءً""",1
المهتمين.,1
القراء,1
وتسعيرها،,1
تصويرها،,1
منك,1
باستلام,1
"الشأن"".",1
فندقية،,1
نقولها,1
والحسكة,1
“بالنظر,1
ستيوارت,1
قبولها,1
محالة،,1
قادم,1
بغدادي،,1
بيهس,1
"""بغدادي",1
تستجمع,1
الأصيلة؟,1
أيها,1
كمساعدات,1
المتساوي,1
"""المجلة"".",1
ليؤسس,1
لتحولات,1
بالنقد،,1
بالسنوات,1
بديون,1
مناخية.,1
كصحفية,1
تطلعاتها,1
المنال”,1
لتجربتي,1
"تجاوزهم""،",1
"""لمناطق",1
"إجراؤه"".",1
معنيين,1
ولسنا,1
ووضوح,1
“ميتا”,1
“آيفكس”،,1
واستُخدمت,1
والمعدلة،,1
المتعاقدين،,1
أثارتها,1
والسيناريوهات,1
الفرضيات,1
اختبارا,1
جوانبه,1
ليمثل,1
لتراكمات,1
كمحصلة,1
تأتى,1
بالإقليم،,1
والمراجعات,1
ليتابعوا,1
الاقتصاديّة،,1
اعتصام.,1
المُراقبة،,1
هيونغسو,1
المنشورات،,1
لمصرعه.,1
الحجيرات،,1
"""صدام""،",1
إعلاميا,1
وخدماتها،,1
الرقة,1
الأول/أكتوبر،,1
الانتخابيةالمزمع,1
"""العملية",1
مستخدميها.,1
لفشلها,1
(7.9,1
20.5%.,1
79.5%،,1
لتحقيقه.,1
وألاعيب,1
"""طموحات",1
تعدو,1
منزل.,1
ومخصصات,1
ستقيّم,1
الممدد,1
بينيسي,1
السيدي,1
ضمنت,1
دراستهم.,1
والخوارزميات,1
"بهم""",1
"""شركاء",1
وسيراقب,1
الإجمالي).,1
(يمكن,1
الباهظ,1
ويُدفعون,1
المنجد،,1
خزائن,1
"""مر",1
مرتاحين,1
عريض,1
والموثوق,1
ستقدمها,1
للطبقات,1
التشريعي.,1
والمعاهدات،,1
والأقاليم،,1
جريحًا.,1
و292,1
قتيلًا,1
الحمصاني،,1
(بولدوغ),1
تحديثاً,1
مصافٍ,1
وتستخدمها,1
للمدنيين.,1
دقيقة”,1
“ضربات,1
الثقافات.,1
"شاتيلييه"".",1
الرقميةتصفية,1
متداولوالعملات,1
"غيتس"".",1
"""مؤسسة",1
912,1
غيتس،,1
"""مايكروسوفت""بيل",1
الثامن.,1
السنوي.,1
ناقلات,1
مشابهًا،,1
"لبلاده"".",1
"""الاعتراف",1
نتنياهوفي,1
كلمةرئيس,1
سابقًا).,1
سيفًا,1
“تجارب,1
اعتقالًا,1
ودولٍ,1
درسوا,1
مراقبًا,1
لشهادته،,1
إكماله,1
محتجّون,1
كوتونو،,1
وفقدنا,1
السيسي:,1
تدريجية.,1
وسريع,1
لاحتمالات,1
مسعَّرة,1
اليميني،,1
أجهل,1
غامرًا,1
أصارع,1
الدعوى.,1
9-أ,1
يعتلي,1
“ملاحظات,1
جهاتٍ,1
التحقّق,1
وإنستغرام),1
تزيدها.”,1
وتعاطي,1
تحميهم,1
الميم-عين؛,1
حدّين,1
المقايضاتِ,1
جِدالاتٍ,1
ثورةُ,1
رُغمَ,1
اليمينية.,1
ذروته،,1
المسجل.,1
التشاركية.,1
أطياف,1
ممارساتها.,1
عقوبات،,1
وتطلب,1
1951,1
لتتقدم,1
التيارات,1
أفسح,1
نهتد,1
مدخلة,1
برمجية,1
نزاعاً,1
للولاية،,1
(حزيران)،,1
واقتصاديةً.,1
محاكاتها,1
للمس،,1
عصبي,1
أولويتها,1
وصفتالولايات,1
واجتماعيةً,1
بيئيةً,1
عواقبَ,1
المُعقَّدةِ,1
خصومها,1
باتصالات,1
يكُن,1
"يديه"".",1
العالم),1
محمولاً,1
هاتفاً,1
مفتخراً,1
والإمكانية,1
لضيق,1
الجزائي,1
لشرطه,1
دورتموند،,1
تمرده,1
نو,1
لشيء”.,1
العائلي،,1
سيتوالى,1
عالمية-,1
وبيوت,1
-نفذتها,1
سيزمي,1
مادزاريفيك،,1
واجبنا،,1
وكيان,1
وأصدقائها،,1
متطرفًا,1
الحدة،,1
يتوقعوا,1
فاسو؛,1
نملك,1
أهدافنا,1
بعينها.,1
تسمي,1
"الداخل""",1
"""مخالفين",1
المحن,1
وشكر،,1
"""اللهم",1
بسيارته،,1
السقاجمهوره,1
الفنانأحمد,1
طمأن,1
حصلتُ,1
الرسامين،,1
أُعتبر,1
“هواشين”،,1
لاعتمادهم,1
بكينشاسا,1
ماكوتانو,1
واتوم,1
ألبانيزي.,1
الأسترالي،,1
كارني،,1
الكندية،,1
"أدركه"".",1
حباً,1
ومنحني,1
منحاً,1
طبيعيين،,1
ولكوننا,1
تجارتنا,1
جويال:,1
تخلقه,1
العلاقات،‎,1
الدول‎.‎,1
‏سيأتي,1
‏الدور,1
18أكتوبر,1
ومشاركتها.,1
"و""إكس""،",1
المتأثرون,1
يتشكّل,1
والبريطاني,1
مكوثه,1
ديارهم,1
أعيدوهم,1
"""ساحة",1
تجمّعهم,1
منقب,1
تغيّب,1
بلاغات,1
الموثق،,1
"""60",1
البلغاريين,1
كلبه،,1
تعاونوا,1
وعملاء,1
"المراحل‎"".",1
اختلفنا,1
‎حتى,1
أعداء،‎,1
‏ولسنا,1
‏هو,1
قاعدة،,1
‎ونكون,1
لنصب,1
"""الرسوم",1
جونترمان،,1
عربًا,1
والتأليف,1
وعزلة,1
صافٍ,1
ويُجمِّد,1
المقاومة‎،,1
العدوّ،,1
ويؤمِّن,1
ويُجيب,1
الإشكالات،,1
"""حوار",1
فقدانها,1
"""الانقطاع",1
هاواي،,1
“الوحدة”,1
تيسيرًا،,1
ونصبناها,1
اشترينا,1
أصداء،,1
المواصي،,1
أسسًا،,1
وأرفق,1
"المقاومة""،",1
":""أدعو",1
ففجَّر,1
بدَّل,1
الجمهورية.,1
920,1
خيمتنا,1
والروسي.,1
أوروبا،والتي,1
"وجودية""",1
"""لحظة",1
المعسكرين،,1
للاتهامات,1
تبادلاً,1
والقبائل,1
للأمر!,1
يستجب,1
هاواي,1
أخبروا,1
القليلين,1
تتم،,1
الأعداء،,1
وشيك,1
اليورونموًا,1
تفحم,1
أطفالهما،,1
واثنان,1
قطعها,1
للمحاولة،,1
وأُعطي,1
بقدراتهم,1
الهاكرز,1
وتقرر,1
راجوبير,1
فيشاني,1
ممارسةً,1
والأرباح.,1
استقرارا,1
حصرًا.,1
اتسع,1
وعُمان..,1
مَنزلين,1
تؤخر,1
دفئاً,1
الجميلة،,1
يدويًا)،,1
(رسوم,1
لشيفا,1
“مهجور”,1
للفتيان.,1
للسن,1
1929,1
متروكة,1
"""جيدا",1
ركودًا,1
لذيذة,1
بالحياد.,1
نفدت,1
ونفدت,1
مكان؟”.,1
بلهفة:,1
الضخ،,1
وضغطت,1
غيونغجو.,1
"""أبيك""",1
كافي,1
المصابيح,1
مظلمة,1
بمولدات,1
أصيبا,1
وتشياباس.,1
للثقة،,1
وراءهما,1
يجرِي,1
جسديًا.,1
لإبقائها,1
تركتها,1
والفُرش,1
لوالدتي,1
معتقلين,1
نبض,1
تراجعت،,1
تشكيله.,1
لجذور,1
السكريات,1
مُكافحة,1
والسكريات,1
مسؤول،,1
هواتفه,1
منهمكاً,1
زيدان,1
وزين,1
(1991),1
بابان,1
بيير,1
(1958),1
ريمون,1
و1985)،,1
و1984,1
(1983,1
بلاتيني,1
ميشال,1
شاتوليه,1
لثروة,1
بالمنقبين,1
الفقرتان,1
(2022).,1
(1998),1
تبتكر,1
كرافد,1
والمتنامي,1
371.2,1
13.3%,1
التمرإن,1
"الجديد"".",1
الباكر،,1
مدرستين,1
أشارك,1
موضحاً:,1
مخدر،,1
جويةً,1
غارةً,1
وأغسطس,1
2.79,1
للنقاش.,1
قدرًا,1
بفنزويلا،,1
والأستاذة,1
الجيوغرافية,1
سايز,1
كارينيا,1
تاسع,1
426,1
يتداول,1
وحالياً,1
إيزيل,1
ومسؤولية,1
والاعتدال,1
والتكتلات,1
المعنيون,1
المختلفون,1
وسيعزز,1
وروائع,1
وسيحظى,1
المؤقتة.,1
اليائسة,1
ويتجاهل,1
يغلّب,1
سوداني,1
وأُعلِن,1
السكينة.,1
"الفعلية"".",1
"""حيث",1
محتارة,1
«بين,1
فكتب,1
الوهاب,1
الموسيقار,1
إطلاع.,1
مجتمعنا,1
سنستمر,1
المكتسب؟,1
سأرتبط,1
والتجارة،,1
والضرائب،,1
العوامل:,1
"منفصل""",1
اسمية,1
المتخصصون,1
لاحظه,1
ورائعة,1
بالذكريات,1
التليفريون،,1
للناديين,1
ترنيمة,1
1962.,1
أذيعت,1
والله»,1
مصطنعًا،,1
الممكنة.,1
وعُولجت,1
حُدِّدت,1
الكشف،,1
بجمالها,1
يعتزون,1
ذويهما،,1
وفقدا,1
ويسير,1
ألماً،,1
نزوحهما,1
خطف,1
المطلوبة.,1
مناقصاتها,1
وأوميغا-3,1
يُخِلّ,1
والإفراط,1
أوميغا-6.,1
طعمه,1
"التصدير"".",1
المُركَّباتِ,1
لِكشفِ,1
يراوغ،,1
يمرر،,1
وبوسكيتس,1
الخداع،,1
وزاد:,1
واعتبره,1
"""المخادع""،",1
سينا,1
المكافح.,1
وسرقة،,1
ومهاجمة،,1
إذلال،,1
حرضت,1
وتاريخها،,1
تذكر،,1
لصيانة,1
خمسة.,1
كيلومترات،,1
سماعاتي،,1
بهاتفي،,1
أمسكت,1
بإحكام،,1
حذائي,1
الجناح،,1
"""يُمثل",1
للأبحاث،,1
فورستر,1
داي،,1
التسليح،,1
بادرة,1
اختباراتِ,1
لروح,1
ومتحكمًا.,1
يحاصِر،,1
يُحاصَر,1
وللتأكيد,1
صورته،,1
أراده,1
للعاصمة،,1
والرمز,1
الأبرز،,1
البيروتي,1
صدفة.,1
والمحالة,1
الجزائية,1
والنيابة,1
بغوما,1
والتعدين.,1
والآلات،,1
والمتجددة،,1
الاستعلائية,1
الطيونة,1
اللازمةَ,1
المخبريَّةَ,1
كاذبةٍ,1
سلبيَّةٍ,1
نتائجَ,1
إعطاءِ,1
وتَميلُ,1
للخطأِ,1
عُرضةٌ,1
عيِّناتِ,1
معلومةٍ,1
تسحبك,1
للوقت،,1
بتحوّلها,1
التصريف،,1
أواني,1
722,1
المخضرم،,1
لريبوليدو،,1
عامان،,1
1452,1
الخيميائي,1
وبيعًا,1
ترجمةً,1
2024كاملًاا،,1
إم23،,1
فالخليج,1
وعاشرا,1
تاسعا,1
قائمته،,1
المتقدم.,1
الأمينالعام,1
الأحد،دعا,1
دواليك!,1
يقفز..,1
لحيوانٍ,1
فقرةٍ,1
والأسود،,1
محاضرةٍ,1
نوادر,1
ضاحك،,1
مقطعٍ,1
وزامبيا.,1
للسنغال,1
للكونغو,1
لموزمبيق،,1
وثانيا,1
وغينيا،,1
للغابون,1
وسادسا,1
ديفوار،,1
كوت,1
لإعلامي,1
معاً.,1
والسنوية,1
بالتقارير,1
مُلزمة,1
وحركته,1
دبابة,1
والمدفعية,1
وقذائف,1
"""ميركافا""",1
لمحركات,1
للاحتجاجات،,1
وُضعوا,1
"تنه""",1
"""ها",1
ومحطة,1
فيمثل,1
ورفاهيته,1
للخليج,1
2008)،,1
"""وصاية",1
"لغزة""،",1
وأيّده,1
أحدًا.,1
تستثني,1
أخمص,1
كارفاخال،,1
للاعبنا,1
الذكي،,1
"""السلطة",1
إشرافي,1
ذاتيًا.,1
بتسمية,1
التصاميم.,1
وتكرر,1
بتواريخ,1
القحطاني,1
فواز,1
ليندسي,1
"الفضيلة""",1
"""إشارات",1
ماست،,1
حدّة.,1
التحذيرات،,1
لمسهن.,1
صحيات،,1
للفحص,1
جريحات,1
يرقدن,1
كونار،,1
نورغال,1
المحطمة,1
والمسح,1
سفرزو،,1
جنبه,1
"الثانية"".",1
مذبحة,1
شركةالخطوط,1
طقوسًا,1
للألومنيوم,1
مصهر,1
"""شيري""",1
للعربية:,1
مونتريال.,1
بالطيران,1
2.137,1
الطبيةتوزيع,1
التخصصية,1
شركةالمداواة,1
التركيةاليوم,1
مكتبها,1
التوسعية،,1
شتا،,1
إلكتريك،,1
تشونججو,1
"""سيتشوان""",1
سيوجي,1
للمطار،,1
كحرب,1
أتقبل,1
للبرازيل،,1
الفريقان،,1
(318,1
وطرحت,1
وإطار,1
"الجميع""،",1
فوعدُ,1
خاصة؛,1
مرارةٌ,1
وللاعترافِ,1
جاءته,1
القذائفِ,1
آخرُ,1
التفاهمات,1
به),1
(المستقوي,1
الشتامين،,1
الحزبيين,1
والكراهية,1
العنتريات,1
الوهم,1
انضواء,1
سجلهما,1
1945.,1
"إيدي"".",1
"و""شكراً",1
"""عدالة""",1
وسمين,1
أتخيل،,1
متأكداً,1
حسينية.,1
بالانقلاب,1
ساكس،,1
بلفور.,1
أنجبَها,1
العذاباتِ,1
تحقّق،,1
يخفف،,1
الإثنية,1
والخدم.,1
المنفصلة,1
"الشرعية"".",1
نزيل,1
"""بهذه",1
تفسير:,1
والكيّ,1
الكيّ،,1
فكلام,1
ممكناً؛,1
قراراتها،,1
ابتعاد,1
شيشكو.,1
و20،,1
تياغو,1
ردُّها.,1
بقذائفَ,1
يقصفُه,1
العالمَ,1
كأنَّ,1
يسمع.,1
يرى.,1
الأول)،,1
46381.54,1
66.27,1
العثمانية”.,1
القيصري,1
أديغي,1
إبادتهم,1
قبارديان،,1
الأديغية،,1
فلعلى,1
سهلت,1
ومثلما,1
والإملاءات,1
الارتهان,1
النوايا،,1
داخله.,1
ضدها.,1
كهوفِ,1
الوافدةَ,1
وأوهامَه,1
المتهوّرة.,1
وأحلامَه,1
الدَّموي.,1
جنونَه,1
يقصفُ,1
بشريةمتقدمة،,1
تطويرروبوتات,1
للقارئ.,1
سعيت,1
النخاع،,1
للخيال,1
كشاعرة,1
وبالتعليق,1
4.46,1
إفراغ,1
استغلالية,1
وسلطة,1
المنفلت,1
لكلام,1
للبنان،,1
يتجاوب,1
تُسبّب,1
والمحليات,1
الزائد،,1
المصنّعة،,1
الماراثون.,1
كيروا,1
"ألفا"".",1
(للوفيات),1
بالحر،,1
قاتلاً,1
صيفاً,1
"""أوروباشهدت",1
"ميديسن""",1
"""نيتشر",1
روبوتاتها,1
استراتيجياتها:,1
السامّ،,1
الصدور,1
وتنقية,1
لتبديد,1
المسارعة,1
المتعاطفين,1
العقلاء,1
ويتبع,1
المتعارف,1
واستقلاليتها،,1
عينيهِ.,1
يفركُ,1
بصفحة,1
أخرى،”,1
البكتيريا.,1
وتُخلّ,1
ويست,1
سوليهل,1
وتوظف,1
المُصدرين,1
المستديرة،,1
ومرفأ,1
حضن,1
يونيس,1
إيكدير,1
الرمح،,1
موانع،,1
لغريبي,1
بالمعدن,1
أعناقهم,1
غيرهم.,1
سيضرُّ,1
نازح.,1
نازح،,1
أورلينز,1
/آذار,1
لضغوط،,1
وضاغطة,1
واستشراء,1
فيتينيا،,1
قبل”.,1
خبرتك،,1
الأشياء’,1
‘اختلاق,1
الكانتونية:,1
ميرسيسايد.,1
وهالوود,1
ميدلاندز،,1
الاتحادات)،,1
(إدارة,1
دييزي,1
هوري،,1
لياندرو,1
وتنديد.,1
المفرقعات,1
وأطلقوا,1
الغاضبون,1
وهشاشة،,1
فيعا,1
يطوق,1
الاخيرة,1
أيديولوجي.,1
لتشير,1
البراغماتية،,1
إصداري,1
أدارتها,1
"فاروس""لترويج",1
بوست:,1
فيستثمر,1
سكانية،,1
للمنتدى,1
ملحق,1
فعالمياً،,1
وتنعكس,1
المتطرّفة.,1
ممثّلين,1
منظّمّة,1
الأدنى.,1
حضارية،,1
المكسب,1
(أشخاص,1
“”الموتوريزادوز”,1
“أصبح,1
أمريكيّ).,1
التّطوير,1
المطوّرون,1
"كورب"".",1
توريق,1
بامتياز,1
فاعترافه,1
“الإعجاب”,1
وأقلياته.,1
وأديانه,1
أطيافه,1
تحاربها,1
والمتطرفة,1
تحوّلها,1
السوريّة،,1
المسيحية.,1
(الإسلام),1
سعيهم,1
والتاسع,1
لدبور,1
دبابيس,1
وزعت,1
محوري.,1
المهمة:,1
وإرهاق,1
موثوقين،,1
مرتبطين,1
النارية)،,1
دراجاتهم,1
متورطان,1
بأنهما,1
وافق،,1
ملك،,1
غون،,1
والوفيات,1
أصابته,1
فلات,1
بالروبوتات,1
الآيديولوجيات،,1
العصبيات،,1
تنبذ,1
مدنيّة,1
التغيّر,1
وليلة،,1
موضوعاتها,1
الأوزاعي.,1
"الإعلامية""",1
"""مدينته",1
الكبتاغون,1
"""أطنان""",1
الجداول,1
بإمام,1
مليارية،,1
وعقود,1
وإغاثية,1
الزوجية,1
الفوهات.,1
للأجسام,1
المنصّة.,1
تجسس”,1
“أنشطة,1
تتوجّه,1
للمقاطعة,1
كلّها,1
نتانياهو،,1
لتوجّه,1
تدلّ,1
وتخيّل,1
التطرّف,1
مدّ,1
الإبداعيّة,1
و«تفصيل»,1
2.43,1
10.6%,1
00:33,1
الفنّ،,1
النوعيّة,1
تحمّله,1
"أستبدلك""،",1
أخطأت,1
انقلاب،,1
تولّت,1
موكب,1
طموحها».,1
تبقّت,1
[الإسرائيليّة],1
تساعدوا,1
تعزلونا,1
وجوهنا،,1
تغلقوا,1
«أن,1
فـ,1
لفنّاني,1
المرفوع,1
“مقتل,1
الحقيقة:,1
"""إجازة",1
يتحرش,1
النقد.,1
3741.71,1
214.55,1
السابعة),1
(المرحلة,1
"والطاقة""(الخريف)",1
"أبرمت""شركة",1
كيبيرا.,1
الفصيلة,1
أصواتا,1
وتقبّله,1
وأوضاع,1
واتجاهات,1
ويركّز,1
والإحصائيات,1
سترد,1
بغوغل.,1
وُجهت,1
سنة؛,1
2430,1
المخية.,1
القشرة,1
بالمادة,1
لاضطرابات,1
للمنافسين.,1
كتالوج,1
بتنزيل,1
المتوقّع,1
كارثية.,1
لبي,1
مطيرة,1
للكاميرون،,1
الانصياع,1
ستمضي,1
الظنِّ,1
غالبَ,1
تفصيليّة.,1
أثريّة,1
مسوحات,1
أعقبهُ,1
113,1
بالأرقام.,1
وواقع,1
دونيكشوتية,1
"""التش""",1
ينزع.,1
الفصائل،,1
النسل,1
قاتلوا,1
للمكسيكيين،,1
مسؤوليته,1
إلاَّ,1
وإرادة،,1
جويّ,1
والليثيوم.,1
المتحدةعليها,1
سيتوافر,1
2100.,1
إفريقيًّا,1
طريقتان,1
"بالشيكل"".",1
"""كافة",1
البحر...,1
غياهب,1
امتشاق,1
بركوب,1
ينفس,1
بأس،,1
مفاعيل.,1
بغزوة,1
ممزوجًا,1
اعتصام,1
وسوقية،,1
وقحة,1
استعراضية,1
"يعرفها""،",1
الكاميرات:,1
عدسات,1
خندق,1
"""شرط",1
دعمٍ,1
تسبّب,1
حيفا.,1
وطبعًا,1
الجواز.,1
محلًا,1
سيقيم,1
"المصرفي"".",1
للمورد,1
فعليك,1
فلسطين:,1
سؤالك,1
وضرب,1
دفاعاته،,1
وإغراق,1
وإرباك,1
يقاتلن.,1
يزلن,1
نساءنا,1
إنكارها،,1
تتبعه,1
وكلف,1
مجهوداته,1
لبلان,1
وحلفائها،,1
بالتصدي,1
تمسّكها,1
"""موديز""،",1
يدفعه؟,1
“الحداثة”،,1
سؤالٍ,1
وممتع,1
للقرصنة،,1
القرصنة”,1
“المجتمعات,1
معدّات,1
والثالثة.,1
للمحطتين,1
يُعلَن,1
"والشراكات""،",1
معاليه,1
يخصص,1
الإطراء،,1
ميزةً,1
“أصبحت,1
وروابط,1
للحل,1
ديرمر،,1
لأدوية,1
المعملي.,1
والمستحضرات,1
الغفار,1
وللإجابة,1
أباد،,1
لاسانيا,1
مخالفًا,1
علاجية,1
وعقاقير,1
انتهجتها,1
تجاربهما,1
“توجيه”،,1
وسيطة,1
زاهد،,1
جزأين,1
بتقاريرهم.,1
كمبوديين,1
"العقارية"".",1
بتسويق,1
أوركيد,1
نابولي.,1
2-صفر,1
بمباراته,1
للجنسين.,1
للفتيان,1
و34%,1
المطوع،,1
وأرملة,1
بطوابير,1
يعيشونه.,1
الكئيبة,1
كئيب،,1
لتجاهل,1
الطبيعة”،,1
“سوء,1
عدًا,1
وستعرض,1
فبسبب,1
ونصف.,1
حسمتهما,1
بصراحة.,1
كطالبين,1
دراستك؟,1
تكملي,1
لتصبحي,1
مثلها,1
التدخين،,1
لتتعلمي,1
مساراً.,1
(سي.إن.إيه)،,1
الدّوليّ.,1
عامنا,1
للفصل,1
2-صفر،,1
سلسلتها,1
بالمصنعين,1
الثقافيالأول،,1
إنمؤتمر,1
“إمكانية,1
أفريقيا)،,1
(جمعيات,1
يسارية.,1
"محلية""",1
"""إرهابية",1
المتحدةنموًا,1
والموضة،,1
بشرق,1
السمك.,1
والخضروات،,1
الكسكس,1
“أطاجين”،,1
الخارجيين،,1
"البائع""،",1
بالحيوية,1
وهزائمه,1
التحية,1
واليسار:,1
الخارجون,1
الرُحَّل،,1
"المقبل"".",1
يُطبق,1
يُقر,1
الحاسمة.,1
احتياطياتها,1
وأتطلع,1
لوجودي,1
“لمنظمات,1
مياه،,1
ودورات,1
ودشات،,1
بشغفها,1
والشاعرة,1
واللغوية,1
رحلت,1
ستثبت,1
أعباؤنا.,1
أعباءه,1
نصطفّ,1
الغرباء,1
التصنيفات،,1
"""مدينتي""",1
476,1
ويدرج,1
وإبداع.,1
وسخرية,1
وتناقضاته,1
الجنوبيةعند,1
للمحترفين.,1
اليتيم,1
اجتاز,1
المكتسبة.,1
سيندهوبالتشوك,1
بوتيكوشي,1
سيندهولي,1
ديفكوتا،,1
ديبا,1
مفجوعًا.,1
٨٧,1
١,1
بكينجستون,1
وتوفيت,1
الجاميكية،,1
المحليونَ,1
السكَّانُ,1
يحتمون,1
معنويًا.,1
أوشاكماشفيلي،,1
تسارو,1
المتظاهر,1
القضبان،,1
امتحاناته,1
موسليانتسي,1
آرتشيل,1
الحمرا,1
وساروا,1
نعشه,1
المشيعون,1
رافق,1
سترينغر:,1
المصروفات,1
واجهوها,1
وتحضيره.,1
وأهميته،,1
الموريتانيات,1
"المملكة"".",1
بالأراضي,1
مجزية،,1
"كابيتال"":",1
الهواءِ.,1
تلوُّثِ,1
العينِ,1
وتهيُّجٍ,1
تنفُّسيةٍ,1
مشكلاتٍ,1
بنيروبي،,1
مومباسا,1
كيروفوغراد.,1
أوتشاكوف,1
وموضوعاً.,1
"المستمر""،",1
للنقابة,1
للوحدات.,1
يختلفان,1
وهامش,1
والعمومية,1
"سابقاً"".",1
التطوري,1
متمايزة،,1
انقسموا,1
"""يُظهر",1
المستمرّة،,1
صيني.,1
شنجهاي,1
دولارية.,1
بنوكًا,1
تستعدالكويتللعودة,1
للاستثمارسيشهد,1
إنملتقى,1
وارسو.,1
مارستها,1
مرده,1
الدولارات-,1
بعقود,1
تفوز,1
«بيكتل»،,1
آر),1
دقائق:,1
تاريخيين,1
مارادونا,1
2029م.,1
2026م,1
14.05,1
فيالكويتصبيح,1
الدقيق.,1
المشاهدة,1
للدراما,1
كفنان،,1
لجزء,1
هندي،,1
كجنون,1
أوليسا،,1
معه؟,1
والتجربة,1
وبقوة,1
بالنقع،,1
غليانه،,1
نيلجيريس,1
ننستش,1
برعب،,1
الدفة.,1
واستأمنوهم,1
واتجاهها,1
تصورا,1
بشريًا,1
تشبيهًا,1
القرن”,1
“هدف,1
“يد,1
"و""إيلي",1
"نورديسك""",1
"""نوفو",1
عيادة،,1
و84,1
إسعاف،,1
الفيتو.,1
دائمون,1
أعرفها.,1
أعرفها,1
وقليل,1
الجدولة,1
(263,1
وسيبلغ,1
الأليف,1
"نفسها"".",1
وسنستمر,1
المستوطنات..,1
ضاعفنا,1
مورست،,1
توزيعًا,1
تعاقبهم,1
"التصور"".",1
ورادع,1
وحاسم,1
الظالمون,1
المفاجآت,1
"""مستعدة",1
قاصرًا،,1
شهرية.,1
الرائدتين,1
"ليلي""،",1
الشرقي”,1
“الجاز,1
والفانك,1
والبوسا,1
الجاز,1
لعصره،,1
وسابقًا,1
غنيًا,1
أرشيفه,1
للثروات,1
عادلاً,1
"""فورستر"":",1
تشيكرينغ،,1
امتناع,1
المنطقتين،,1
"المسار"".",1
الآلية.,1
مضللة”,1
ومفاهيم,1
أكاذيب,1
“ملاحقة,1
وثم,1
كونج”،,1
“بالتعرّف,1
المسربة,1
فوقها.,1
لـ(الفرعون,1
إحساسي,1
سبقتني،,1
الملتئمة،,1
تتوق,1
مصفاة,1
هبوبًا,1
تجف,1
نزيهًا,1
يدفعا,1
للفقر,1
(1954)،,1
مجرمًا,1
جعلوني,1
والمتطرفين,1
المرتبطون,1
الادعاءات.,1
(يوك)،,1
القطار”.,1
وإيتابيفي،,1
إيتاكواكيسيتوبا,1
“يتركز,1
"تفاهات""،",1
متّهمًا,1
مرشده،,1
بيكيتي,1
توما,1
الجنوبيةأكبر,1
سجلتكوريا,1
يشرع,1
وبالتيمور.,1
وعسكريين,1
و5.16%,1
5.41%,1
5.49%,1
قروضهم,1
ويفا,1
غزارة،,1
اجتماعها,1
مكشوفة.,1
بهويةٍ,1
رحلتِها,1
مشاركةِ,1
عواقبِ,1
تخافُ,1
تدرج,1
دفئًا،,1
النينيا,1
ورطوبة،,1
غلادكوف،,1
فياتشيسلاف,1
بيلغورود,1
ستدمّر,1
داحضًا,1
لامست,1
3785,1
​​المدى,1
الهيدرولوجية,1
​​هطول,1
لوجستي,1
كميسر,1
اعتبروها,1
للصهيونية,1
المؤمنة,1
وممولي,1
الأمريكيين،,1
"الدولار"".",1
المتفوق,1
"""الأداء",1
ونوه,1
تنديدها,1
أشجارها,1
مشاركتهما,1
يكثف,1
يزورها,1
الأميركيينالصينلإجراء,1
والقضاء”.,1
نامتاريونغ.,1
بالصداقة,1
سويونغ،,1
وشامل.,1
وأبدى,1
وترهيب,1
إذلال,1
وإعدامات,1
تورّطت,1
والتجديد.,1
بيئتنا,1
تعلمتها,1
ولأنها,1
“أكتب,1
بالأمازيغية:,1
قصصية,1
بوهار،,1
علجية,1
اللغة.”,1
بأصالة,1
لواحد,1
عجزها,1
تواطؤ,1
وتعهدها,1
بالمجازر,1
مشرف,1
التسجيل،,1
نقاطِ,1
داعش-خراسان,1
مسلحةٍ,1
مجموعاتٍ,1
كشفَت,1
حذِرة,1
بمجملها،,1
لتقرير”حالة,1
"41,300",1
الكربونية،,1
انبعاثاتهم,1
الملوثين,1
الميكانيكية،,1
متابعةً،,1
للسكان.,1
لبزشكيان،,1
ليث,1
لفرع,1
بالعمليات,1
"مادي""",1
موراليس,1
سيليندا,1
القرص،,1
الكاريبيات,1
الجمركيةالعقابية,1
منالرسوم,1
وخارجيا,1
داخليا,1
بيئيا,1
مسحا,1
وبولسونارو,1
وسلامتهم.,1
تجميلية،,1
بسكان,1
25.5,1
والخميس،,1
745,1
"ترافيلر""",1
"""نعم...",1
وتدخل,1
بالبر,1
نانشان،,1
مواتية.,1
سائدة,1
لرياح,1
التحضر,1
لكو،,1
أجله.,1
أناضل,1
عالمٌ,1
فيانارانتسوا.,1
ماهاجانغا،,1
توليارا،,1
توماسينا،,1
دييغو،,1
واستفحال,1
غذّتها,1
والتقويم,1
باقاتهما,1
عملاقي,1
المكعب,1
تفاعلاته,1
وتُسلم,1
المتبعة،,1
والدفعة,1
دفعتين,1
مدوٍ.,1
بهدير,1
أقلعت,1
لإنصاف,1
ومبعوث,1
والنرويج،,1
فأجاب,1
سيتباطأ.,1
العكس.,1
جميعها.,1
البرية،,1
والخنازير,1
منافسة،,1
متداعي.,1
عبر:,1
"إيجار"":",1
توثيقُ,1
ثالثًا:,1
اعتذار.,1
أجبروه,1
وأهان,1
أنكر,1
والطاقي.,1
وتنويعه،,1
المدار.,1
المتجهة,1
النيازك,1
يُخلّف,1
التهابا,1
جدل،,1
محلَّ,1
التبويب.,1
دائريًا,1
زرًّا,1
يتابعه,1
هيتالو,1
رسمها,1
والغوريلا,1
تكتحل,1
كيرانيو”،,1
“موتا,1
أديبا,1
حائزي,1
المقوّم,1
رغبات,1
"""تحترم",1
تحذيرية.,1
شهرةً,1
أقلُّ,1
طارئةً،,1
المبتدئين,1
تماريني,1
والهتاف.,1
التصفيق,1
ليعلو,1
"العشق""",1
ديربان،,1
إيغون,1
جراحةً,1
مؤلما,1
1.1802,1
1.1803,1
147.74,1
غذائه,1
فعليه,1
بعينها،,1
نزيه،,1
ببطانة,1
الإيبوبروفين,1
الملينات,1
المضادات,1
يُؤثر,1
أوراقهم.,1
يُعكّر,1
"المصالح"".",1
وترحب,1
التقني.,1
وتركيزًا,1
ليونة,1
ميكيز,1
هورنر,1
"الفارق.""",1
بعينه,1
شراب,1
حركته,1
"واضحة"".",1
"""مصالح",1
والديموغرافية,1
والتكنولوجية,1
طفرةالذكاء,1
الأَسمنت,1
يُستورد,1
"""نكران",1
أسف,1
وإذ,1
"الوطنيّة"".",1
دعائم,1
المتطاولين,1
وردع,1
التصادم,1
مهاوي,1
"""درء",1
وبتاريخ,1
مفصليّ,1
المحاولة.,1
أحمق,1
أفرط,1
لأميال،,1
"طبيعياً"".",1
رؤيتك.,1
-مؤلّف,1
والرّوائيّ,1
الشّاعر,1
الألفينيّات،,1
"ولبنان"".",1
يحبّه,1
وشعبًا,1
وقائدًا,1
يرعاه,1
"""رئيسًا",1
"الشرعيّة""،",1
"""إلقاء",1
"""التحامل""",1
"الجميل""",1
يستهدفون,1
والكتب،,1
كالقصص,1
الجرائد.”,1
الأول/أكتوبر.,1
اعتراضاتنا,1
خطّةً,1
المكتوبة-,1
النّيفخيّة,1
الأبجديّة,1
147.79,1
تحذيرهم,1
"بـ""المحور",1
بهزيمة,1
الفينة,1
النيابي,1
سويدان.,1
والطفلة,1
ثروت،,1
تضعنا,1
ويجعلها,1
تفسير.,1
لوجهات,1
ننصت,1
**الرسالة,1
"المقبلة""،",1
نتعاون,1
الصيغ,1
التفاوض،,1
تبويب,1
طريقته،,1
‎نشأت,1
ويمثّل,1
ماكنايت,1
يبث,1
الضمان،,1
يُبطل,1
مخاطر:,1
ونيمبوز،,1
ووي,1
وفايبر،,1
جميعًا:,1
منتظم.,1
منتهكين,1
إنسانيةٍ,1
عنيفةٍ،,1
وليتوانيا,1
ولاتفيا,1
وبالتقنيات,1
4992%,1
اللهجة.,1
وشديد,1
مواكبًا,1
لمناقشاته,1
سبيكينج,1
فرانكلي,1
تحريضي,1
مطاردات,1
الماموث,1
فكرته,1
الأكشن,1
"الماموث""،",1
"""أوسكار",1
6.55,1
يُضطرون,1
مفاجئة،,1
نفاياتهم،,1
لدفن,1
يحفرون,1
الخريف؟,1
للبشرة،,1
وفوائده,1
التجميليّة.,1
نباتية,1
متوفراً,1
دهونالبشرة،,1
بكنيسة,1
الإصابات.,1
بصري.,1
العائمة,1
"الحلول""،",1
أخلق,1
أدواره,1
مليوندولار,1
بوليتيكو,1
"و""موقع",1
أيدولوجية،,1
"به""غروك""إلى",1
وسبيس,1
لشركتي,1
إدارتها،,1
أرمني,1
وممول,1
ومؤخرًا,1
بالتعذيب,1
كعبيد,1
"""المنزل",1
"توداي""",1
سايكولوجي,1
يشربونه,1
التسريب,1
والأسوأ,1
ونفقد,1
تضربنا,1
بالسيناريو,1
أعاصير،,1
ببعيد.,1
لمجال,1
للتوجه,1
الكاتالونية,1
اعتزاله،,1
وداع,1
بِحلولِ,1
الصِّحيِّ،,1
مكتَبِ,1
إدارةَ,1
تقودُ,1
مارياني،,1
أندي,1
حذوهما.,1
حذت,1
مائية.,1
لتر,1
380,1
«جوتشه»,1
الدكتورةُ,1
شاركتِ,1
"للطاقة""،",1
متحرك,1
كرسي,1
لِلسَّنةِ.,1
التَّتبُّعِ,1
أهدافِ,1
المُستوحى,1
الذاتي)،,1
(الاكتفاء,1
«خود-كفائي»,1
لمحفزات,1
"الكامل"".",1
"""الانسحاب",1
بمحصول,1
المكتبُ,1
الأولِ/أكتوبر,1
تشرينَ,1
انفعل,1
"القانوني"".",1
والتكاثر،,1
(الصيادين),1
حساني:,1
الجمعية،,1
تقترحها,1
مابوتو،,1
"الضرر""،",1
والتسلط,1
تأجيلفرض,1
سطرين.,1
تتهرب,1
‎أمن,1
قرارها.,1
مايوكو.,1
"""التبعية",1
لخطابه،,1
معطلة،,1
الأصبحي،,1
تشارف,1
تتعرف,1
والقفازات,1
بارتداء,1
الرشد.,1
بالقاصرين,1
منشوراتهم،,1
الطعام”.,1
والتربة،,1
مستفحلة,1
مساعديه,1
"طابونة""،",1
وأحداث،,1
بآرائهم,1
والاغتيال,1
"الإرهاب""",1
بانتقاداتٍ,1
إخفاقه,1
كالتوظيف,1
قطاعاتٍ,1
والإسرائيليين.,1
التهدئة,1
مسلطًا,1
الهاتفين،,1
المُلحة,1
أولوياتها،,1
أمل.,1
"الأمنية""،",1
منفردة,1
النيتروجيني،,1
والتسميد,1
بالبوتاسيوم,1
2022-2023،,1
لعقوبة,1
لكينيا,1
"و""ريبر""",1
"""بريداتور""",1
الدقيق،,1
بالصناعة,1
ظن,1
يتعاظم,1
الإشكال,1
وتهذيبه،,1
إصلاحه,1
ولايتا,1
خزن,1
ومستودعات,1
بانياس,1
ولايات.,1
تديران,1
"لوكال""،",1
"و""أدفانس",1
تنفيذيون,1
ومسؤولون,1
التحالف،,1
الفلسطيية,1
لتلوينها.,1
الثمار,1
برش,1
ومشددة,1
الأسمنت.,1
تركيزه,1
فالتجربة,1
التهديد.,1
الاصطدام,1
مجتمعهم،,1
المتحولون,1
وليبيا،,1
جيريمي,1
عقلًا,1
للأمعاء،,1
بالبيئة,1
حورس”,1
تبوأت,1
المحبطة،,1
بالكوارث.,1
تسببوا,1
والأمهات،,1
يخجلوا,1
وتزويجهم،,1
بتخرجهم,1
يحتفلوا,1
والمصابين,1
المدخنين,1
بالفم،,1
كلى,1
أيضية،,1
رئوية,1
أمراضًا,1
واستُبعد,1
أيار/مايو،,1
لافارج,1
"قانوني"".",1
ومُمَنهَجة,1
"""ارتكاب",1
الجرافات،,1
لكاتربيلر،,1
أصفى.,1
سودانيّ,1
والمصدر,1
صحفيي,1
صامت..,1
بشدة؛,1
ونعانى,1
ركائزه,1
المصرى,1
أبنائهم...,1
بموت,1
سُجِنوا,1
المرورية،,1
استهتار,1
عين،,1
القبور،,1
"""معدلات",1
"الحرارية""،",1
اتخذ،,1
إزالته،,1
أوت,1
خياليين,1
"سنوياً""",1
"""100",1
438.5,1
381.4,1
توترت,1
فلسطين”.,1
“أميركا,1
للتعذيب.,1
لمعتقلين,1
زُيّن,1
"""الشاطر"".",1
“بصبر”,1
وقروضًا,1
تمويلًا,1
لأفريقيا,1
أحضانهم،,1
أبناءهم,1
وإبقائهم,1
تغرير,1
ومغاربها،,1
مشارق,1
للمتعاطين،,1
القنب،,1
مؤكدًا،,1
"اليوم""",1
"""المصري",1
إيربودز.,1
المُفضلة,1
"المباشرة""،",1
اللاسلكية,1
ستُزود,1
تُعارض,1
وجعلهم,1
مستباحة،,1
بالتبعية،,1
الفاسدين,1
فسنذكر,1
310,1
"الأول""",1
الدوارة,1
المرابحة,1
"المحدودة""،",1
"""التنمية",1
"الغذائية""",1
"""95%"".",1
توصلا,1
ستطير,1
فعّال.,1
سيفتقده,1
اللاإنسانية.,1
والحزن،,1
دعوتهم،,1
العار.,1
أعمالًا,1
إيو,1
ويعارضها,1
المعارضين،,1
جسمه.,1
الكدمات,1
بالقفص,1
"التلقائي""",1
"""التجديد",1
التعاقدي,1
الحماد,1
الإفرنجي،,1
للماء,1
ملكيته,1
يصفون,1
تضفي,1
هجومين,1
ذكرا,1
"""ميديابار""",1
أفقية،,1
هجينة،,1
تُعبّئ,1
باكستانَ,1
الأولَ,1
الدينَ,1
يُعتبَرُ,1
الإسلامِ،,1
خاصةٍ,1
بمكانةٍ,1
والعمرةِ,1
شعائرُ,1
تَحْظى,1
للقراءة،,1
ناديًا,1
القرية.,1
أنيل,1
3752,1
5060,1
ليرفع,1
"1,150",1
استطلاعًا,1
"""يمنح",1
"اليوم""،",1
السجال،,1
بمقدونيا،,1
بتسارع,1
كبيرين,1
إيرانيين,1
مبادرتنا,1
توكاييف,1
جومارت,1
إخواني,1
"الشهادات"".",1
بتأخير,1
سببناه,1
الإزعاج,1
"""نعتذر",1
بالكاميرات,1
ومرونته،,1
القضاة.,1
والشمع,1
الأختام,1
بفض,1
البلجيكيات,1
نفسك.,1
أوبتيموس.,1
مشيته,1
محرجة.,1
ويتوقف,1
للأوامر,1
والمراجعين,1
"""الذهبي""",1
حسّن,1
شفهياً,1
بمنشآت,1
السمودي,1
متردد,1
برثلماوس.,1
البطريرك,1
ومناشدة,1
لتحفيزها,1
المطيرة,1
بُذلت,1
بلانك.,1
مُبهمة,1
الكوميديا.,1
لمشاهدته،,1
للأزواج,1
معي.,1
وشقيقي,1
لطفل،,1
عاطل,1
أبٌ,1
تتزايد.,1
"الهجينة""",1
"""الهجمات",1
"""لا"".",1
"ديمانش""",1
(أيلول).,1
الترشيحات.,1
وتجتمع,1
3.6%.,1
"""أُريد""",1
مواجهته.,1
تحتي،,1
تهتز,1
حوله.,1
اليابانيات,1
احتكارها.,1
1767،,1
اليسوعي,1
قُمع,1
تجرف,1
لمناسيب,1
سيلتقيان,1
الكلاسيكو,1
القرعة,1
الضيوف),1
وجذري.,1
باللاعنف,1
نيالا,1
ومكتبها,1
الموكب,1
حمالات،,1
بمواقفه,1
وقديمة،,1
ومتحيزة,1
ويقال,1
يتحكَّم,1
الإجراء،,1
وبالقوانين,1
حريك،,1
فالشرعية,1
سلفًا،,1
خاسرة,1
يُدرِك,1
الأسر.,1
وتهدد,1
"""أعتذر",1
مغلق،,1
تقع.,1
تنفد,1
وقضيته؟,1
بالشعب,1
وقرا,1
وأديغيا,1
تطويرقنبلة,1
توصلها,1
مذهلًا.,1
موضوعين,1
لهاتفي,1
وافتقد,1
للإشارات,1
الفلتر,1
"737,3",1
بسخاء،,1
غطت,1
للركض.,1
والنافذة.,1
ويقفز,1
حينها.,1
ناشئي,1
طفولته,1
ليامال,1
المتابعون,1
متجهم.,1
للتحدث،,1
المندوبين,1
تشركيسيا,1
ت,1
يعفي,1
‏وليس,1
الأدراج,1
لمخطط,1
وسابقون,1
حاليون,1
تشويش,1
تدخلها:,1
19%،,1
والبحرية),1
(البرية,1
بالمحافظة,1
وموزمبيق.,1
السلطوية،,1
يلخّص,1
وجيدة,1
متماسكة,1
استعادتها،,1
المسيء,1
خاضوها,1
والآلام،,1
أفهم,1
لتتراوح,1
وأخرى،,1
2020-2024م،,1
المتعثرة,1
العقابي,1
اقتراضًا,1
وحمايتها,1
ركائز:,1
"والدروز"".",1
الخارجين,1
التفجير،,1
خرائطها،,1
عقليّة,1
المتذاكي,1
التموضع,1
وكامن.,1
أودمورتيا,1
لتدفقات,1
استهدفتها,1
أيرلندا,1
وللفضة,1
تشات,1
"""يختار",1
"نيجما"":",1
موسلمان،,1
بالقطار.,1
دراستي،,1
بيستوفا،,1
أنستازيا,1
للتشخيص,1
بفائدة,1
و66,1
"""العملية""",1
الإنساني؟,1
تستخدمين,1
وحدوث,1
اشتدت,1
بوالوي،,1
عدةمطاراتوأجلت,1
وحمايته,1
الواقي،,1
حاجزه,1
المراهم.,1
البيتروكيماوية,1
ويُشكّل,1
المسام،,1
بانسداد,1
يودمورت,1
جبهوية,1
بطبيعتها,1
فحركات,1
بعدها-,1
-سواء,1
وكلفها,1
العضوي,1
المؤسساتي,1
للمجالس,1
إستراتيجيتها,1
بحقوقهم.,1
العقلانيون،,1
عمالهم,1
أفراده،,1
الحقيقي؟,1
بعجلات،,1
ومشروع،,1
المؤمنون,1
لرؤى,1
والتنظيمات,1
يفرق،,1
حركياً,1
ومنهجاً,1
جامعاً,1
التسبّب,1
والمستقرّة,1
المهدرجة,1
يرافق,1
بالرطوبة,1
المُرطّبة،,1
"الذكية"".",1
تخليص,1
باعتدال.,1
استخدمتُ,1
"""أويست",1
مصلحته,1
لتغليب,1
كفصيل,1
لتحركاتها،,1
كبوصلة,1
مشكل,1
ذكره،,1
منتسبين,1
"""تخوف",1
إدراكه,1
يجمع،,1
يفرق,1
بطبيعته,1
“لعابهم,1
يُكتشف,1
يُصادفه,1
"الدرونز"".",1
لعصر,1
للاستخبارات،,1
الثانوية.,1
والداخلية،,1
انطباعات,1
ومستوحاة,1
بالذكريات،,1
تكاثرها.,1
شحّ,1
الندرة،,1
درمان.,1
المناقل,1
سحبت,1
11.9%،,1
فوجرو,1
مضايقة،,1
الحوارية,1
5%.,1
9%،,1
وبرونزيتين،,1
لدفاعنا,1
وأُدخِلنا,1
اقتُلِعنا,1
استنتج,1
لبّت,1
مقدماً،,1
لرسوماته.,1
يسيل”،,1
بشتون,1
تصريح.”,1
الجنسية”,1
سيُمنحون,1
عمران,1
سيناء.,1
ديفيد،,1
توجها,1
الإسماعيلية،,1
للقدس،,1
40800,1
4371,1
5829,1
والجرحى.,1
لتفريق,1
"""تغيرات",1
إناضطرابات,1
للمنتديات,1
واعطوا,1
خططهم,1
تلفزيون،,1
تقليدية.,1
المرضية,1
الإجازة,1
وتُحسّن,1
النحيفة,1
فصلاً,1
الطريقة؟,1
رُفضت.,1
بيشاور,1
كالمحكمة,1
لجأوا,1
بالنعومة,1
هدّد,1
ويلفت,1
بقدراتها,1
لمسةً,1
أُضفي,1
“أردتُ,1
ثريا:,1
أوروبيةبسبب,1
كرواية,1
بسيسو,1
ٍمجديةٍ,1
عقوباتٍ,1
أيةَ,1
لتركيا.,1
والزيليتول,1
ملايين.,1
كصفعة,1
السؤال،,1
متزوجين,1
للمساءلة،,1
الأخير”,1
“الملاذ,1
مقاضاة,1
المظلم”،,1
بتاريخها,1
رصيف22:,1
خشيةَ,1
تُحجم,1
6.2,1
ثانوية.,1
تفصيلة.,1
بتعميق,1
مهتمةً,1
لدعوتها,1
الصباحي،,1
الأضخم,1
تكنوفست,1
النقاب,1
المنهجي،,1
تُحسم,1
فضائح,1
والإريثريتول,1
والسكرين,1
الأسبارتام,1
استهلاكهم,1
وحسبوا,1
عاداتهم,1
البطلمية,1
فراعنة,1
للأوطان”.,1
“الاتفاقية,1
يقويها.,1
للاعتذار,1
يُمكِن,1
بالمكسيك،,1
والأغلبية,1
17-35,1
وأمناً.,1
استدامةً,1
وبمناطق,1
ومخاطرةً،,1
جيوبٍ,1
تموضعه,1
والبلاط,1
لرئيسة,1
لبكر,1
٢١٥٨,1
تعددًا,1
٢٠٢٤,1
ستاتيستا,1
١.٣٤,1
6.25,1
6.35,1
"""نداء",1
دكا،,1
“حضرة,1
عائدين,1
الرومانية.,1
هزيمتها,1
ويجدون,1
بالشرعية,1
توزليتش,1
بيرين,1
وكانتا,1
للاكتفاء,1
الصينيتان,1
و”هواشين”,1
"لندن""،",1
"""أرادَ",1
يشمله,1
بانديوبادياي:,1
الكيماوية.,1
والزراعية,1
والأنابيب،,1
والدهانات,1
"للتوسع""",1
"""أعضاء",1
"الفكرة""،",1
"""رائدة",1
ومايو/أيار,1
مرتفعًا،,1
الجثث؛,1
أركيتكتشر,1
“فورنسيك,1
الشفاء،,1
هريش,1
والرخام,1
والحديد,1
يواجهنا,1
النقابي,1
سيتمكنون,1
لاغوايرا,1
عسكريًا،,1
تتَّخذُ,1
المُدرَجةُ,1
الإلكترونيةُ,1
المصادرُ,1
مساعيه,1
ترامبفي,1
للرئيسدونالد,1
الطلبة،,1
“قُدم,1
السفراء,1
السفارات،,1
المتواصلين،,1
هبوطه,1
قيادته،,1
"""فترة",1
وأجر,1
أجزاء:,1
وبالمقارنة،,1
سيقفز,1
إندونيسي,1
جمباز,1
واحتكارات,1
واليابان،,1
أوروبيةوأثرت,1
واتسمت,1
وضريح,1
اختير,1
"""ديناميكية""",1
يحملها,1
شهدتهامطارات,1
لتتخلّق,1
وتسافر,1
تبرح,1
سياجا,1
المرشحين،,1
فولبرايت،,1
ديكسون,1
موريس,1
لجامايكا,1
فايفال,1
تداولتهم,1
لثانية,1
تضامننا،,1
تفويضه.,1
"النقدية""،",1
عصيبة,1
وتعرّض,1
مستحيلة.,1
مستبعدة,1
حلولٌ,1
ووتيرة.,1
"""الباراسيتامول""",1
"والتوحد""،",1
"لـ""رويترز"":",1
ولايته.,1
هولنيس،,1
مستوعبة,1
والطبيعية.,1
وخصائصه,1
ستتكيف,1
حرج,1
الأمكنة,1
تشخيصات,1
يدعوك,1
الشعبية؛,1
والنجاة،,1
الناجون,1
"بالداخل؟"".",1
متسائلا,1
"دقيقة""،",1
(الفيروس),1
المطهّر,1
الخبراء:,1
والمطهّرات.وقال,1
"الجسم""",1
"""الضوء",1
لكوفيد,1
خُصّصت,1
الممارسة.,1
متورطون,1
التقديرية,1
المنشآت،,1
"العقلانية"".",1
سنتمكن,1
حلفائنا،,1
"""ليبرالية""،",1
لينينغراد,1
34.9%.,1
42%،,1
مسافرة,1
أفكارا,1
نشير,1
دونالدترامبقبل,1
التوحّد,1
والسلوان.,1
وأهله,1
ولزوجته,1
الرحمة،,1
للفقيد,1
متمنين,1
وصدمتهم,1
حزنهم,1
والدعاء،,1
النعي,1
ضجّت,1
والمشي,1
عاداته,1
سوراب,1
وطبيب,1
منشئ,1
سوريًا,1
“النسوية”،,1
تفاعلًا،,1
2800,1
فيجن,1
ورلد,1
منشورٌ,1
للأجانب.,1
325,1
بالهيئات,1
انزعاجه,1
كارثية”.,1
“الوضع,1
للحياة”،,1
المنقذ,1
الشواطئ,1
المندمجة,1
إيقاعها,1
تشيديندو,1
المَصانعِ.,1
للعملِ,1
مُستعدِّينَ,1
جميعُهم,1
ولكنْ،,1
والمشهد,1
حاسمة”،,1
“خطوة,1
ويسبب,1
يجهد,1
التصحيح,1
الطفيف,1
العالمية-أوغندا،,1
"الفوائد"".",1
يبطل,1
الاحتكاكية,1
ارتطام,1
للمخ،,1
كولومبيا:,1
ليبتون,1
العلمية،,1
"داي""",1
"""هيلث",1
إمداداتها،,1
"الصبر"".",1
ينتظرانه,1
والانبهار،,1
وجهيهما,1
والمطارات،,1
كارجيل,1
269.9,1
"الكوني""",1
"""البرتقالي",1
مجاعة,1
لتسببها,1
يدين,1
أيدته,1
راكب.,1
استثنائياً،,1
الكوليستيرول,1
تفاحتين,1
للتغذية,1
القليلون.,1
اللغويات,1
مطردا,1
مصمّم,1
(死了麼?)،,1
مطوّر,1
صينيّ,1
والبرتغالالاعتراف,1
كلمن,1
للفاشية،,1
الاحتضان,1
وفرته,1
التسارع,1
لإصلاحها.,1
غمرتهما,1
أمامهما,1
"مان"".",1
للطن.,1
بانجي,1
ستبقيان,1
والعائد،,1
مستقبلا،,1
تقييده,1
رومانية.,1
ريسيفي،,1
(الدب),1
أورسا,1
تحديثًا,1
الثغرة،,1
"وبحرية"".",1
تضامنها,1
مختلفًا.,1
لتشهدها,1
الأزياء،,1
الخاصّة,1
سيعقدون,1
مُناسبين,1
وسيقترح,1
لعروض,1
"""شورتس""",1
ستزيد,1
لتر،,1
7.62,1
(358,1
1.32,1
(566,1
2.08,1
تاريخها،,1
تعملان,1
للثانية،,1
للأولى،,1
حذفه.,1
سابقًا),1
اكس,1
توباز,1
لمستشاره,1
محذوف,1
نأى,1
عاكسة,1
للتوزيع,1
المحاصر،,1
بدمار,1
مركزه.,1
متسع،,1
استوائي,1
إنجليزية,1
بخبرتهم,1
“قديمة”,1
ويُوحي,1
يُضلّل,1
الخيزران،,1
أدافع,1
كاليفورنيا-,1
والأربعاء،,1
تعريفاته,1
"مذهل"".",1
أميركا...,1
نحقق,1
البديهية.,1
لأسترشد,1
لزواجهما،,1
بالذكرى,1
يخططان,1
حملتهما,1
باختلاف،,1
مضيفه:,1
ويسأل,1
ليبادر,1
يتقدما,1
يصافح,1
شعبي.,1
مرتجل,1
للمؤجر،,1
فركزت,1
معمول,1
لسبع,1
عسر,1
وتراخي,1
وبالية،,1
لأجساد,1
لنفهم,1
ولابد,1
وجيران,1
وصيفه,1
مكملاً,1
"مهمة""،",1
"""التوجه",1
يخلين,1
“متغطيات”,1
تتشقق،,1
للمياه.,1
والتجهيز,1
"""غياب",1
"قانوني""،",1
يسحاق،,1
رعدية,1
الوالدين.,1
طارئًا,1
تنبيهًا,1
سيُرسل,1
بشري,1
مُراجع,1
فسيُحدّد,1
نفسية،,1
مختلفون,1
رسميون,1
“اقترح”,1
لفنزويلا),1
هادئًا,1
تيكيز.,1
تطفو,1
صفٌّ,1
والتأخيرات,1
ونزاعات,1
تتعثر,1
أوطاقة,1
مختصرًا,1
كبيرًا”.,1
“اليوم،,1
لتأتي,1
التنبيهات,1
والوزارات,1
كمنحة،,1
ومليوني,1
كقرض,1
2020-2030،,1
"والساحلية"".",1
الاتهام،,1
ووجّهت,1
العبد،,1
ورائها,1
البدايات,1
ثمانينات,1
متابعوها,1
لابنتها,1
بالآداب,1
مخلة,1
بأم,1
مشوارها,1
"سرية""",1
"""الأكثر",1
أنتسيرانانا,1
دراسيّ,1
"وتسمسيلت""،",1
وتيارت,1
والبيض،,1
النعامة،,1
بلعباس،,1
وسيدي,1
وغليزان،,1
جدّيه،,1
خشب,1
يُصدَّر,1
المساء.,1
ترومس,1
باردوفوس,1
"""نرويجيان""،",1
سلطان.,1
بالاسم،,1
للمذيعين,1
يكتفى,1
للتعليق,1
والجديرة,1
متسارع،,1
بمهنية،,1
ففى,1
والإنصات,1
بالدعم,1
عاشوها.,1
مشمسا,1
"""الطقس",1
قاضي،,1
شروحات,1
ورعد،,1
ببرق,1
وبدايتها,1
ينقلب,1
والمتخصصين.,1
وينتحلون,1
الخالية،,1
يجورون,1
بدورهم,1
الغياب،,1
ومعسكر،,1
وتلمسان،,1
سعيدة،,1
"""الولايات",1
تصدي,1
تُدين,1
متدهورة,1
عالمية),1
سوء.,1
يمسَّه,1
يُعرَف,1
الأمنية!,1
آبه,1
(قضايا,1
إشيوز,1
يحميهن,1
أضلاعه.,1
الفحوصات،,1
منزله،,1
البرغوث,1
وفيق,1
مسمع,1
بحروب,1
المزدحم,1
والاستغلالي,1
تُسوَّق,1
روبلوكس,1
"""سيجري",1
سوروكين:,1
وموفر,1
واستجابة,1
فائق،,1
ويُوصف,1
للتحكم,1
فُرش,1
ويكمن,1
93.96%.,1
المقصورة،,1
6.04%,1
مخيماتهم,1
"العادلة"".",1
"""التفاف",1
"و""ميتا""،",1
تقدم.,1
وبخيبة,1
والألمنيوم،,1
حديدية،,1
الأخر,1
بتمريرة,1
وأمد,1
ألبا,1
خوردي,1
ضئيلة.,1
استعدادهم,1
مزيفة،,1
والمتطرف,1
فرديين,1
ستُعرض,1
اسرائيل,1
وإعلانها,1
بالمستوطنات,1
"أخرى.""",1
كافيين,1
"""القهوة",1
"""كولورادو"":",1
كاو,1
عممت,1
المتبقي؟,1
ميرا,1
ومتواصل.,1
الحواس.,1
صيدها,1
منبعًا,1
٨٢,1
تآكلًا,1
آرموري,1
هاربرز,1
فريز,1
فبراير/,1
إبجي,1
أنات,1
طقسًا،,1
مُجرّد,1
للتهدئة.,1
اللطيفة,1
فالدفء,1
بذات,1
قادمين:,1
و118,1
33800,1
الأحمال,1
مناسبين.,1
ويصلون,1
المستقلون,1
سبت,1
أبيات,1
لإلهامه,1
2023-2024،,1
جمعتهما,1
"""فيستاس""",1
وتتغير.,1
تتحور,1
انتشاره،,1
قلقين,1
وستزوِّد,1
“التأهيل,1
وتؤمِّن,1
المصنِّعة,1
للمراكز,1
وأعربوا,1
سراحها,1
عقوبتها،,1
٣٢,1
ضارة.,1
مؤامرات,1
8.04,1
5.63,1
المواليد,1
"الرقمي"".",1
"""الذهب",1
قُضيَّ,1
هذة,1
والاستعمار,1
“المصطنعة”.,1
الأخلاقيّة,1
السّلوكيّات,1
مصمّمة,1
بارتفاعه,1
يستحقها.,1
لاستردادها،,1
محاميها,1
ستوكل,1
أبنائه،,1
الشقة,1
خوارزميّات,1
المهاجمون,1
السودانيّ,1
ستُلبي,1
توكالمملوكة,1
مُعلنًا,1
ويعملن,1
باغو,1
أيياروادي,1
معهن،,1
وتبادلت,1
54052,1
السعوديةاليوم،,1
بدأالسجل,1
"التنفيذية"".",1
محمية،,1
سوغود،,1
النهارية,1
"دوسلدورف-إيسن""",1
بلانك،,1
تنسيني”،,1
قررتِ,1
بأبجديتها,1
للكرمانجي،,1
للهجة,1
صحفتي,1
(12:00,1
والصاروخي،,1
ببرنامجيْ,1
المختطفين،,1
والذعر,1
طنجة,1
البشرة.,1
“أحمر”،,1
حلمًا؛,1
النوم:,1
غلبني,1
كررت,1
أفرادًا,1
المؤسساتي،,1
البطة:,1
وتركتني,1
انصرفت,1
والإيطالية،,1
إدبوش،,1
الأمناء.,1
مستخدموها,1
"الأحيان""",1
"""تلتزم",1
تولوز,1
بتشريد,1
فوربس).,1
195,1
بالمقولات,1
والجمعة،,1
"أشهر""،",1
"المزمن""",1
غولر.,1
وأردا,1
الجماهير.,1
خدع,1
ثوانِ,1
صحفياً,1
السعرية,1
واختبارات,1
أحققه”.,1
والمتصلة,1
والتصنيف,1
للانحياز,1
أدعي,1
بلطف.,1
زكية,1
برائحة,1
جو،,1
ومعطر,1
مرطب,1
المبرد,1
صب,1
والمريحة,1
رائحته,1
لينشر,1
يبرد,1
المجدية.,1
الوصمات,1
تساعدان,1
وقناعة,1
“صفراوين”،,1
“خضراء”,1
طفلةٍ,1
خليجي،,1
سمراء,1
كأقليّة,1
“الزرق”,1
عموداً,1
وجمهوريات,1
المشفر،,1
مخططًا,1
يصيبهم,1
بالمهارات,1
وتزويدهن,1
الإدماج,1
فالحل,1
والملبس،,1
والشرب,1
الوتيرة،,1
للاقتراض,1
الملاءمة,1
الاكتتابات,1
وحيوي.,1
متفوق,1
بالمشاهد,1
مسجلًا,1
بـ30,1
فوقنا,1
(56,1
الطهوية,1
بجاذبيته,1
فاراناسي،,1
بطعام,1
هيروشي,1
استمتع,1
والمباني”.,1
وفصل,1
والقانوني,1
السوابق,1
"""ريستور""",1
المعاكس,1
البرامج،,1
الشجيرات,1
“الأشجار,1
مختلطة,1
التلفاز.,1
يشاهدونه,1
بأقربائهم,1
متأثرين,1
ويرغبون,1
ولادتهم،,1
“جنة”,1
ثرية،,1
لأسرٍ,1
محلياً،,1
مستوردة،,1
جوال,1
وتستهلك,1
"المعركة"".",1
"""تزويد",1
برسائل,1
عنوان:,1
فإحدى,1
تخطتها,1
تتضرر.,1
برجين،,1
فأميركا,1
الأبراج.,1
والشخصية,1
المفكر,1
المقتول,1
الحسية.,1
والحاسوب،,1
"و""نيورالينك""",1
القناة.,1
"وإسلامية""،",1
المُقدرة,1
تُديرها,1
ستُخزّن,1
ماتزال,1
أيرلنداللشهر,1
الجملةفي,1
10.4%,1
الأسمنتفي,1
رسوخاً.,1
وسيحاول,1
خاطب,1
يرِد,1
"""حوارية""",1
ودعوات,1
"الإسرائيلي""",1
تشدّد,1
احتيالات,1
آرائها،,1
المنظم.,1
والتوافق,1
عضوا،,1
عكسته,1
المقطوع,1
وحدودها،,1
والمسألة,1
معترفة,1
"والإرهاب"".",1
لـ’حماس‘,1
تتلقاه,1
فالطموحات,1
الخارطة.,1
بإجابات,1
"بـ""الخطير""،",1
تصاعدياً,1
ببضع,1
خططت,1
وصولي،,1
رفوف,1
يطورون,1
القطعان.,1
التجدّد,1
لب,1
المسارين,1
الالتقاء,1
وكابول.,1
الترخيص:,1
انجراف,1
برازيلي.,1
الاتفاقات،,1
بهويتهم,1
وتمسكوا,1
شعب،,1
للدولة:,1
1933,1
منتيفيديو,1
شائعًا.,1
الرغوي،,1
مهاراته,1
إزاكايا,1
الحانات,1
تشانج،,1
"والأمان"".",1
مسؤولياتها,1
"""تحمل",1
"التوجه"".",1
الصافي،,1
ميثم,1
قتامة.,1
الإصلاحية,1
للتفتيت,1
الصعوبة،,1
بإضعاف,1
إفشاله,1
المساندة,1
وبحثا,1
المتسارعة،,1
تُنسى.,1
الأنفس.,1
بشق,1
والمعيار,1
والناشط,1
وصلوات,1
بالشموع,1
"""إندبندنت",1
أسر.,1
الإنتركونتيننتال،,1
بالمرحلة,1
والأطباق.,1
والتوابل,1
يوحّد,1
للانهيار.,1
المقرر،,1
بالجدول,1
تكلّف,1
حاليا.,1
الموثوقة,1
كاجايان,1
الفلبيني,1
زورًا,1
صُنّفوا,1
الهيجاونون,1
«كونج»,1
لذلك”.,1
ونتصرف,1
“نقاتل,1
غالانت:,1
"ويند""",1
لامبرث,1
بالقمع.,1
مظاهراتٍ,1
أزاغايا,1
الموزمبيقي,1
وحريق,1
دمياط،,1
إسفنج,1
طالبًا،,1
"81,562",1
"20,744",1
الصينيّة,1
و2018،,1
عاميّ,1
تُصنّفه,1
الراب,1
5668,1
والترقب,1
(23,1
ضرورة”.,1
أورو،,1
برناردو,1
الدّخل,1
"3,900",1
تاكا,1
"478,000",1
وسطيًّا,1
هاجروا,1
قليلو,1
صاعقة،,1
كعملة,1
ومتوفرة,1
ديفيد.,1
المكتسب,1
نيكاراغوا.,1
أوشك,1
كيماويات,1
وأذت,1
ملائمة،,1
ويعرقلون,1
كلماتي,1
أعتذر,1
"""أود",1
التّكاليف.,1
"ضعفاً"".",1
مسنين,1
بأبوين,1
رحيم..,1
"""جريمتي",1
برر,1
"6""،",1
بقناة,1
واتصل,1
رودني,1
"""هجوم"".",1
باوتو،,1
بركة,1
سكاي,1
"منكم"".",1
تلقيته,1
بلدكم...,1
وتوغل,1
مدفعي،,1
وتخللها,1
"2""،",1
"""عربات",1
الشديد...,1
بالأسف,1
نادم,1
9.2,1
اللاجنسية,1
ليكشف,1
بقضيّة,1
المُعدّ,1
يَطرَح,1
اقتراحاته.,1
فندت,1
جاهزًا,1
أيقظتني,1
جهله,1
للمؤسس,1
"الجهل""",1
"""نعمة",1
تُفاجئكم,1
تطورالروبوتاتالشبيهة,1
168.5%.,1
أسبوعاً,1
مرتفعاً,1
"ريتيل""",1
الزيني.,1
تعبيرنا,1
المواضيع؛,1
“بوش”,1
للتنديد,1
للنحاس,1
كاموتو,1
0.6%،,1
أُبلغت,1
ورُصدت,1
بالمركزي,1
دالي,1
تصويرية,1
والاغتراب،,1
والهزائم,1
كامنة,1
ليالٍ,1
حوسبة,1
المعركة؟,1
والاستقلالية,1
ويتطابق,1
وغريبة,1
سريالية.,1
"الخارجي""",1
مرقطة,1
"""قطة",1
نصوصاً,1
صور،,1
ومشاهدات،,1
وإعجابات,1
والمزين,1
التُل,1
منيخل,1
وثوب,1
ثوب,1
نماذجها،,1
الاصطناعيالأعمال,1
قلما,1
سوسييداد،,1
فوزه،,1
ليسدي,1
أمله.,1
وخيبات,1
لآماله,1
نظيرته,1
أمهرة.,1
أووت،,1
هيفن,1
سيصلح,1
والمخنق.,1
والشيلة,1
بالترتر.,1
عادل”.,1
فسيتعين,1
نفعل،,1
ضغطوا,1
304,1
أماغلوبلي,1
مزيا,1
المشاهدات.,1
وامتلكت,1
مترابط,1
الكائنة,1
بالمشاريع,1
للحفظ,1
ماكينسن,1
الأماميّة,1
للصفوف,1
مهتمون,1
مؤقتاً،,1
الربط،,1
العراقإلى,1
الكهربائيمع,1
أكاديميًا”.,1
دراستهما,1
انضمّ,1
الإدارية،,1
الصناعيين,1
ومساندة,1
انتخابيًا.,1
تزويرًا,1
انحازت,1
علاقات،,1
وبنينا,1
تواصلنا،,1
ويقدرون,1
آمنًا.,1
"بأيديهم"".",1
"""الجهل",1
برحلات,1
ضئيلا,1
"لاين""",1
الخمسينات,1
حياتية،,1
للتسلية,1
يصنعنها,1
الجدات,1
وتنوعاً,1
والأفلام،,1
والطهي,1
بيك,1
خسرو,1
كورسيتش،,1
سيدرينك,1
يلجأون،,1
يبلغون،,1
نسائهم.,1
يَعِدُ,1
صاروخية،,1
865,1
منافسين،,1
معرضينَّ,1
لمناطق,1
كضيف,1
نجم،,1
فيتايوان،,1
والجغرافيا,1
44.9,1
6.8%,1
سفينة.,1
عاكف,1
يخلُ,1
الزوار.,1
والسبعينات،,1
سعرها،,1
للأداة,1
المخزون،,1
والمخزون,1
"البائع""",1
محنة.,1
تنبيهات,1
مطلقًا،,1
"""الغارديان"".",1
1047,1
1055,1
بالقناة,1
نتعامل,1
السوداء.,1
اً,1
الاشتراط،,1
الحجوزات،,1
أيار،,1
صحته,1
لعزف,1
ريجريلو,1
جوزوا,1
عازف,1
بأمل،,1
الإمريكية,1
ساندفين,1
أخرين,1
تجاريين,1
بموردين,1
للاستعانة,1
مُبكرًا.,1
إزالتها.,1
زانك,1
غاري,1
والمتحدث,1
دورين,1
تخلى,1
أُجبرَ,1
بمنظمة,1
"474,018",1
كايا،,1
يرلي,1
حجز،,1
يزد,1
مرحلية،,1
والبر,1
الكناري,1
وتزامن,1
مرشحها،,1
وبالوما,1
"""بالتنسيق",1
"""بيكاسو",1
أُطلِقَت,1
محللًا,1
بتسعة,1
بعضها.,1
الـ21،,1
ومساهماتها,1
"يُثمر"".",1
بالانتماء.”,1
مساحةٍ,1
أحبها،,1
ثقافةٍ,1
إيكسينيو،,1
وديزيري,1
محروما,1
مديرًا,1
1935،,1
نادم.,1
والرماية,1
46.1%,1
3.42,1
14.9%,1
الأمريكتين,1
والتطبيقات,1
ومايك,1
كرّس,1
"و""كوالكوم"".",1
مورّدين,1
"الأخرى""،",1
"""جنود",1
ويرتقب,1
المهاجمون.,1
وإيمانويل,1
ويتكوف..,1
تكذّب,1
للسبب,1
شوطي,1
"""كفارا""",1
وقائده,1
تتيحه,1
نتحكم,1
السحر..,1
"""هنا",1
ميليت،,1
نيفيش,1
وشمسية,1
بمحاذاة,1
4800,1
"""إرنا""",1
"آتوم""",1
ديل.,1
الاستحواذ.,1
يشاركان,1
كورب،,1
نيوز،,1
"""صاحب",1
"خفية""",1
أدخلها,1
البربري,1
الأندلسية,1
يسيطرون,1
وازنة،,1
ترحاب,1
زوارٍ,1
يزجيه,1
بتراثه,1
ينسلخ,1
تقدمُ,1
الزمانية.,1
قيمٍ,1
البامبا،,1
للتناقضات,1
سريالية،,1
تأشيراتخاص,1
إطلاقبرنامج,1
يستهدفها,1
أدامو،,1
الخارجية”,1
الخفية”،,1
“المقاومة,1
المعارضة”،,1
“بالقوات,1
وتقديراتها,1
والتداولات,1
لهونغ,1
اهتمامه.,1
تشوفاش،,1
تحليلها,1
الحموري,1
للانتباه.,1
التوافد,1
"لـ""حماس""",1
ورائه؟,1
أدواتنا،,1
"""سنواصل",1
"ليلًا""،",1
وقضوا,1
«البيجر»,1
مهولة،,1
وجمهور,1
آلافٍ,1
وصفوة,1
صفيّ,1
المُنتظر،,1
قريبه,1
وجمهوره,1
للفرنكوفونية,1
انسحابهما,1
حذرَ,1
للحملات,1
امتيازه,1
يتخلى,1
لأفغانستان,1
مهددا,1
بولر,1
وتعرضوا,1
حساسية،,1
خضعوا,1
"""المراهقون",1
ستون:,1
وكازاخستان,1
العرقيون,1
البناءة,1
بالتعليقات,1
ونرحب,1
شرقًا.,1
تيريك,1
غربًا,1
تامان,1
(كونا),1
وستمتلك,1
السماح.,1
القبول،,1
تستعجل,1
وتتفاوت,1
رؤسائه,1
7.21,1
15.5%,1
محبط,1
اقتفت,1
المثقل,1
والتحصين,1
وللتحالف,1
تبرعاتها,1
"المرمى""،",1
جمركيةجديدة,1
فرضرسوم,1
بدفعة,1
بالطلاب,1
مكتظًا,1
و700,1
المناعة.,1
الأنفلونزا،,1
حضرموت,1
معلنة.,1
و10سنوات،,1
لآجال,1
المراوح,1
تفوّقاً,1
فالدولة,1
الذريعة,1
وتجريد,1
العالميتلقى,1
فيمركز,1
فرعه,1
القطن,1
مأساوي،,1
تربت,1
كاوكاس،,1
“ساشوكوس”,1
بذكريات,1
لسكتة,1
"داخبلاد""",1
الأصالة.,1
ورسائل,1
يُفضّلون,1
قلقٍ,1
المُتعلقة,1
طرده,1
سلبت،,1
سَلَبت,1
"و""وجودها""...",1
بالاستعلام,1
"""ألخمين",1
دوست,1
"للمواهب"".",1
للعدالة.,1
للحقوقيين,1
والمضخات,1
بخوض,1
مكتفيا,1
أبعده,1
يمول,1
مُحسّنة,1
للقمامة,1
معارضة:,1
والرطوبة,1
للتهوية,1
الحمّام,1
يُفضّل,1
مُتكرّرة.,1
تلفها,1
وروّجت,1
11.641,1
رقصا،,1
يتواجه,1
”ثورة“,1
مؤلفة,1
آيت،,1
حمائيًا,1
عبره.,1
عسقلان،,1
"""قانونيا""،",1
"نشطة""،",1
"بـ""منطقة",1
لوّحت,1
تتحسن,1
تُمنح,1
جالون).,1
(2.6,1
تمريرات,1
الحلق.,1
التاجية،,1
فالأشخاص,1
للقلب.,1
المبدئية,1
وإرسال,1
التفصيلي,1
للمقاتلين,1
زمزم,1
(1200,1
المظلومين.,1
بمستحضرات,1
مُناسب,1
وتتميّز,1
لتقلّبات,1
المنزليّة,1
المعرّضة,1
منهجيتها,1
بالسيف),1
المحاربة,1
(道場،,1
الدوجوس,1
الماضية).,1
أيديولوجي,1
النازحين؛,1
بؤس,1
الحقوقيين,1
جمعاء.,1
ستعادل,1
كولومبوس,1
أقدام,1
كولومبوس),1
بطرائق,1
المنتظمين,1
ودولية.,1
محلَّها؟,1
يحلُّ,1
وأُزيلت,1
المحتوى؛,1
وأُتيحت,1
"""التشابه""،",1
الاستديو,1
وزودت,1
"بتروليوم""،",1
"""أوكسيدنتال",1
بحمض,1
بالاكتفاء,1
لحب,1
المُنتدى,1
لإطلاقها,1
القلق،,1
ثلوج,1
شؤم,1
نذير,1
المرحب,1
(بلير),1
"""ارتباط",1
ومستقبلية.,1
(يوم,1
المخيب,1
التجريبي.,1
الاعتمادات.,1
],1
[,1
ل.,1
البرازي,1
بمبانٍ,1
متعاقبة،,1
نابضًا,1
مدينةِ,1
حكومةِ,1
(210,1
ياوندي،,1
وعَرْضِه,1
المقبرة,1
المسعفين,1
بقيمةِ,1
مَنحَةً,1
القِطاعاتِ,1
مُتعدِّدُ,1
باغماتي.,1
والجسور,1
متناثرة,1
الستيروفوم،,1
وبلاستيك,1
الأقمشة،,1
مول.,1
الردسي,1
1)،,1
(فورمولا,1
والحيوية,1
للأرجنتين,1
واقتصاديًا,1
ديموغرافيًا,1
1870،,1
1864,1
لطائرات,1
وجيش,1
خلاص,1
سم].,1
243.84,1
[182.88,1
72×96,1
"كتان,",1
فاي”,1
الانسجام،,1
يُعطّل,1
آيرس،,1
للميكانيكيين,1
يدخلن,1
وجدات,1
“جيوتو,1
دَفْع,1
-:,1
ألآن,1
ينفذه,1
خَيَّرَنا,1
ضامنة,1
المستديرة,1
والتسويق،,1
والغاز.,1
بالنازحين,1
المكتظة,1
"الجانب"".",1
دونغ:,1
خه,1
الصويا،,1
(بوينغ),1
و202,1
المادتان,1
المتجددة”،,1
التفضيلي,1
“البرمجة,1
سيُفَجِّر,1
حفيد,1
والتدفقات,1
التجزئة،,1
"""تاسي""،",1
والمبردات.,1
وبتوفير,1
بمفهوم,1
وقطاعاً,1
فالقطاع,1
تأسيسها،,1
المفرطة:,1
"الميثانول""،",1
هندي:,1
الحرمان,1
داخليّ,1
الخارجيّ,1
خطوتها,1
تستغله,1
الانقسامَ,1
والهندسة،,1
المتكاملة،,1
فيتعلق,1
تداركها.,1
“بسيط”,1
أفعالنا,1
125-01.,1
لكوكب,1
خضراء”,1
“رئة,1
بحوض,1
دفء,1
3840,1
بيأس,1
المعاصر.,1
والسخرية،,1
والوجود.,1
للبشر،,1
بمفردي.,1
أجرؤ,1
برلمانيًا.,1
تستلهم,1
متناهية،,1
وأوصت,1
"البشر"".",1
النتائج),1
(هذه,1
تكريمهم,1
فنظّم,1
ناديرادزه,1
فانو,1
تصاعدي,1
المباعة,1
الضئيلة،,1
لمجتمعنا.,1
بالتحقيق,1
"""اعتماد",1
للنظم,1
وطويل,1
"هندرسون"":",1
"""جانوس",1
التعبُّد.,1
قطعًا,1
العمرةُ,1
أُختُلف,1
الإسلامِ,1
أركانِ,1
وأحدَ,1
سبيلًا،,1
استطاعَ,1
منِ,1
فرضًا,1
الحجُّ,1
(الدرونز),1
والنجاح,1
روتينيّة,1
تحيّات,1
متكرّر,1
التّدخل”:,1
“ضمان,1
اليوميّ,1
“死了么”的每日签到机制，恰好提供了一种“低打扰式安全保障”：无需频繁联系，不必刻意寒暄，仅用一个简单操作，就为独居生活加上一道数字保险。这种“不麻烦别人，也能被看见”的设计，精准击中了现代青年的社交痛点，也让8元定价成为一种“买个心安”的情感消费。,1
145.,1
الإعدامات,1
أتوا”.,1
هم،,1
السيناريو،,1
"المشهد"".",1
وبرودكوم,1
فأوراكل,1
الرائعة،,1
الوحيدتان,1
وسلوفاكيا,1
رد،,1
تلاشى.,1
بالسعودية.,1
لتأشيرة,1
(650,1
نجحوا,1
صامتة،,1
والإداريين,1
والترقية،,1
افتقارٌ,1
الفرديّة.,1
الرّقميّ,1
نقرة,1
مهذّبة،,1
حجزها,1
الضائعة،,1
لفصول,1
ستريت:,1
أربعيني,1
غوريون..,1
"""أولويتنا",1
والمدافعون,1
والمحامون,1
والمحررون,1
وفيسبوك،,1
وميدالية,1
وتحرصان,1
دروجبا,1
تعتمدان,1
تزالان,1
مارقة,1
تتفادى,1
كوكالة,1
والأوروبيين،,1
ودبلوماسي,1
المغزى,1
مأزوم,1
الوفود.,1
بخروج,1
شاباك,1
وتظاهر,1
تُحتمل،,1
أبوجا،,1
إيرب.,1
كيتشيل,1
لافينيا,1
نظيرَتُها,1
تُصدِرْ,1
فَلَمْ,1
المُؤسَّسيُّ:,1
الصَّمتُ,1
قلقَهُ,1
يعون,1
والإيرانيون,1
والأميركيون,1
ودارنلي,1
إيرب,1
مربحاً.,1
ربحهم،,1
للعرض,1
أذكر،,1
والأوروبيون,1
بعبدة,1
أصلًا،,1
“أمرت,1
غالانت”,1
“يوآف,1
“لمى”،,1
أختي,1
ملأناها,1
الزجاجات,1
وإخبارنا,1
حديثة),1
(سواءً,1
الموجودةً,1
السّامَّةِ,1
صِحيَّةً،,1
تنبيهاتٍ,1
وفيكتور،,1
ويعرضهم,1
يضلل,1
"علميًا""،",1
للفيديو,1
لاجوس,1
سماد.,1
ميلادية،,1
فتاريخياً,1
أزمة،,1
وبمراجعة,1
وعوائلهم،,1
والارتفاع,1
الرياض-,1
-وخاصة,1
خروجنا,1
حيّة,1
لاركن,1
جاليري,1
للآمال،,1
ومخيبًا,1
قاسيًا,1
لرحيل,1
إني,1
ستيوارت،مُستخدمة,1
النوبات،,1
المستخلصة,1
الكانابيديول,1
اسمه.,1
والفيتنامية،,1
موقعيهما,1
مدرسه,1
عواقبه,1
وأبرزوا,1
لدعوته,1
شكرهم,1
تسببه؟,1
بالك,1
3739.20دولار,1
والخوارزميات.,1
اليابسة.,1
(وقلة,1
“الشمال,1
نادتني,1
زميلتي,1
تقريري,1
أحمل,1
والمنفى,1
التعديني,1
بـ(9.4),1
الفاعلية,1
علاجا,1
هدافه,1
أزمون,1
سردار,1
غادروا.,1
سلسلته,1
"أموالهم""",1
"""يبددون",1
"لأجيال"".",1
"""الأضرار",1
سلبية.,1
لتايلاند,1
وجددوا,1
"للتطبيق""",1
"""حلّ",1
تطرّق,1
وبنيتهم,1
لتحريكها.,1
أمرهم,1
و6-2.,1
مربعة،,1
طابقنا،,1
السلالم,1
بالعدد,1
13.5%,1
وبيروقراطية,1
الذاتيةالتشغيل,1
ميرتس،,1
بالتملك,1
صعبًا”.,1
احتجت,1
وفرنسا).,1
انكشافه,1
لضغط,1
للتنقيب,1
الملوك،,1
الدير,1
الفرعوني،,1
ويعدّ,1
فوكيتش,1
موعدا,1
ضاربا,1
(الفرق),1
بالبنتاغون,1
بإقراض,1
ونينوى،,1
وتشرف,1
الروما.,1
البنية،,1
حاملًا،,1
المعصم,1
وأدرجت,1
خُفِض,1
ويف,1
فريش,1
“مهرجان,1
العربة,1
موليناري,1
غولف،,1
وسيقوم,1
مضيفين,1
بالانفصال.,1
للتأمل،,1
فالبقاء,1
"والاحترام"".",1
الحس,1
"و""الافتقار",1
"الاستماع""",1
"بـ""عدم",1
المتطلبات.,1
استوفيت,1
“جامعة,1
"البيع"".",1
الإجبار,1
"""المشكلة",1
"للضريبة""،",1
"""ثروات",1
وإقدام,1
"""التاريخي""",1
“تحاول,1
بالإعلام،,1
التعسفية،,1
بالتطرق,1
الديكتاتورية،,1
الأنغولي،,1
بالسياق,1
فراي،,1
تورستن,1
المستشارية,1
مقاليد,1
"انهيار"".",1
فربما,1
مقنعة,1
الكتب”.,1
ميلًا],1
[62,1
يقطع,1
بأجسام,1
بارزتين,1
رائدتين,1
تهريبها,1
بُث,1
فسيُسدد,1
المودعين.,1
وبموجبها،,1
للمودعين.,1
"لها.""",1
"""البحث",1
تمويلها،,1
الساعة:,1
عقارب,1
ملاحقه,1
تنكر.,1
الفجوة.,1
المعقولية,1
مثبتة؛,1
مرضالتوحّدأن,1
المجال:,1
"2030"".",1
حجج,1
لميتا:,1
الرعاية،,1
ونزلاء,1
ويحق,1
تتخطاها,1
سيُتاح,1
حماته.,1
رافض,1
ينبغِ,1
يفعل،,1
يحاربون,1
والمزايدون,1
وليبيا..,1
مسجل:,1
الناصر,1
علاقاتها.,1
يُحل,1
غيابها.,1
الانتقالي،,1
تطوعها,1
الكاتبة،,1
لايلز،,1
نوح,1
متقدمين,1
والفضية،,1
طومسون,1
وكيشان,1
سيفيل,1
أوبليك,1
فازر,1
ببطاقة,1
فالعديد,1
يتسن,1
التعليق،,1
وإهانته.,1
احتقار,1
الفرد،,1
صوته.,1
ويُسمع,1
غليان,1
الأعداء,1
يقينًا،,1
بالمصنع،,1
الغلايات,1
"نوفوستي""",1
لاعتقالها؟,1
المسلحة!,1
وسلمه,1
حرصاً,1
تنسق,1
اللبنانية؛,1
للانتهاكات,1
لمساعدات,1
مينكارسكي،,1
أوليغ,1
التوازن،,1
بإصابة,1
للباحثين.,1
بكاملها.,1
تحرق,1
بنار,1
"الموقدة""،",1
أخشاب,1
أخرجوا,1
المناوئين,1
والزعماء,1
تلطيخ,1
البينية،,1
تغب,1
الليبيةلتوسيع,1
معالحكومة,1
جدّدت,1
وبسام,1
بيونتيك,1
كريستوف,1
والبولندي,1
ألبيرتو,1
فيراتي،,1
والإيطالي,1
وإدميلسون,1
المعز,1
متسلحا,1
تاس،,1
بينزا،,1
الصالة,1
"الفخارية""(الفخارية)بتاريخ",1
"وقعت""الشركة",1
العامَ.,1
الظُّهورِ,1
الحقيقيَّةُ,1
تأخَّرَتِ,1
المتعثر،,1
توبتشوباشوف،,1
مرادوف،,1
الراوي.,1
الانتخابات”.,1
988,1
تيجادا،,1
هنريكيز,1
خوليو,1
للمحامي,1
يلماز،,1
جودت,1
الجرعات,1
باستكمال,1
بالجرعة,1
حقنها,1
"كلب""،",1
"""بعضة",1
العلمين.,1
لمهندسة,1
مسببًا,1
للاستيلاء,1
فبكين,1
تعارضه.,1
تعرَّضت,1
والضرائب.,1
"""أمامنا",1
فيضان،,1
قصوى،,1
كامتشاتكا,1
كامتشاتسكي،,1
بتروبافلوفسك,1
المعتمد.,1
لعدوين,1
الحليفان,1
العثمانيين.,1
استقلالهما,1
قدمتا,1
أجنبيتين,1
شركتين,1
الوطنيةالكورية,1
محدث,1
أحييتِ,1
الأفريقي”.,1
الحزمة:,1
ابتكرناه,1
مجتمعيًا,1
تمويلهما,1
تُرجم,1
السبيعي.,1
سطام,1
الحميدان،,1
"و""سدايا""،",1
لمناصب,1
الراديو،,1
ماجليو,1
بيكساباي.,1
"الاقتصاد"".",1
مقتنياته،,1
للجناة,1
غولوب,1
المقبولة,1
الخاصة؟,1
بالتضامن,1
وشعورًا,1
المتأصلة,1
الاستراتيجيات،,1
بلايس،,1
وماركت,1
مارت,1
متسارعًا.,1
"وينجز""،",1
بتحويلها,1
وقمتِ,1
الطّعام,1
النّار,1
يديها.,1
السيدة،,1
فتجمّع,1
بالطفل.,1
ماليزية,1
تورطت,1
"الأحباء"".",1
إخواتي,1
مصارينا,1
"""وين",1
ضاحكاً,1
والخيول.,1
المتة/شيماراو,1
الخير”,1
روحي,1
توخيل،,1
كئيب,1
المفقودة،,1
فريدن،,1
لوكسمبورغ،,1
ويُحسّن,1
نائماً،,1
يُمكّنك,1
مريع.,1
لجوازات,1
هينلي,1
والمشاغل،,1
بحبيبة,1
تربطهم,1
الرعاة.,1
–0.4,1
سعرياً,1
انكماشاً,1
فالولايات,1
فالتباين,1
لازدهار,1
السرية.,1
احتوت,1
اللغز.,1
للنزاعات:,1
وسائقي,1
الأقل:,1
يساور,1
كهربائي.,1
تماس,1
لجماعة,1
متكررًا,1
معجنات،,1
لجيسي،,1
كردستانأمس,1
منحقول,1
ويُرجح,1
ملحوظًا.,1
التقاضي,1
بناة,1
(“渔业公司却先做了建筑公司的活”),1
والطريق:,1
بولينو,1
ماريليدي,1
للسيدات،,1
بالتقلبات,1
توازناً,1
"وإدارياً""",1
أثيرت,1
"""الأزمة",1
"""الحدث""،",1
الحامية،,1
للجنازة,1
إشارته,1
وتوافر,1
"والطلب""،",1
تسعيرة,1
التهمت,1
والعيارة,1
الخوي,1
الشعّار،,1
برؤساء,1
العملة.,1
للعائلة”,1
فعيد,1
الرسمي؛,1
قانونٌ,1
1919,1
معارض.,1
تجسيدًا,1
القنصلي,1
وحرمانه,1
خيار.,1
جرّاءِ,1
والمدمر,1
الراهن-,1
وتُعدُّ,1
فتصاريح,1
تشنجات.,1
والجنيه,1
جانبيّ,1
النوبيون,1
لأحد.,1
بمعركة,1
"اللد"".",1
وتوقيف,1
والمرخصين،,1
والمستفيدين,1
التشغيل.وبالتالي,1
وينهي,1
رقابة،,1
مرخصين,1
وسائقين,1
وعدالتها,1
التوقفات,1
دبلوماسيًا,1
سون:,1
عبورهم,1
والضريبي,1
صحيّة,1
تسبّبه,1
المغمورة.,1
أوطانهم,1
أغانٍ,1
-وبعيداً,1
الإشكالية,1
انبثقت,1
ومقاربة,1
سيترتب,1
للفيدرالي.,1
والين،,1
واستمررتُ,1
والعائد,1
توريده,1
"""بالرغم",1
مرعي:,1
لعمالقة,1
ويضاهي,1
النسيج.,1
عائلي,1
الألبسة,1
2023)،,1
ليو،,1
(أوفنر,1
“شْماتا”,1
العام؟,1
نادرًا”,1
مُركبة.,1
ملغاشية,1
قبعة,1
المتقاطعتين,1
والعظمتين,1
الجمجمة,1
بيس”,1
“ون,1
استلهامًا,1
4.4%.,1
ومصنوعاته,1
17.2%،,1
وتوابعها,1
المستقر,1
لوضعهم,1
فقدانهم,1
المحال,1
وغلق,1
"""بالإشارة",1
"الاتصالات""",1
"""تنظيم",1
والأمراض،,1
السوائل،,1
عاملون,1
افتقاد,1
للشخص،,1
لإدمان,1
ضررهم.,1
وجبر,1
سيلجأ,1
التونسية”,1
“الدولة,1
المتسابقات,1
واصطدم,1
وسلاسل,1
الآسيان,1
المعلن.,1
تقسيط,1
الممول،,1
"كالتالي"":",1
والأوقات,1
“انتصارًا,1
بينيا،,1
"أفريقيا""،",1
"""كينيا،",1
"إندونيسيا""،",1
"""أذربيجان،",1
"سوريا""،",1
للعضلات,1
إجهاداً,1
الوضعيات,1
ومقدار,1
وننتظر,1
يصلهم,1
والمصانع,1
توليد،,1
التقليل,1
"""كيدو""",1
مشفرة،,1
الحضانة،,1
ضعفهن,1
وحولن,1
وصراعاتهن،,1
مخاوفهن,1
تُغني,1
تُكمل,1
بالنعاس,1
للقيلولة,1
وأودى,1
بفوزي,1
سأحتفل,1
ممتعة...,1
"""الإمارات،",1
"سلوفينيا""،",1
المجر،,1
سلوفاكيا،,1
"""المملكة",1
حلمي،,1
الهندسية،,1
"التتويج""سنقضي",1
مزرية,1
ويقرر,1
البيطريين،,1
إرتورك،,1
غولاي,1
للدكتور,1
كاراسو,1
أولاش,1
يستقيل،”,1
مسؤول-,1
-وكل,1
الألواح.,1
والمؤطرين,1
الأساتذة,1
التربويين,1
المُكثف.,1
لوهافر،,1
بمراقبته،,1
"إيفرو""",1
والتحق,1
للبيانات.,1
والمتحيز,1
امرأة”،,1
لمعكوس,1
“بورتريه,1
استطلعته,1
وإنفاقها.,1
توفرها.,1
سيحصلون,1
الملغاة,1
بنصر,1
ويختار,1
وإعلاميين,1
الطفولة؟,1
*ما,1
الرضع,1
"13,319",1
"مساره"".",1
والفنيون,1
جيهان،,1
خضير:,1
أف-35.,1
ملمحا,1
نظيرهالتركيرجب,1
حضّ,1
محرز،,1
ورياض,1
بوغبا,1
وأبرمت,1
محورًا,1
جهودًا,1
وبذلت,1
байтасов,1
арманжан,1
собор”,1
кафедральный,1
вознесенский,1
والمخدرات,1
الكحوليات,1
"سينس""،",1
"""مواد",1
بتداول,1
للنزول,1
وتعبئتها،,1
الصهيوني,1
“أولئك,1
محذرًا:,1
واعتقالهم,1
مصابة,1
قرن.,1
القلة),1
(حكم,1
أوليجاركي,1
1848،,1
استنفر,1
وواجهوا,1
ليقضي,1
الائتلاف.,1
كامرأة،,1
فرونتالي,1
8.7%،,1
للسلعة,1
عاصى,1
ربى,1
جريمته,1
لمنفذ,1
بثا,1
تويتش,1
"المختصة"".",1
أبلغنا,1
ونعمل,1
احتواؤه،,1
معزول,1
للمنظومة,1
كالشمسية,1
الحرب”.,1
لنشرهم,1
سردهن,1
حواراتنا,1
دقة.,1
الكوبيون,1
الحضانة.,1
كابول.,1
الوجبات.,1
اندماجه,1
حسنًا,1
بلاءً,1
أبلى,1
والرهن،,1
والترخيص,1
والشراء,1
مضبوطة،,1
تشاركا,1
عملتها,1
ممنوعة,1
وتمثّل,1
ريثما,1
والولاية,1
صورها،,1
الاعترافاتُ,1
شيء؟,1
مرتبكين,1
سني,1
بلغوا,1
يقرّب,1
الاهتزازات,1
يخوضوا,1
أحالته,1
ظاهره,1
ويساهم,1
الإسلام،,1
ومؤلفة,1
كصحافية,1
لطلبها.,1
لحكومتها,1
الانتقادية,1
وأذربيجان,1
بهدم,1
وُوضع,1
بتزوير,1
قاسيموف،,1
البلاد.”,1
“الاعتقال,1
و2021.,1
الكوارثِ,1
أسوأِ,1
يصَدَّرُ,1
ميناءُ,1
البحريُّ,1
بالاو,1
مرفأُ,1
شهدَ,1
للمحادثات,1
"لـ""تطبيق",1
منصةبلوسكيأصبحت,1
"2027"".",1
الترجمة.,1
المُمثلة,1
لعالمنا,1
تراكمي,1
صنّفت,1
كنقاط,1
مستخدمًا,1
لتنفيذها،,1
بالادعاء,1
تهدئتها,1
المُحيطةِ.,1
الساحليةِ,1
البلادِ,1
البيئيَّةِ,1
مطلقًا,1
شجاعتها,1
"عبثية"".",1
مسبقا,1
نتيجتها,1
"سدادها"".",1
إرهابياً,1
تمشيط,1
داوود,1
ابجر,1
بحركاتها,1
الرقصة,1
الجار،,1
"التنافسية.""",1
والرقمنة,1
"""إنجاز",1
للاتحاد:,1
عظيم),1
(وأكرّر:,1
لضوابط,1
"حساسة""،",1
"كـ""تكنولوجيا",1
الإبلاغ،,1
متيقنين,1
سمع,1
1816,1
وإنجازات,1
وانطلاقا,1
لإنجازاتها,1
ومخلل,1
والكيمتشي,1
والكفير,1
المُخمّرة,1
فالمشكلة,1
التفضيلية،,1
أنشطتها.,1
البروبيوتيك,1
متزعمين.,1
الأنمي,1
(هواة,1
“الويبو”,1
الإنترنت)،,1
أعجوبة,1
هرم,1
رئيسًا،,1
تشافيزفي,1
يرتكبونها,1
فادح:,1
يوقعنا,1
قبرص،,1
والبترول،,1
بدوي،,1
للوصم,1
سيتعرض,1
"""باتريوت""؟",1
وتضارب,1
الأونة,1
لخططه,1
ليعطي,1
التقاعد،,1
الثروةأو,1
العثماني.,1
ماضي,1
نافذةً,1
معمارية،,1
آمنة”,1
المناقضة.,1
وأشخاص,1
الكيبوب,1
المهووسون)،,1
أبدي,1
"""الأحجار",1
وغمزت,1
"أوروبية"".",1
بالمسيّرات,1
"""لهجمات",1
"الأخطر""",1
"""الهجوم",1
فريديريكسن,1
حقوق.,1
فاعلين,1
كأشخاص,1
خيرية,1
والمضايقة.,1
“تلعب,1
المنطقة:,1
أبرزتها,1
الأبواب.,1
"""هستيري""،",1
سيها)،,1
(سابا)،,1
"""ثمة",1
بقولها,1
مأجورون,1
رقميون,1
محرضون,1
“الطنّانين”,1
لمضايقات,1
تعرّضهن,1
تُبلِغ,1
بالأرض.,1
"وكامل""،",1
كارهًا,1
النساء”،,1
وأميركياً،,1
بتوافقات,1
بالأساس،,1
"""زينيت-2"".",1
"""بايكونور""",1
"""روسكوسموس""،",1
طورتها,1
"""فوبوس-جرونت""،",1
كليبرسون،,1
تمويلي.,1
2.32,1
الصحافيين.,1
معقدة؛,1
الأفقي.,1
أفدن,1
تقديرهم,1
يصنعونها،,1
عابرًا،,1
وبعيدًا,1
بطبيعتهم,1
يلتحقوا,1
المحاصَرين,1
"خامنئي""،",1
الردع,1
"""امتلاك",1
الأماكن.,1
تقصر,1
للناجيات,1
متخفيًا.,1
إنسل,1
كسلسلة,1
سلامته)،,1
نكونتشو,1
ألبان,1
المشغلين,1
وطالبها,1
انسحبن,1
وأرداه,1
صيادًا,1
محمدوفا.,1
أغفلته,1
الآخر.»,1
بالحوار،,1
لاقتصادها.,1
الروسيينسيكون,1
بتعرضهن,1
ساحق.,1
الدمار،,1
صفية:,1
الاختراق،,1
ميدانية.,1
مشفّرة,1
صفوفها,1
التعاقدية.,1
للتأقلم,1
شراءالغاز,1
لتدقيقًا,1
ميزتين,1
يُمثلان,1
يدويًا؛,1
ورتيب,1
فالعمل,1
صنف,1
إسرائيليّين,1
الظنّ,1
وتسارعت,1
ولندن،,1
للاتفاق،,1
الربح.,1
الأقوى،,1
للربحية,1
الاسمية،,1
"""أورجانيكس""،",1
اليهودية؟,1
آراءك,1
بوعود,1
3.953%,1
لمرشحي,1
مفاعلات,1
قربها,1
التحدي.,1
القضمة,1
المرء،,1
المطابقة,1
عملاً,1
الثقافيّ,1
الأخلاقيّة.,1
للانتصارات,1
التثمير,1
الهوّة,1
تجسير,1
الأقدر,1
وزملائهما,1
وماغي,1
صُورت,1
“عدد,1
"أنجلوس""،",1
"""كاليفورنيا-",1
لمجرمي,1
والمنعش,1
اللذيذة,1
المقرمشة,1
ويتأهل,1
آسيا-إفريقيا-المحيط,1
متصل.,1
التمريض.,1
كأسباب,1
شيوعاً,1
مُصِر,1
النووية..,1
لأيام,1
ملابس،,1
أجسادها,1
وراض,1
وفخورا,1
الاجتماعي:,1
حذائه,1
سيعلق,1
التخفيض،,1
والمتشائمين.,1
المقنعة,1
لتعدد,1
لإثيوبيا.,1
للتقلبات,1
والمصالحة,1
كبادرة,1
مثبتة،,1
تجنيس,1
مستودعًا,1
والسينمائي,1
"التسعينيات"".",1
"""تمتلك",1
بخبرة,1
آر،,1
بمجتمع,1
التغيير،,1
زافنيتم,1
السيبرانيفي,1
بأنأزمة,1
وعرة.,1
تضاريسًا,1
عابرين,1
وحدائق,1
المتبقية.”,1
يُوضع,1
الثمانينيات.,1
الأناشيد,1
(민중가요)،,1
ويهمهمون,1
والتطبيقات.,1
"المحلية"".",1
"""التصنيع",1
مُنحوا,1
إعصاراً,1
بالمخزونات،,1
صعّبت,1
المصافي،,1
126,1
الزبدة.,1
بالدهن,1
المقلي,1
زاتيران,1
سيبيريا،,1
وأخبار,1
وكتابة,1
بالإسفلت.,1
لامتصاص,1
وأحواض,1
تعاقدت,1
الصوافي:,1
"والمياه""،",1
عفوية؟,1
الألوان،,1
وخنادق,1
1927,1
1916,1
سنة..,1
بحجمها,1
التجرؤ,1
وتمكينه،,1
"""ساما""",1
دلتا,1
ستخل,1
وأوقف,1
تبدئين,1
"الإسكندرية""",1
"المصري""",1
"و""الأهلي",1
مميزةً,1
وباكستان،,1
سيروندولو.,1
أوبيلكا،,1
رايلي,1
فيلعب,1
مباراتين،,1
إليهِ,1
الوصولُ,1
الأهمُّ,1
سنواتها,1
أكسبهما,1
يضمان,1
مرة..,1
1938,1
دورى,1
مرات..,1
الاهلى,1
استيقظ,1
بالبرنامجِ.,1
الخاصَّةِ,1
التَّقاريرِ,1
وإعدادَ,1
وإدارةَ,1
تتبُّعَ,1
يَدعمُ,1
بالإنترنتِ،,1
اتصالٍ,1
ودونَ,1
فنيةً,1
جيرسي،,1
مونتكلير،,1
مرسمٌ,1
مانهاتن،,1
ألما,1
الأوروبيّة،,1
للاتّحاد,1
الفنلنديّة,1
"""منخرطون",1
وينقذه.,1
مدرسته،,1
اقتياد,1
العاصمةالجزائر،,1
"النهاية""،",1
التراخي،,1
1063,1
والحريات،,1
بمفردها.,1
الحراش,1
وثّقتها,1
تجاربه,1
وسعادتي,1
إرهابية”؟,1
“منظمة,1
وتمولها,1
عميقة:,1
يتلقَّ,1
"الاقتصاد""،",1
فالمعاهدة,1
الموروثة”.,1
“الغوص,1
الناظر,1
للمهمشين”،,1
تشتبك,1
لواندا,1
جوكينين،,1
التماثل,1
التلف،,1
المُسربة,1
مهمًا؛,1
مفصلتين،,1
وضحت,1
الوزارة.,1
683.7,1
بجيلنا.,1
إيمانًا,1
وصديق،,1
أخ,1
منحنا,1
ذكري,1
جمعتني,1
الإخراجية,1
أعرفه,1
لي؛,1
39.9,1
مرئية،,1
ومنزوعة,1
ومتصلة,1
وسواها,1
طليعتها,1
ومسارعة,1
رمزياً،,1
بحدث,1
"بلفور"".",1
ولعنة,1
"الأمم""",1
"""عصبة",1
الـ100.,1
"حدتها"".",1
ونعلم,1
لسهولة,1
الجورجي”.,1
اُحتُجز,1
مرئي،,1
تترجمين,1
التيسيرية,1
14.4%.,1
إبهاري,1
لقاءنا,1
تعرفها,1
كأنك,1
أدهشني.,1
واحترافًا,1
زمن،,1
أورليانز,1
مزرٍ.,1
معيشيٍ,1
وضعٍ,1
إعالة,1
لنيبال.,1
بالشفافية,1
التنظير,1
بالتصوير,1
بالدفء,1
**كانت,1
للانقلاب,1
الانقلاب”,1
“يسقط,1
تدرجه,1
الرحيم،,1
للصلب,1
للتأمل.,1
الحديثة:,1
وتبحث.,1
بالمشاهدة,1
وعيًا،,1
توقعاتي.,1
**الحمد,1
المحمول.,1
39.7,1
13.2,1
الخطيرة.,1
المسنين-,1
للخطر-,1
ومقرهم,1
تُجهز,1
"الأضعف""،",1
"""الحلقة",1
وإحراج,1
تأليب,1
لحماس»,1
بـ«مكافأة,1
بالسودان،,1
وإدماجهم,1
وواصلوا,1
الكثيفين.,1
الحضريين,1
استدلال,1
المخططون,1
ونانجينغ،,1
وهانغتشو،,1
"""المجموعة",1
555,1
عابرٌ,1
شعورٌ,1
والنوم.,1
الإيقاع,1
تعليما,1
يتلقوا,1
مهمشةً,1
المتعلمة,1
باقٍ.,1
"نواف""",1
"""صداع",1
فأيقن,1
يُقدِم,1
اعتكافه،,1
"""الأقوى""،",1
مستقبليًا,1
إصدارًا,1
منشور،,1
للبلاستيك,1
لدخل,1
بنكك,1
الغزو.,1
ومتوافق,1
مباركه,1
غزّة.,1
“أطفال,1
كتبتُها,1
بقصيدةٍ,1
أُنهي,1
ويونيو/حزيران.,1
و411,1
لستوري,1
السعوديةبلغ,1
السفن.,1
"والشركات"".",1
يقتضيه,1
تخصيصًا,1
بإلزامنا,1
"""تجاوز",1
"المنظمين""،",1
مناقشاتٍ,1
انخرطنا,1
يُميّزان,1
"نوفمبر"".",1
"""بالكامل",1
إكس-,1
-وهو,1
بالصحفيين.,1
سترته,1
“صورة”,1
معلقة),1
(قاطرة,1
تلفريك,1
الاقتراض،,1
الغبار.,1
وشاشاتها,1
مهجورة،,1
التاكا,1
لتبديل,1
بالزبائن,1
متابعته.,1
رغبت,1
بَندِل،,1
أفدنة,1
الأعطال.,1
سلمي.,1
وبمثابة,1
"لموناكو"".",1
لموناكو,1
ستستخدمها,1
20.1,1
"""الفخارية""",1
وقدرت,1
طارئة.,1
المسنين,1
هدفه،,1
يخالفها,1
آثاره،,1
بارعًا,1
أكوان,1
الدودي،,1
صحّت,1
انتخابي..,1
وطبية.,1
فدانًا،,1
سولو،,1
تتقلص,1
"النجوم""،",1
"""غرفة",1
قارن,1
باركليز،,1
سلوفاكيا.,1
لركن,1
132,1
"""ديجويا""،",1
الأرضية),1
(الخدمات,1
"الأرضية""",1
والسن،,1
ديانا،,1
حوارنا،,1
مبدئيًا،,1
فاطيماتا.,1
إقناعه,1
بالماضي,1
يُسمّى.,1
أحققه,1
صفاتي،,1
ضمه,1
بعمر,1
موازية.,1
الاعترافِ,1
يَحولُ,1
العائقَ,1
وساحلُ,1
السنغالُ,1
الإفريقيةِ،,1
النظمِ,1
السائدُ,1
الأزواجِ،,1
للمُوافقةِ,1
الضمنيُّ,1
الافتراضُ,1
أتقدم,1
الإسباني:,1
وينصب,1
تُخفض,1
لـ”العربية.نت”,1
اللندني،,1
للتصدير.,1
و17%,1
جنائيةٍ,1
كجريمةٍ,1
الفعّالِ,1
المادي.,1
كعنصر,1
يقدمانأوبتيموسكتجربة,1
وشركته,1
المليادير,1
التأبين.,1
للحشود,1
ويلوح,1
جدائل,1
المواقف؛,1
تُردد,1
ثورة“,1
"السكن"".",1
سليم.،,1
التعقيب,1
وطابا،,1
ومفاوضات,1
فشل،,1
اعتراها,1
وأجعلهنّ,1
فشيئًا،,1
ويستدعي,1
يُنذِرُ,1
"أمراضها"".",1
"""بمثابة",1
ويُمكنه,1
والفيروسات،,1
مُضادة,1
العطري,1
فيُوفّر,1
يُحبّذ,1
والأعمال”.,1
كُل,1
وعوضت,1
يبقوا,1
تضررت)،,1
(بشأن,1
للإعلام،,1
أبزاس,1
مصطفيز،,1
عصبالي,1
التأخير.,1
لإبلاغهم,1
"""لينوفو""",1
أبعاداً,1
فعالين,1
غايتي,1
(م.د):,1
تصعيدًا,1
فالمقاييس,1
ليجدوها,1
رقابهم,1
يقيسون,1
رقبته.,1
معرضًا,1
المُزعجة.,1
الحشرات,1
التبني،,1
فاقت,1
اقترضت,1
وفقاعة,1
الأولونغ,1
أودّ,1
ويلات,1
“إنقاذ,1
بمحيط,1
"اليورانيوم"".",1
لبرنامجنا,1
يساورنا,1
نيويورك:,1
"""خبر""",1
التأسيسي,1
كشخصٍ,1
(ج),1
مخططها,1
مبرراتٍ,1
وطنهم،,1
آصف،,1
الباكستاني،,1
الوسط.,1
معجبين,1
رائعًا”،,1
“يبدو,1
تفهمه.,1
العقود.,1
ستحد,1
والأكاديميين،,1
بثمن.,1
ديونه,1
نعدل,1
«علينا,1
عمرية,1
تُمهد,1
تنشأ،,1
احتياجاتك,1
ليلة.,1
عمر،,1
دوتيرتي،,1
رودريغو,1
مدمر،,1
العشوائيات,1
إيقاعاته,1
يحتاجها,1
لخصومها,1
جري,1
"التحقق"".",1
ننوي,1
سنفعله.,1
"""بالتأكيد،",1
نتناوله,1
اللد.,1
ومصابيح,1
والتلفزيونات,1
والمكتبية،,1
اللوحية،,1
مصادره,1
للضوء,1
التعرّض,1
الفراش،,1
يتقلبون,1
توقعاتنا»،,1
والجادات,1
الضيقة،,1
الأزقة,1
وبعيدة.,1
مدنٍ,1
التحية.,1
عرّج,1
تستعيد,1
بورلا،,1
بحبوب,1
النكسة,1
ستحسم,1
غالينو,1
لحاق,1
الشروخ,1
بتأسيس,1
الثقة”.,1
جدارتي,1
"المغرب"".",1
سيقلص,1
المبادلات,1
اللايقين,1
"""ستؤثر",1
تعمدت,1
ربعي,1
وأبطأت,1
وقلّصت,1
2025..,1
شخصي”.,1
“كمعالج,1
ونصحها,1
العريضة.,1
مرة:,1
أوريليوس,1
والفيلسوف,1
العذبةِ.,1
مصادرِ,1
التهديدُ,1
امتدَّ,1
"الذاتية"".",1
مصالحنا,1
الاتجاه،,1
“متواطئين”،,1
اعتبرتهم,1
متحدين,1
وشعوبه,1
واصطلاحًا,1
لغويًا,1
كذكرياتي,1
فهرنهايت).,1
(118,1
يُتركون,1
وصولهم،,1
جوادلوب.,1
نفايات”,1
“صفر,1
(رغم,1
للمتضرّرين.,1
205.5,1
للأزمة:,1
الإغاثي,1
فاعليةً,1
القوة.”,1
“كلما,1
ويومية,1
“أتحدث,1
أتلق,1
اعتراضاتي،,1
“تم,1
والصلصة,1
بالفاصوليا,1
حشوة,1
تستبدل,1
كسَر,1
الحفلات،,1
الفوقا.,1
حومين,1
كفنان.,1
الآن),1
(مراهقين,1
وإحالتهم,1
سامسونغ،,1
أراه”.,1
أشاركه,1
المفضلون,1
طفلي,1
تسألني,1
176.3,1
ومصفى,1
كريميًا,1
معجونًا,1
خشنًا،,1
التحول:,1
"""الفلسطينيين",1
زاعماً,1
أكلته،,1
توجّهت,1
المصير؟,1
شاركتنا,1
أفهم:,1
"أثلتيك""،",1
"""ذي",1
وليام,1
بمادورو.,1
للإطاحة,1
غوايدو,1
مستدامة،,1
التحريج،,1
للنقل،,1
الراعية,1
2231،,1
لينالوا,1
وكوبا,1
سيرك.,1
عاهة,1
كوتةثلاثة,1
حبسالمدربة,1
"أكبر"".",1
"""إطالة",1
"نتنياهو""،",1
"""نفوذه",1
حثّته,1
"فلسطينية""",1
قدسية,1
ماتت,1
2015-2016,1
بولوني,1
لازلو,1
لحماس”,1
“الشريف,1
لتغيّرات,1
للبحر,1
"و""ساكسونيا""،",1
"""بافاريا""",1
لتطبيع,1
0.2%،,1
"غروب""",1
"فاينانشال""",1
المُدفوع,1
وسكور,1
ميونيخ,1
للفاشية,1
مستذكراً,1
وهندوراس.,1
"رأيي"".",1
لكنّي,1
طبيبا,1
نيوكاسل.,1
"ومشحونة""",1
"""حماسية",1
سخالين.,1
آمور,1
وموطنه,1
استثماراتهم,1
ويُوزّع,1
للوظيفة,1
لتدريبهم,1
وإخراجها,1
لجيش,1
مأخوذة,1
اعتدائه,1
تازة,1
لكتابتها,1
دياساميدزي,1
عصامية,1
مليارديرة,1
اللهيان,1
نانتير,1
خارجها..,1
دخولهانادي,1
(35,1
وكاتبة,1
لتحلّ,1
ميغي,1
المتظاهرة,1
واعتُقلت,1
والغريم,1
الجار,1
البكاء,1
جانيرو.,1
كسيارة,1
ليف,1
"""لينكد",1
يؤسس,1
(39,1
فيفاس,1
وثقافاتها,1
وأمنها,1
متخصصين.,1
لترميم,1
جراحةٌ,1
للضحية,1
لمس,1
يحتسب,1
اللقطة,1
وراجع,1
لأضعه,1
لأرسخ,1
لتخلية,1
نصار،,1
الاتهامية,1
التغيير..,1
للتغيير؟,1
متخوّفًا,1
بالطرح,1
بحماسة،,1
سيستغرقها,1
"""الهيئة",1
الوفاقية,1
الأسهل,1
الحقيقيين،,1
تمانع,1
ويزكي,1
-3,1
ودُعيت,1
الإعدادية,1
كييزا.,1
بيده,1
بالمدة,1
وتعرّضوا,1
جنسيّتهم,1
جُرّدوا,1
تعرّضًا,1
الروهيني,1
50.16%,1
بسيطرته,1
تفضي,1
للمشكلة,1
حلاًّ,1
والأكبر,1
الملفّ,1
لعملاق,1
والكبيرة,1
والفشل,1
تصعيدها,1
تحركًا,1
للمجاعة,1
ويستمورلاند.,1
انضممتُ,1
آخرًا،,1
بوتينعلى,1
بينالرئيس,1
بالضعف,1
يؤد,1
الكثيرين،,1
رعية,1
247,1
الماشية،,1
مليونًا,1
بسلام!,1
5.62%.,1
6.20%،,1
"بارتيي""",1
"""ناشيي",1
7.97%،,1
24.19%،,1
فسيمكننا,1
عالٍ.,1
ويحلمان,1
يتواصلان،,1
النّاقدة.,1
للدّيمقراطيّة,1
للمنطقة:,1
تؤكّد,1
والأهداف،,1
التّكتيك،,1
التّوقيت،,1
التّشابهات,1
أتباعه،,1
وأفعال,1
"وتأثيرها"".",1
مزدوجا,1
تقوي,1
تزويده,1
التينة,1
وسيتعين,1
18.158,1
17.534,1
فائزة،,1
«روساتوم»,1
مرجعاً,1
الشهيل،,1
99.9%,1
تُبث,1
وامتهان,1
لامتناهية,1
“الديمقراطيات”,1
مناخ,1
“[أول,1
وهويتي,1
المودعون,1
الباذخ,1
"الغربي"".",1
رابح,1
كاسحاً,1
تحميها.,1
العشرينيات،,1
أملته,1
القلق”,1
“الفزع,1
نسلط,1
أجندتها,1
ويمكنها,1
الصومالي,1
الثّالثة،,1
المقصودة،,1
"""انتصار",1
وحيلة,1
مبشرة:,1
التفنن,1
بالديون.,1
والوقائية,1
لسبكيم),1
(ضمن,1
"للميثانول""",1
(سبكيم),1
"للبتروكيماويات""",1
مصر:,1
فقط..,1
مؤثر],1
وتعيق,1
"""التعسفية""",1
للتوترات,1
والانعكاسات,1
بالمؤسسة.,1
والتدقيق,1
لبروتوكولات,1
—،,1
كرم,1
أشدود,1
والخميس,1
ويجتمع,1
عبارات.,1
كدورات,1
الابتدائيّة,1
بالظّهور,1
مضحكة؟,1
تظنين,1
الامتعاض،,1
مفاجئاً،,1
والقصف.,1
ومفصلة،,1
ومعقدة,1
للأغنام،,1
متناثر،,1
فلاحي,1
والشمندر,1
بالخضراوات,1
يحسّن,1
النيتريك,1
الفموية,1
المحفوظة،,1
قطعي,1
ومستقلة,1
المستوحاة,1
و3.38%,1
3.33%,1
3.35%,1
زخرفي.,1
كفن,1
والقتال،,1
صوّر,1
مدهش,1
لأسرتي،,1
المعيلة,1
"هذا؟"".",1
معي؟,1
تمزحين,1
26125.56,1
ولوجستيًا,1
صناعيًا,1
بالشرق,1
لسلاسل,1
تشتركان,1
بالتناغم,1
ونوّه,1
ونادرة,1
ونتذكر,1
الطينية,1
مهرب,1
العجائب,1
والاستراتيجي,1
مبررة”,1
بالين،,1
كلبهما.,1
بقسم,1
جزئيًا،,1
جروحها,1
والتئام,1
المصل,1
والنقابات،,1
السلطة.”,1
تقاسموا,1
الكيس.,1
بفتحة,1
وأعصر,1
أضغط,1
وضعنا,1
ستحاسب,1
3788.66,1
لمساحة,1
بناؤه,1
كايبينغ,1
للنيوترينوات,1
جيانغمن,1
هشّمت,1
القضائية”،,1
“إصلاحاته,1
طاردته،,1
يخفت,1
بريق,1
المزاعم.,1
ينفون,1
المذكرات,1
عربًا”,1
كتابك,1
حلمًا,1
يطاردان,1
امتحان،,1
يسافران,1
شابين,1
سكون,1
​تبدأ,1
وبريطانيا).,1
إيرانستدخل,1
أنالعقوبات,1
بإيواء,1
ومنتقدي,1
خبراتهم.,1
ستمكّن,1
الأولوية،,1
تُعْطى,1
لاتينا”,1
“إيبيريكا,1
"البراميل""",1
"بـ""منتخب",1
شحادة,1
"الإلزامية"".ويكشف",1
يُفرض,1
شحادة،,1
رغدان,1
يمثلنيفي,1
المقام؟!,1
البتراء,1
«الزيادي»,1
شرطيين.,1
يصبحا,1
مضيء:,1
ويصوّتون,1
الفارهة,1
مشوب,1
معتقدة,1
أميركية!,1
عباءة,1
"توك""..",1
لفنزويلا.,1
وكلها,1
والأمريكتين،,1
(إسبانيا)،,1
غاليسيا,1
(البرتغال)،,1
غاليسيا،,1
لفرقة,1
(2005),1
غالبًا..,1
تُقطع,1
تُبرم,1
المؤتمرات،,1
وسيُعزّز,1
سداده,1
مُغطّى,1
"ونزيهاً""",1
"""مسؤولاً",1
عراقجيانتقد,1
لكنوزير,1
والنقابات,1
بالطلب،,1
فاندفع,1
سائقٍ,1
بدلات,1
محلّه،,1
محترم,1
الماجري،,1
سناء,1
موسمية,1
تحريمها.,1
النُهُج,1
تضرروا,1
مُورّد,1
الرصد.,1
الفيزيائيين,1
الاصطدامات,1
"وحلفائها"".",1
بسقف,1
العراقِ,1
"""الكميات",1
أدرعي،,1
أفيخاي,1
الـ24,1
أغار,1
وتعاقب,1
دخيلة,1
الأروقة,1
المتلقّي,1
فسيتمكّن,1
والتأمّل،,1
السخاء,1
حملتُ,1
الحكاية،,1
"""تكشف",1
"الأزياء""،",1
منّصة,1
بالكيندو.,1
ثقتك,1
لاهتزاز,1
احتسبت,1
後からスローモーションなどで見て、部位に当たっていないのに一本となっている場合、それで剣道への“信頼感’’が揺らぐ。“剣道ってカッコいいね’’と言う人は多いのだが、何のゆかりもない人が剣道ファンになりにくい理由はそこにあると思う。,1
المثار:,1
الجدال,1
الكيندو،,1
كينكيوجوللكيندو،,1
ميراي,1
بإرسالها,1
"إلكترونية""،",1
تُحوَّل,1
"""تراكمت",1
النقدي:,1
"""عناصر",1
بزكي,1
أهاب,1
بيتكوين.,1
ومثلهم,1
عليّ،,1
بالاطمئنان,1
"""مليون",1
السقا:,1
للتو.,1
عضلاتي,1
بتسخين,1
لطيفًا،,1
والجو,1
والتقبل.,1
والاكتئاب,1
للحزن,1
الذوق,1
جزاءكم,1
يوفّيكم,1
كاملا,1
وقاموس,1
الغد،,1
وسأبدأ,1
وبفضله,1
بحمد,1
الجميل،,1
لرد,1
والتنافس,1
والشرقي,1
القطبين,1
‘.,1
البنغالية،,1
فسيضطر,1
عموماً.,1
للتأخير،,1
لإصابات,1
روغافا,1
غورام,1
مصيري,1
للظروف.,1
اتباعه,1
جيجيانغ”,1
نجهل,1
نزل،,1
"بعد"".",1
الحمد,1
والواجب،,1
والرقي,1
السلبية.,1
ونطمح,1
الجمعية.,1
لطفلين،,1
باتشيكو،,1
شيومارا,1
الإسرائيلية:,1
حقًا”.,1
إدمانًا,1
تحسنت،,1
“استخدمته,1
تحوطي,1
كأصل,1
بيتكوين،,1
الماضيين؟,1
وفودًا,1
يحتضنه,1
ورونالدو,1
ويتناقشان,1
يضحكان,1
المعالَجة.,1
لري,1
هدفين.,1
شباكه.وفاز,1
مفتوحة،,1
أبقينا,1
أخفق,1
قطيعة,1
فسيواصل,1
كمستودعات,1
لائق,1
معيشة,1
لماذا؟,1
العالقين.,1
ستانيارو,1
وبأغلبية,1
سليمة”،,1
الحرجي,1
“المحافظة,1
بولاناث،,1
للغابات.”,1
ويتمتعون,1
“حماية,1
٥٠,1
المتقطعة,1
المتجاورة,1
وتعرف,1
اللقاء.,1
يستقيل،,1
تعجبه,1
السطر.,1
التنفيذيّة.,1
للجيش؛,1
الديمقراطيّة،,1
اللاتينيّة,1
العلمنة.,1
أوكل,1
الانقلابي,1
شيم,1
بعودتهم,1
والمعلمون,1
كموظفين،,1
أجرة،,1
أوّلًا،,1
الأرضِ،,1
حقوقِ,1
انتهاكاتِ,1
ادِّعاءاتٍ,1
الأخيرةُ,1
السنواتُ,1
شَهدتِ,1
مخمليّ.,1
حدّدتها,1
ترفضها,1
وأيّ,1
تحبّ,1
بأيّ,1
حقّ,1
كعسكر,1
للعسكر,1
ذويها.,1
تجهل,1
اقتيادهم,1
حالات،,1
بالمطالبة,1
مزعومًا,1
ومتقاطعة,1
بِتعدينِ,1
المرتبطةِ,1
المياهِ،,1
كسائقي,1
تخصصهم:,1
بالمساءلة،,1
غضبًا،,1
دالاس.,1
إزالةِ,1
“دعونا,1
70.6643,1
6.0%،,1
مرتفعة.وارتفع,1
بقائه,1
وقلصت,1
بالاعتراض,1
نظاماً،,1
وفقَ,1
ووجودُ,1
أرغايل,1
مقاولاً,1
فرونتير,1
27.8%،,1
57.9%,1
يوروستات),1
تعوض،,1
الإنسانيّة،,1
بابتلاع,1
السدّ,1
"مدنيين"".",1
نياما.,1
مكثفا,1
جويا,1
"""شنت",1
المُبالغ,1
يضطروا,1
يشترون,1
أحبائكم”.,1
وستكونون,1
ولنتكاتف،,1
نتواصل،,1
وأستمع,1
الصفر؟”,1
تبقت,1
“كم,1
أجلك،,1
تهانينا،,1
ميسي:,1
وتخاطر,1
بالتساوي,1
تتوزع,1
الأولاد,1
وأوراقهم,1
يُراعي,1
تفاؤلاً,1
يتحسن,1
ورجح,1
مقترحا,1
المتوارثة.,1
المتوارث,1
الموجه،,1
مُسرّعات,1
مثالية،,1
عدّاءة،,1
"للسودان"".",1
وفروا,1
القضارف,1
مزارعي,1
تجوع,1
عبدالله،,1
الجوعى,1
منتنامي,1
كوين،,1
تؤكدان,1
88%,1
"لـ""سي.إم.إي""،",1
النشاط.,1
"الداخل.""",1
التغلغل,1
الملفات،,1
وحذف,1
الأسرار،,1
"""يمكنك",1
لرغبته,1
الصاخب.,1
كجراح,1
أثاره,1
الانتقالية.,1
إقصاء،,1
173%,1
مختلفة:,1
نفسيا.,1
خسرنا،,1
وجمركية,1
الروسيةالمخطط,1
فيالمنطقة,1
للأنروا,1
لمرافقته.,1
وسيذكره,1
والود,1
وناجحا,1
ملتزما,1
"عن""نداء",1
وتُلبي,1
بكى,1
السنواتِ,1
الجرائمِ,1
واحدةٍ,1
أعقابِ,1
قليلةٍ,1
للكارثةِ،,1
البيئيِّينَ,1
المُدافعينَ,1
محليَّةٌ,1
شبكةٌ,1
إسميرالداس”,1
“أنقِذُوا,1
تأسَّسَت,1
الغائمة،,1
والأشهر,1
الأمسيات,1
والتنشيط,1
فرغلي,1
فقدانها.,1
مستندات,1
بمطالبة,1
عائلاتهن,1
دياريا,1
بإسرائيل،,1
أورسي,1
ياماندو,1
لترويج,1
فاروس,1
حيدر،,1
6-2,1
بتغلبه,1
الأخيرةِ.,1
الملائكة،,1
المتضرر.,1
إلزامه,1
تأثيرًا،,1
أنظف,1
المتشاطئة,1
ومتنوعة،,1
والإدارية،,1
والمصروفات,1
الأشراف,1
"""معمار",1
"""منصات",1
تجسدين,1
المرونة”،,1
“جدائل,1
وخبرات,1
شكواك,1
(راميل):,1
أديلجان,1
نيازوف,1
راميل,1
الفعل،,1
وهنا،,1
بالبراغماتية,1
ويشوه,1
المراهقين،,1
"""ميتا"":",1
ستون،,1
آندي,1
رؤيتنا,1
والآلهة,1
والأبطال،,1
4.2%,1
ألسوب،,1
والجنسي,1
"المناسب.""",1
وسنعلن,1
مطروح،,1
خططنا؟,1
نطرح,1
معرضك,1
تركيزك,1
اللافقاريات.,1
164,1
الزواحف,1
و378,1
الثدييات،,1
الروسية؟,1
ومحاميين,1
وأكاديميين,1
لينكويت.,1
تسويقه,1
3817.70,1
التدخّل,1
تذمّر,1
للسُخرية،,1
النظيف,1
ماء”,1
“نحو,1
اليتيمة,1
وتُمثل,1
فسا,1
المالي)،,1
(الأرباع:,1
ومنصف.,1
ومفتوح,1
تعتقله.,1
قبِّض,1
وانتماءات,1
فريدًا،,1
وتاريخًا,1
معقدين،,1
كأفراد,1
سيلتزم,1
للتواصل.,1
حاجتي,1
وأدركت,1
السذاجة,1
مهمّشة,1
والأحياء,1
فولتماده،,1
ويتطلع,1
للوجود,1
فالضمانات,1
الوجودية,1
لتفسير,1
والسردية,1
المقدسات,1
فلسفتها,1
ويفهمها,1
وليتوانيا،,1
بليغة,1
ضرباته,1
ويهاجمها،,1
سكينا,1
بالجاني,1
وتتغير،,1
المرمّمة,1
فصلها.,1
والجسدية,1
لتذكيرنا,1
رومانسية،,1
لتمجيد,1
ستعكس,1
إنالأسواقتترقب,1
للاستثمارات،,1
السلايمة،,1
المسنة،,1
أمها,1
طليقها,1
الاجتماعي؟,1
وباستثناءِ,1
جبهاتٍ,1
فالاتشي,1
أوريانا,1
وليكن”,1
“اللاشيء،,1
كتابِ,1
"للأميركيين""،",1
والتي،,1
مُحتملًا,1
والارتباط.,1
ويُعزز,1
يُضَخّ,1
الحداثي،,1
"العالمي"".",1
"""أقوى",1
إلكترونية)،,1
خوذة,1
(面),1
مين,1
مؤكدة.,1
للضمان,1
منحنيات,1
زميلُهم,1
قُتِلَ,1
بالسعادةِ,1
الراحةِ،,1
بموجةٍ,1
شعورهم,1
الوقت:,1
وإنسانيٍّ,1
مخزٍ,1
بشعورٍ,1
الهجومى,1
وتكوينه,1
وبورابازار،,1
سياحة,1
جوع,1
المقاتل,1
والحلق.,1
بجوانب,1
وتجــارة,1
ورقائق),1
(ذكاء,1
والرقائق,1
ومعبرّة،,1
وخشنة,1
متباعدة,1
بشبيكة,1
“الباييس”,1
الزيجة,1
انفصلا,1
الزيجة،,1
حولهما,1
شرعياً,1
زواجاً,1
لتخرج,1
عز،,1
ومتقاربة،,1
فالخيوط,1
قاتم.,1
للفيضانات،,1
انهيارات،,1
وجبهة,1
قوة..,1
وسيتاح,1
"انتهت"".",1
ستعتبر,1
"""خلاف",1
بالدهون.,1
الشوفان,1
والمتوفر,1
غلوكان،,1
الألياف،,1
وشتلات,1
بصف,1
جانبيه,1
للتصويت.,1
وأُحيل,1
مشرّعو,1
طرحه,1
وأروي,1
أخترع,1
إلىإسرائيل.,1
"العدو""",1
يشنها,1
المركّبة،,1
الردع،,1
والمتقدمة،,1
"""تطوير",1
مرصوف,1
العامون.,1
والمدعون,1
35%،,1
مرزوق،,1
المتوافقة,1
الترقية,1
"""ميديكيد""",1
اقتطاعات,1
لحساسية,1
هويتهما,1
"لـ""يويفا""",1
تعليقه،,1
أخطارها.,1
مقتدر,1
جسامتها,1
كاهليه،,1
بأعباء,1
نهايته,1
وغيرها),1
(فيسبوك،,1
وتتحمل,1
لأختي,1
معترفٌ,1
كشمير،,1
زملائهِ,1
أرجأ,1
إلغاؤها.,1
تحاك,1
بالمؤامرات,1
وعر,1
وسار,1
وثبات،,1
نسج,1
فتمكن,1
وخيباتنا,1
نكساتنا,1
خصصها,1
للكونغرس,1
للموارد.,1
الكثيف,1
باستهلاكها,1
تطورًا،,1
وتتسابق,1
إلهان,1
وهدوء,1
والسكينة.,1
بالبهجة,1
ولإيماني,1
التقديرات.,1
بالطرح،,1
لعضوة,1
واعتبارها,1
المُنحلة,1
سريناجار.,1
وجّهها,1
بينغ،في,1
تجعيد,1
أنفه,1
وتحلّل,1
تشكّك,1
خافتة,1
مهجورة,1
سنوات/،,1
"لـ""مبادلة",1
آماله,1
أنعش,1
/8,1
ويونا,1
سنوات/,1
مينو,1
مشغولون,1
قازان”،,1
الإسلامي:,1
“روسيا,1
قُطِع,1
للمقاومة،,1
مخرجاتمؤتمر,1
الداعية,1
شراكتها,1
​​مع,1
المغلقة.,1
وتتحول,1
بأواني,1
بالواجبات,1
يُستبدل,1
وستعمل,1
السهولة؟,1
والطبيعي,1
يُسلب,1
شركةميتاقريبًا,1
العائلة.,1
أصلهم,1
تالون,1
باتريس,1
[روسيا],1
قازان,1
عطفا,1
احتكر,1
عناء,1
لتكبد,1
ثروتهم,1
بإحصاء,1
سلامي,1
نكويتا,1
كليمنتين,1
المستضيفة,1
اعتقدنا,1
وجيه,1
المادي:,1
والتشغيلي,1
صِلاتهُم,1
ومنهجي,1
وفطريات,1
"عمليات""",1
"""حرية",1
كعقد,1
تُصنعها,1
السماعات،,1
"""أحيانًا،",1
تحذيرا,1
"المخاطر""،",1
رواتبنا,1
"""""لقد",1
بالفساد،,1
تتعلّق,1
غاريباشفيلي,1
للحرب؛,1
للحوثيينفي,1
علىمواقع,1
استغلاله.,1
باقية,1
تطوّرات,1
كافون,1
ويقيد,1
للإحباط,1
والعربية.,1
كالإنجليزية,1
لاحظتُ,1
وأكتشف,1
عدة.,1
وفبراير/شباط،,1
جراحها,1
تلملم,1
كاليفورنيا.,1
"""المعسكر",1
وولايات,1
التالي:,1
"الكؤوس""",1
"""أغلى",1
"'لا'"".",1
النووية...,1
"بـ""تجاهل",1
مشغّلي,1
بشرح,1
سولانكي،,1
داتاتراي,1
دكتور,1
“تصنيف,1
خوارزمياتها،,1
سطحهجوميتوسع,1
النتيجة؟,1
طفله.,1
بزرع,1
"الأول"".",1
ليصحبه,1
والغضب.,1
"ليتل""",1
"""آرثر",1
بالرحلة.,1
"(3,500",1
بتلفيق,1
الأشكال.,1
الأربعين.,1
دوبريه،,1
سيسيل,1
"مجانا""،",1
"""متاحة",1
للفنان،,1
منحوتات,1
تُفتَتَح,1
"و""نظريات",1
"موسكو""،",1
بالقرآن,1
الفئة،,1
تشاد.,1
(برازافيل),1
الدولُ,1
قانونيًا؛,1
يُنشئُ,1
ممَّا,1
البلدانِ،,1
المسألةِ,1
القانونُ,1
والأقوياء،,1
"مان""،",1
طمأنته،,1
"""تحدثت",1
"""إيكو"".",1
الأساطيل,1
رادارات,1
ومهمة,1
البوري,1
الكائن،,1
ويطلق,1
"السودان"".",1
لنهضة,1
"""اهتمام",1
والمراحل,1
بصغار,1
(400,1
للمهربين,1
لديهم:,1
والانقطاعات,1
والبرتغال.,1
1748,1
استطلاعا,1
سياسيا.,1
ماينتس,1
"غوتنبرغ""",1
يوهانس,1
ميركاتور.,1
وبتمويل,1
وأجرتها,1
إعلامهم.,1
تُختزل,1
يجتازها,1
عيونًا,1
الهويات.,1
"الإنترنت""،",1
"""كيفية",1
استحساناً،,1
قبولاً,1
عذر,1
ايجاد,1
التبرير؟التبرير,1
إليه؟,1
نلجأ,1
التبرير؟,1
المشتعلة,1
بالبرمجيات,1
متحدّياً,1
إضاءتها,1
الاحتشاد,1
بداخله,1
الرأي.,1
"""بوليتيكس""",1
والمطورين.,1
زعمها,1
صخبًا,1
خلافاتها,1
ككل,1
مشية,1
منفردة.,1
دراماتيكية,1
التكامل،,1
ومؤتمرات,1
والسينما,1
الفندقية،,1
وراءه.,1
"الكويتية""",1
"""النهار",1
مقصوداً,1
شفافة,1
أقمشة,1
صورهم،,1
أنتجوا,1
تعجز,1
تُوظّف,1
جباي.,1
آمالًا,1
سبيلاً,1
لعلهم,1
يعقده,1
"""نسبة",1
شتا:,1
ويرسم,1
"""الالتزام",1
لقبيلة,1
فاطيماتا:,1
سامباغي،,1
بادو,1
وكيله,1
الصادم؟,1
أخلاقي.,1
منطقتنا.,1
1905,1
وتنفيذيين.,1
المنتخبين,1
تشريف,1
فأصبحت,1
والمساهمين,1
للمهتمين,1
ولأشخاص,1
ميديلين,1
أتاكاما,1
ثمان,1
والتنمية،,1
يلدريم,1
"بال""،",1
"""باي",1
ثيل،,1
أعضاءها,1
ويضبط,1
بالمجالس,1
المشرعة,1
المساهمين.,1
ميزانا,1
الحد،,1
رياح،,1
ويوقّع,1
دايك,1
والأخير،,1
أوليسيه,1
لاعباً،,1
المصداقية.,1
العبثية,1
بالادعاءات,1
ويتكوفعبر,1
سكنها,1
وصوتها,1
وصحتها,1
وجسدها,1
مربعين،,1
كيلومترين,1
معالمبعوث,1
الملحي،,1
للإسراف,1
النبأ,1
15000,1
تُكسِّب,1
ساعات؛,1
دوام,1
“حيث,1
"قائماً؟)"".",1
"""تذكير:",1
مؤرخة,1
الستار,1
وأزاح,1
"كلثوم""",1
"و""صاحب",1
"خفية""،",1
28.,1
يُكتب.,1
بالمعلومة،,1
وخطورته,1
والفكرية.,1
والتضليل،,1
الإبلاغات,1
الشريفة,1
الشتائم،,1
التصميم”,1
“السلامة,1
ناخبة,1
الباقون,1
يُنتخب,1
ثلثهم,1
يُعين,1
صادمًا،,1
الإيقاع،,1
مركّزة,1
بالحشو.,1
"وجولييت""",1
"""روميو",1
تقديمهم,1
والأذربيجاني,1
شعار:,1
توحّدت,1
الضرورية.,1
تتسامح,1
هدفًاً,1
الجادة.,1
الخرافة،,1
وتُغذيها,1
مرتبكة،,1
يكرس,1
يقره,1
ونجاحاتهن،,1
الفنانات,1
يتحدثن,1
للسعودية.,1
المستثمرون.,1
2030)،,1
أغلبية،,1
يتورط,1
بتغطيتها,1
والناقدة،,1
صحافتها,1
القارية.,1
يلتقيان,1
معاصر،,1
لعشرة,1
أنشائت,1
وظيفتِها.,1
مَكانِ,1
زميلِ,1
بالسَّلِّ,1
الرعايةِ,1
مُقدِّمو,1
يَشتبهُ,1
جراي,1
للخلطات,1
طعمًا,1
وطوروا,1
بطرقٍ,1
مهمٌّ,1
الأزواج.,1
والتأكد,1
وإهلاك,1
التبرع.,1
تحثنا,1
إعلاناتٍ،,1
منتهكتين,1
نفذتا,1
٢٢٠,1
وعبرت,1
الاستغاثة،,1
حثِّ,1
قرارٍ,1
مشروعَ,1
بالمطلق،,1
بدعمهم,1
٢٠١٠-٢٠٢٠،,1
السيدة.,1
وشتم,1
الدراجة,1
ارتكابهم,1
متلازمتين،,1
المتغير،,1
تآزراً,1
وآراءنا,1
وتحليلاتنا,1
أخبارنا,1
لغة،,1
بإتاحة,1
المتواضع.,1
تقنياتها,1
ينتظرهم.,1
للمصير,1
“بنكك”،,1
وأعاقت,1
انقطاعًا,1
بـ«الهندسة,1
سيبراني،,1
بمصدرٍ,1
أناند,1
الاختطاف,1
"مريضة""،",1
"أمن""،",1
لَلمفاجأة،,1
وَيَا,1
مُصنّفة,1
زجاجية,1
فالأولى,1
قتل،,1
الجليل,1
الحل.,1
يطرق,1
التصنيفات.,1
"الرائعة""،",1
"""العشرة",1
القوي،,1
كوباخيدزه,1
جدًا”,1
“عاطفيات,1
اللازم”,1
“يتفاعلن,1
محرريهن,1
زملاءهن,1
يلومهم,1
المدّ,1
نظريات،,1
نظرياته,1
(79,1
صورتهم,1
والإيقاع,1
التسقيط,1
عراقيين،,1
انتهاك.,1
"""الاستفزاز""",1
الإستوني،,1
مناليمن،,1
وخامات,1
بأحجام,1
الدمى،,1
ميش,1
الحفار,1
غرفها.,1
فتكافح,1
منها؟,1
كحقيقة,1
تتقدم.,1
بجهد,1
لشهادات,1
الخيام،,1
الشرب؛,1
نفسيتنا,1
ومؤسساتنا،,1
اقتصاداتنا,1
بصمات,1
الحشوية,1
البسيطة،,1
لأميركا.,1
المغمضة.,1
تتمكنا,1
والظفر,1
تنصحنا؟,1
فبماذا,1
تهدئتي:,1
فحاول,1
ونبرة,1
للتنس.,1
للتتويج,1
/4),1
مثيرا,1
والمكافئة,1
والوعود,1
المقاتل،,1
كواسائل,1
الشيطان؟,1
الخاطيء,1
والانهيار,1
هليكويد”,1
وتعذيب،,1
ومراقبون,1
الأوزبكستاني,1
واستهل,1
الهزائم,1
خاليا,1
بالبطولة,1
عناوينها,1
سيستضيفها,1
التظاهرة,1
ستقود,1
ستنتظران,1
والحساسية,1
تشكيلها,1
المستهدفة،,1
بئراً,1
مسؤوليتنا,1
يُغرّم,1
نافيا,1
شوداكوف،,1
العامللوكالة,1
ملحي,1
واستخدامها،,1
معارفها,1
لأغنية,1
“نوك,1
ائتمان”.,1
بالتقسيط,1
والمائية,1
وبيعها.,1
واختزالها,1
“لكننا,1
أولبرا,1
ونقلوه,1
بيطريين,1
مقدرته,1
"فعلتم"".",1
وتقديرا,1
بكبار,1
"""التقيت",1
السوري:,1
وتردّي,1
وندرة,1
بالموضوع.,1
ويكتبون,1
ومتطوعونا,1
طاقمنا,1
219,1
وينصح,1
سمّوه,1
أدرجوها,1
وأحفادهن,1
وبناتهن,1
أبنائهن,1
(1976–1983),1
عمانلشهر,1
استحقاقلخام,1
التسويات,1
لروسيا،,1
والغذائية،,1
سترتبط,1
1446هـ،,1
هكذا...,1
"""عبروا",1
مُحَلّى.,1
موسلي,1
الحبة,1
بشوفان,1
باستبدالها,1
أويوني،,1
ويروّجون,1
ويختارون,1
يصممون,1
ويدافعون,1
ويترجمون,1
ويحررون,1
“تأففٌ,1
مشروعة،,1
المُستهدفة,1
والتعديني.,1
بينغ؛,1
هاي,1
تشنغ،,1
قوانغ,1
وسيلتقي,1
المكاني.,1
وبالمحتوى,1
وتجريدها,1
بالأنماط,1
التقيّد,1
مناقضة,1
بالعمارة,1
وأمن،,1
تعيشان,1
مستقلتين:,1
تعذيب.,1
واختُطف,1
استخفافها,1
ومؤشرًا,1
الطواقم,1
"للغاية""على",1
أنهتلقى,1
لرغبة,1
الحديديةنقل,1
المحدودةللسكك,1
كمسعى,1
جعلاني,1
المدرسة”.,1
فالمفارقة،,1
مستمرّة،,1
المعقودة،,1
باشرها,1
الأقسى،,1
"""دولته""",1
مواجهتين:,1
اللّه،,1
2.7%،,1
للتأشيرات.,1
11.12,1
النتيجة:,1
ومؤثرين.,1
لفاعلين,1
للدولتين،,1
ومعترف,1
للعربية,1
وهمّه,1
توجيهية.,1
العامة”،,1
و”الاجتماعات,1
الأفكار”,1
“الكثير,1
ويصر,1
احتمال.,1
بالسلاح،,1
يفكِّر,1
بألا,1
موجَّه,1
وجاهزيته.,1
يستوف,1
يريدانها.,1
وسنتين,1
ومحميّ,1
"""بنيان",1
ترفيهي,1
تحتاجها,1
الميكانيكيين،,1
للميكانيكا,1
وثالثة,1
وثانية,1
المبتعثين،,1
للخارج،,1
الابتعات,1
والتهامي،,1
وهجر,1
بأندية,1
تتلقَّ,1
يُشكِّل,1
لأجهزتها،,1
السيليكوني,1
مجرمات.,1
ولدنا,1
الدستوري.,1
العُرفية،,1
وخدمية,1
ومقاهٍ،,1
116,1
"والتجارة""،",1
الأيام؛,1
16%.,1
65%،,1
"السابقة"".",1
العوائد،,1
بحيوانات,1
شيئاً...,1
العارية»,1
«القوة,1
الأخطر؛,1
وإدمانها,1
والمرجعيات,1
بالحلول,1
«كفرها»,1
طموح.,1
مزدهر،,1
حيوي،واقتصاد,1
النواحي،,1
بمنجزات,1
للاعتزاز,1
والتسعون,1
(48,1
187.96,1
121.92,1
والمعارضون,1
وهوياتها,1
بمدننا,1
كسوريين،,1
وقتلهن,1
شابات,1
تعرّي,1
التنسيق،,1
وغاية,1
واقعيا,1
بالميل,1
"الزيادة"".",1
إطعامهم,1
“محكوم,1
يحيى.,1
مناصفة,1
"""سوفا",1
"""قول""",1
وطنًا,1
لصحفيين,1
والظواهر,1
صحة.,1
والنوم,1
ملمس,1
وأذربيجان،,1
الدفيئة,1
أرون,1
رووداو,1
الجمود،,1
إيراني،,1
تفعّل,1
بجدارة.,1
المحاباة،,1
العواصم،,1
لتمثيلها,1
أناساً,1
الصهيونية»,1
«تفكيك,1
«لوبيات»,1
صُنفت,1
“فِلسطنة”,1
جيون,1
العواطف,1
المؤثرة،,1
مناصراً,1
واليونان،,1
كتاب.,1
لوضوح,1
ترقباً,1
بباراغواي،,1
والتوبي,1
طيار.,1
بأجنحة,1
ستُخاض,1
وبيونغ,1
يراقب.,1
حدّا,1
النمساوية,1
“عُش”),1
(“هنيزدو”,1
(أ.ف.ب).,1
وتهميشُها.,1
القضيةِ,1
أهميةِ,1
التقليلُ,1
الموضوعِ،,1
الوعيَ,1
النسوياتُ,1
الناشطاتُ,1
تُثيرُ,1
وجنوبًا,1
ويُمنح,1
المختصرة،,1
بالترتيب,1
نسبة،,1
كرايستشيرش,1
وقبرص.,1
الحساء,1
“السخينة”؛,1
“النشا”,1
عائلتها.,1
السلالة,1
“أهمية,1
و”تاريخ,1
البيئة”,1
“عنصرية,1
بيئيون,1
سومو.,1
"جورنال"".",1
النامية،,1
ورميها,1
بالنفايات”,1
“الاستعمار,1
"مانجمنت""",1
"""سلفر",1
وأرجأ,1
(الرشيد),1
"وشركاه""",1
الصوتي.,1
للمشهد,1
لتكرس,1
"المعلومات""،",1
مسيّرة.,1
"""أُعيد",1
كاستروب),1
صيام,1
الأجساد,1
يدفئ,1
المغذّي,1
وأمر,1
المفجوعة,1
يحرمون,1
مسرحيًا،,1
ويرسمون,1
ومراسم,1
تبيعه,1
كتبًا,1
“يهدأ,1
رومانا:,1
وعدّتها,1
"ورخيصة""،",1
ذكية،,1
"""صغيرة،",1
متعهدة,1
عهدة,1
بشراكة,1
"""موهبة""،",1
ورجاله,1
ثمرةً,1
للسعودية،,1
ويُمثّل,1
للأعلى,1
للهجمات.,1
وتعرضها,1
مهدومة,1
منكوبة,1
197,1
وحيدا،,1
عاما/,1
/22,1
الحفني،,1
ضُبط,1
عيسى،,1
حوش,1
قليلاً:,1
للأولمبيادات,1
موهبة،,1
ردّت,1
تلاحقها,1
الممارسات،,1
منظمتا,1
حرجًا,1
شخصيتها,1
تفعله،,1
تندهش,1
تام،,1
حسابها.,1
اعتمادها.,1
التعرفة،,1
"""وضعنا",1
الشيوعية.,1
لصفقات,1
الحماس.,1
"بمصر"".",1
مضمونة,1
الطمأنينة،,1
"""بالتالي",1
لاندماج,1
استبيانات,1
ستيت,1
واللامبالاة،,1
"""ميجا",1
تحاليل,1
بيلوبو,1
سلافان,1
هامشيًا.,1
الإنكليزية,1
يغتال,1
لينتخب,1
يُعاقَب,1
الجورجي»,1
كالادزه,1
لجون,1
يتخلل,1
والاستبطان,1
للألوان,1
اختيارك,1
كاخا,1
لمرشّح,1
(26,1
الارتفاع،,1
فالإيرادات,1
تناقضًا:,1
أذرعًا,1
"و""مدن""،",1
"و""الدار""",1
"""داماك""",1
(تشيلرات),1
لفترة.,1
كرواتيا,1
ستيماتش,1
لإيغور,1
مساعداً,1
لوكوموتيفا،,1
ومنه,1
والتكيف.,1
شاهين,1
حجمها.,1
موكويغي,1
التشدد,1
ويقدره،,1
الكونفوشيوسي,1
تتباطأ,1
يودع,1
زياية,1
عبدالملك,1
سجّله,1
أيالا,1
سُجّل,1
الجزاء،,1
للاتحاد),1
العياداتِ,1
تَضعُ,1
الفينزويلي,1
مُعتمدين,1
مُقدّمي,1
ميوزيكيوم,1
شركةيوتيوب,1
الناشئ.,1
تفشي,1
مظلمًا.,1
نفقًا,1
وتنقلهم,1
سفرهم,1
للحي,1
والاستهلاكات,1
ووقّع,1
نشأته،,1
والتحسين،,1
العاملة”،,1
للطبقة,1
“حيّ,1
يدَعي,1
التقينا,1
المُعجبين،,1
مُهمة،,1
يُقدّمون,1
مباع,1
ويخصص,1
والمُتابعةِ.,1
جُهودِها,1
ومتابعتها,1
لِتحديدِ,1
الجيبي،,1
قصي,1
جيدان,1
المعاملة،,1
ضحيتين,1
مقسمين,1
مدعين،,1
“تمثل,1
وأوضحت:,1
ويمبلدون,1
تمثيلاً،,1
وزراء،,1
هزائم،,1
خامسا,1
وقصته,1
وفكره,1
وضعِ,1
نقصِ,1
لجعلِ,1
وسارع,1
تُحل.,1
"التشغيل"".",1
والسراويل,1
لمنتجاتها,1
عراقيًا,1
"""54",1
بركاتي”.,1
ونبيل,1
الجوهري،,1
وصحنون,1
الشماخي،,1
ورشيد,1
تُستغل,1
اليساري،,1
غولوب”،,1
“روبرت,1
تأثرَّت,1
وناقص,1
ناقص,1
الايرانية،,1
بالمدمرة.,1
أعتاب,1
الايراني,1
"بالمستحيل"".",1
"""أشبه",1
الجويةالتي,1
حولقاعدة,1
معاييرَ,1
فيلكس,1
تألقا,1
فرديًا،,1
أحادية..,1
للمغص,1
يجبرهم,1
للمزارعين.,1
لليوريا،,1
(تركستات),1
الحديثة؟,1
رانغيل،,1
بمفرده”،,1
مبكرة.”,1
تستدعى,1
القدس.,1
للانتقام”.,1
الحصص،,1
للتخطيط،,1
للمراسلات،,1
الانفعال.,1
للمعلمة,1
ناشرها,1
العرقوبي.,1
التأهيل.,1
لملاجئ,1
للتغييرات,1
ومتماسك,1
والمنع,1
إشهار,1
بيرخفاين,1
المناوشات,1
كرويا,1
للمواقف,1
لضعف,1
يعتب,1
للنقاط,1
وتتلطّى,1
الذرائع,1
المجيء,1
وتتحدى,1
375,1
والصيدلانية,1
"أي""",1
"""مدن""عقد",1
وأفعالها،,1
اقتصادهما،,1
المطالب.,1
الإنهاك,1
"""شكراً",1
منشوراً,1
حملها،,1
وزامبيا,1
وملاوي,1
"أنفسنا""،",1
نثبت,1
مذهولة,1
الحلوى.,1
الطازَج,1
العشاء،,1
الغداء,1
والمالحة,1
الطائفي.,1
منغولي.,1
وسواه,1
الوسلاتي،,1
المدون,1
الطبيعة.,1
تواصلهم,1
والمحاصيل,1
العريقة،,1
الخلابة،,1
والحديثة،,1
والتآكل،,1
لظاهرة,1
وزيمبابوي،,1
وقّعتالهيئة,1
"بالسلامة"".",1
بيقومني,1
بزواجي,1
للمباركات,1
دايجون،,1
لغرفة,1
647,1
والتتار.,1
والتتار،,1
"حقيقية"".",1
إكراه,1
ويعرّض,1
"""تحويلها",1
"المواطنة""،",1
عمومي,1
شعائر،,1
للعبادة,1
"""ليست",1
التأسيسية،,1
بمقتضى,1
لهدفٍ,1
ميلز,1
يخلفها,1
والمسلي,1
سميثكلاين,1
غلاكسو,1
التداولات،,1
الرابحين,1
الشمل.,1
واللم,1
والانفصال,1
تكساس”.,1
مونتيري،,1
سيستثمر,1
كاستيلو:,1
أدائية,1
بشأنتطبيق,1
التخصصات.,1
ملاحظتها.,1
والعملات,1
البحرين.,1
للشعبين،,1
طارق،,1
بسلطان,1
خليفة،,1
والممرضين,1
عانته,1
والاستقدام.,1
ونفقات,1
«بريكست»,1
والاتصالات”.,1
“المشاكل,1
برسم,1
وغلاء,1
بالأفول,1
متواضعة,1
شرطي,1
لجسدي.,1
مدركًا,1
المحافظة.,1
عَرَضيٍّ,1
خامِ,1
باكو-تبليسي-جيهان،,1
(سوكار),1
تجمعت,1
يحتاجها،,1
ويُتاح,1
"توك""بعد",1
الشجرة،,1
يُدمَّر,1
منتصر,1
هاتفي:,1
بوكويّون،,1
الأثرية،,1
الليثيوم”،,1
ماريه,1
للمتحف،,1
للمبنى,1
والتحسينات,1
ولمدة,1
كمبالا،,1
العشب,1
الرياضية.,1
معطل؛,1
مأساوي.,1
(يُصيب,1
كمحور,1
الدقة،,1
تخصصية,1
الصليبي،,1
الصحافي،,1
القطع.,1
الفاتيكان،,1
واللاتين,1
"تاريخه""،",1
"لتشجيعه"".",1
والتردد,1
الكوبيون.,1
يبنيها,1
المطلية,1
وبني,1
تغلي,1
وتضاف,1
أغصان,1
الفلسطينيفي,1
صعَّدت,1
للنظر.,1
الملساء,1
متين،,1
هندسي,1
بصلابة,1
العمارات,1
يعين,1
الشرب،,1
نازحون,1
شكا,1
نظرياته.,1
صدَرَ,1
ولسماع,1
والآراء،,1
ستتاح,1
تعمل.,1
بكتلة,1
كونية,1
المتعفّن.,1
بالتّمرّد,1
تنادي,1
الحرّة,1
بالسّكّان,1
للتحكّم,1
البائسة,1
النيوترينوات،,1
"السوائل""",1
"""بكميات",1
اللقاح.,1
"تقريبا""",1
"""ينتقل",1
"ب""",1
"""التهاب",1
يلقّح,1
ألزمت,1
ابوجا,1
الضعفين,1
روزمارين.,1
255.94,1
(سدافكو),1
"والأغذية""",1
لمنتجات,1
"السلام""",1
"""شط",1
والسبت،,1
والإصرار.,1
والرعاية،,1
التكرار،,1
للأنوثة,1
المُولّدة,1
"حصان"".",1
يضخّون,1
مخزٍ،,1
الجميلين،,1
"""يضخّون",1
أنّهم,1
اللقاحات...,1
قاتلة،,1
العزلة،,1
ماك.,1
خلوي,1
بالنوم,1
الناعم,1
للسرير,1
غريزة,1
الذروة؛,1
استنكروا,1
انهزاميًا؛,1
"السياسة"".",1
مستحيلاً,1
لبتريوس,1
تسربّ,1
استوجب,1
تلميذا،,1
يسع,1
ماغ”,1
“أنتولد,1
زوجته.,1
يُرجح,1
ترعاهم,1
حراس,1
بسيارة,1
يتنقل,1
الصحيين.,1
خمسة،,1
داتاشفيلي،,1
نينو,1
المُحتجّة,1
أُفرج,1
استجابتنا,1
الارتباطات,1
هوليس،,1
لراشيل,1
وجهك”,1
اغسلي,1
فتاة،,1
و”يا,1
الخادمة”,1
و”حكاية,1
فالاتشي،,1
لأوريانا,1
العاطل”,1
“الجنس,1
والغربي؛,1
انغمست,1
الذري.,1
فترة),1
(توجد,1
وحوافزها,1
لضغوطها,1
الجبرية.,1
غومبريتش.,1
لإرنست,1
“مختصر,1
لجلال,1
“المثنوي”,1
وكتباً,1
عيّنها,1
هاليغان,1
ليندزي,1
للمدعية,1
وعيه,1
أسنان،,1
بأبواب,1
بائعون,1
ساطع،,1
نزولاً،,1
جليًا.,1
مؤكدة،,1
دوائر،,1
طريقتي,1
وإدراكي,1
وأُحيلت,1
وتشميعهما,1
إغلاقهما,1
والمعمل,1
"الطويل"".",1
وتتوافر,1
توباغو.,1
وجزرغرينادا,1
غرينادين,1
فينسنت,1
لوسيا,1
التفعيل,1
مدرسيًا,1
وفارغ.,1
إنجليس,1
كورته,1
هيبركور,1
"""يثير",1
فتناقص,1
دهانات،,1
أثاث،,1
لاتينية،,1
المغربيةخلال,1
والتجيل,1
بوك،,1
وماك,1
والعلم,1
المناخ”،,1
و”مختبرات,1
الديمقراطية”,1
“وحدة,1
مبادرتين:,1
​يتمحور,1
كخيارات,1
تُسوّق,1
سوييموتو،,1
كيمييه,1
كلاوديا,1
منافس،,1
يمتلكه,1
الجراحية,1
والخيوط,1
الأخلاقية.,1
"بلانك""",1
"""ماكس",1
السعدي,1
عبدالمالك,1
أعدها,1
السرجس،,1
وقصة,1
الموضة،,1
تعمقت,1
موريلو،,1
روبي,1
لتعميق,1
والصومالية,1
100.,1
135%,1
"""بالانتير""",1
فأسهم,1
التشكيلات,1
مراسلان,1
المحادثات.”,1
يمازحها,1
عفوية,1
لتلتقط,1
"""عراقجي",1
رسمياً..,1
الخامتدفق,1
إنالنفط,1
بالإجماع.,1
وتوج,1
تكتشف.,1
تتعلّم,1
لديهم…,1
مقروءة,1
أفكّر,1
صرتُ,1
مدفونة,1
محسومة,1
نشأته,1
الطين.,1
ليديّ,1
أسابيعي,1
"خلفية""",1
"""كبوابة",1
أشباح,1
سودر,1
سكول،,1
فري,1
وبسريةٍ,1
فسيتعلم,1
دومًا.,1
أورثته,1
جدته،,1
"القادمة"".",1
الفنزويلي،,1
إطاحة,1
“الحقيقة”.,1
للمخرج,1
احترامهم,1
820,1
للسلام»,1
«نوبل,1
سيستحق,1
وحينها,1
للفكرة،,1
وتبنيها,1
والكراهية.,1
والانتهاء,1
فأغلبية,1
التردد.,1
وتوفيرًا,1
كقائد،,1
أغاسي،,1
المعاش.,1
التأمينات,1
يعج,1
غفاساليا,1
"17,841",1
"الفلسطينيين"".",1
ومسؤولية،,1
تصلها,1
"""استعدادها",1
الترخيص،,1
وفيشخابور.,1
لمحاولتهن,1
ديوب,1
بويل,1
و123,1
بالمدنيين,1
أحبائنا،,1
وطننا،,1
اقتدار.,1
أسوأ،,1
سأمر,1
ويتركن,1
القاصرات,1
لنفسي:,1
مسعفًا.,1
"و1,068",1
"و12,298",1
كليجدار,1
والشبكية,1
مَواطِن,1
المشمولون,1
المتقاعدون,1
استهدافاً,1
والتمرد،,1
المزج,1
جرّم,1
ومددت,1
بالإشراف,1
ذكيًا.,1
ومنزلًا,1
المسنين،,1
ومتجرًا،,1
تصنيع،,1
"""عوضت",1
وتوفى,1
نفحة,1
مُعتقل,1
قاسٍ,1
المزيفة.,1
للإساءة،,1
أرباعهن,1
معصم,1
الأزل,1
مغزى،,1
بلحظات,1
رادعة،,1
مرتكبيها,1
"""التصويت""",1
"بـ""المناداة""",1
الرأسي,1
6000,1
سُجّلت,1
الضريبية.,1
لتقريب,1
مماثلاً,1
هاتونغيمانا,1
بيرتشمانس,1
يغادروا,1
إذاعي،,1
قذائف،,1
أمطرت,1
سياتل،,1
أمازون،,1
قادمًا,1
14.609,1
والوفاة،,1
والولادة،,1
والتعميد،,1
“رغم,1
روسو,1
٥,1
والجنازات،,1
رفيقتي,1
(السرد,1
2×2,1
وثائقك)،,1
العموميين,1
للإذلال,1
لمعاودة,1
بالتحف,1
وأجوائه,1
واللذيذة,1
ومأكولاته,1
فيرباس,1
كى,1
تيمور,1
ضمنيًا,1
يعنى,1
بملكياتهم،,1
شخصان,1
السوريون.,1
تمييز،,1
اتّسع,1
ألفاني،,1
سيدريك,1
فسرعان,1
ممنهجًا،,1
فلسطينيةمن,1
الاعترافبدولة,1
التمييزية,1
بالإنجازات,1
المحصول,1
(النضال,1
فيلمها,1
النسوي)،,1
ناشر,1
بقلة,1
معرفتي,1
الأسد..,1
وتخيلت,1
المنقوش،,1
بتزجيجها,1
أُغرمت,1
وذهبوا,1
والروحي,1
الجسد،,1
للغزاويين,1
طوعية,1
«شيطان»,1
جائرة,1
ليتحول,1
29.7%.,1
بالأسبوع,1
والألم.,1
الشتات:,1
كفلسطينية,1
اتجاهين,1
مشدود,1
والطهارة.,1
والاحتشام,1
المسؤولات,1
يشعرن,1
يجعلهن,1
للذات,1
يراجعن,1
الكابوس,1
للمخاطرة.,1
"""البيانو""",1
عيباً،,1
وحولت,1
معجزاتها،,1
جيسوس”,1
“بوم,1
1884،,1
بالقيام,1
الأشكال،,1
تشويهها,1
لمرشح,1
25%.,1
"الحوار""،",1
و608,1
741,1
19%,1
واللواتي,1
الممرضات,1
"""دراسة",1
للتغذية،,1
وحساسة،,1
تين،,1
ليرنر,1
متجر.,1
ممرضًا،,1
معلمًا،,1
مجردًا,1
ناجاراجان،,1
أميا,1
موهبته.,1
أوركسترا,1
عازفاً,1
والمعسكرات,1
وحمايتها،,1
"إیران"".",1
"""مرصد",1
انتهت،,1
وتلخيصه,1
مراجعته,1
دليجاني،,1
غيرهن.,1
وبدنية,1
للعزف,1
"السلاح"".",1
وصولهن,1
تناولن,1
(الخمسينيات)،,1
متابعتهن,1
الجندرية،,1
جيلية,1
الوداعية,1
جولتها,1
دوروثي,1
للتوسط,1
هوكستين,1
"المدنية"".",1
للدنمارك,1
سنغلق،,1
"""تستضيف",1
دانييلسن,1
مبابي.,1
"برنابيو""",1
"""سانتياغو",1
أولمبيك,1
فم,1
المقارنة)،,1
(مادة,1
وهمي,1
بالنترات،,1
شمندر,1
يوميا؛,1
تنصيبه.,1
"الآخر""،",1
مؤسفًا,1
لاغتياله،,1
مناصري,1
للنادي.,1
وفيه,1
بالإنفاق,1
يلتقط,1
إنشائي,1
الأديغين,1
جوشوا,1
للمبادرة,1
عائلتي.,1
الجلاء,1
لتمكني,1
محظوظة,1
التحليل.,1
سليم.,1
تنافيها,1
رائجة,1
سندي,1
بمسيرة,1
لجرعة,1
خُصص,1
راسخة،,1
الثوب,1
سَلْمَى,1
عسير،,1
وصناعية,1
فعقب,1
"ونتنياهو"".",1
وتصرّ,1
ذرية.,1
تشتبه,1
ويتسبب,1
761,1
وبري,1
حصارٍ,1
ظلِّ,1
"الصفقة"".",1
العلمانيّة)،,1
ولِمَ,1
(بل,1
نخرج,1
"بالجوهر"".",1
مساس,1
تحريف,1
لأحوّلها,1
والوزرة،,1
والمصنف,1
والمنديل,1
القط,1
مستلهمةً,1
وملامحه,1
الموروث,1
"""حرصت",1
وغرائزَ,1
ومكبوتاتٍ,1
ومكبِّلاتٍ,1
ومخاوفَ,1
هواجسَ,1
والمذاهب,1
تضمره,1
واستيعاب,1
يستدعيه,1
أنواعها،,1
الطوعيّ,1
بلزوم,1
والتاريخيّة،,1
الموضوعيّة,1
والمعطيات,1
"""نقتنع""،",1
"المنتظرة.""",1
جاذبًا,1
"""السوق",1
الغاضب”,1
“الشاب,1
سطوع,1
بالعقل.,1
اصطفائه,1
اصطفاء,1
جيل،,1
نجرجره,1
وممّا,1
المهيضة،,1
جلجلة,1
فنخرج,1
وعنصريّاتٍ،,1
اصطناعيا,1
وقمرا,1
"""ينجهو-1""",1
الجارة.,1
باهيجان,1
باجرنجي,1
روخ,1
وعُيّرت,1
للحبكة,1
باتشان,1
أميتاب,1
يُكافحُ,1
مُحاصَر,1
شعبٍ,1
معاناةَ,1
تُفاقِم,1
لتشييد,1
مطورين,1
للمحتجّين,1
(التريند),1
"لها"".",1
الإخاء,1
أواصر,1
أفضله,1
"""الذي",1
الوصية,1
1895.,1
وصيته,1
المختصرة:,1
طابعا,1
فنلنديا،,1
مصغرا,1
متعادلا,1
جولر،,1
عمليًا.,1
الجورجي».,1
كُبرى,1
قاطعتها,1
مفصلية؛,1
محطةً,1
التجار.,1
للاستيراد،,1
الغرامات،,1
بتخفيضات,1
وعودًا,1
مقدمين,1
التجار،,1
ومراسي،,1
راكعين,1
إقالات,1
مالت,1
الهزيمة،,1
المسلسل؟,1
المحتاجين.,1
أطقم,1
للاستهداف،,1
"عادت"".",1
"""كوريا",1
واقتصادها،,1
وجيزة.,1
لفرضه,1
وسجنه,1
يول،,1
ليبرالي،,1
كأسي,1
بثاني,1
وبرشلونة،,1
إسنادا,1
"""ميلتراست",1
1.61,1
"و""غرير""",1
تعدينٍ,1
بالصين.,1
بقدرتهما,1
المدروسة,1
هوبكنز،,1
"إنترناشونال""",1
تتأخر,1
وإسرائيلمؤخراً,1
اقتربتسوريا,1
ماكرون.,1
سيتحدثون,1
وزودهم,1
ساعدهم,1
التسامح،,1
والمرأة،,1
للمساعد,1
والعزاء.,1
وصفتِ,1
أبوجا,1
التعليم”,1
“اللغة,1
ألاوسا,1
تونجي,1
0.4%.,1
المتصدرة،,1
الإندونيسيةُ,1
ألغتِ,1
شعبيٍّ،,1
ضغطٍ,1
الأزمات:,1
مصحوب,1
لتفاقم,1
وجاذبية.,1
أكثير,1
والبشر,1
و127.9,1
منفذة،,1
674.6,1
بالمؤشر,1
إجماليات,1
لحافظ,1
أعشاب,1
إذكاء,1
أطرافاً,1
مُنعزلةً.,1
واقعةً,1
كونهِ,1
الحادثُ,1
سولوخومبو.,1
وحطام،,1
طيني,1
شركاتِ,1
أصلِ,1
شركاتٍ,1
أربعِ,1
تراخيصَ,1
حزيرانَ/يونيو,1
واستخراج,1
بحفر,1
وأربك,1
للنقابة،,1
كوتلر,1
وإروين,1
هانغ-تونغ,1
وتشاو,1
تجاهلهم,1
وتضخيم,1
والحدود،,1
يعيشونها،,1
غيغاوات.,1
واختاره,1
سادسا،,1
والمزج.,1
لمبيعاتها,1
صلاحيتها,1
سيُبقيها,1
وصمود,1
الصحفيون،,1
والبدنية,1
وسفاح,1
للبلاد”.,1
والخدمات:,1
والخروج,1
والدمار.,1
بالانهيار,1
ستصيب,1
حلّاً,1
والاغتصاب،,1
بالإجهاض,1
بالشخصي،,1
والفضة،,1
"غربه"".",1
شرقه,1
شماله,1
وتنموية،,1
خدمية,1
مدخولات,1
وأفريقياً,1
للنهوض,1
تفرقة،,1
يساند,1
ظلم,1
اللاعبة،,1
صريحاً,1
اتهاماً,1
"علماني""",1
"""بابا",1
الخطابة,1
المزدهر,1
الـ80.,1
بثروة,1
ملياردير,1
السويسري.,1
"""كاش""",1
تلد,1
وصيغ,1
والتوجّه,1
تغليب,1
ودولته.,1
ومستقبله,1
ليبدأ,1
تدريباً,1
أرقى,1
العالقة.,1
دافعاً,1
وستتلاشى,1
ستُنفق,1
"الصغيرة"".",1
عبدالناصر,1
"الجحيم"".",1
همرشولد,1
داغ,1
أمنائها,1
عبثاً,1
غوتيرش,1
ودعواته,1
لدعائه,1
"""الزليج""",1
البديعة,1
بزخرفته,1
سقفًا,1
"""تداول""!",1
رملية،,1
نفاثة,1
الخُبَر,1
نسمعها,1
الضوضاء,1
وعنفًا,1
التنقل،,1
"والاستثمار"".",1
واتفاقيات,1
بزيارات,1
وتكاملاً,1
باسطة,1
بقيادةٍ,1
السياسية؛,1
ترافالغار،,1
وصادقة.,1
(تقريبًا),1
الحيوان”،,1
“تفي,1
بمياه,1
حقولهم,1
يسقون,1
رحلاته,1
تصطف,1
والجبس،,1
الخشب,1
ومنقوشات,1
مقدسة،,1
لمنزلة,1
الممثلون,1
أستوديوهات,1
١٩٤٠،,1
١٩١٨,1
هيدانكيو,1
نيهون,1
مانحين,1
الكفرة.,1
واقعهم,1
امتزج,1
المدمّرة,1
تطوى,1
أرضها،,1
لهيمنتها,1
إخمادُ,1
تمَّ,1
البريَّةِ،,1
مَحمية,1
تنظيفِ,1
أعادا,1
إقراض,1
لشركتين,1
المفاجئان,1
الإفلاسان,1
عميق.,1
سعري,1
مهمًا.,1
يقلق،,1
يدي،,1
وتلويحة,1
(الموساد),1
بجهاز,1
صلات,1
تتهمهم,1
وأعدمت,1
مدبرة,1
الانجرار,1
المظاهرة,1
والهندوس,1
والمسيحيين,1
والكويكرز,1
واليهود,1
كالبوذيين,1
توحدت,1
بِسرعةٍ.,1
حماسِهم,1
ومجزيًا,1
ويتوقّع,1
الموضوعية.,1
تحملهما,1
الوضع”،,1
“المساهمة,1
بوكلوكار”،,1
“بوستيان,1
كاتيتش”,1
“أندريا,1
استقالت,1
“شوتار”,1
الكونغرس.,1
والتمويلي؛,1
المستوي,1
عملياته,1
فالوصول,1
والإقليمي.,1
الريادية,1
44%،,1
102%,1
مُسجلة,1
للسياحة،,1
باروميتر,1
حرماننا,1
يوحد,1
للداخلية.,1
بتنفيذه،,1
واستعمالها،,1
المفرقعات،,1
سكنه,1
ورصد،,1
بحُسنِ,1
وزملاؤهُ,1
بالمِثلِ،,1
سكليار،,1
"السياسي"".",1
وعائلته,1
للمسيحية,1
"""إخلاصه",1
"أسامح""",1
تبكي:,1
إيريكا,1
وذوو,1
والنازحون,1
تُستبعد,1
فغالبًا,1
بشدة:,1
الحسابات.,1
فضاءً,1
مواقفهم.,1
الكازاخستاني،,1
وكيميائيًا,1
التحلل,1
النفاذة,1
يستنشقون,1
للصين.,1
44.2,1
جونزاليس،,1
لِلمُساعدةِ,1
العامَّةِ,1
وزارةِ,1
لِمُناقصةِ,1
نيَّةٍ,1
بوسائل,1
أجري,1
لأخر,1
"ورفضت""،",1
"""حاول",1
منجز,1
التفاهة,1
وتمرير,1
الرديء,1
الغاضبين,1
وأعيد،,1
لاستبيان,1
وسبّب,1
حفيظة,1
الرداءة،,1
أشكالاً,1
عَكَسَ,1
كارثةَ,1
كوريغ,1
(نورث,1
ماتسوكوبو,1
وماناكا,1
–كوريا,1
(أمنوكغانج,1
تشونغ,1
(نادي,1
تشوي,1
أجورٍ,1
كثيرهم,1
"للتلاميذ"".",1
توفره,1
مطابقتها,1
الهائلِ,1
الكَمِّ,1
الجمهورِ,1
للإغلاقِ,1
ثلاثةٌ,1
اضطُرَّتْ,1
شواطئَ،,1
تسعةِ,1
بِشدَّةٍ,1
لوَّثَتْ,1
ثمانينَ,1
التيارِ,1
تدفَّقَتِ,1
التسرب:,1
حجمَ,1
اليقينِ,1
استعادتها,1
"""نشهد",1
إعلامية:,1
انتظارهم،,1
"""عاماً",1
رسالتين:,1
"الدوحة"".",1
"""المفاوضات",1
"الإعلام""،",1
تتداوله,1
"""تعقيبًا",1
"""شهاب""",1
يهتمون,1
قبلُ”.,1
يسبقْ,1
الخامِ.علَّقَت,1
وجدّدت,1
وازداد,1
والانتصار,1
"مطروحة""،",1
(هزيمة),1
المحدد)،,1
موعدها,1
ستجرى,1
(وسط,1
"الانتخابات""",1
التربية،,1
"""فتح",1
لمؤسسة,1
وبريدية,1
"""الحكومة24""،",1
"ساعة"".",1
فوتبول)،,1
ونبني,1
الكلفة،,1
ونخفّض,1
ونسرّع,1
تُعطى,1
مصانعنا,1
بقدراتها،,1
هو-جونغ،,1
إنسولين,1
الجيدة).,1
وتحديداً،,1
الأيضي،,1
متوازنًا.,1
يوفّرها,1
مشدّدة,1
الشّرق،,1
أصليّين,1
والنيفخشاف،,1
والناناي،,1
الإيفنيك،,1
الصّغيرة,1
العرقيّة,1
الرّجال,1
نسبيّ،,1
جانبنا,1
عميقاً,1
احتراماً,1
ونولي,1
انيكا,1
المحدثة.,1
"""ساما""اعتماد",1
عاديون,1
للدواء,1
8.4%,1
حقنة,1
"""إم.إي.تي-233",1
وستتيح,1
سلهت,1
خاسي,1
أستروأسية,1
«التكامل»،,1
الفيروسين.,1
ولضمان,1
يشكلانها،,1
الفيروسين,1
ميستو.,1
الخاسية,1
لمشترياتها,1
تسعيره,1
متوقعين,1
وتخفيضين,1
سعّرت,1
وريكو,1
أوريلي,1
جوركوفيتش”،,1
“سابريان,1
"الكاملة"".",1
المفردة,1
للمحاليل,1
للديناميكيات,1
إسهاماً,1
عقدوا,1
العمل”,1
تُلزِمُ,1
حاليًا—,1
—المهجور,1
يوقعوا,1
لدولٍ,1
للحصانة,1
فبدون,1
استقرارهم,1
ويستهدف,1
تُنتهك.,1
موعدٍ,1
بالتقدّم,1
المُهتمين,1
هجومه؟,1
ثقتكم..,1
خنتُ,1
وسرقت,1
صغد,1
والمتمثل,1
إقامتِهم,1
التسوّلِ,1
بعدمِ,1
يتعهدونَ,1
بتصريحٍ,1
بالإدلاءِ,1
أغيلار،,1
أفعالهم.,1
قراراتٍ,1
شرعوا,1
الحجاجَ,1
الجديدةُ,1
الإجراءاتُ,1
بالتدفق,1
الأذربيجاني،,1
وبعيدة,1
هشة,1
للغاية..,1
"""الناس",1
وقلما,1
للارتفاع.,1
1470,1
للمرصد,1
ويستعيده,1
لبيتكوين,1
دورانت,1
والدفاعي,1
يورشيتش,1
كونتيروس،,1
ليجسد,1
"يبدو""،",1
"2028""ضمن",1
عبرحكاية,1
القوالب,1
الشرير،,1
والدراما,1
"الموهوب"".",1
"""الطفل",1
والتجديد،,1
"الصداقة""",1
المُتضرِّرينَ.,1
أعلنتْ,1
ملايينَ,1
البالغةُ,1
العذبة.,1
أنفاسهم،,1
يلتقطون,1
(السوريين),1
لأجعلهم,1
لرحلته,1
صدفة,1
معقدة.,1
الظل،,1
الموعودةُ,1
التَّعويضاتُ,1
تصلْ,1
والخرائط,1
بلباو,1
أتلتيك,1
المنقوص,1
"""شريف""،",1
اندمج,1
نيكيتياه,1
جدلية,1
بالحيوية.,1
تذخر,1
منكّهة,1
تُغمس,1
والحرية».,1
الشحيحة.,1
المتجمعة,1
صوْبَ,1
مُعتمدة،,1
وأجنبية,1
وابتداءً,1
والتعبيرات,1
فنزويلا):,1
وسنعمل,1
وندرك,1
":""نعرف",1
وصياغتها.,1
المهارة،,1
تطرحها,1
شجعني,1
يونيفرسالاشيك,1
وساهموا,1
(أعلى,1
قُدم,1
396.5,1
مفاوضات،,1
بهشت,1
كوهرنك,1
قناتَي,1
الانبعاجات،,1
للغطاء,1
الأطلنطي.,1
وثلاثتهم,1
ولاتفيا،,1
ليتوانيا,1
بالمسيرات,1
لزيلينسكي؛,1
بوتين؛,1
آلاسكا,1
والاستشارات,1
احتمالًا.,1
أليجري.,1
دوهينج,1
تشونج،,1
سونجهي,1
اتصاله,1
بالتبني.,1
وابنته,1
البيولوجيين,1
830.8,1
856.3,1
أغطيتك.,1
وترتعش,1
التجرد,1
ستخسره,1
السامية.,1
برسائلها,1
بحجمها،,1
فالدبلوماسية,1
إشراقًا؛,1
المهم:,1
حاجبيّ,1
الجميلتين،,1
عينيّ,1
تفوقي,1
غارت,1
واستني,1
حساساً,1
أدلي,1
فأجاب:,1
الامر,1
وسُئل,1
نايب,1
بالسلفادوري,1
الثاني؛,1
غرد,1
بوالده.,1
للمهام,1
"الأساس""",1
"""حجر",1
وفرا,1
لكنهما,1
فشلا,1
"و""فوبوس",1
"1""",1
مسباري,1
ضرورة،,1
اللاتينية:,1
وتنتقد,1
قطعان,1
كاهلهم.,1
وشعري,1
الرفيعين,1
العاملينَ,1
يَحدُو,1
أسبوعا.,1
وهميا,1
وعائية,1
حركية,1
ويعانين,1
الجنوبي.,1
يسببإعصار,1
"باسيفيك""",1
"""كاثي",1
الأجرة.,1
والإنشاء,1
للتجهيز,1
المضافة،وتصل,1
68.25,1
(11.,1
ومعالجتها،,1
الصلبة:,1
العلاجِ.,1
وتوفيرِ,1
البياناتِ،,1
لِجمعِ,1
بِجِدٍّ,1
يعملونَ,1
لأنَّهم,1
هدفِ,1
والمعيشي,1
"والمبتكرة""",1
"""التجربة",1
ويحرمون,1
الصحيِّينَ,1
0.74,1
سعرية.,1
و20%،,1
المكشوفة،,1
معظمه,1
التذبذب,1
صعوبتها.,1
ودولار,1
الوثير.,1
فراشي,1
مستغرقة,1
وأحلم,1
رفيع،,1
قطني,1
فراش,1
أنام,1
بريقه,1
المنفذة,1
"""الكيميائية",1
إنرجيزفي,1
أنشطةتوتال,1
لتوسع,1
استعمرت,1
بخصم,1
يتحدون,1
"بروكسل""",1
"""البيروقراطيين",1
شركةأبلإن,1
2.75,1
فبلغ,1
الخردة،,1
1998.,1
نسوية,1
للأوعية,1
كاروتين,1
البيتا,1
البكتين,1
زوال”.,1
متكبر,1
درامية.,1
تحاصره,1
وشركاتها,1
تكافئ,1
مبالغات,1
ومشتريات,1
إسرائيل”،,1
بـ”ملك,1
يُلقَّب,1
ريهانا،,1
بيركنز،,1
"""كانفا""",1
أمودي،,1
دانييلا,1
سويفت،,1
وهن:,1
بأنفسهن،,1
ثرواتهن,1
حققن,1
بالتوقعات,1
بنسبتي,1
"العالمي""،",1
"""آفاق",1
واليتيمة.,1
والقديمة,1
أديداس،,1
يانغون،,1
يه,1
بِدء,1
واسعًا.,1
جماهيريًا,1
تنظيمًا،,1
هرمية،,1
كالنقابات,1
التعبئات,1
ويقلص,1
عامر،,1
"""سوديك""",1
الوسطى”.,1
“لبنان,1
ون.,1
سيجيفريدو,1
لتعلّمها,1
الدّراسة,1
فقدها,1
الأصليّة،,1
يابانية.,1
مصنّعة,1
وتعاقدات,1
لوزارةالتجارة,1
لنسيجنا.,1
كأنوال,1
نختارها,1
تعبيرنا،,1
والإثارة،,1
الأجور.,1
إضرابًا,1
لامعة,1
خرّج,1
ميونغ،,1
العادل،,1
شكلتها,1
تُعالجها,1
97.326,1
كبره.,1
السلفادورية؛,1
النيكاراغوي,1
الإسرائيلي”,1
“الحل,1
السلفادوري,1
التمرد-,1
-أحد,1
أوتشوا,1
тој,1
“التقاء,1
اسْتُخدِم,1
غورتاري،,1
ساليناس,1
"ميتروبوليتانو""،",1
سُمعت,1
الصرخات,1
أويورومز)،,1
أغاروال,1
وريتاش,1
فيغما)،,1
وديلان,1
إيثيريوم)،,1
بوتيرين,1
فيتاليك,1
يواني,1
والكونغولي,1
الكاميروني,1
هدّافيه,1
نورغارد،,1
نزيفا,1
"""النحل""",1
لغات.,1
الإسبانييون,1
عالمين”,1
وثيقًا،,1
زنجبيل,1
جعة,1
مكونًا,1
продава.,1
ги,1
سبيروفسكي,1
السّيبراني,1
وعملًا,1
والمكسيك.,1
٥٣%.,1
٩٨%,1
٧٤%,1
المعينة,1
مختارة,1
التبشيرية.,1
تعقدها.,1
ويغفلون,1
فيبرزون,1
أيديولوجية،,1
المعلقون,1
ويسا.,1
الثقافات،,1
دمى,1
ويقارنون,1
قراءاتهم,1
ويستقون,1
ينهلون,1
معرفيا,1
كنزا,1
والمهتمون,1
الدارسون,1
целта,1
автоматизираат,1
направени,1
ботовите,1
ميتا.إم-كي:,1
تصريحٍ,1
وأسنان,1
وملابسها,1
الأرصفة،,1
بأنقاضها,1
المتداعية،,1
يتقاضاها,1
بالأجور,1
بتحمّل,1
الصيت.,1
النزيه,1
بالمعارضة,1
الكُتاب,1
ذائعة,1
ملهمة,1
يعرضه,1
ويتتبعون,1
اللفظية،,1
عُماني.,1
"""مصدر""",1
العمانية,1
"والمياه""",1
الذرّية.,1
نهايتها.,1
7920,1
قياسيًا”,1
“رقمًا,1
و7000,1
6000،,1
المنشورة),1
البلدية”.,1
للآخر؛,1
المسوسة،,1
وتستثمر,1
نيوم،,1
(750),1
(31),1
(29%)،,1
(236.77),1
الأخيرة؛,1
(75),1
لشراكة,1
الفايد.,1
القطر,1
واشترى,1
"الزيادة""،",1
متزامن.,1
وكلام,1
وعيون,1
متوعّداً,1
«والي»,1
والريفية،,1
جنائية،,1
شعبوية,1
وديناميات,1
بسمات,1
وافد,1
خلت؛,1
/فبراير،,1
تسريحه,1
والمحاصصة.,1
"""مصائب""",1
التنمر,1
"""الفساد",1
والتحويلية.,1
سيرهو,1
والغيني,1
22،,1
أليستر,1
23،,1
بيلنغهام،,1
والفيضانات.,1
الوشيكة،,1
استباقية,1
ونفوذ,1
وفوضوية،,1
محلي:,1
أوليفيرا،,1
خواريز,1
نظره.,1
وهازئاً,1
لبورصة,1
المرجعي,1
٢٠١٤,1
المبتكرين,1
وأذربيجان.,1
سُلطتهِ.,1
انتفض,1
والدبابات،,1
هليكوبتر,1
21.,1
غيراسي,1
لقطاعِ,1
المنهجيِّ,1
الإهمالِ,1
والمستمرَّ,1
الإحباطَ,1
ارتكازا,1
منوال,1
مضبوطة,1
وبآجال,1
نتنياهوتوعد,1
الإسرائيليبنيامين,1
والفلاحة,1
القطاعية،,1
32.6%،,1
الحميمة”,1
“الصداقة,1
للمهاجمين.,1
"يتيمة""",1
"""هويات",1
بالشعوب,1
"""مازي""",1
لأمير,1
بقا..,1
بالصورة,1
أنزل,1
"""قولت",1
لتطويرنا.,1
خضنا,1
سيُضيفون,1
أتيحت,1
يُساعدهم,1
سنواجهها,1
البرازيلي:,1
92.9,1
227.91,1
145.32%,1
وخصائص,1
قواسم,1
شخصيتي,1
**بالعكس،,1
أساسيةً,1
مخبوزات,1
إحصائية.,1
لازمة,1
"""بوليتيكو""",1
50%.,1
ومالطا.,1
تلتها,1
"فعلا"".",1
الشقاوة,1
الشاطر,1
"""أبطال",1
"كرارة""،",1
"""ساينس""",1
البلقاني,1
كادريتش,1
آدين,1
لإيجارات,1
الاستبدال),1
(تكلفة,1
بتحلية,1
مخبوز,1
مسيرتهم،,1
الشتاء،,1
للسيناريو،,1
قراءتي,1
للاكتشاف.,1
يشبهني،,1
تحمست,1
تأطيرها,1
المسافات.,1
ببعضنا،,1
بعضنا،,1
الإخباري.,1
"""أفريكا",1
مؤقتا،,1
لمعاونة,1
قارعة,1
بطوله,1
بمسؤوليات,1
وإعلام,1
لنمذجة,1
الهيكلي،,1
المحوسب,1
المقطعي,1
لفظيًّا,1
المُحتل,1
وصولهما،,1
للدفء.,1
والشعوب.,1
للفاتيكان,1
ومسيرات,1
375.3,1
"متوازنة""",1
"""حزبنا""",1
8.3,1
"البديل""،",1
"""كتلة",1
25.6,1
بـ48,1
مرحة،,1
بمقاضاة,1
شاي.,1
وجهه,1
تعابير,1
3739,1
“قسد”.,1
ومُتَّهِمًا,1
مثير.,1
السابقان،,1
الزميلان,1
بعضهما,1
مواجهتهما,1
التهديفية,1
والمساهمات,1
“ب,1
ناعتًا,1
مختبئة,1
بالتوقيف،,1
تهديده,1
كبير.وبعد,1
الترشح،,1
المئات.وتقول,1
وسجن,1
سادها,1
بياناتها.,1
للأسعار,1
واعتقلت,1
بالقضية،,1
"الإبداعي"".",1
بالعاطفة.,1
ومدفوعة,1
منتقد,1
"""معرض",1
النقاشية,1
للمخ,1
وأجريت,1
ويحققون,1
"استراتيجي""،",1
"""تجديد",1
ينخرطون,1
زوجاً,1
والمنتجون,1
الفنانون,1
سيُدمجه,1
دوبوف،,1
بالكهرباء.,1
ستتاجر,1
المساندة.,1
والمتعاونة.,1
الودودة,1
بشخصيته,1
تفاجأت,1
جذبتني،,1
"""غول""",1
لحياتنا,1
سيعنيه,1
مجهولًا،,1
"""أعبر",1
وتبرهن,1
"""زيجين",1
ستجتاج,1
عاصفة.,1
مبالغاً,1
"سكيب""،",1
بالإجبار,1
عاريات,1
تفتيشهن,1
انتهاكهن,1
الظاهرية.,1
الموردين،,1
سكينتها،,1
تسلب,1
اللامعة,1
“الاحتجاج,1
آي”،,1
المكسيكية.,1
والهروب,1
مرهق,1
والأمهات,1
تكدّس,1
القتلة,1
وقُتلت,1
ساتوروف,1
إمرالي,1
سجنه,1
إعلانًا,1
ثلاثينيات,1
ومنصب,1
الأورام,1
متبادلًا.,1
"المجاعة"".",1
وتفشي,1
ختموا,1
علمهم.,1
للاشتراك,1
"""لسنوات،",1
للصعود،,1
68%،,1
يمكنها،,1
متجاورة.,1
توماسي,1
مالياً،,1
فنياً,1
لشخصين.,1
3300,1
8800,1
وتكلف,1
وعبور,1
تنتظره,1
شقيقته,1
الفعليين.,1
المتسلسلين,1
الماليةبتاريخ,1
​وافقتهيئة,1
الصيد.,1
الحرفية,1
بأدواتهم,1
ألفَ,1
جديدٌ,1
حميد,1
بانتقاده,1
شاعر,1
معاطف.,1
تتذمر,1
أصدقائك،,1
بسعادة,1
تسبح,1
سوقية,1
يتطلّبان,1
جراحه,1
ودمل,1
ترميمه,1
شأوًا,1
المتمادي،,1
البنيويّ,1
اللبنانيّ,1
التصدّع,1
وبرهانٍ,1
برهانٍ,1
ثابتة،,1
30%من,1
16.8,1
"المرافق""",1
"""إي",1
هواءً,1
بشغف،,1
أراقبها,1
لإعطائنا,1
والمنزل),1
(خارج,1
وفّر,1
وحيادية،,1
جدولها,1
ودوسلدورف,1
كولونيا,1
الراين-ويستفاليا،,1
والموضعيّ.,1
والعقلانيّ,1
الواقعيّ,1
أعجوبةً,1
ببنادقهم,1
الباسيج,1
ثقيلاً,1
وتُشكّل,1
الموجَّهة,1
هرتسوغ,1
الرئيسيين،,1
ومنسقاً،,1
وقابلاً,1
مستداماً,1
"الفلسطينية""",1
"""التحالف",1
تراك,1
للحوادث,1
إلي.,1
ومتاحًا,1
وسباقات,1
لفصلها,1
استبدالها،,1
إصدارِ,1
التطورّاتِ,1
يتابعُ,1
المنسق,1
"بالذنب"".",1
أوصيتُ،,1
كاهله.,1
وتُثقل,1
بتكنولوجيا,1
لتفتيش,1
المشاة،,1
ويستجوبون,1
يوقفون,1
تحسم,1
عجزت,1
ودبلوماسية،,1
وصمودها,1
تحديثه،,1
"ستوديو""،",1
"""إيكو",1
ويشبه,1
تستأنفالصينبعد,1
الخوادم.,1
والخارجية.,1
حمت,1
نسّق,1
ترفيها،,1
والغولف,1
والملاكمة,1
والادعاء,1
الحجار,1
إدارته.,1
تدخلًا,1
أندريس،,1
كايتانا,1
أباسكال,1
ذويهم،,1
تستهوي,1
موسميًا,1
اختيارها.,1
ربحت.,1
المسارات.,1
بساطة,1
نظريا,1
توقف،,1
تؤثران,1
وطبيعته,1
“إله”.,1
الهوس,1
المنتظر،,1
الاصطناعي”،,1
“ذُهان,1
والإثراء,1
بتجريد,1
واضحاً،,1
الإبادية.,1
توحش,1
يُقبض,1
مبطن,1
والتزوير,1
الاختلاس,1
لمقتطفات,1
الفلسطيني..,1
1967م،,1
العالمية؟,1
الغرب”،,1
تألقها.,1
متمنياً,1
"بالنار.""",1
جيداً.,1
كوم.,1
الدوت,1
150%,1
بمجلة,1
"لحظة""",1
منفرد,1
وجسده,1
ياوين،,1
مطربها,1
لمزارعي,1
4.3%,1
منطقية.,1
بجهلهم,1
الجيدة،,1
ينحاز,1
0.31%.,1
6643.68,1
0.59%،,1
38.82,1
التطوعية,1
بالتأهل,1
"العمال""،",1
خطابها,1
المدنيّين,1
الضّوء,1
المتزامنة,1
الدّفاعيّة،,1
(المركزي)،,1
اعتمدها,1
الانكماشية,1
حسناً.,1
“مزحة،,1
سول.,1
فوندو،,1
باسو,1
وخبيرة,1
معمارية,1
مارينا,1
تخصيصه,1
إيرأحد,1
والسلام.,1
البيني.,1
كمنصة,1
والتشاركي,1
الشفاف,1
وجفاف,1
وامتلاكه،,1
أونو.,1
دياريو,1
العامه,1
“الإجراءات,1
وحذروا,1
تلقائية.,1
تجاريّة,1
اتّصالاتهم,1
الغوغائي,1
يتجهون,1
يغامرون،,1
كاستثمار,1
ومديرو,1
تُستثمر,1
والمؤسسية،,1
دوفورك،,1
المكياج.,1
للأبد.,1
احتلت،,1
أرومية،,1
بُقع,1
بـ300,1
المقدَّرة,1
والمستنقعات،,1
وهمًا,1
“تخلق,1
تقييده،,1
مادّي،,1
"بـ""عزل",1
فاشلة.,1
سكانها،,1
“يتحدث,1
باندي:,1
ماهندرا,1
السماء.,1
بالعلوم,1
اهتمت,1
وحيدة.,1
ويحصل,1
والشنق,1
مباشر:,1
سُبل,1
"تايوان""",1
الذهبكانت,1
الإيجابيةلأسعار,1
المريري،,1
"""أوربكس""",1
والاتحاد.,1
العيار,1
سلودبودن,1
وتمكّنت,1
النّهاية,1
الصّربيّة,1
الطّلاب,1
محدّدة.”,1
برواج,1
ديسكو,1
7.5%،,1
سومكو,1
8.4%،,1
ليزرتك,1
هوى,1
للانخفاض,1
أماكنهم,1
يتمكنون,1
"العراقية""سومو""،",1
الوعي،,1
وفقدانه,1
"""بقوة",1
للشكوى،,1
آمنين.,1
الصعوبة.,1
العافية,1
مناعتهم،,1
"المشروع"".",1
"""الإدارات",1
باقتراحه,1
للأذهان,1
أنالصينتوجه,1
المؤشر.,1
أجريت،,1
تستطيع”.,1
تحفيزي,1
وحياتي،,1
سازرلاند،,1
جانيس,1
أنتيجوان,1
تذيع,1
والنتائج،,1
السّكّانيّ,1
ناناي،,1
دادا,1
جُند,1
سيوليانديزغا,1
للمدافع,1
وتبعًا,1
(ف.ر):,1
بالمخاوف,1
34.6,1
لقتلهنّ.,1
٦٣,1
تشياباس،,1
١٩٧,1
والتيسير,1
تُشيد,1
إنتل,1
ومدعين,1
محاماة,1
للعمال،,1
إتش-1بي,1
روضة,1
توغوغا,1
وألاماتا,1
أديديرو,1
"""التشويهية""",1
مضادة.,1
"""المؤثرين""",1
لمستشفيات,1
مشغلين,1
بالمجتمع.,1
وشعارنا,1
والأجنحة،,1
متداولاً.,1
عصابية,1
هواة،,1
"الفنان"".",1
"""نحذركم",1
الرسمية:,1
ودولياً.,1
مكّنها,1
عناصرها،,1
لبكين.,1
وتدريبه,1
الكود,1
جامدة،,1
"""إنتل"".",1
بالعقول,1
تميزه,1
عمل؟,1
كأرباب,1
ضمائرهم,1
بلورة,1
مليارات،,1
العرابي،,1
حرب!,1
لندرة,1
الحيواني,1
العلف,1
يقتاتون,1
260,1
وتحاصر,1
المضيء.,1
سلعًا,1
الإنتاج؟,1
بالتنقيب,1
3661,1
بالإرهاق,1
بنومه،,1
مضحياً,1
لوحاته،,1
بيومه,1
المتجدد,1
التزييف.,1
قاوموا,1
مزيف،,1
فالكلمة,1
المأجورة.,1
بالجيوش,1
فالتاريخ,1
والفكر,1
الحنين,1
الدودية.,1
لسرطان,1
العالميّين.,1
للفاعلين,1
السّيولة,1
المواطن.,1
الإجمالي؛,1
ولقاؤه,1
حلقةً,1
فصلًا,1
شاسعة.,1
والعابر,1
بواردات,1
يكتفون,1
السكانِ,1
هشاشةِ,1
واستنزافِ,1
اخضرارًا,1
بإفريقيا,1
"الواحدة"".",1
تشكيكاً,1
يفارقني,1
المعلومة،,1
حر،,1
والتنديد،,1
بالفضح,1
الوهمية.,1
جحافل,1
تصدوا,1
المأوى،,1
وغيابِ,1
والمجاعةِ,1
كالفقرِ,1
الاجتماعيةِ,1
الأضرارِ,1
مرارةَ,1
يتجرّعون,1
المناخيِّ،,1
قوتها،,1
منطقي.,1
بكونه,1
قتال,1
التغيّرِ,1
تداعياتِ,1
بمواجهةِ,1
للمهارات،,1
والسلع.,1
المطلق،,1
لتقديرها,1
وتحتفظ,1
هللات)،,1
التوزيع0.1,1
"مائية""،",1
"""معادن",1
صدمية,1
و602,1
392,1
المصالحِ,1
تضاربِ,1
مُحاصَرةً,1
تجدُ,1
أرجائها،,1
مبعثرة,1
الإبر,1
ساعدتُ,1
مشكلته،,1
لركبته،,1
المفصلي,1
توزيعها.,1
المحتاجين,1
المستغلة،,1
وإستراتيجيتها,1
الإستراتيجية،,1
وخبراتها,1
تنافسية،,1
لفيتنام,1
والأتمتة.,1
الأشجار”،,1
التل:,1
متسلقًا,1
شتلة,1
ضاحكة,1
التام.,1
الاستجابة،,1
أوراق”،,1
"نفعاً""،",1
ومعتاد,1
وتُبرز,1
بلان.,1
بالخطوات,1
مقدساتها.,1
ابتزاز،,1
المشبع,1
وثقافي.,1
مرعبة.,1
شنق,1
المسلخ,1
شبهت,1
مارس).,1
(6-15,1
المتخذ,1
تعادلات)،,1
مكتوب.,1
أرشيفات,1
قيّم،,1
السعدية,1
أرباح،,1
لأرضنا”.,1
نظرتهم,1
بتركيا؟,1
الكثيرين.,1
خطفت,1
اللفتة,1
الطفلين،,1
الانفراد,1
صفو,1
معكّرة,1
كفاراتسخيليا،,1
فطالت,1
والإعفاء,1
بالخدمة,1
القانونيّ,1
بالحقّ,1
يتمتّع,1
بالقتل،,1
برمجيًا،,1
الإذن،,1
وأسهموا,1
المطاعم،,1
وأنعشوا,1
الفنادق،,1
ملؤوا,1
معجزات,1
العبد,1
حجاج،,1
والتعقيد.,1
داخلإيرانقبيل,1
طالت.,1
صَدَقَتْ,1
المنجمية،,1
ركاش،,1
مدعّمة,1
والتدقيق.,1
يضعهما,1
التحرش-,1
ناشطون،,1
لاحتضان,1
علىالمريخهاجساً,1
مقبلون,1
بولوج,1
للديون،,1
مُصدِراً,1
3.8,1
26.3%,1
بالوجه).,1
القفل,1
الإصبع,1
ولافتاتهم,1
عصيهم,1
يضيئون,1
خلافته,1
المُقنع,1
بالمسؤولين.,1
شابه-،,1
يداً,1
المولّدة,1
ومُوَفَّقة,1
ليفرز,1
والمسلمين،,1
"الحادثة"".",1
"""تُجري",1
طاقمها,1
لأضرار,1
والنزاهة,1
المجلسين،,1
بالأساس.,1
يقرّها,1
وولادات,1
لهنّ,1
حياتهنّ,1
0.12,1
1.1752,1
وتأمينها,1
وتاريخٍ,1
شائك,1
وتنبع,1
ومرحة.,1
بارعة,1
المكتوب,1
المراسل,1
الرجلان,1
2023/2024.,1
3.85,1
التقنين,1
إيه.إس.إم.إل,1
العربي”,1
العربي”،,1
“الوطن,1
لحجج,1
الأرخبيل،,1
1833,1
الماديسي,1
الداليت,1
لصياغة,1
شُكّلت,1
بالأمان.,1
لإحساسهم,1
كغرباء,1
الوافدون,1
يراهم,1
فالنسيج,1
قريته.,1
اعتراضًا,1
سيضطر،,1
ديمبيلي،,1
المشاهدين.,1
كبروا,1
“ل,1
وستولي,1
يتابعها,1
المتابعين،,1
الطائرات:,1
لانزيلوتا،,1
الأدميرال,1
وتمكينه,1
للإناث،,1
ترسّخ,1
الغامبيين,1
شرفهم.,1
والرقص,1
التطبيل،,1
ثقافية.,1
وثريا,1
عارف،,1
ونهى,1
البيّار،,1
وابتكار,1
1883–1960),1
(富永堅吾,1
توميناجا,1
كينجو,1
للكيندو,1
والكاتب,1
صوتاً،,1
هاسيت،,1
"كفريق"".",1
كمجموعة،,1
رادعاً,1
ننشئ,1
غيرهم...,1
خصومنا,1
حلفاءنا،,1
"""نطمئن",1
تجذرًا,1
فشيئًا.,1
وتأقلمت,1
اليابانيين.,1
بحريتها,1
لانتكاسة,1
المتعمدة”,1
“المجاعة,1
بالثلاثة,1
ليذكر,1
الهرمي,1
والتسلسل,1
للأقدمية,1
(天覧武道大会),1
بودو,1
تينران,1
روديغر,1
وقلب,1
ألكسندر-أرنولد,1
ترينت,1
و230,1
أديداس,1
لأحذية,1
وإسرائيلية,1
كمنظمات,1
حركتي,1
وتصنيفه,1
التصويتات,1
“عكس,1
لميلي,1
منظمو,1
دعمًا.,1
متعمدًا,1
الاستدامة.,1
للوعي,1
آليًا.,1
التوضيحي,1
القاموس،,1
الكلمات)،,1
(حتى,1
منسوخًا,1
1862–1950),1
高野佐三郎,1
تاكانو,1
ساسابورو,1
“كيندوكا”,1
المشهور,1
١٩٢٩,1
وثقافيًا،,1
أدبيًا،,1
مهرجانًا,1
بحثٌ,1
السُنيّات,1
«الشاب»,1
سطوته,1
زمنياً،,1
لعبد,1
«التأريخ»,1
فتحه.,1
بآثار,1
المُوجَّهة,1
وحيوانات,1
والقطط,1
قاومت,1
يُحسما,1
وتوقيتها,1
وأبوظبي،,1
"بمجموعتين"".",1
استغلالها.,1
ولعبنا,1
":""أشعر",1
سيصدره,1
قوضت,1
يطول,1
والتخصيم.,1
التأجير,1
حلولها,1
إنسبروك.,1
التيرولية”,1
“القرية,1
مقرٌّ,1
“لهنيزدو”,1
للعربية.نت/الحدث.نت.,1
وينحدرون,1
1966,1
66-155,1
"خطيرة""،",1
ارتكبوا,1
"""يدين",1
صحافية،,1
صابري,1
بالاختلافات،,1
منصاتٍ,1
الزيادة.,1
983.66,1
وخصوصًا,1
فيهجوم,1
أبوية,1
الرقائق:,1
"رائع""،",1
معاقبته.,1
تمنحه,1
التبليغ,1
هيلبس,1
كالتشر,1
“سينس”),1
لمكتبة,1
المنزل”,1
“كتب,1
لوتسك,1
“فرونتيرا”,1
(وبالتعاون,1
تؤهلها,1
2002،,1
“ستكون,1
الترقوة,1
عظمة,1
أوليسيا,1
المكون.,1
تعدادهم,1
سوريين,1
ويقبع,1
الدواعش,1
"المجهول""،",1
"""عارض",1
للشاشة,1
مؤخرًا.,1
فديةإلكتروني,1
وإيرباص,1
موقعنا,1
"""نسعى",1
أوبيرن:,1
الانسحابات.,1
الجولان،,1
بممر,1
وموسى,1
لصغيرين:,1
والشاشات,1
كشاشة,1
التسريبات،,1
تنديداً,1
وأخريات,1
وريادتها,1
واستغرقت,1
مسلحين.,1
محتلة,1
النظيف).,1
(اللعب,1
والإنجازات،,1
كالتالي،,1
أحبائنا,1
معظمنا,1
لموردي,1
السكاني،,1
البرمجية.,1
الشيفرة,1
وغانا،,1
المحامين،,1
بطموح،,1
"وبوينغ"".",1
إيمانها,1
أفلامها،,1
باييس”,1
والإكوادور.,1
ماتي,1
حديدية,1
بمقدمة,1
تيمبي,1
الموضح,1
وشاهد,1
اقرأ,1
الأخلاق،,1
وجوههن,1
تدميره،,1
“يحصل,1
خطر”،,1
والإذاعية,1
"حالاتك"".",1
يظهروا,1
واللاعبون,1
الشرعي”,1
“النكاح,1
والتكريم.,1
بالتقدير,1
المسامع،,1
وتخيل,1
الحواجز،,1
تواجَدَ,1
آخر”,1
وضّحَ,1
طبيعيًا”,1
وأصبَحَ,1
"""ألسنتها""،",1
أذرعها،,1
فالجمهورية,1
ورائها،,1
المناورة،,1
اثنين:,1
مردّه,1
المرّة،,1
يحللون,1
المحلّلين,1
بصراحة“.,1
سأقول,1
أختر,1
سيحظ,1
وقعته,1
وتجاهلت,1
منالقوات,1
8.6,1
العربية),1
(باستثناء,1
ويُحظر,1
ويُطلب,1
أوكراني،,1
انقطاعاً,1
لساعات.,1
عطّل,1
الدعم.,1
بخسائر,1
سيلفا.,1
"السنين"".",1
يحكمنا,1
"""العربية.نت/الحدث.نت""",1
خيارًا.,1
والروح.,1
والتوقيت,1
يحاولان,1
غالبيتها,1
3.493,1
الإنترنت؟,1
إحباطهن,1
عبّرن,1
يُنفذ,1
مناسبين,1
ومكانًا,1
وأستمتع,1
ويحب,1
شيروود,1
تركياللمشاركة,1
ومتماسكين,1
منظمين,1
متماسكين,1
للتلف.,1
لتعريضها,1
بحفظها,1
عبوتها،,1
مذكورة,1
الثلاجة.,1
ثباتاً,1
تركيبتها,1
جاك،,1
وأبان,1
المتحدةارتفاعًا,1
منزلياً,1
المُصنّعة,1
الميلاد)،,1
(544-322,1
ماجادها,1
الحكاوي,1
يقدرون,1
الاجتماعيّة.,1
بدقّة,1
الآخرين”،,1
مرئيّين,1
“يكونوا,1
التّصميم،,1
الطين؛,1
تتنفس,1
تشكلان,1
قضيتان,1
سيري,1
"الجديد""،",1
"""البروتين",1
الصدامات.,1
استدعاؤها,1
إثارتها؟,1
مانيه،,1
والحداثة,1
الحسيدية،,1
"وبيربليكسيتي""،",1
منسوبي,1
"الإلكتروني""،",1
"""خدمة",1
وسَّعت,1
الذاكرة.,1
الطقوس/الرموز,1
بيهار,1
والاقتراحات,1
"تحقيقنا""،",1
"""اتخذنا",1
أكتوبر:,1
معلنةً,1
لبعضهما,1
يستخدمان,1
وعارض,1
الدواء؛,1
التزامني,1
وأوزبكستان).,1
(بونيودكور,1
حسنوف,1
والسعودية),1
وحامد,1
تشديده,1
حرفتها,1
العمرانية،,1
و960,1
"وإسرائيل"".",1
(منها),1
وطموحاتها,1
طبقة،,1
جلدها,1
تقشر,1
"""بصلة",1
نازاروف.,1
"يتغير""،",1
الساخنة.,1
مواصلاً,1
لنصابها,1
الانفلات,1
وناجازاكي,1
هيروشيما,1
لقنابل,1
التفجيرية,1
المتفجرات,1
لحملتها,1
بالمستثمرين،,1
والنظافة,1
وملصقات,1
تعريفية،,1
ولوحات,1
فيكتوري,1
بادولاتو,1
انغماس,1
دخلًا,1
الضغوطات,1
الحقيل،,1
الصغرى.,1
قباردا,1
موزدوك,1
شيّدت,1
1763،,1
للروايات,1
مقنع,1
فنًا,1
كأمريكي,1
وطي,1
مدينتهم،,1
وألهمت,1
الأرجنتينيين،,1
الحجج،,1
استهلاكه,1
15.5,1
23.2,1
49.7%,1
أنتِ؟,1
أحد:,1
يسألني,1
يستوردون,1
سيعفي,1
طناً,1
مذكرة.,1
"المالية""،",1
٩٨,1
بالآلية،,1
المضمّنة,1
99%,1
والمستثمرين.,1
وتتعلق,1
تجاريين،,1
منطقية،,1
أجج,1
معتمر.,1
11.3,1
معتمر،,1
16.92,1
المعتمرين,1
بوصول,1
إثراء,1
والعمرة،,1
والحزم,1
(54,1
بالرقة.,1
الطبقات،,1
تمسّك,1
زماني.,1
وجماعة,1
تعهداتهم,1
ويساور,1
مُستخدمو,1
يُبلغ,1
يسلمها,1
مشتراة,1
اليونيسكو،,1
وشريكاً,1
صناعياً,1
معارفهن،,1
أحلامهن،,1
تعريفهم,1
ببضائع,1
ويتحدى,1
يعاند,1
عبود,1
الروشةمن,1
محيطصخرة,1
الله),1
(المقربة,1
تقدّمت,1
مُسبق،,1
سينظم,1
"التكلفة"".",1
"""باهظة",1
إضراب،,1
"كارجو""",1
"""لوفتهانزا",1
"""منع",1
النّيفخ،,1
مستنزفًا,1
مصايد,1
ضربها،,1
وفبراير/شباط,1
وبوكافو,1
وخبيرين,1
باشومبي,1
ومؤهلة؛,1
وفرعها,1
تصويتًا,1
"""كوكبيت""",1
الطيارون،,1
إلغائها.,1
ريديت,1
وتنافسية,1
الدماء،,1
نزفت,1
والتكبّر,1
غلبَ,1
وتعنّت،,1
هوفنهايم,1
(هاتريك),1
إرهاق.,1
لاجئة,1
لمدارس,1
المضطربة».,1
إداريّاً,1
بخطوات,1
الأطلسية،,1
يفسح,1
اضطّرهم,1
وفنانة،,1
1947؟,1
معروضاً,1
181؟,1
ويهودية,1
الصهيونية،,1
المشترية.,1
للشروع,1
وهذا،,1
سياسيّاً,1
جهودها،,1
وتُكثف,1
و(6),1
كايس,1
(تموز),1
وتبخّرت,1
قرأته،,1
“أتواصل,1
لتهديده,1
احتجز,1
مركبة.,1
الفيزيائي,1
ينبثق,1
والفقدان،,1
«أطلقت,1
والسنغال.,1
تخوم,1
بمالي,1
والمسلمين»,1
«هيئة,1
القاعدي,1
أواجه,1
بخُطا,1
الإنجازات،,1
رقماً,1
أضحى,1
يُحتذى,1
عظيمة،,1
باهرة،,1
الصيدلة,1
تركيبها,1
طحالب,1
لألواح,1
ويدرس,1
المدخنات,1
استمعتِ,1
تقديري..,1
المعقل,1
فاشيين,1
وطرقه،,1
ولغته،,1
أفكاره،,1
بتقليد,1
نهضوا,1
جنون,1
محاموها,1
أنكرت,1
نسبيًا.,1
الأحرار,1
كأرض,1
للسود،,1
الحصر,1
متكامل.,1
حكيمة,1
وستتعاون,1
ترافقه,1
لاتزال,1
حفيدها,1
ارتكبته,1
الاسمي,1
الشرائية،,1
"2,559",1
الوردية,1
الآن.“,1
عمومتي,1
أبقي,1
”طلبت,1
ألغاز,1
لفك,1
بثياب,1
990,1
3.52,1
ويليها,1
11.982,1
المتوحشة,1
لوازم,1
ويتفاعلوا,1
المشاهدون،,1
والواقعية,1
الأصالة،,1
والحمير,1
والسناجب،,1
والضفادع,1
السحالي،,1
تمكينهم,1
التشغيلية؛,1
مبرراً,1
بـ180,1
(كوريا,1
والجزائر،,1
وصوّتت,1
للتدوير,1
لقمامة,1
بفصلها,1
الجسيمات.,1
مسرعات,1
الذرات,1
وتنبعث,1
أجسادنا,1
ومليارات,1
العظيم،,1
والنيوترينوات,1
أسيوي,1
أداني,1
غواتام,1
سواهن,1
للمستخدمات,1
مشفر,1
المنزلي،,1
ناجيات,1
والجريئة,1
العفوية,1
وغيانا),1
"7,441",1
ستنخفض,1
متقاعد,1
معاش,1
لموقفه,1
23.7,1
المنظومة،,1
يشل,1
للتدهور,1
باعتباري,1
إلزاميًا,1
حشدت,1
26.4%.,1
بالوقوع,1
والدقة،,1
بالمصداقية،,1
كتاباته,1
وبالصحيفة,1
يُضرّ,1
إمباني,1
موكيش,1
شكليًا,1
التقدميّ,1
لأكتشف,1
وأعلام,1
الأعلام,1
والكاكاو,1
الصحافية،,1
والتمسّك,1
التحيّز،,1
تحليلاتهم,1
جمهورهم،,1
صحفهم,1
المؤثرون،,1
الكاكاو,1
لشعبية,1
منافسته,1
"""80%""",1
تُبقى,1
السوبر،,1
للألقاب,1
مساهماً,1
سلمي،,1
الكوكبي.,1
يضعان,1
يُحاسب,1
التوزيع.,1
فقارنها,1
التستر,1
"وين-1""",1
"""تيان",1
"""بيرسيفيرانس""",1
التأملي.,1
وممتلكاتهم،,1
أرواحهم,1
القرار؟“.,1
الماليزية.,1
"""اتحاد",1
جوهور,1
إسماعيل،,1
تونكو,1
(سوجا),1
تلهف,1
مستبعدة،,1
القمر.,1
والرماد,1
المشتعل,1
"المادي"".",1
"لـ""الذكاء",1
تعذيب,1
وإمعانها,1
وحلًا,1
وحده!,1
مؤيدو,1
تردداً,1
بمساحات,1
النفايات”.,1
يساعدهم,1
انقلابها,1
وتتخوف,1
نعتبره,1
نظرتنا,1
وكادت,1
خاصَّة,1
تطوع,1
"باي""",1
تجاهتحقيق,1
حثَّت,1
وتحتضن,1
وجيهة,1
لتكثيف,1
“استغلت,1
عريقات:,1
الإجباري.,1
ستقضي,1
الكويكبات،,1
وبإحصاء,1
أخبارهن.,1
الغزيات,1
الأورومتوسطي,1
الأسرى”,1
السلوفاكيين”.,1
لأصدقائي,1
السلوفاكية،,1
أدبنا,1
ترجموا,1
الخراب.,1
يعيث,1
الأرجنتيني،,1
يطبق,1
لبعضهم,1
“الحب”,1
والتقطوا,1
تحدثوا,1
أفرغت,1
"""ريستور"".",1
بقاعدة,1
إيدانام,1
إليهم،,1
الآلام,1
المؤلف،,1
كوظيفة,1
صحاري,1
تواترًا.,1
سوفوس,1
بيلينج،,1
راف,1
النسبة،,1
"""الحصانة""",1
ويدوّنون,1
بانتباه,1
الطاولة،,1
ملتفين,1
و418,1
و694,1
و473,1
ونازح,1
التعاطف.,1
أقاموا,1
كَشَف,1
وفجأة،,1
"40,049.",1
"11,026",1
أذار,1
هاملغارد,1
تزقزق,1
أهدف,1
اختصار,1
(이대남)،,1
وميزاتها:,1
"دبلوماسية""",1
"""آمل",1
المرافقين,1
لصحافيي,1
صحفيًا.,1
والكُتّاب,1
الحرفي،,1
"الهند"".",1
ذروتها،,1
افتقد,1
تضح,1
بالمعنى,1
"""شق",1
2890,1
نازحاً,1
المانجروف،,1
بتنظيفِ,1
يعرفونَ,1
التَّدريسِ,1
هيئةِ,1
وأعضاءُ,1
الطُّلابُ,1
ولكنْ,1
يدفعُ’,1
‘المُلوِّثُ,1
مَبدأِ,1
شركةِ,1
الماليَّةُ,1
المسؤوليَّةُ,1
نُقِلَتِ,1
للمضاربة,1
"للسلام"".",1
لإسرائيل..,1
"""بدولتنا",1
بيتشورا,1
برمائية,1
المُؤسَّسيِّ.,1
ارتداؤه,1
وتعيين,1
"""يشهد",1
والملاحة,1
مرئي.,1
الأصابع,1
الصَّمتِ,1
بالنظرِ,1
مَدفونًا،,1
تُرِكَ,1
وآمالي.,1
وطموحاتي,1
للترجمة،,1
وتطورها,1
قدمها،,1
وراولبندي,1
فايز,1
باكستان”,1
“لبيك,1
المنخرطين,1
الأقاويل,1
وكثرت,1
(2007).,1
ومرشحاً,1
وزيراً,1
ساركوزي،,1
"ولكن..."".",1
ظننتُ,1
باكو،,1
نفق،,1
ليُظهر,1
يميزه،,1
لنقل،,1
مع،,1
المحتملين؛,1
والروابط,1
والفرح.,1
المشترون,1
دائماً،,1
ملتوية,1
الأصالة,1
طريقي,1
"""المصنع",1
مارس/أبريل,1
والبنغلادشية,1
استغلالًا,1
أشفق,1
أوراقهم,1
بعقلية,1
للاعبيه,1
يولى,1
طموحاتنا,1
الخمسين،,1
تُصيب,1
للانتباه,1
لفتًا,1
سترون,1
مصطفى:,1
المطابخ،,1
هارمانس,1
للممارسات,1
عرضةً,1
يجعلهنّ,1
المهاجرات،,1
(1936–1939).,1
سوءًا؟,1
بالحرارة,1
"أرامكو.""",1
بيجاسوس,1
مطالبهم،,1
والحركة.,1
أطلس،,1
وسيتخصص,1
سنفتتحه,1
بلطجي,1
قومي،,1
الشخصيات؟,1
اللايت,1
*رغم,1
تأثيراتها,1
محادثاتنا,1
ولاحظت,1
زاركوفا:,1
"""بوسطن",1
أطلس.,1
والحركات,1
لخفة,1
ديناميكس,1
بوسطن,1
ملوثات,1
"و""الأصلي""",1
"الحوت""",1
"""بطن",1
مسيرتي.,1
اكتشافا,1
القادر.,1
يوغوسلافي,1
الأوسط.\,1
وعملي,1
زخمه,1
ليأخذ,1
وزمنية,1
"""ملموسة",1
صوّتت,1
رعته,1
.”,1
تعقدمفاوضات,1
النجارة,1
ومدّت,1
والفرش,1
السجينات،,1
وتمنحني,1
تجذبني,1
أكتشف,1
تقبلني,1
متخوفًا,1
شريرًا,1
منصبًا,1
بدمجهم,1
93.7,1
93.6,1
أحداثِ,1
والأمعاء,1
المناعي,1
البنيةَ,1
الأوكرانيةَ,1
المسيَّرةَ,1
الطائراتِ,1
القطعِ,1
لعملياتِ,1
المُعلَنةُ,1
الذريعةُ,1
18.1%.,1
36.2%,1
للتكتلات,1
وطبقًا,1
و9.5%,1
8.6%,1
الأوكرانية”,1
“زوايا,1
والمشروبات.,1
الأهدافِ,1
لتحديدِ,1
المحمولَ,1
لإنترنت,1
الروسيةَ,1
النفطيةَ,1
التحتيةَ,1
إخفاقاتٍ,1
وشفافيتها.,1
المقترضين.,1
تدهورًا،,1
بمحادثة,1
والقلب,1
الاجتماعى»,1
ستور,1
بلاي,1
متجرَي,1
مُتاحٌ,1
“ماكس”,1
الرغمِ,1
الركب,1
والطبيعة.,1
والإسفلت،,1
"الظالمة"".",1
المتقابلة,1
تخلفها,1
شمولًا,1
سلطوا,1
تقريرهم,1
تدركه,1
معبياناتأكثر,1
"للمقاولات""",1
الجعفري,1
مقاولة,1
سياسات.,1
"""أظهرت",1
مختل”،,1
“توازن,1
الجدران.,1
دهانات,1
استفدتُ,1
أمست,1
السياسى،,1
أضحت,1
تُوظف,1
أجدادي:,1
والمغربية,1
الجاجانغميون,1
التيوكبوكي,1
البيبيمباب,1
الكيمباب,1
مطعمها,1
مكّنتها,1
رخيصًا.,1
باكستاني,1
لأبريل/نيسان,1
بالتعاون،,1
لمحاكمة,1
لبلد,1
الإحصاء..,1
المُصنَّع,1
ويضاعف,1
مروي,1
سنار,1
إيراد,1
لأوطانهم.,1
شغلوها,1
والعصر,1
يُنسى،,1
الانتقامية.,1
متسق،,1
المجزئة,1
والجيوسياسية.,1
الأخيرةفي,1
المتحدة،المنافس,1
وأمطارٍ,1
مُبكر,1
"""أذكى",1
يُشجَع,1
مُنخرطة,1
ترعرع,1
وتشغيليًا.,1
إيراداتها،,1
10-15%,1
النويبت،,1
ماريا،,1
بالاهتمام.,1
ممثل،,1
والجماعية:,1
بالأفعال,1
بالإيماءات,1
محترقة,1
لأعلام,1
تثيرها,1
والمتطرفة،,1
قواتٍ,1
1904.,1
فاندلعت,1
بالطموحات,1
"اللامعة"".",1
الكم,1
مكاناً,1
وتسبّب,1
الموسميّة,1
نصرخ,1
السوداء”.,1
“العشرية,1
شركاءك,1
زملائك,1
معرفتك,1
الله:,1
الزميل,1
الشرطين.,1
استوفى,1
بإسطنبول,1
خاشقجي,1
تحتمل,1
حسابية,1
"""التصريف",1
الحفري,1
فاصلًا,1
الصدمات،,1
ستتدفق,1
خزنها,1
تُفضّلها,1
الألبي,1
لرياضات,1
رياضي,1
ولأهلية,1
إطارالحرب,1
يقطنها,1
القرف.,1
غارقاً,1
إنساناً,1
الحيض.,1
دش,1
تغمر,1
والدنمارك–,1
صاحبه.,1
النتاج،,1
الرداءة؟,1
للمنافسة،,1
مساحةً,1
المنابع,1
بالتأثر,1
مياههم,1
بلغها,1
اليابانياليوم,1
انخفضمؤشر,1
أوقَفت,1
للكراسي,1
والكورلينغ,1
البارالمبي,1
الهوكي,1
البياثلون,1
السنوبورد,1
تزلج,1
كي”,1
“تي,1
(أغسطس),1
النكتة,1
"""هارفرد""",1
التشويقي,1
محتملًا،,1
إيكو,1
الموسمي.,1
ونزلات,1
الزكام,1
يُسلّح,1
ليلةً,1
لمشاكله,1
الكركم،,1
تُكلف,1
مصابا.,1
قتيلين,1
تجاريا.,1
مجديا,1
سيتفاوضون,1
التغييب,1
خوفًا.,1
التشخيص.,1
تدن,1
تكثّفت,1
وذو,1
ومُتحقق,1
محتوانا,1
إنشاؤنا,1
313.4,1
بحالتي،,1
مصالحًا,1
للوحشية,1
بيلاروسيا.,1
الحقوقي,1
البيلاروسية،,1
كونستانتا,1
برونيتسكايا,1
إنيرا,1
نعيد,1
مدرسية،,1
بياناتهِ,1
يحصُل,1
الجارديان,1
لبنان”,1
وسيلتنا,1
طفلةً,1
فيراراغافان:,1
وهدد,1
بار،,1
لعقيدتها,1
استهدفت،,1
المُنشآت,1
تضرِب,1
تستلزمه.,1
روسيا:,1
أحفادها,1
ليبلغها,1
لأمهم,1
أولاده,1
بالاتصال,1
كجانب,1
ويُهيئ,1
المشرقة،,1
المعتدل,1
خلت،,1
صدحت,1
تركي:,1
العبادة.,1
تفجيرية,1
وإشاعة,1
منتمٍ,1
قبضت,1
لدعمها.,1
معارضاً,1
ويتبنى,1
"أساسية"".",1
فيزيائية,1
هندسية،,1
"المحليين""،",1
"""الإرهابيين",1
أسماهم,1
التعاون...,1
"""أفغانستان",1
جلالي,1
ذاكر,1
معارضتهم,1
جهتهم،,1
كالألم,1
ونفسيّة,1
جسديّة,1
"بالنجاح"".",1
تكللت,1
والقائمين,1
تفاني,1
"تعمل"".",1
"""باستخدام",1
"المنصة""،",1
"""لحماية",1
تُشكِّك,1
إيسترن,1
الأستاذة,1
إدلسون،,1
إير).,1
محسّنة,1
وكاميرات,1
نقلوها,1
بالجيران,1
المصابة,1
واستغاثت,1
"""القوة",1
وشجرة,1
جذوري،,1
غوصًا,1
بوتر.,1
لغراهام,1
مدرباً,1
القصوى.,1
الآغا,1
نسل,1
مثقف,1
وقاضٍ,1
أفرادها،,1
مونيب,1
بنتْ,1
القنصلية,1
معسكرهم,1
لأشكال,1
وسيراليون,1
ومصدري,1
لمنتجي,1
بالمواطنين.,1
الكريمة.,1
بالأحجار,1
زاركوفا.,1
مرشدة,1
فالصيد,1
متواجدين,1
المرحلة.,1
بالاس،,1
بالنفايات,1
جوادلوب,1
والفكاهة,1
وبحبوحة,1
مؤمن،,1
حكيمة،,1
علينا؛,1
نعمه,1
ونحمده,1
نشكر,1
“أخبرني,1
مستحدثًا,1
الدافع،,1
العالمين،,1
أحدثه,1
أصف,1
والأيرلندي.,1
مُشيرةً,1
وزواج,1
صراطك.,1
ليقودنا,1
ووفِّق,1
دينك،,1
لرِفعة,1
وسخِّره,1
عبدك,1
"""سلسة"".",1
الزائرون,1
إنفانتينو،,1
جاني,1
الايطالي,1
أيِّد,1
اللهم,1
واعد.,1
العيش،,1
الباحثة،,1
تنافس،,1
البقعة,1
وهادئ.,1
هانئٍ,1
بنومٍ,1
ويُسهّل,1
ويُخفف,1
دفئه,1
مُتوقع.,1
الآمن.,1
مستقل،,1
مُهدئًا,1
لحليب,1
ترويلز,1
"""مروع""",1
والمسلمين),1
(جماعة,1
يوسّع,1
ويوبي,1
ولايتيْ,1
المسلّحة,1
عضو.,1
(8),1
لنيجيريا،,1
بالنيجر،,1
يتمركز,1
وبوركينا,1
تيلابيري,1
«على,1
و«القاعدة»,1
«داعش»,1
وصهاريج,1
كومفورت,1
والعدل.,1
صدقية,1
شأنا,1
"تشترى""،",1
تؤجل،,1
تمحى،,1
"""الحقوق",1
وتوترات,1
المُقرر,1
جسر.,1
مصاعبه؛,1
وبنين».,1
وتوغو,1
خارقاً,1
التناقض،,1
قويًا.,1
الخياطة،,1
تحتاجه”.,1
لبنيان,1
ضعيف،,1
“مركز,1
التّنفيذي,1
والمدير,1
الوّئيس,1
إيرو,1
الدفاتر,1
جيلا,1
التوكِيلي,1
والاقتراحات،,1
الجميلي،,1
"الموصلات"".",1
"""تُعدّ",1
ديناميكياً,1
للفضة،,1
«تاسباكا».,1
لسلحفاة,1
وأوزبكستان,1
تركمانستان,1
عابرةً,1
طينيةً,1
صحراءً,1
أوستيورت,1
تُعَدّ,1
الخطران,1
زمان.,1
ليخلق,1
وتجويد,1
الاجتهاد,1
ستدفعهم,1
لصناع,1
قندريشة,1
ببورتلاند،,1
ماكلولين,1
تريشيا,1
مكتوبين,1
مخفيين,1
تفاعلاتها,1
"الجزائر""لوجيترانس""،",1
الجولاني,1
وزعيمها,1
المعارض؟,1
تخلقينها,1
ووضح,1
"الواعدة"".",1
لغرب,1
احتفت,1
"المحسوس"".",1
الجيّد,1
رياضياً...,1
إبداعه,1
كوبرز,1
ووترهاوس,1
شيتي،,1
سوجاي,1
ابتزازإيران.,1
حيّرت,1
ويجتهد,1
يفتخر,1
أدهم,1
الفيصل،,1
استذكر,1
"الأجل"".",1
"""ترقية",1
الجيولوجية,1
مشيدًا,1
فانا.,1
زُر,1
محسوبة,1
بالنزاع،,1
طريقتين:,1
وأوغندا،,1
الوضع.”,1
فسيستمر,1
قائلًا:”,1
ضبطها,1
لغيابها،,1
وكوبا.,1
كونغو,1
٢١٤,1
و٢٧٧,1
لغة)،,1
٥٢٠,1
٢٥,1
128%,1
الخطأ،,1
البرد.,1
قُوبلت,1
لإبراهيما,1
حافظ.,1
والأخوين,1
المحارب,1
الفارس,1
منهجية،,1
ورموز,1
يتحايل,1
والضربات,1
وتحتوي,1
قسمت,1
شخصيا.,1
ممارسين,1
يحددها,1
تقييدها,1
الأوجه.,1
الاستئنافية،,1
متبقية,1
وإحضارها،,1
مُرهَقًا،,1
تعودُ,1
[المُضيف]،,1
بابَ,1
تُسافرُ،,1
أنتَ,1
واصطفت,1
انخساف,1
متسببًا,1
"ما"".",1
يتوصلوا,1
لتصعيد,1
الشحنة،,1
1893.,1
شميرلينغ,1
لأوسكار,1
القتيل,1
أرملة,1
خفية،,1
العظام).,1
(مثلًا،,1
بالكسور,1
العظام،,1
للإدماج؟,1
التشاركية،,1
ترفضُ.,1
أعمار,1
والابتكار.,1
صنعوا,1
حاسمًا.,1
زوجتِكَ،,1
وتُريدُ,1
لاستئنافصادرات,1
إنرجي،,1
استحواذ.,1
ليثيوم،,1
سيجما,1
دي”,1
“بي,1
أرضي.,1
يوتاه.,1
قناص,1
انسحابها.,1
"استقرار""",1
"كـ""قوة",1
+2,1
مسامحتها,1
تأبينه،,1
الهنديةفي,1
تابعةللخطوط,1
التخفيفِ,1
تطبيقِ,1
صعوبةِ,1
آثارهِ,1
والتخفيفِ,1
لمكافحةِ,1
مبادراتٍ,1
تنفيذِ,1
الخبراءُ,1
يعكفُ,1
استنشاق,1
غنوش,1
التعديلات.,1
النفطعبر,1
يصيبها,1
وكفل,1
دستوريًا,1
ملكيًا,1
إندونيسيارحلات,1
الجنس.,1
وعديمة,1
[كوفيد-19]،,1
اللازمةِ.,1
الحادِّ,1
للنقصِ,1
تنخفضان,1
تزيدان,1
الإيثريوم،,1
بالأصول,1
والعملة,1
“بطريقة,1
شهرها,1
الطائفي،,1
واللقطات,1
وتتداول,1
واستقرارها.,1
جلهم,1
يونانيا,1
121,1
ويكلي,1
سيدا,1
صحيفتي,1
ومراسلة,1
وديمغرافيتها,1
وسياسي,1
جافخوني,1
المعاهدة،,1
يسيراً,1
الجد.,1
بتصنيع,1
النصب,1
غازجي,1
لاسلكيًا.,1
الشاحن,1
وزيلينسكي,1
أوكراني,1
الفهرس,1
لترحيلاتها.,1
كاراموكو,1
"""أكسيوس"".",1
وترميمه,1
للغاية”,1
الحلبة،,1
قبعاتها,1
للمجموعة.,1
والجغرافي,1
الحقيقي”,1
التتري,1
عالميًا؟,1
تشالمرز,1
"الأمور""،",1
امتدح,1
اكتظاظاً,1
"سكالي""",1
"""بول",1
للضربات,1
ومنشآتها,1
والبروتوكول,1
قطرياً,1
"ساعات"".",1
لبرامجهم.,1
الشفاه،,1
ومزامنة,1
"""التشابه""",1
محرّكة,1
والأرقام.,1
الحروف,1
للعناوين,1
الكرنفال,1
الكرنفال،,1
المرافق.,1
مصروفات,1
للمطور,1
يتبقى,1
ودوله.,1
ومصالحهم,1
والأسس,1
القيمية,1
حلفائها،,1
عبئا,1
وسياساتها,1
للقوى,1
بإقليم,1
يتبوأ,1
ريجا،,1
واجتمع,1
"المشترك""،",1
السديدة,1
بالرؤية,1
راسخاً،,1
انهالت,1
واندفاع,1
تنهد,1
أدز”,1
أند,1
و”أكس,1
بيكر”,1
و”بيسي,1
بيتو”,1
الباكستان.”,1
بإكمال,1
بالندم,1
“ماونت,1
تطوعتُ,1
ممطرًا,1
وإقليميا.,1
مدقع,1
أعمق،,1
يصرف,1
لنقص,1
وحزب!,1
ودولة،,1
وقوامه,1
المبدئي،,1
تأريخ,1
مساءلات,1
تُسجَّل,1
التعاون.,1
أوتاوا.,1
موسيقي,1
صدمتهم,1
المنشور،,1
الإستوني,1
ميغ-31,1
أخطائه,1
التفسير،,1
والأهداف,1
وموازنة,1
وحوارات,1
أتمتتها،,1
والواقع،,1
والضريبية،,1
العمالة،,1
نشوة.,1
فيّ؛,1
ميركوري,1
وأجبتها,1
“سألتني,1
والنووية،,1
ستنفق,1
و7-5,1
(7-3),1
1-6,1
ألكسندروفا,1
إيكاتيرينا,1
بفوزها,1
نقطة),1
(500,1
المضرب,1
إيغا,1
محبطة،,1
الهوسا,1
بهيمنة,1
وبقيت,1
والنواقيس,1
الأجراس,1
غانيين,1
مواطنيه,1
وأوزيريس.,1
إيزيس,1
بأسطورة,1
ربطهما,1
حلب.,1
وأنهك,1
فيباكستانكلا,1
بالمجتمعات,1
دعمتا,1
أفغان”.,1
بالشرطة،,1
والمقاييس,1
"""سيري""",1
فرَّ,1
كامبيسينا”,1
فيا,1
مركزًا.,1
لمزاولة,1
سيرفيس,1
كيرنسي,1
إيكستشينج,1
"""جلوبال",1
رمزي.,1
والتظاهر,1
مانيت,1
الكمبودي,1
9:09,1
والطبول,1
محفوف,1
باعتقادي،,1
الدوغون,1
“باراهوغون”،,1
غويندو،,1
ألي,1
ساليف,1
45%.,1
ريالات،,1
اتصلنا,1
حديقة،,1
كعضوين,1
هونيس،,1
رومينيغه،,1
اختبارها,1
تُمكن,1
لورش,1
والوكالات,1
(إي-ستيت)،,1
إي-ديفلت,1
لتركيا،,1
العامين،,1
موافقتهن,1
يمنحن,1
حملهن،,1
ومسؤولة.,1
المخططين,1
متجاهلاً,1
يُهمل,1
يُبرز,1
جبارة,1
فالتقنية,1
يواجهونه,1
وتلوين,1
نضجها,1
"""الإيثريل""",1
الطماطمبمادة,1
عين؟,1
غمضة,1
مصلحتهم.,1
محوها.,1
ليضمنوا,1
والتقاليد،,1
والأجداد,1
بالحقائق,1
الإعلاميون،,1
يشغلها,1
تكيف,1
"لـ""ذا",1
محتفيًا,1
تقدمهن.,1
بالمدارس،,1
الطريفة.,1
تخلل,1
45043.75,1
نظيرها,1
مُوجّهة,1
قلقٌ,1
قشرتها,1
31.99,1
"حقوقهم""،",1
وعلاقتهم,1
تعريفاً,1
ليتضمن,1
(1996–2001)،,1
بنيويورك:,1
شكاب,1
دايتون،,1
لقاء،,1
بتحقيقه,1
الأفضلية,1
1992-1993،,1
وحملت,1
تصوراً,1
بملف,1
"""تشكيل",1
"موفلين"".",1
دفعنا,1
للغد،,1
أدركنا,1
الإماراتيّة,1
جوانبًا,1
المحلّلون,1
الغزاويين,1
الرحلة؛,1
أنجزها,1
وأُدرّس,1
أبحاثًا،,1
الاقتضاء.,1
طبيين,1
بخبراء,1
والابتهالات,1
بالأناشيد,1
الممثلات،,1
وأقصت,1
أحرقت,1
ويطبقون,1
المفاتيح،,1
ضغطات,1
كاغامي،,1
الملتزمين,1
الروانديين,1
كيغالي,1
ألعب.,1
يشاهدني,1
باعتزال,1
انجازاً,1
الإقليميّ.,1
الخارجيّ،,1
التّدخّل,1
والسّودان،,1
بالنّزاعات,1
شهيتها.,1
خيالها,1
طهيٍ,1
عالَم,1
والإنترنت،,1
بليبيا,1
287,1
مسؤولة.,1
بطولي,1
تتنامى,1
للرفاهية,1
كمنتج,1
صنفت,1
وذكائهم,1
وإبداعهم,1
بصيرتهم,1
بوييت.,1
مشبوه,1
تلفاز,1
فانا،,1
هيم,1
اخطاءنا,1
وسنصحح,1
أخطأنا،,1
لتقول:,1
تخطئ،,1
"""لكنه",1
وتعاونية.,1
كافية؛,1
تعاليًا،,1
الطينة,1
ونهضت,1
للتنمية،,1
عقلاني,1
سُرق.,1
تفنيدها,1
مسؤولًا،,1
شريفوف,1
وكولومبيا.,1
أطروحتها,1
3760,1
لتُغلق,1
3685,1
"بيدها؟""",1
تطالبوننا,1
يسأل:,1
وكأنّ,1
للمرشد,1
ياغيز،,1
توبيرك,1
الصَّلاحِيَة.,1
فظلوا,1
بآخرين,1
وتقَّطعت,1
الأسر؛,1
تشتَّتت,1
كيلوغرام.,1
بنيران,1
"""وفا""",1
يتسلمون,1
للمشمولين,1
وبالكمية,1
والضوضاء,1
للعبء,1
مناطقها.,1
وسيئة,1
تقليديًّا.,1
المُهمَّشة,1
بموافقات,1
لمساعدته,1
إراحة,1
إنزو,1
بيلوسي,1
أميركا)،,1
والأميركيين,1
جيمستاون،,1
8،,1
أوروبيّة,1
الجمعيّة,1
أعلَنَت,1
يُعوض,1
التليفزيون؛,1
لمذيع,1
لاجتيازها،,1
لتَحمُّل,1
الساكنة,1
أضاف،,1
الأصفر).,1
البرتقالي),1
كحلقة,1
القارّة.,1
والتّأثير,1
مكثّف,1
المتّحدة-إفريقا،,1
جيلين,1
الأحمر),1
مفارقةٍ,1
هينوستروزا,1
غريسيا,1
بوقتهم.,1
التطوّع,1
تصعّب,1
لغتهم،,1
الرئيسيين.,1
الدولي(الإيكاو),1
عضويةمجلس,1
الدائمة.,1
مشهور,1
أطروحات,1
والمجال,1
المدنى,1
يفتقدونه,1
سهمين،,1
مفروضًا,1
ضحاياها,1
كعادتها،,1
مدّعيةً،,1
مستهدفة،,1
بالمساواة،,1
والالتزاماتِ,1
غريبة:,1
تركيا-إفريقيا,1
روسيا-إفريقيا,1
الصّين-إفريقيا,1
1″,1
“إفريقيا,1
قمم,1
عمومية,1
جُهِز,1
مانشيني،,1
إنزاغي،,1
بالتعاقد,1
كسباً,1
105.9,1
"المساعدة"".",1
الزوجية،,1
بعلاقتهم,1
بعائلات,1
"""التأثير",1
جدّية,1
680,1
شعبية.,1
تعقيدًا،,1
الاستحقاق.,1
أكره,1
النصر.,1
بيولي,1
ستيفانو,1
والأقرب,1
والضعيفة،,1
طويلة»،,1
«للمرة,1
حنين,1
بخفي,1
غالياً,1
المحفوف,1
“دنكي”,1
(مساندارامز).,1
(ميندرز),1
بطاولاتٍ,1
انطباق,1
عزت،,1
عفاف,1
توماس.,1
"إبستين""،",1
"بـ""جزيرة",1
بقاصرات،,1
قاصر،,1
الدعارة,1
رشاد,1
زنزانتي.,1
لتلال,1
منظرًا,1
الشدة.,1
تتكئ,1
الامتداد,1
ونمط,1
للقائه,1
انتظاراً,1
وكلمته,1
المفاجئ.,1
مينا,1
والاثني,1
بالمعدة,1
قرح,1
الحمضيات,1
للبحوث،,1
مرحلتي,1
بيضاء»,1
«أراضي,1
للتعريفات,1
تتكوّن,1
وبالتطورات,1
بعلوم,1
معمّقة,1
والمعطل.,1
تستبيحه,1
مهزومًا,1
جبروته،,1
ارتكبه,1
حتما,1
بأشياء,1
تكساس.,1
تيسلا,1
التغريدات:,1
التحررية،,1
مديحه,1
وشعبية.,1
يستلم,1
تُنسى،,1
روهينغياً,1
فأن,1
"للأزمة"".",1
حلحلة,1
المواطنين”.,1
رفاهيتهم”,1
أكثر:,1
يتفقون,1
العبارتين,1
لمحفظة,1
(الماجدية)مراجعة,1
الماجد,1
"أجرت""شركة",1
تقدّمًا.,1
والدعوة,1
حفز,1
كحكم.”,1
صوروا,1
والمنخفض.,1
ومبلغ,1
بالميزانية,1
80-24،,1
الشبكة؛,1
لاعبه,1
بختونخوا,1
المستخدمون،,1
لمحكمة,1
مؤخرة,1
عينان,1
ويستدير,1
بالإعدام.,1
مرتكبه,1
سيخير,1
لإقناعهم,1
الأمام”.,1
اليومي...,1
المرشحة…,1
الأوروبي),1
ستبدد,1
سيتقلص,1
يرونه.,1
أعجبهم,1
كعملاء,1
وفندقية,1
"""الحي",1
اللاعنفية،,1
الفرز،,1
والسعودية).,1
(الهلال,1
مفاوضي,1
مطلعان,1
ناجين.,1
أثر“،,1
”يختفون,1
البحار“,1
”طبيعة,1
نُفّذت,1
المشاكل”,1
“تواجه,1
الطويلة؟,1
دي،,1
وأيه,1
بلندن:,1
المهملة.,1
"فعّال.""",1
متواضع,1
الهرمونات,1
"""شرب",1
ميشيغان،,1
رانج،,1
الهندوإبرام,1
لخفضالرسوم,1
نظراءهم,1
ليكورنو,1
أطاح,1
عُيِّن,1
ليكورنو،,1
يحارب,1
استقبلنا,1
الشرطية’,1
‘الرقابة,1
ظاهرياً,1
سيطبق,1
34.83,1
17.7,1
كمبوديا.,1
كايلان،,1
الجافة؛,1
ثوريًا,1
هندسيًا,1
“إنجازًا,1
شاملةقبل,1
تشكيلحكومة,1
"العملاقة"".",1
الرفيعة,1
واللوبيا,1
والدخن,1
وزراعي,1
والغربي,1
نتحسن.,1
الدوسري,1
وقطر),1
(السد,1
وأكرم,1
وماليزيا),1
(جوهور,1
عارف,1
مُقلقًا.,1
نلاحظها,1
طولية،,1
الخفاء,1
بالتدريس,1
تفاصيل،,1
الجليدية،,1
ومكان,1
بموعد,1
لناحية,1
واللوجستية,1
حائضًا.,1
إضافيًا:,1
متأكدة,1
الأخريات،,1
شأني,1
ومستمرًا—,1
—الرب,1
رعبًا,1
الورقية،,1
تُنهِ,1
القارئات,1
“كراتوخفيلوفا”,1
والملحن,1
للمطربة,1
زيارتها،,1
القماش.,1
وأنقله,1
أميركياً).,1
3730,1
"""180",1
بالصاغة,1
لمالك,1
ببيعها,1
معارفها،,1
الوطني:,1
والاختصاصي,1
دوراري،,1
الرزاق,1
يهدئه.,1
طبيعته،,1
بالطبقة,1
النيوليبرالية,1
فككت,1
والسياسي.,1
شقّ,1
القمامة،,1
اعتيادنا,1
بعطلاتهم.,1
الرقمي»,1
«التخلص,1
فدوره,1
والحركة:,1
للسلام..,1
التعبدية،,1
الجاذبية,1
داعمون,1
يُعَقِّد,1
الجغرافي”,1
“الموقع,1
1150.75,1
1398.40,1
ونشاطها.,1
هيكليّة,1
بأخرى,1
لغةٍ,1
سياديًا،,1
منضبطة,1
ونموًا,1
المختلطة،,1
والصناعية-المكتبية,1
المكتبية،,1
ومستثمريها،,1
لآركابيتا,1
مُفاجئًا،,1
لإسبانيا،,1
"بعد""",1
"""الخطة",1
المتقلب,1
وسلوكه,1
المؤامرة،,1
وانخراطه,1
للأيديولوجيات,1
أنالمملكة,1
"""المشروعة""،",1
35.36,1
40.12,1
استخدامها:,1
المنوال،,1
للمصنعين,1
ستتخذها,1
أبسولار،,1
ساوييا،,1
اللآلئ,1
1986،,1
معبرا,1
(بنا).,1
التأجيري,1
ونهج,1
ومؤسساتها.,1
عارضًا،,1
حادثًا,1
فيتو,1
عارضتها,1
باستقلالها,1
لاعتراف,1
أسفرَ,1
29.1%.,1
فرانسوا,1
بسلفه,1
وأطاح,1
والتنموية,1
مبرزًا,1
ببنهاية,1
السعوديةحققت,1
تحديًا.”,1
والدستورية,1
المتعلقتين,1
الأخيرتين،,1
ميل).,1
(2300,1
3700,1
ستستغرق,1
منعش,1
خريفي,1
وورث،,1
بهافانا,1
ألوكا،,1
ثيرافادا،,1
بوذيًا,1
راهبًا,1
والإعمار(المالك,1
شركةأم,1
والتشفير.,1
جوكالانتي,1
سنغاليين,1
مبادرات،,1
بالمخدرات.,1
واقعيًا.,1
لإشعال,1
"""ذريعة",1
نعتزم,1
الشرس,1
ثمينة,1
واهدر,1
وصدقهم,1
صدقهم,1
"""حثه",1
المؤلفين.,1
دولارلدعوى,1
علىتسوية,1
تواليا.,1
الاحتفاظه,1
انجاز,1
وذرف,1
أعمالهن.,1
الإيرانيات,1
“،عن,1
مرابحة,1
4.1,1
إجارة,1
الانماء,1
مسار),1
ديم,1
فشهدت,1
بالإسكندرية,1
وسفاجا,1
نظرائهن,1
مستمرة”،,1
“قضية,1
المجتمع.”,1
منفردة؛,1
استمرارنا,1
مُبررة,1
والناتج,1
إضافيتين,1
منظومتين,1
ستتسلم,1
"العنف""",1
ليلفظ,1
هاجمته,1
شوتار,1
ومحاصيله.,1
ومنزله,1
لأرضه,1
بديل،,1
يتلق,1
نيوس,1
كامبو,1
لإنشائها،,1
تسلّمت,1
والإطار,1
التحيزات،,1
خلو,1
ميش،,1
المنزلي.,1
مسلطة,1
53.3%،,1
وترقب,1
إمبابي,1
وهويتهم.,1
والارتباط,1
بالواجب,1
ويتواجد,1
النرويجي.,1
حمودي,1
سيتبرع,1
سيلهرست,1
740,1
نمواً،,1
أنفاسه,1
التدميرِ,1
شديدِ,1
الغازِ,1
تستحوذُ,1
الكربون),1
(ثاني,1
للكربونِ,1
مصدرٍ,1
والمبادراتِ,1
ورغمَ,1
للفرنسي.,1
للدولي,1
التلفزيون.,1
ومشاهدة,1
مولد,1
القطاعية,1
ويوتيوب,1
يقلد-,1
-أي,1
معدّة,1
المدمج،,1
وقاتلنا,1
وصلينا,1
حلمنا,1
الديمقراطيين.,1
المجلسين,1
ويسيطر,1
تغطيته,1
لجهاد,1
كوسوفو،,1
مُنِّح,1
البيئيِّ.,1
الاغتصابُ,1
يُعرَّفُ,1
مُخَطَّطاته.,1
وثَنْيِهِ,1
المعاملة”,1
ضروب,1
الاختفاء,1
“خطر,1
وتركيزها,1
ومنصتها,1
تسلا،,1
العراقيلشؤون,1
أعلنمستشار,1
وريديت.,1
وواتساب,1
وتويتر،,1
2231.,1
تسويتها,1
قانوني...,1
«محاولة,1
ستغطي,1
بنكي،,1
ستمول,1
جنسيةٍ,1
علاقةٍ,1
الانخراطِ,1
الشريكينِ,1
أحدُ,1
يُجبِرُ,1
الفعلُ,1
بأنَّهُ,1
الزوجيُّ,1
4890,1
تنزع,1
وسلبه,1
تحقيره,1
شيطنة,1
وتُخصص,1
صلبة،,1
الاجتماعى»-,1
ومعظمه,1
راهناً-,1
الاتصالى,1
يحفل,1
القائم».,1
بالواقع,1
متقادمة,1
المُلغاة,1
نائبه،,1
الوطنيين.,1
والاستعلاء,1
النبذ,1
تأطيرها،,1
وتُعيد,1
سياقاتها،,1
تقتطعها,1
تختلقها،,1
والوقائع,1
الأرشيف,1
نينتندو-,1
-مثلسويتشمن,1
ومحاكي,1
قمته,1
ليلامس,1
استفاقت,1
الخاوية،,1
وشباك,1
والجوع،,1
62.83,1
0.69%,1
المتيقظة,1
ونظرات,1
المتنقلة,1
ويتجنبون,1
عجيبة،,1
برشاقة,1
35.5%,1
وستختار,1
المنطقة’,1
‘حاكم,1
ديزيريه,1
وانضمّ,1
المحتدمة,1
و980,1
الألبسة،,1
كبيربأحد,1
اندلعحريق,1
ومصابين.,1
1.43%،,1
ساعاتٍ,1
كلَّ,1
أدويةٍ,1
تناولَ,1
وجب,1
البارد.,1
خلّفت,1
الجنينة.,1
الملغاشية,1
نصيبها,1
نفط.,1
سيستأنف,1
الخريجون,1
الأساسيتين,1
مهارتيّ,1
يُغادر,1
المتوقّعة.,1
أكوابنا,1
المرحاض,1
بيانه.,1
"التأهيل""،",1
"""يواصلون",1
دويه،,1
حجاب،,1
متابعيها،,1
والانتقاد,1
لتتعرض,1
بزوجها،,1
تجمعها,1
ومشاهد,1
"بيك""",1
"""بتونس",1
التماسًا,1
الشروق,1
الصلبة،,1
والصدمة،,1
واستضافوا,1
موتا،,1
تصديرهما,1
لأفريقيا”.،,1
“أكرر,1
لوساكا:,1
زامبيا،,1
بعاصمة,1
الكونغولي،,1
الأوبئة,1
والشطب,1
لتذكير,1
وروافدهما.,1
نهري,1
بروتوكولات؛,1
وحسن,1
1946،,1
نصية,1
15+2,1
تلوين,1
محاولاتهم،,1
التميز،,1
مناط,1
بالآراء,1
معظمهم),1
(كلهم,1
فتبين,1
متسابق,1
بحق،,1
مهزلة,1
اقتصار,1
الصاروخ.,1
مستقلة”.,1
رأيناه,1
وأضاف:”حصلت,1
المرضية،,1
يُحوَّل,1
للمراقبة،,1
خضوعًا,1
شغفي,1
بالقاهرة:,1
لقاءٍ,1
”وسيلة“,1
الصماء,1
الغدد,1
شيتور،,1
بومنجل,1
فضيلة,1
تضخمه,1
«الإيفيهات».,1
البراعة,1
صوابية,1
ليضع,1
لجنون,1
"""تجميد""",1
بالاستعلاء,1
وبنبرة,1
مُرفِقًا,1
شابه.,1
للتنفّس،,1
العقوباتلأمنحهم,1
وتجعد,1
وتستشيره,1
ضدهم”.,1
النساء”,1
“الرجال,1
3479.23,1
(حوال,1
البليون,1
مساعداتهم,1
بأوضاع,1
تضامنًا,1
سينتهي,1
وأمهما،,1
طفليّ,1
أخرجتني,1
العلاج،,1
بالجيزة,1
وخرج,1
للآمال.,1
دفاعية.,1
الإخراج.,1
وخطأ,1
بغدٍ,1
معاناة،,1
مصائرنا,1
هشاشتنا,1
يساعدني,1
وئام,1
6.7%,1
لتسهيلها,1
كيرياكوس,1
المغلق,1
"المسورة""",1
"""الحديقة",1
يضخ,1
كيرلا.,1
الماليالامية،,1
فالبطل,1
وسخان,1
(بيسكوني),1
والمقاعد,1
ومراتب,1
بونماتي,1
أيتانا,1
مرمى،,1
الباريسي,1
جيانلوجي,1
للعام،,1
مدرب،,1
مشحونة.,1
وتُطلق,1
بمادة,1
الأبرشيات.,1
مشرق,1
تسجيلمكاسب,1
والجمال.,1
والأبقار,1
والخيول,1
الماشية:,1
المتطوعين.,1
لممثلَي,1
بصوتين,1
المتعاقدين/المديرين،,1
متعاقد/مدير,1
فحققت,1
"إيكو""",1
"""ليفربول",1
(مانجل)،,1
بالفحم,1
البن,1
وتصعيدًا,1
جعفر,1
تغييره”.,1
قالوه،,1
يعجبك,1
“لذا,1
والسياسيّ.,1
والدينيّ,1
العرقيّ,1
بانقساماتٍ,1
سُفرة,1
الخريجين.,1
محسوب.,1
لتفتيته,1
لصراعٍ,1
تمديدِ,1
للمنشآت,1
المتساقط،,1
وللشعر,1
رفيعو,1
لأندرو,1
الميزان،,1
قلبت,1
وتنمية.,1
باصطدام,1
فتدميره،,1
باستيرادها,1
والمأكولات,1
تَقَدُّم,1
تُصوَّر,1
الاستثمارات،,1
وتُصعّب,1
إلحاحًا,1
رحمة”،,1
بانت,1
رغباتنا؟,1
بنصيحة,1
الرفقة,1
"الإسرائيليون""",1
بنشرمكبرات,1
المكسيكي.,1
لقبها,1
الصدئة,1
بلغتي,1
فالتحدث,1
مصب,1
بالتدهور,1
تحذيرٍ,1
ويُعطّل,1
التكنولوجية.,1
الضوء،,1
وامتصاص,1
المغناطيسية,1
“النادر”,1
خططه,1
(فينيفيسيون),1
جونزاليز,1
شبابنا.,1
والإعاقة,1
الجريمة”,1
“التشدد,1
تجرم,1
لنظر,1
تشريد,1
تعرضهن,1
والتدهورُ,1
إزالةُ,1
يُلحقُ,1
السبع،,1
للأضرار,1
تقديرا,1
"انتكاسة""",1
"""ستؤدي",1
إقبال،,1
الفرعية،,1
المعاقين,1
ولوازمها،,1
الحاسبات,1
الإعفاء،,1
الاجتماعية”.,1
للغرف,1
سكرتير,1
هشاشةً.,1
والأكثرِ,1
المجتمعاتِ,1
عيشِ,1
بسبلِ,1
بالغةً,1
والباحثين،,1
للأساتذة,1
“بالنسبة,1
ويشرح,1
المتعلمين.”,1
ودقةً,1
مفاهيميةً,1
فاللغة,1
يديرونها,1
قيامهم,1
مخالفتهم,1
مضللاً,1
وأوجدت,1
واحتيالاً،,1
تلاعباً,1
2024-2025.,1
الحطب,1
يشكّلن,1
أوديسا.,1
دنيبروبتروفسك,1
النسويات.,1
والأجانب.,1
والجمركي،,1
وضريبي,1
وسيجلب,1
محظور,1
لمعتقدات,1
استخداماته,1
وتبنّي,1
الجدعاني،,1
"في""سدايا""",1
5/2,1
بمنافسه,1
نائمين.,1
والداها,1
وميتاً.,1
‏نظر,1
ويفر,1
مكترثين,1
اجتماع،,1
مجاهد،,1
ذبيح,1
مستخدميه,1
يستعصي,1
المستقبل”.,1
“تطغى,1
الحسيدية,1
شخصياتك,1
(أوم):,1
المزارعين.,1
بارت,1
تجنيها,1
دانانغ,1
بالغات,1
لأغلب,1
ومترابط.,1
مشروعان,1
منخفضاً,1
كوبا).,1
والوزن،,1
للعمر،,1
فاحتياجات,1
موحّدة,1
"والمشتركة""،",1
بناءة,1
مجاهد,1
"والعقلانية"".",1
أصالة.,1
الأخرى),1
الشّعوب,1
2-1،,1
"""الواقعية",1
ومعتبرًا,1
القانوني؟”,1
القائمون,1
المجرمون،,1
يقرروا:,1
ودعوهم,1
سيجريان,1
و2031,1
يبدآ,1
النيوترينو,1
هايبر-كاميوكاندي,1
المهنيون,1
المشوهة،,1
الشمسي،,1
الشبكية,1
مماثلان,1
ماو,1
تشات،,1
شانج,1
وانج,1
1977,1
وشغل,1
الرحمن،,1
عملَ,1
رئيسي.,1
لاستبعاد,1
يهدفان,1
اعتلال,1
العين:,1
تفارق,1
ومنحها,1
ونطاقها,1
مارك-أندري,1
بالدي,1
جمال،,1
وفيها,1
سينضم,1
الحفرة,1
كمراهقة،,1
الصعب،,1
كوتال,1
صبيٌّ,1
وأضحى,1
1978.,1
دينج,1
تبناها,1
تونج,1
تسي,1
يفحص,1
ليلعب,1
يتمرد,1
لينتقل,1
لامعاً,1
اسماً,1
أنجيه،,1
لرين,1
الموقت,1
شتيغن.,1
تير,1
كوريا”،,1
“أصدقاء,1
“سلبيّة”,1
للمراقب,1
ويبهر,1
الخرطيف،,1
بوبشير،,1
لعقاية،,1
انقرضت,1
إملاءات.,1
الكُرد,1
"""روداو""،",1
للبذور,1
سفالبارد,1
التقاءً,1
يبحثان,1
السنوات.,1
الممارسات.,1
وتشاركها,1
وتخزنها,1
بياناتنا,1
وأبناء,1
إخوتها,1
كابنة,1
إس-400.,1
واستُبعدت,1
تشرّع,1
للدفعة,1
لتنفيذه,1
مفصلًا,1
"والبومة"".",1
بلبل,1
تنكش,1
الشعرية،,1
الصفيرية،,1
النقاز,1
بوعبية،,1
"الطاقة"".",1
"""ستضم",1
إطلاقهما,1
بادئ,1
وستطرح,1
المكافئ,1
بأوزبكستان.,1
البيروني,1
وواحدة,1
تنسيقًا,1
إخوتها.,1
تحوُّله,1
للبنك،,1
"""ساما""،",1
ويسرع,1
تيكسيرا,1
ناومان,1
إحسان،,1
منشوراتنا,1
تلقّى,1
بيشات”,1
“سلوبودن,1
لها؟,1
مناظرتها,1
المصاب,1
نيمار،,1
فنها.,1
واكتمال,1
“أعطاني,1
المقاتلين،,1
لتجنيد,1
طلائع,1
التغطية،,1
البيولوجي؛,1
وتشدّد,1
علّقت,1
الصامد،,1
رهون,1
جدولته,1
الدولرة,1
بعملات,1
انفتاحها,1
يومين.,1
والجيوسياسي,1
ستساعد,1
"إنجازاتنا"".",1
وسنظل,1
خيارات”.,1
والاستفراد,1
وبزوغ,1
أهميته،,1
شعائرهم,1
محايدا,1
المتباينة،,1
حريري،,1
"الجامدة"".",1
بالدراماتيكية,1
أدقّ،,1
رصدًا,1
(78,1
114.30,1
198.12,1
والتغليف.,1
للاختبار,1
القوة؛,1
والبيسفينولات،,1
مرنًا؛,1
الفثالات،,1
بالغا,1
المراجعة،,1
جانجنام.,1
قَتَلَ,1
ستضطلع,1
ودرست,1
والعرقية.,1
خلفياتهم,1
برمَّته.,1
الأوروبيُّ,1
الاعترافُ,1
يفكِّكُ,1
ومدافعون,1
أدانها,1
خطوةٍ,1
واحتجزتهم,1
اختطفت,1
للماء.,1
وطاردة,1
للحرارة,1
ألكايل،,1
فلورو,1
البولي,1
العقل.,1
العين،,1
إبهار,1
كرسام,1
والحاسوبية,1
الإيكولوجية,1
بالمناخ،,1
الآلات.,1
والمشغلين,1
وراءها،,1
خيرة,1
إلهاءً،,1
الإيجابية”,1
“النقاط,1
“جودة”,1
كوسيه،,1
وهنّأت,1
خلفه.,1
منعه،,1
للقانونين,1
سافرًا,1
«غالبًا,1
يوري:,1
و3000,1
وإذلال,1
"الإسرائيلية""",1
"""هيئة",1
المناجم.,1
“موصونوي”,1
المنقبون,1
يهاجمنا,1
الإيجابية.,1
الحقائب,1
لصحف,1
الغموض.,1
للإقناع،,1
الحساسة:,1
«شيء,1
بفلسطين؟..,1
فجعل,1
والجوية,1
والمغادرين,1
"""سُلان"".",1
وسيُعلن,1
والسياحية؛,1
اُختيرت,1
فتطرح,1
"""الذكريات""،",1
بآلاف,1
يحتفظون,1
يلاحظوا,1
"العظمى""",1
للمهنة,1
وستلتقي,1
ستكوّن,1
"""أنصح",1
وتوضح:,1
دراستها،,1
تخفيضه,1
مكتمل.,1
1948،,1
انتداب,1
حكمتها,1
والمتعلقات,1
أسبابه,1
الواجب،,1
سيتضح,1
الضباب،,1
ما»,1
أولياء،,1
وجبل,1
وبربر،,1
وعطبرة،,1
وشندي،,1
وغداً,1
(الأحد),1
المناسيب,1
الوطنيةفي,1
أولياً,1
فماذا,1
الإنجليز..,1
العم,1
تهتدي,1
والراغبين,1
العقول.,1
"""كيدو""،",1
الذكي.,1
القروية،,1
حصلالمغربعلى,1
وغائب,1
يشيخ,1
متجذرًا,1
والأذربيجانيين,1
فالعداء,1
والقرى،,1
الكارثة،,1
الأخير»,1
«الإنذار,1
وسنار.,1
الأزرق،,1
تأثراً,1
العسكرية:,1
للحيض؟,1
نظافتك،,1
توفيره,1
نجحنا,1
فاضطررت,1
ماء،,1
عرضته,1
متغيرة.,1
أزيموت,1
خطورة،,1
وتجبر,1
الربيعة:,1
المظلم.,1
وتفاصيلهم,1
ونشروا,1
ينفث,1
نحوي؛,1
بالنذالة,1
لفرنسا,1
محميّين,1
عرّضهم,1
المقدّمة,1
"""رونالدو""،",1
"""بنزيمة""",1
ليون,1
انتقالهما,1
كانتي,1
نغولو,1
البلغارية،,1
"والضربات"".",1
نشكل,1
لحيازته,1
مسجونًا,1
وبرأ,1
طُبِّق,1
"نتوحد"".",1
(14),1
(67),1
(123),1
الصعبة،,1
الربيعة,1
"واعدة"".",1
"""سوقاً",1
مسؤول؛,1
التلال.,1
محفورة,1
أنفاقًا,1
فبقدر,1
مدى،,1
إيجارية,1
مواعيدها،,1
المطورين،,1
"الأرباح"".",1
مجمداً,1
والبنزين,1
للمواصلات,1
للتكاليف,1
قسيمة,1
يتحركون,1
الحركة؛,1
والقانونية،,1
تُخنق,1
والحاضر,1
توزيعَ,1
اقتصاديةٍ،,1
لِفُرصٍ,1
خَلقِهِ,1
النيكلِ،,1
قطاعِ,1
الأجنبيَّ,1
الاستثمارَ,1
الخُبراءُ,1
الفخاخ,1
معينًا،,1
موحداً،,1
أكدالشرعخلال,1
العرضية.,1
"تيك""",1
ووكر,1
كاكو.,1
وروعة,1
العكسية,1
«عقالها»،,1
العيناوية,1
للمشاهدين،,1
غازية.,1
القيود؛,1
منسية،,1
مُعيَّنةً.,1
مُؤهِّلاتٍ,1
يمتلكونَ,1
أولئكِ,1
يستفيدُ,1
متساوٍ،,1
مَنافعِهِ,1
محتشدٌ,1
اللاتيني,1
بارايبا.,1
خاضعًا,1
فيلكا،,1
وسانتوس,1
القاصرة,1
أُوقِف,1
واضربها,1
أحصيت,1
"دولية"".",1
المدارس..,1
ايدوبا,1
الخاصِّ,1
"""نتجه",1
العظيمة,1
شركةميتا،,1
الصيانة.,1
محطاتها,1
المائجة.,1
الهائجة,1
المتعسكرة,1
وأمثالهما,1
نتخلى,1
واليد،,1
مُتقدم,1
وتتبع,1
المُساعدة,1
المُختلط،,1
سيُمثل,1
ورفقته,1
وفظائع,1
لايلي,1
والدةُ,1
اتَّبَعَتْ,1
47%،,1
3.53,1
"السنوي""",1
غرامًا.,1
بـ25-30,1
الكلمة.,1
رحيلك.,1
بحضورك,1
اللمسة؛,1
والذهني،,1
"""الشيرينغيتو""",1
غاضباً,1
رونسيرو،,1
بأوضاعهم,1
84.8,1
للأشهر,1
بالذنب.,1
دموعها,1
كثيرًا”،,1
“بكيت,1
صحَّتِها.,1
وارتداءِ,1
المنزلِ،,1
أمانٍ,1
تحوّلات,1
مسافةِ,1
بالحفاظِ,1
الطبيبِ,1
نصيحةَ,1
و56,1
بالصيانة,1
واستثمرت,1
"و""واتساب""،",1
منفذي,1
الإبداعية؟,1
(الضعف)،,1
والهشاشة,1
كلغاتٍ,1
2025/2026.,1
"جواسيس""",1
تعدم,1
النت.,1
السيبرانية»,1
70.0,1
67.8,1
المناقشة.,1
بالمنصة,1
يسارية،,1
"المالي"".",1
الجنون,1
اليورو،,1
ذلك...,1
نفعل,1
ووكلائهم،,1
تغلّب,1
لاح,1
المتنامي.,1
بمهارات,1
عالمي،,1
"للتدريب""",1
"""الخليج",1
الإقلاع،,1
يدوياً,1
أفكارنا،,1
الوكالة.,1
وانتهاج,1
مصرية،,1
متزن,1
بوبينغا,1
تالي،,1
سابيلي،,1
أيوس،,1
عالقَةً,1
إغراء,1
الكاتب،,1
وإسرائيل»,1
«منصّة,1
حديثٍ,1
وشراكات,1
وسفارات,1
ومراكمة,1
رمزيٌّ،,1
صحيحًا,1
حديثٌ,1
حينه،,1
بالصفقة,1
الحصان؟,1
«المنطقة,1
كلاين،,1
لمؤلفه,1
مترجماً,1
نشرناه,1
بالكتاب,1
المكرم,1
الأدبي”,1
تشخيصي,1
لالتهاب,1
نبحث,1
قضيناه,1
16.6,1
17.2,1
بالتكاليف,1
للمعنى,1
جغرافيًا،,1
موطننا،,1
نفتقد,1
بصدق:,1
لامسني,1
مريندا,1
"السلبية"".",1
بالنظام،,1
"""لكننا",1
الحرية!,1
علمنا,1
نوحد,1
اتنقل,1
والإعجاب,1
بمساهماتك.,1
لإضافتها،,1
لمشاركتها،,1
أسافر,1
المصادفة,1
للمراقبة.,1
التسعين.,1
بوكاس,1
الدنماركي.,1
سيُحظر,1
واعتباراً,1
ستُعقد,1
"بالجميع"".",1
وتليق,1
ميسورة,1
تأثيرا،,1
يورجنسن،,1
الكفاية.,1
الغربية—,1
—الولايات,1
أثره.,1
ويضخّم,1
الفعل؛,1
“زد”،,1
الطلاب:,1
والانتماء”.,1
هويتنا،,1
"عبرهم"".",1
الوسطاء،,1
والأميركي،,1
متوقعا،,1
خفضا,1
“العملاق,1
لوفليس،,1
بيرسود,1
إنغريد,1
ميلار,1
شارون,1
جينكينز,1
ماكولاي,1
بالتزاماتها،,1
والتشريع،,1
والبرونزية,1
واضاف,1
نُهِبت,1
أطلعنا,1
"""فولكسفاغن""،",1
سي.إن.إن.,1
السحب,1
ومنهم:,1
كتابيةً,1
والعامين,1
أرنب,1
لاسلكيا,1
كبسولة,1
متسللين,1
عاصفة،,1
مسارنا,1
بفريقه,1
ليصعد,1
آذربيجان,1
ويليامز،,1
ويتزامن,1
وإجهاد,1
والسمنة,1
الفركتوز)،,1
(شراب,1
بشراب,1
ومغطاة,1
مكرر,1
والوافل,1
الفطائر,1
إبداعية،,1
ترفيهية”,1
“تعليمية,1
رومانسية,1
قصائد,1
والسكر.,1
والزيت,1
في31,1
14.12,1
نقديةعلى,1
"العقارية""بتوزيع",1
"موناكو"".",1
طريقنا,1
واستأجرنا,1
هبطنا,1
نيس،,1
بإصرار,1
أجواءَها,1
والكذب,1
استعداداً,1
واجباتهم,1
وتغريمها,1
بحبس,1
جاكرتا,1
للجمباز,1
بينزا,1
يتدرب,1
الباري,1
واضحٍ,1
كوَّن,1
النارية.,1
خوذ,1
قوّتها,1
توظّف,1
السّعوديّة,1
خليجيّة،,1
متوسّطة,1
علنيّة,1
الرّاسخ,1
فالوجود,1
تعينه,1
الجامايكيين،,1
لخنزير،,1
ومساهمة,1
غليله.,1
تشفِ,1
ومسيراتهم.,1
وصواريخهم,1
الوكلاء.,1
لدرء,1
سرديّة,1
وفاته،,1
يحترمون,1
العِرق,1
يوتا.,1
محاضرة,1
إلقائه,1
«الجمهوري»،,1
«المحافظ»,1
جيد.,1
فرصها,1
والجوع.,1
التّقليديّة.,1
والسّودان,1
بيروت؛,1
سنّة,1
متّهم,1
هيكل.,1
ولرودولف,1
منسّى،,1
ولميشال,1
عون،,1
لجوزيف,1
مردودة,1
وعملتُها,1
ينزف,1
هالتُها.,1
دورُها،,1
محورها،,1
«الطوفان»,1
أهداف،,1
بـرصيد,1
فيليكس،,1
وأفكّر,1
تُعلّمني,1
مُعلّمتي؛,1
لطريقها.,1
تعبيدًا,1
الشيعيّة؟,1
متواطئ,1
هذا؟,1
للسنّة,1
الحريري.,1
وبمكان,1
ذكراه,1
"""حزب""",1
6.8%.,1
93.2%،,1
721,1
الشابات.,1
الجماعات.,1
للوقوع,1
لباراجواي.,1
والمهاجم,1
وكريستيانو,1
أتقنته,1
حرمَها,1
سليماني.,1
آلته,1
وقتلتهم.,1
نوويين,1
جنرالات,1
بولايات,1
كلانتري,1
وموناكو.,1
تضامناً,1
لمعدات,1
المشتراة,1
المستهلكة.,1
الخطورة:,1
بأنّه,1
"القصيرة""",1
"""الفوضى",1
يتقاسموا,1
بالامتلاء،,1
يُشعران,1
والمثبتة,1
صادمة..,1
الفلاحة.”,1
الأجنة.,1
بالتوحد,1
غوتاما,1
سيدهارتا,1
وتنوير,1
فيساك,1
باناكارا،,1
لمبنى,1
أمان.,1
"والشراء"".",1
التجميع،,1
الرقيب:,1
وكارولاينا،,1
وألاباما,1
وميسيسيبي,1
والمنزلية،,1
قُرر,1
كمبوت،,1
التزامه,1
وتقديرها,1
الاصطناعيجيميني,1
منصةمحادثة,1
"ميديا""،",1
سينس,1
احتيالي.,1
لاب,1
ستيزين,1
متفائلًا.,1
أحرارًا،,1
اليدوية.,1
باكتشاف,1
الإيفنيكيين,1
بينتشيك،,1
لنتاليا,1
امرأة.,1
منخفضًا،,1
يشغلن,1
المستأجرين.,1
أرهقت,1
المبررة,1
وبدرجة,1
انجذابي,1
بالضبط،,1
أذكر,1
يُذكر.,1
يُعر,1
الساخرة,1
السابقتين,1
مواجهتيهما,1
"جديد""",1
"""كلاسيكو",1
التقليديان,1
الغريمان,1
الكويت.وسيلتقي,1
والليمون.,1
ومكعبات,1
الأفضل)،,1
(الكرز,1
المربيات,1
ديستي),1
(كاي,1
"الأفكار"".",1
"""يُغيّر",1
“التنظيم,1
وسيلقي,1
سيما،,1
لتأثيره,1
بالمسامير.,1
سرير,1
وثبتُّ,1
نجارة,1
النيباليون،,1
أرجنتينيًا.,1
و649,1
الجزر،,1
بريطانيًا،,1
لخطأ,1
أعدتُ,1
(كانفا)،,1
والإسناد،,1
وتحريرية,1
للسلوك,1
والمراجعة,1
التحريري،,1
يفترض،,1
7.6%،,1
العرس,1
وسياتل,1
"كغازية""،",1
كمحررة،,1
أُكمِل,1
مبكّر,1
لاصطحابها,1
الناخبة،,1
الإنسان”،,1
يهودي,1
ومناصري,1
والتقنيون,1
ومستجيبو,1
الناس:,1
والمنصف,1
الممولين,1
أعمدتها,1
كتّاب,1
وبتطبيق,1
نزاهته.,1
القراء،,1
وشكاوى,1
معلوماته،,1
مقبول،,1
تلفيق,1
أُحبّذ,1
العقارات.,1
الجيومكانية,1
العقاري),1
(السجل,1
وأحكام,1
والاستبداد.,1
منعكساً,1
لليهودية,1
تراثي،,1
تحركاتهم,1
"""استبعاد""",1
ليلا،,1
البصري؟,1
تبنيك,1
أمثل,1
"دائم""،",1
النائية.,1
تموين,1
التموين,1
"""نفطال""",1
ذاتية،,1
بإمكانات,1
يُرمى,1
نفايات،,1
"السذاجة""",1
لاتفيا،,1
والمقاطع.,1
"و""الأحدث""",1
تُعجبني.,1
المُفرطة,1
التصويرية,1
"""المقاطع""،",1
“‎مزود,1
‎بعنوان,1
كتهديد,1
واستخدمهم,1
انفتاح,1
سرجودها,1
المقسّمة,1
والمعلنين,1
"والإسكان""",1
بالحدث,1
بحذف,1
مكتبًا,1
وأنشأت,1
وحكومتها,1
بلومبرغ:,1
هاكان,1
الميوومبو،,1
للمساءلة.,1
بدعواته,1
بانتقاد,1
فارغ,1
‎البيان,1
الآمن].”,1
[التوقيع,1
[الوطنية],1
الإلكترونية”,1
"و""الأصدقاء""",1
تتابعها؛,1
المُوصى,1
"""الكل""",1
للخلاصة:,1
مَحصولٌ,1
كاكاو,1
مزرعةِ,1
مُنتصفِ,1
تقعُ,1
وتدفَّقَ,1
انفجر,1
الدقيقةُ,1
فالنُّقطةُ,1
قاحلةً:,1
تكُنْ,1
شدَّدَ,1
الحاسم.,1
ستونبريدج,1
أولبرايت,1
أكباش,1
قطره,1
بيضاوي,1
"""ديموس""،",1
قمري,1
الرئيسيِّ.,1
دخلِها,1
لِتأمينِ,1
عليهِ,1
يعتمدُ,1
أبحاثها,1
ترتكز,1
41.75,1
(50.75,1
106,1
السرقات,1
حيويٌّ,1
بأناقة,1
عُلقت,1
التشكيلية,1
وفرق,1
والخيّالة،,1
بالسجاد,1
ومهيب،,1
لضيوف,1
المدرة,1
أرادته,1
مقدسة.,1
شارع،,1
لمبارك,1
خفيفة،,1
معدومة،,1
كيلومترا،,1
مهدئًا،,1
الكوليسترول.,1
اللوز,1
كتمهيد,1
بالغرق.,1
مختصون,1
أليكس.,1
هجوميا,1
أسلوبنا,1
معتاد,1
أرضنا,1
يستحقه,1
يحظ,1
أدهشني,1
والمحللون,1
الملكية.,1
وشهرية,1
405,1
بحرية؟,1
نشيع,1
صغيرة.,1
متفجرة,1
بشحنة,1
حرارتها،,1
اتهمها,1
والمعترف,1
تقلقه,1
بايز،,1
إكماله.,1
بالحلم,1
السيئ.,1
ويخفض,1
الشّخصيّة,1
والاقتصادية-الاجتماعية,1
نسمة)،,1
الكربون”،,1
“ذات,1
والتنفيذ,1
حديثًا،,1
بسياق,1
يختص,1
1.5%.,1
أداني.,1
(2025-2031).,1
للالتزامات,1
وتشن,1
تغير،,1
كايمن,1
يده،,1
زبائن,1
وإصرار؛,1
شعيب,1
31.9%,1
247.1,1
لدولمجلس,1
المحاكم.,1
التلقائية،,1
الصّادر,1
شعيب،,1
المسدس,1
بالمولات,1
سعرا,1
فيمصرلتصبح,1
المولات,1
وداعين,1
حقيقيا،,1
بشكاية,1
المعتدين,1
حياتهن،,1
مجتمعيا,1
سمجة,1
لبلغاريا.,1
المتسرع,1
البلغارية.,1
العمومية.,1
الفيتناميين؟,1
(ف.ن.):,1
والمطلة,1
نكاتًا,1
وزملاء,1
فقدتهم.,1
المهجور،,1
حالي،,1
المقترن,1
شنّت,1
سوداني-سوداني,1
للحملة,1
وحفاظًا,1
بالمغادرة,1
والمحلي،,1
تلفزيوني،,1
وصحفي,1
بالقلق،,1
والمليء,1
المتأني,1
وتفعيلها,1
جوش,1
دخل،,1
يُستغلوا,1
القرآن،,1
تعاليم,1
بتصعيد,1
(ترامب),1
موانئها،,1
الرسو,1
بحريًا,1
ترتكبها,1
هندوراس,1
لنتذكر,1
العظيمة،,1
بوحشية,1
رجالًا,1
أهدافً,1
روح”.,1
بتبسيط,1
“مجحفًا”,1
تاكونغ,1
الجابون،,1
شعرنا,1
الإلهي,1
بالفعل:,1
والتضامن،,1
تأثيرنا،,1
روابطنا،,1
سنعمل,1
ستضيف,1
"""رويترز""،",1
غرونباوم،,1
المنخفض،,1
“يعتبر,1
بغيانا:,1
بولاناث,1
يتذكروا,1
الأحمق,1
يفهمه,1
الصينلتسجل,1
تصنيعفي,1
"""فيلق""",1
لوهاني،,1
الفيدرالي(البنك,1
تأنيمجلس,1
لإصدارات,1
خطّته,1
والتظاهرات,1
المشغّلة,1
الروسيإذا,1
صادراتالوقود,1
سوروكين،,1
موجعة,1
قرانه,1
وشاركوه,1
للزفاف،,1
التحضيرات,1
ألمهم,1
وكيما،,1
“بايخوفي”.,1
القيصرية,1
البلاد”.,1
وكربون,1
والحيوان,1
للمعلومة.,1
المُفرط,1
متعة،,1
"بالديزل"".",1
المولدات,1
للاعتقالات،,1
واتفقت,1
مُنعزلة,1
ويسافرون,1
مرتفع”،,1
“متوسط,1
التصدّي,1
الديمقراطيون،,1
يقودهما,1
نازحو,1
بالاشتباكات,1
مصوغات،,1
للتسريع,1
توطينهم،,1
الليبيين،,1
الظاهر.,1
لباسها,1
والاعتقاد,1
"المقبول""،",1
ستحقق,1
ورواية.,1
وبجاية،,1
الحاضرين,1
“متوسط”،,1
بتيزي,1
معمري,1
لتدريس,1
2019)،,1
13.6%,1
77.8,1
ويوفنتوس,1
يتقاسم,1
سفره,1
لاستجوابه,1
سيُحسب,1
"""صافية""،",1
خاطئة،,1
وربعاً.,1
الثالث)،,1
(المتهم,1
مشغولات,1
فاحتفظ,1
السوار.,1
"تعترضه""،",1
والمعوقات,1
مفصل,1
إيجاز,1
انفصالية,1
متغلغلة,1
والقائد”,1
“المؤسس,1
وبوروسيا,1
والنرويجي,1
جدو,1
الموريتانيّ,1
والمدوّن,1
2019).,1
76.8,1
بودونغ,1
تقلُّ,1
التدويرِ),1
وعملياتُ,1
التصنيعُ,1
السيارةِ,1
حياةِ,1
دورةِ,1
الناتجةَ,1
الكربونيةَ,1
الانبعاثاتِ,1
تُطلِقُ,1
"الخاص""،",1
و335,1
1425,1
متطلباته،,1
"""دعم",1
16.47%,1
الفيضان،,1
الهوجاء,1
حُوِّلت,1
الوقودِ.,1
بسياراتِ,1
الخاصةِ,1
أضعافٍ,1
أربعةِ,1
والعاشر,1
608,1
2.703,1
2.978,1
غابورون،,1
كاروي،,1
بنحوِ,1
المحايدة,1
إنفيديا.,1
ركيزةً,1
النموّ,1
يوشع:,1
نبوءة,1
غولف.,1
تُقزِّم,1
أحدهم،,1
أساسيتين:,1
بنقطتين,1
أُعلّق,1
الذكر,1
آنفة,1
17.58مليون,1
20.47,1
الولادة،,1
الرصيف,1
ملقاة,1
تداوله،,1
مصاعبه.,1
ببناءها؛,1
وبيتها،,1
طلابها,1
كاي,1
"""لاما""،",1
وستتمكن,1
2033.,1
تنبأ,1
لإبداعاتهم.,1
بإبداع,1
تشع,1
يمارسه,1
للهشاشة,1
ألانا،,1
أسراباً,1
العبر,1
استخلاص,1
آدمية.,1
الإدراك،,1
وإعياءً,1
نزيفًا,1
نعى,1
وشل,1
ومثّلت,1
وفعال.,1
وسهل,1
والشفائية,1
صادراتها،,1
جمركيةوقيوداً,1
المكسيكرسوماً,1
الاثنين.وأصبح,1
اختياره,1
دموعه,1
جمعها.,1
والسياق,1
وأذونات,1
تصميم.,1
وببطء،,1
برفق,1
١٨١٤.,1
ندافع,1
المعمارية،,1
مزودو,1
الأوراق،,1
8861.10,1
العظمى)،,1
(الخيانة,1
وسيفاستوبول,1
والفيديوهات،,1
وأندية,1
وبرمنغهام,1
وواتفورد,1
بإشغال,1
المسامحة,1
مَنْحَه,1
قَطعيًّا،,1
طلبَه,1
رَفَضَ,1
تدخّلًا,1
فيمصرخلال,1
شددها,1
سلاسة،,1
وحرصا,1
"أمنية""",1
"بـ""ضرورات",1
عناصره,1
تتحكّم,1
والآشوريين,1
والأرمن,1
والأمازيغ,1
التبشيري,1
بالأبجدية,1
الخاسية،,1
الغار،,1
وورق,1
الغسيلِ،,1
شيءٍ,1
يعتمدونَ,1
الشكُّ,1
يساورُهم,1
وجوهِهم،,1
مُرتسمةً,1
المُضني,1
والقلقِ,1
الخوفِ,1
علاماتُ,1
ترسانتي,1
تجرى,1
الكرملين،,1
أرضه،,1
واتخاذها,1
حملا,1
بثوبين,1
ظهرتا,1
كوسا,1
ندى,1
وملكة,1
الزغبي,1
نوال,1
"بمفردها"".",1
ببساطة..,1
ومنقسمة,1
موسميا,1
للاستخدامِ.,1
صالحةً,1
الشربِ,1
الطبخِ،,1
بيلو,1
للأسمدة.,1
والدلتا,1
وكيما,1
وحلوان،,1
وأبوقير،,1
موبكو،,1
ممتنةً,1
الشهرية؛,1
تحملته,1
معافاة.,1
"""قمعها",1
"الفور""",1
"""تصحيح",1
الهوى,1
اتّخاذ,1
بالإصدارات,1
المورمون.,1
لطائفة,1
"""تعمد""",1
الأمامي,1
مطالبها,1
إكسلنس,1
أتاماو،,1
لانزي,1
متعلمة،,1
ومتكاملة,1
وسيُسهم,1
وسيُمثل,1
مضافاً,1
بنسب,1
بخاري,1
معالجةأزمة,1
والبحيرة,1
أتاتورك,1
١٩٩٤,1
لنهر,1
وغزة.,1
(الهند),1
مانيبور,1
مُلفت,1
لوالابا،,1
كولويزي،,1
موانجيجي,1
دوار,1
بسيطة),1
(التنقيب,1
لمنقب,1
بيريلي,1
بالنبطية،,1
الجبل،,1
كيفون,1
حطيط،,1
لصاحبها,1
فارول،,1
بمكتبة,1
لنمر,1
أصابتا,1
جسدية.,1
مرضًا,1
معروفون,1
كارثتين,1
تلبيتها.,1
الإسكانالتي,1
طفلة.,1
بهنا,1
"نزلتها""،",1
تدمرها,1
لهنا,1
"""معايا",1
ليفاجئ,1
الموسعة,1
إلزامهم,1
مستعمريها,1
بالتأني,1
يعكف,1
بالمكاسب,1
واحتفظ,1
بكلبه,1
للعناية,1
والصفقات,1
المساومات,1
بالصينية.,1
الماندرين،,1
إيبادوغلو,1
جوباد,1
هايكيم,1
تصويته,1
"التوحّد"".",1
لشرائه.,1
آبَ/أغسطس,1
وظيفتَها,1
وقتكم,1
تضيعوا,1
عنهم:,1
لمجاراة,1
طعنوني,1
مازحة:,1
اتجاهًا,1
والمسيء،,1
الزعتري,1
ومخيمات,1
بالسرطان,1
السكرية,1
تتركَ,1
أغذيةٍ,1
مُعالجةِ,1
مَصنعِ,1
لِأكثرَ,1
عملَتْ,1
نالتشيك,1
بلقاريا],1
التعجيل,1
بركات,1
"""إيه.إن.زد""،",1
هاينز،,1
بإنجازه,1
"نقطة""",1
"المطروحة""،",1
وملحوظاً,1
"""تقدماً",1
"لـ""القناة",1
النعمة,1
وتفجرت,1
بهجمات,1
يُختلط,1
العامة؟”،,1
المواصلات,1
/4.,1
/1,1
/2,1
ونوعًا,1
كمًا,1
وطفرة,1
التنسيقي,1
سيادية,1
والخبرات.,1
ومزيجها,1
لمالكا,1
حماسنا,1
المسلحة”,1
“الاشتباكات,1
والنظام.,1
والمبادرات,1
​​عمرها,1
يجذبك.,1
استطعت،,1
مرجّحًا,1
97.744,1
طفيفا,1
تراجعا,1
لشاي,1
مرضٍ,1
كليومتراً،,1
6340,1
"الأفوكادو"".",1
وعصيرهما,1
الفواكه،,1
يقولون:,1
فخبراء,1
كوموس,1
المطالبين,1
للتعلّم,1
والتعليمية,1
سجالا,1
التصويرية/البورتريه.,1
وأعمالك,1
يُغير,1
إصدارٌ,1
لسيري،,1
للتحديث,1
الهامة,1
الأسمدةفي,1
أنقطاع,1
مرعي،,1
محليا.,1
لليوم،,1
طاقة.,1
امتدَّت,1
عطلةِ,1
"الدولي"".",1
ورؤى,1
متجها,1
"""مهرآباد""",1
الآلي،,1
الاصطناعيمن,1
مُسرّعاتالذكاء,1
مورنينغستار,1
سيلقون,1
المتقاربة,1
حزبه–,1
–شاركها,1
تفاؤله،,1
تتلاشى؛,1
“الآخرين”,1
تعليمهن.,1
دراستهن,1
حفيداتها,1
10:38,1
بالاهتزاز,1
والمعلقات,1
السائل:,1
طينية،,1
ومعادن,1
أملاح,1
التركيب,1
ويطرح,1
الأثاثات,1
النشيطين,1
وتوصياتها,1
كرمت,1
والخصوصية،,1
ويركز,1
ويطبق,1
الانتقامية,1
للشر،,1
كالتجسيد,1
جرائم.,1
أمنيًا,1
ومظاهرات,1
يوربا,1
ومستدام,1
نهيان,1
أوليًا,1
تثار,1
جدولاً,1
يرتب,1
والتضخم.,1
لتشكّل,1
"تشاد""",1
"""نور",1
آبائهم،,1
يتهربون,1
بالخجل,1
سلبياً,1
والمناصب،,1
توفيق،,1
المتوقع.,1
بالمعدل,1
ثابت،,1
930,1
تفاعل،,1
1900,1
ومنطلقات,1
بميثاق,1
الملتزمة,1
ومثلي,1
رفضها.,1
لقبولها,1
تتح,1
انتهاكه,1
رحلاتنا,1
​​في,1
لنزور,1
لالتزام,1
حشاش،,1
"""تضيف",1
زاحفًا,1
مشتعل,1
جحيم,1
14:51،,1
مذهولةً,1
وقفت,1
كثيرين،,1
ورئاسية,1
المفعول،,1
مخصّصات,1
برشلونة:,1
إعجابًا.,1
و830,1
“هاها”،,1
تعبيريًا,1
محنته,1
مصرفيًا,1
مصرفي,1
أشواطًا,1
"""قطعنا",1
خطتين,1
(22.5,1
76.2,1
“شلال”،,1
اللقاح,1
المهربة,1
المقيد،,1
والمستهلكين،,1
وثانياً,1
وتعزو,1
واعظ.,1
أعباءِ,1
الحاليِّ،,1
النموذجِ,1
ظلِّ,1
الضخمةَ،,1
الصينيةَ,1
القروضَ,1
الباحثينَ,1
استقرّ,1
تُعظِّم,1
الحمراء”,1
يوتاه,1
بارزا,1
(31,1
النظامي.,1
و”الخطوط,1
النودلز,1
الصغر:,1
متناهية,1
بالخونة,1
تنتقد,1
الشورى.,1
5050,1
المطبعة.,1
تسايتونج,1
الجماينه,1
مستحيلةٍ.,1
ماليةٍ,1
مواقفَ,1
بعضَ,1
وتضعُ,1
ديونِ,1
سلالات,1
والتوساس,1
البيتبول,1
"المعهود"".",1
إليّ,1
"""أُفضل",1
"التعلم'""،",1
'دعم,1
فيكتوريا.,1
المتواطئين,1
البورمية,1
مخمر,1
روبيان,1
“النغابي”،,1
وحاوية,1
التحضير،,1
"""وصل",1
وإثارته,1
الخفية،,1
بغرابته,1
(للفنان,1
99.5%.,1
السكانية،,1
96.4%,1
مساكنها,1
تملّك,1
بـ47%,1
65.4%,1
للمساكن,1
الأبيضرسوما,1
فرضالبيت,1
اختتم,1
مهمةً،,1
دروسًا,1
يعطينا,1
وتطلعاتها,1
التوسعات,1
واحتياجات,1
يحظون,1
للاستراحة،,1
والمساحات,1
وباحات,1
والتنمر,1
وفيتنام،,1
بلدان،,1
يعّبر,1
تتهيأ,1
خزنات,1
موصى,1
عفاف:,1
اليمين.,1
انعطف,1
اقلب,1
مستقيماً،,1
المرونة.,1
عضلات,1
الرياضة.,1
رغبنا,1
يتشاركن,1
للزينة،,1
يعرضن,1
مراهقات,1
نزولًا,1
المصعد,1
متعمد.,1
لسبيس,1
"الإلكترونية"".",1
"""ميزان"":",1
التنازلي.,1
للأسرة،,1
8.5%,1
المغتربين.,1
والصينيين,1
والمجاعة,1
ودارفور،,1
واشتعال,1
وفنلندا,1
(آب)مهمة,1
"حمضية.""",1
ينفع،,1
طلبنا,1
المتمرد,1
بماضينا,1
اتصالنا,1
بسير,1
"أون""،",1
"""باور",1
وإرجاع,1
محصنة،,1
الجديدة:,1
"الاتحادية"".",1
والدستور,1
105.3,1
111.6,1
مستخدماً,1
"ثابتة""",1
مُهمةٌ,1
1963,1
تمريرة.,1
للكرات,1
تقديماً,1
بـ29,1
هدافي,1
السمراء.,1
يستخرج,1
بلاي.,1
كوايشو,1
بالطرق,1
مراقبته,1
للمشاهدة،,1
مشوقًا,1
لأغانيهم.,1
بركاتي,1
الإبداعي.,1
والتحرير,1
تحديًا.,1
ولغته,1
بالاخيشيفا،,1
الجانب.,1
لعبه،,1
للمنافس,1
نشرهم,1
"""أعلن",1
سافينيو،,1
لعبنا،,1
بأسلوبنا،,1
فترات،,1
سيطرنا,1
ودود,1
وخُلق,1
بإيمان,1
فينعم,1
والجودِ،,1
الشهامةِ,1
ستارلينك.,1
حدسي,1
أرتب,1
للون،,1
مفتونة,1
تخوف,1
وثمة,1
تدم,1
فاتفاقات,1
بمقاضاتها,1
"""تهديدا",1
يقوده.ووافقته,1
"الإجرامي""",1
ديموقراطيا,1
والاستراتيجية,1
متأسِّين,1
أبيَّة.,1
وأرواحٍ,1
وبقلوبٍ,1
بسواعدَ,1
مستقبلنا,1
المحتملة؟,1
المحتجزين،,1
“عدالة”,1
والمدن”.,1
ويُسهم,1
بجروح،,1
وأُصيب,1
"انضمام""",1
"""تفويضا",1
حزبها,1
ساندو،,1
ومستقبلاً.,1
بنيوية,1
شكلية,1
والقرار،,1
"هادئة""",1
فتصف,1
الأميركيتين.,1
"والاستقرار""",1
ومتزايدا,1
حقيقيا,1
لإسرائيل‘,1
’الذي,1
وعلمك,1
اهتماماتي,1
عمليتي,1
ببوركينا,1
مُبدية,1
مفروضة,1
الأمميةالتي,1
إيران،أعيد,1
"""3",1
(الناتو),1
ساقه.,1
فومسان,1
بانتي,1
أحدهما،,1
والجفاف,1
والفقر,1
قياسي.,1
ومثالية،,1
ومكّن,1
لتلتقي,1
وسترسل,1
سيأتي،,1
"""وقتك",1
كلاماً,1
فوزير,1
محميات,1
“لإزالة,1
تشريعًا,1
"الموحد""!",1
سيستبدل,1
نظراؤنا,1
"آخوندزاده"".",1
استمالتهم،,1
وأمنية,1
ترامبوعوداً,1
قدّمتإدارة,1
1982،,1
الأكريليك؟,1
قوالب,1
بخطوة،,1
منفية,1
"هيوم"":",1
يمكنكِ,1
فطريًا.,1
يهتموا,1
"ثرية""،",1
دوليين،,1
أسلحتها,1
وتعهد,1
"قانونا"".",1
الهايتي)،,1
(تحالف,1
اصطحابها,1
منير،,1
بجدته,1
تكلفة”,1
41%،,1
المهنيةفي,1
معدلالإصابات,1
الأسباب،,1
وأقوى,1
يشبهونهم،,1
توجيهِ,1
تدميرِ,1
تكييف,1
التدفئة،,1
ضواغط,1
نزيهة.,1
لنقابة,1
بالنتائج.,1
لنهاية,1
سيعيد,1
"""قريبة",1
"المزعومة"".",1
مظالمه,1
تطلّبت,1
ولعلّ,1
سيادة.,1
وجدّات,1
رابين.,1
شمعون,1
احتجاجا,1
عُدّت,1
سماعها,1
قلقة،,1
تظل-,1
-وسوف,1
وبرغم,1
1948م,1
العرب؟,1
التداخلية.,1
تخصصها,1
تخرجها,1
وحربٍ,1
(ميت,1
منإعطاء,1
محطتي,1
النيوترينوات.,1
بسائل,1
مملوء,1
كروي,1
والكاشف,1
التجريم،,1
4.5%،,1
"""بورشه""،",1
فاغن،,1
فولكس,1
باقية،,1
خلّفه,1
“انتهى”,1
والبيع,1
يستعمل,1
بختم,1
مختوما,1
ورقا,1
يستعملون,1
ودونتها,1
أدهشتني,1
واستقراره،,1
80،,1
قريبتين.,1
صرخ,1
ننجز,1
جادة...,1
(إن.بي.سي),1
برس),1
الثلج,1
بغزارة,1
وجلسات,1
والبحوث,1
وشق,1
لمداواة,1
للتنظيم.,1
بانتمائهم,1
وعملية,1
الرقة،,1
إرهابي,1
أيلول/تموز,1
إنستجرام,1
إنتاج.,1
تماشيا,1
والشراء.,1
و40%,1
بتوزيعات,1
وربحية،,1
يتطلبها,1
استثماراته.,1
السكني،,1
المبيض,1
ضخمة:,1
صخري،,1
ولاحتواء,1
الديمقراطية/وحدات,1
بالضعف.,1
المفككة,1
البحيرة؛,1
تفيض,1
وذوبان,1
ومتى,1
وأهدافهم،,1
أختلف,1
“بينما,1
لوبي,1
ليرا،,1
تبرعها,1
لصوت,1
هيوز,1
بريان,1
المعذبون,1
الكيلومترات.,1
نزلوا,1
المذهلة,1
منبهر,1
المجمّعة.,1
بالتقرير،,1
للمصابين.,1
ومتمنية,1
برحمته،,1
يتغمدهم,1
تعازيها,1
"114,320",1
"57,160",1
لشهادة,1
"22,860",1
مشكلة.”,1
يسعونَ,1
شنقاً.,1
وتعاطفاً,1
بإنصافها،,1
يريدون”.,1
الأساسيةُ,1
القدرةُ,1
الحقيقيةُ,1
الضحيةُ,1
غضونِ,1
تفقده,1
تتغافل,1
بمدغشقر,1
للبطولة.,1
كوراساو,1
هايتي,1
دولتان,1
تأهلت,1
شرفي:,1
نتصور,1
البحثية.,1
تلقائي،,1
2231,1
يانبين.,1
الركن,1
القضارف،,1
والي,1
القلابات,1
بمحلية,1
ارتداؤه،,1
والإعلان.,1
بالمناقشة,1
العالمِ.,1
مجانيةٍ,1
صوتيةٍ,1
مُكالماتٍ,1
إجراءِ,1
المعيقة.,1
سنحلل,1
“الإنتربول”,1
اكتنف,1
"الوسيطة""",1
مهشمة,1
الخلاصات,1
معدو,1
مساء”.,1
نقرأ,1
ولادة,1
“منذ,1
ديدكوفسكا:,1
(الفيتو)،,1
فادحاً،,1
انتهاكاً,1
للعمليات،,1
كيرينج،,1
دوغ,1
وسيتولى,1
هورا،,1
الفشل.,1
مشجعة,1
بأرقامٍ,1
يتعايش,1
"قوياً"".",1
درسا,1
فسيتلقون,1
فعلوا,1
بغباء,1
سيتصرفون,1
بوجوده.,1
(١٦٠٣-١٨٦٨),1
إيدو,1
الإقطاعي,1
وتتناسب,1
السعد,1
الرقاقات,1
لإبعاد,1
بمناورة,1
يوآف,1
للوزير,1
متطابقة.,1
ويتحركان,1
نستعيد,1
وصلابتها،,1
المتينة,1
ولفهم,1
لتايلور,1
مصادفة,1
ونطاقًا,1
الخامس؛,1
18:22،,1
الرابع؛,1
أربعين,1
الثالث؛,1
رُفع,1
剣術).,1
"(كينجوستو,",1
السيف,1
الساموراي,1
محاربي,1
تمرن,1
والتحضر,1
“شيلجيك”,1
"باور"".",1
والتكلفة,1
والجسدي,1
الأربعينات,1
"""احتياطي""",1
دونج،,1
دوجان,1
2001″،,1
“المدرسة,1
بطرحسنداتمقوّمة,1
قاتلة.,1
السحابي،,1
ببساطة؟,1
عجزنا,1
وسعنا,1
متساهلة,1
متميزة،,1
ينته,1
14.1,1
للصيف,1
السرطان•,1
الوزن•,1
الغذائي•,1
للمكملات,1
راديش,1
لشوتار،,1
ووجهتُ,1
ومنتجة,1
لأبقي,1
انخرطتُ,1
للتطبيق.,1
والشعبية،,1
القرض،,1
ومنعني,1
بعدوى،,1
تحتك,1
الركبة،,1
"لـ""فلاش",1
للبرازيلي,1
للجماعة،,1
الاعتبارية،,1
بالشخصية,1
"""حل""",1
(أيار)،,1
"الرئيسية"".",1
وتحرك,1
وتحذير,1
بالتنقيط،,1
المقترَح.,1
ستشكلان,1
"و""بلاك",1
ووضعوا,1
وتعاطفها,1
"الفلبينية""،",1
فردياً,1
"""عملاً",1
منظومة،,1
وتطلعات,1
وسوميتومو.,1
ماروبيني،,1
إيتوتشو،,1
يابانية,1
المسبوقة،,1
"العالي)"".",1
بنبان،,1
"""إنفينتي",1
"المزروعة"".",1
والانتقام.,1
وجهاء,1
ذكروا,1
الأنسولين,1
10.2%،,1
ميتسوبيشي,1
قلدس،,1
تيموثي,1
والباحث,1
صفقتين,1
وأجندتها،,1
لإدراجها,1
البصرية.,1
والسيميولوجيا,1
أبحاثه,1
أهدافها”.,1
والرشوة,1
و”لجأت,1
“تطمع”,1
"وللعالم"".",1
الذهنية،,1
والعلكة,1
السعرات،,1
استهلاكالمحلياتمنخفضة,1
المشرّعين,1
كيوم,1
السرطان،,1
معروفا,1
بصدور,1
وفوجئت,1
الرمادي،,1
مزركشة.,1
ورايات,1
ويحملون,1
سترات,1
0.7948,1
احتيالية.,1
والفتيان,1
الملتحقات,1
​​الحضور,1
زيارتها,1
هيوجونج,1
ميوتشي،,1
اليوتيوبر,1
مسارهما,1
ليضطرا,1
ولوكلير,1
المتحولة،,1
الخضراوات،,1
رفضهن,1
وظف,1
باضطراب,1
لاستخدامه.,1
خجل.,1
وأفريقية,1
السُلطة.,1
وعبثيات,1
والطائفية,1
بحقها.,1
لصدور,1
بورفيريو,1
للمكسيك،,1
طاغية,1
والياكوي,1
المايو,1
الإسكانية.,1
بالمطور,1
الإسكانية,1
الألمانيبنحو,1
قدّرت,1
صنعته,1
ديربى,1
مدنية،,1
بملابس,1
مهامها,1
لدة,1
ونيابة,1
ودربتهم,1
سلحتهم,1
العنيفين,1
الفاشيين,1
الدكتاتوريين,1
التوراتي,1
مستخدما,1
"السيادة""،",1
والسامرة,1
يهودا,1
سياسيا,1
"""اغتنام",1
تلميحا،,1
"""ذكر،",1
دياث.,1
الإباديّة,1
المذبحة,1
كقضيّة,1
للاستئصال,1
معرّضة,1
لكنّها،,1
العامّ,1
ورأيها,1
ودعائيّة,1
أخلاقيّة,1
فهي،,1
كبرى:,1
القضيّة,1
أغسطس).,1
لأذونات,1
تلفها.,1
(تويتر),1
الحلويات.,1
المجففة,1
بحلوى,1
نشرب,1
قوته،,1
اختفاءها,1
بالولاية،,1
تبادلًا,1
خاطرت,1
للقمح,1
واستيطان.,1
وضمّ,1
تقطيع,1
الضفّة,1
يتهدّد,1
بطحاء,1
المقام،,1
بدر،,1
الحمراء،,1
العقبة،,1
ليُدان,1
احتُجز,1
"للحركة"".",1
الجبهات,1
ينضموا,1
"""مؤكدين",1
لإقناعه,1
ويسعون,1
مخاوفهم،,1
زعيمهم,1
"صلاح""،",1
ملاجئ،,1
1394,1
أيضًا“.,1
مثاليًا,1
سأحتاج,1
أبان:,1
متمسكًا,1
العربات.,1
لجر,1
جرهم,1
معاد،,1
الحطيم،,1
الضيافة،,1
الزاهر،,1
النزهة،,1
قريش،,1
بمداهمات,1
الأصليين”,1
“صوت,1
الكليشيهات.,1
للمشاعر,1
لحديث,1
لمسائل,1
مغايراً,1
الرصيفة،,1
الخالدية،,1
المكرمة:,1
الكوري.,1
متأصل,1
والجدارة،,1
“بالإنصاف”,1
الفعال.,1
سماسرة,1
هيوم:,1
مواطن.,1
"الأحمر""،",1
آمونيت,1
"و""مزرعة",1
"نويس""",1
"""مزرعة",1
وربطت,1
الفئران.,1
أمعاء,1
الإليبكتيريوم,1
وزملاؤها،,1
لسيطرةروسياسيرغي,1
بشبكات,1
واعتقالات,1
تصرفاته,1
الكولومبي..,1
الأيقونية,1
نسخ،,1
المدائن”،,1
“زهرة,1
مارفينا,1
إليسا,1
البروكسي,1
وخوادم,1
الكورية”،,1
كوونيل،,1
38.,1
الخام،,1
كيلومتراً،,1
يديرون,1
"بيتكوين""",1
شيرز,1
لايف,1
"""سيجنيا",1
"ميوزيك""",1
والكاميرا,1
سفاري,1
وابتكر,1
بالشاحنات,1
"والبحثي"".",1
وبحثية,1
"""زيارة",1
التهديدية,1
بمصنعها،,1
كيلوواط,1
"""المتهورة""",1
مستعدا,1
تعلموا,1
"""أريدكم",1
والتخصصات,1
إسبان,1
الدائر.,1
تعسر,1
طاقتهما،,1
لعملاقة,1
المملوكتان,1
محطتا,1
مكمن,1
حدوت,1
هدوءٍ,1
سواد,1
الصندوق.,1
المدمج,1
"المجسد""",1
أجبره,1
وانسحابه,1
"يوميا"".",1
ندم.,1
أيضا..,1
وبياناتهم.,1
القومي”،,1
مجادلة,1
متناثراً,1
6500,1
والفوسفاتية,1
النتروجينية,1
انتاجية,1
"""الاقتصادية",1
"فوري""،",1
سيتباحث,1
سرت,1
ليون.,1
لنويفو,1
وتتحرّك,1
تُصرّ,1
اليمنية”،,1
و”تشكل,1
واعتبرتها,1
القادسية.,1
والجبلين,1
جارسيا،,1
ولاءً,1
إتمامه,1
مارس.,1
والأونكتاد.,1
عادياً.,1
بقيمتها,1
الإجلاء،,1
لغيانا,1
وأصابته,1
دونجانا،,1
ديبندرا,1
مطاطية,1
المهجورة،,1
شارنفيراكول،,1
وزراءتايلاند،,1
منزلنا،,1
أبي،,1
أممي،,1
الشوفينية,1
أرمن,1
محتجز.,1
موثّق,1
يُفرج,1
بينال،,1
روميرو،,1
ألفريدو,1
الدفاعي،,1
إنفاقهما,1
سعودية-فرنسية.,1
رسمياًبدولة,1
ترخيصه,1
مُعلن,1
والمستأجرفي,1
بضبطالعلاقة,1
رتال,1
تصنعه,1
المنزلية.حيث,1
والعلاجات,1
بالطهي,1
صعوبات،,1
للزوجات,1
النسائي,1
وتفانيها,1
للتوافد،,1
هب,1
برأيه,1
48.6%،,1
نسبتهم,1
48.98%,1
سيادته.,1
ينفيها,1
الأزهار,1
وضعَ,1
بالرصاص..,1
والرمي,1
والكرسي,1
الحقنة,1
سيتجه,1
"تلاقي"".",1
أدرج,1
لعبور,1
مواطنين،,1
بمدربين,1
مشاركات,1
والكرم.,1
للمهارة,1
مشهورًا,1
و2006،,1
بموازاة,1
الفضائيات,1
القُطرية،,1
والطموحات,1
الفضائيات،,1
وفورة,1
التليفزيون،,1
تظهير,1
الأممية،,1
مواجهتها,1
وقادرا,1
عسكريا,1
تنظيما,1
ليستمر,1
بوندي.,1
وخفيفة,1
الـ4،,1
واستجواب,1
ستيمسون,1
إيلر,1
لبريان,1
والسهول,1
بالطمي,1
المحملة,1
ستمنع,1
وانعقدت,1
مبادرةً,1
فطورت,1
مسلكاً,1
و2009،,1
و2008،,1
الآسيويين,1
ركزتُ,1
4%.,1
0.17%,1
"""بنجاح""",1
اجتازت,1
"رأيته"".",1
أجله...,1
أريده...,1
بالثلاثية؟,1
والتحاور,1
النظير،,1
بالكنز,1
وثائقياً,1
غريليش،,1
إعطاؤها,1
المتعطشة,1
والفقيرة,1
جماهيركم,1
«أعطوني,1
بتذكيرهم,1
والقمع.,1
للتآكل,1
شعوبنا,1
مشرعاً,1
لذلك.الخطاب,1
القناعة,1
امتلاكها،,1
نشترك,1
حققناها.,1
واجهناها،,1
بسرد,1
حسناً...,1
جهودهم.,1
يُشعر,1
أصواتها,1
خاصيّة,1
لمنشوراتنا,1
للمتابعين،,1
وصولنا,1
بيشات…,1
لسلوبودن,1
الرّئيسيّ,1
للمرّة,1
منظمتها,1
تحدياً.,1
وعداً،,1
للحرية»,1
“مدينا,1
فلاست,1
حاور,1
يعرضهم,1
اعتراضهم,1
والمنظمة,1
المال!,1
لعديلها...,1
«الروح»,1
وتطويع،,1
وإيهام,1
للنهب،,1
يُقال.,1
الروح»,1
«عديل,1
المالُ,1
“التدخلات”,1
والعنف،,1
للعنصرية,1
للتضامن,1
البنمية,1
الكوفية,1
مسلحٍ,1
صورةٍ,1
مسدسًا,1
البانامية,1
بيليز,1
٩٠,1
قرغيزستان،,1
ودروس,1
دونغان،,1
بالاخيشيفا”،,1
"""إنفورما",1
والتزييف.,1
المستمرة.,1
متمردة,1
وتسليحها,1
بتمويلها,1
طابعنا,1
ويضعنا,1
مشروعنا,1
تمثّلت,1
فخذه.,1
عضلي,1
إرهاق,1
باركولا,1
برادلي,1
المغامرون,1
"نقدًا"".",1
"""تكمن",1
الاقتصادي:,1
فيإيران،,1
الشفاء.,1
نُصبت,1
المفقودة.,1
القرصنة،,1
913,1
التأديبي،,1
إيراورغي،,1
بالدورة,1
وثروته,1
ماسكفي,1
أنإيلون,1
"كونكت""",1
استهدِفوا,1
أصفر،,1
بجروح.,1
يُبلَّغْ,1
تُكتَشَفْ,1
969,1
يُقدَّرُ,1
ذكرَتْ,1
قال.,1
وقناعتها,1
عزيمة,1
"""الاعتداء""",1
والمستأجر.,1
وأقرّت,1
"بحوزتهم"".",1
مورديهم,1
مختلفتان,1
أبجديتان,1
المكتوبتان,1
والكرمانجية,1
السورانية,1
رئيستين،,1
لهجتين,1
الغربية..,1
وتُقطّع,1
تُنغّص,1
برتقالي..,1
خوليان,1
وفاكوندو,1
أروتشا،,1
لاعبين،,1
الرسمي:,1
ومضمونها.,1
النضالي,1
بالطابع,1
تفرج,1
متوعداً,1
للقدرة,1
الأجرة—,1
وسيارات,1
وجوانب,1
والمكاتب،,1
—منازلهم،,1
الصيفية.,1
أورد,1
3-1،,1
واللاتينية).,1
(العربية,1
تهيئته,1
"الأميركي""،",1
قالستيفن,1
والماويين,1
وحد,1
العرش،,1
"شيء""،",1
"""شيء",1
ميله,1
طريقهما,1
وشاتا,1
لسلع,1
الصنع،,1
سومًا,1
أيماك،,1
مقاطعة،,1
أهدى,1
تشيكية,1
كالعراق،,1
لأكثرِ,1
القاصرات.,1
خطوة،,1
ألواحًا,1
مهور,1
والمزارع,1
ومتفائلاً.,1
ملائمًا,1
الكاسيرولازو,1
والمقالي,1
75%.,1
كذلك؟)؛,1
زائفة,1
الملتمسين,1
احتجوا,1
حطموا,1
لقرون،,1
والاستقلال.,1
والنزاهة،,1
بالإنسانية،,1
المحتلّة,1
القُطري,1
"""بورشه""",1
1903،,1
ميدوز,1
فلاشينغ,1
ملاعب,1
اللاعبتان,1
وخسرت,1
تسجيلاتِ,1
ردٍّ,1
الجامعةُ,1
تتلقَّ,1
وتجعلنا,1
ممدوح:,1
الإغلاقات.,1
نهائيًا،,1
أثاروا,1
والساحل,1
يخسرون,1
تخلّوا,1
المتعلمات).,1
والآسيويون،,1
واللاتينيون،,1
(الناخبون,1
فالصهاينة,1
وأوهامهم،,1
«عمالتهم»,1
والتخلي,1
جيداً،,1
والتنظير,1
عباقرة,1
أديمار,1
سيداد,1
جوانيزا،,1
خايمي,1
اليوم”،,1
[المنتجات]،,1
بتسعير,1
“قمنا,1
المُتطوِّعينَ.,1
وأكد:,1
ديمقراطيون,1
إبستين..,1
المتقدمين.,1
رقميين,1
كسفراء,1
باختيارها,1
الذهب.,1
محتلاً,1
"الأهلي""",1
"""ذهب",1
نجلة،,1
تفسيراتهم,1
التوراتية،,1
بالخزعبلات,1
هوسهم,1
ينجو؟,1
لنموذج,1
للتوضيح،,1
الخميس-,1
للجريمة.,1
(1.13,1
7.92,1
الكرة.,1
والكرات,1
كثيرا،,1
ساعدنا,1
نخسر,1
التشكيلة،,1
خسرنا,1
كثيرا.,1
"""نيكو",1
لوجستكس”,1
“بايسن,1
التّعليم,1
تُستَخدم,1
بانخفض,1
896,1
6.687,1
المتراجع,1
بلاغ.,1
التقاطها,1
توريس.,1
الانتخابية»,1
«قاعدتهم,1
استمالة,1
الإيداع.,1
أسترازينيكا,1
وكشمير،,1
جامو,1
الطب.”,1
تمكننا,1
حصولنا,1
كأطبّاء،,1
كمراقبين,1
مستشفياتٍ,1
تخرجوا,1
معاناةِ,1
إلتيجا,1
معتمدين.”,1
كأطباء,1
تخرجنا,1
“وانبينج”,1
أخشابًا,1
1917.,1
إذاً،,1
فالرمزية,1
الهاتف:,1
والرواتب,1
جوعًا،,1
تزأر,1
البطون,1
وحشية؛,1
تترجى,1
بالشهادات,1
والخريجين,1
فيكتوريا،,1
تارويري,1
مهدي،,1
آغا,1
أحمد*،,1
طلاقة,1
إلمامًا,1
أصليين,1
كمتحدثين,1
الحالة؛,1
بصوتيات,1
سلافية,1
يكافحون,1
يذهبوا,1
فالوافدون,1
الجالية:,1
الرج،,1
بالإمكانية.,1
إينقو،,1
نولان،,1
عَيَّنالمستشار,1
223.13,1
سجلوا,1
727.25,1
950.38,1
والانقضاض,1
213,1
و219,1
"""كل""",1
شخصياتهم,1
للحلقة,1
كأحدث,1
"""المحامية""،",1
الدروز.,1
قريته,1
المزرعة،,1
كمساعدة,1
الانتهاء،,1
2024/2025,1
إيبل،,1
سباستيان,1
القسري”،,1
“بالتوزيع,1
محسوبةضمن,1
بالإقليم,1
سوسييداد.,1
للمستشار,1
مفوضًا,1
بليسنج،,1
بنك،,1
كومرتس,1
الألمانيفريدريش,1
منصاتِ,1
عارمًا,1
التلفزيونيةُ,1
المُداخلةُ,1
ومتنوعة.,1
نموذجا,1
طموح,1
تقريبا:,1
"""الآراء",1
وتبرر,1
وتبث,1
إنسانيتهم,1
تجرد,1
التسميات,1
اللهب.,1
عبّروا,1
مفقودون,1
قُتِلوا،,1
المحليّين،,1
الوليدة,1
للفيديوهات,1
"ريلز""،",1
"""إنستغرام",1
لأريما،,1
بثِّها.,1
فورَ,1
واستحوذ,1
التطوير.,1
وأربكت,1
للدولار،,1
الـ70,1
15.6,1
آفاقٍ,1
متسارعة،,1
بخطى,1
"مرة""",1
بأربعين,1
مخصّب,1
انتهكتها,1
الأوروبيةبتفعيل,1
خارجيةالترويكا,1
الجرحى،,1
وازدهارًا.,1
عدلًا,1
لإمكاناتهن,1
تنطقها,1
متطوعون,1
يسعف,1
النوعي,1
والبحرين،,1
سنوات،مع,1
ومازال,1
المصريةتتمثل,1
الضاغطة,1
يعقوب،,1
رانيا,1
بالفائدة,1
"لغتها"".",1
أجيد,1
"""ميصحش",1
"مؤخراً"".",1
ونص،,1
لتنميتها,1
الزراعي؛,1
مورديها.,1
"الأسرع""",1
"""الخيار",1
مقربًا,1
تُوقّع,1
"رائعة"".",1
كمدرب،,1
كمشجع،,1
وكلاعب،,1
مستعدين.,1
ضدهم،,1
سيطرتك,1
الخضوع.,1
واعتدنا,1
أرثوذكسيون,1
وجده,1
"أنارا""",1
"شكل"".",1
غزيرة.,1
انهيارات,1
جليدية،,1
البلاد».,1
تتآكل,1
تلويثًا،,1
«تنتهي,1
بكندا.,1
تورنتو,1
أونتاريو,1
عروضها,1
استُضيفت,1
"أولاً"".",1
بالإساءة,1
ستحتفظ,1
"الخيال"".",1
بحدوثه,1
"""الاعتقاد",1
"تقريبًا""،",1
شخصيته.,1
لمخاوفهم,1
بإرشادات,1
نشاطاتها,1
التعدين،,1
والواعدة،,1
"""أجيد",1
748.022,1
ومساحتها,1
السحاب,1
753,1
عودتهما،,1
يراهنون,1
"فـ""أبل""",1
للانتقادات.,1
تعرضاً,1
لتساهم,1
هستي,1
بالإعدام،,1
يتوسلون,1
فاحشي,1
ويدمّر,1
اقتصادنا،,1
يدمّر,1
المشكل,1
وخوارزميته,1
وستتنازل,1
تتشكَّل,1
ويُطبَّع,1
يُعبَّر,1
لتعالج,1
تزخر,1
الشعري,1
وتستلهم,1
بالرمزية،,1
تنضح,1
والحرية.,1
مغلقة.,1
المنضمين,1
والروبوتات.,1
"ماسك""",1
"""إيلون",1
"""آيفون""",1
التّوجيهات,1
تحذّر,1
المرور.,1
تقاطعات,1
أطفالهن،,1
لأقل,1
آخرينَ.,1
مُتطوِّعينَ,1
لتوزيعِها,1
بالتَّنسيقِ,1
وقامَتْ,1
التَّبرُّعاتِ،,1
استقبلَتْ,1
هُناك،,1
الأخوّة,1
تُجسِّد,1
الإبراهيمية؟,1
الديانات,1
عنالشيطان,1
"التكاليف"".",1
تيرم:,1
وايت),1
سنو,1
(تجلي,1
يحبني”,1
يحبني،,1
“مارك,1
"دينيس,",1
العامّة.,1
السّحابيّة,1
كيرالا,1
الصّادرة,1
مريرة،,1
لسعة,1
ذاقت,1
الحُلو،,1
العسل”؛,1
“نحلة,1
ومعناه,1
يوناني،,1
لتفصيلة,1
نهائية.,1
"مشتركة""",1
مواطنيها،,1
تماطل,1
ففيما,1
"""شاهد""،",1
"يبدو""",1
عَرَض,1
المهمشة.,1
الأساسية؛,1
(اللامرئية)،,1
(التمييز)،,1
المُحدد,1
أزول,1
(3-1)،,1
الحصار.,1
حملتني,1
لمنافسة,1
مافي,1
ترامبتدرس,1
(3-0),1
النيوزلندي,1
تخطيه,1
الـ21.,1
لبنود,1
وترامب.,1
سالم،,1
أولينيك,1
“يمكن,1
دورماز:,1
وزنًا.,1
الأثقل,1
وسرت,1
نظرهم،,1
سخيفًا,1
الاعتذار,1
لتجنيسهم،,1
(فيفا)،,1
قيود؟,1
مشهداً,1
يشتهي,1
الدرونز,1
"المسيرات""،",1
"""عصر",1
دشّنت,1
المقاتلة،,1
بالمدافع,1
ارتبطتا,1
السابقتان,1
لتقريرهم.,1
مُغلقًا،,1
تنقذ,1
البروتوكولات،,1
العالميتان,1
الحربان,1
عطا،,1
"""الصك""",1
وهاجمت,1
شاركه,1
الرّجل,1
بالدّعم.,1
يبخل,1
سيّد,1
الاستدعاء,1
صعب.,1
سيشق,1
النّزاع,1
الضَّربات,1
استسلام,1
يعلنَ,1
يتمنَّى,1
صعب:,1
"المتلقي"".",1
جمهوره،,1
بالنقاط,1
إيفانوفيتش,1
وفرانيو,1
بافليديس,1
فانجيليس,1
سوداكوف,1
هوريهي,1
شاحنة.,1
الرسمي).,1
عمالها,1
واعتداءات,1
وماشامبا,1
و150,1
​​عبر,1
محسني,1
وواسع,1
نوعيًا,1
9.9,1
وحب،,1
اعترافاً,1
تربوي،,1
قندريشة،,1
آية,1
أنيكا,1
والصلاة.,1
آذان,1
هاتفه,1
سرق,1
لص,1
تعاملني,1
لئيمة,1
خدمته.,1
المحليَّةِ.,1
لِلمُنظَّماتِ,1
الدَّولةُ،,1
انسحبَتِ,1
الرئاسيَّةِ،,1
عشيةَ,1
نيسان/أبريل،,1
لكوك,1
سانحةٌ,1
دأبت,1
"خطير""،",1
"""مضللة",1
ستون,1
عبدالحميد،,1
وروافده,1
براهمابوتر,1
للأوقية.,1
47.14,1
تتداول,1
ومضللاً.,1
التشجير،,1
والوفاء,1
بالمجال,1
وتسويقها,1
المسجَّل,1
15.7%,1
ألهمني,1
وسيرافقه,1
سيء.,1
الصغائر,1
أقحمت,1
ميديا»,1
«بالسوشيال,1
ملوث,1
ونزاهته.,1
القلمون,1
شل,1
إلكترونيتعرضت,1
عقبهجوم,1
والمجموعات،,1
للمجتمع.,1
الإرشاد,1
"""الصيدلة""",1
والتوقيع,1
إسناد,1
فيرمينا,1
جيسي,1
والشمول.,1
ونصّت,1
مقاطعات،,1
فيدراليًا,1
أرست,1
الثقيلة.,1
التمثال”,1
“تل,1
يتوجهون,1
"""سينغتل""،",1
مون،,1
كوان,1
المريضة.,1
والمخيلات,1
الملاحقين,1
«إسوارة»,1
واستدعي,1
يلجؤون,1
"عائلة"".",1
"النسب""،",1
"""مجهولات",1
بكونهن,1
للعربية.نت:,1
للعقوبات،,1
تأثيرًا.,1
جارديم,1
والاستهلاك.,1
(راوتر)،,1
القلق:,1
سيكويرا،,1
"""ماضون",1
فاضل:,1
سلعها,1
للقرض,1
فيرجينيا،,1
والإرادة,1
فِعلية,1
بصيصًا,1
يسدد,1
مشكك,1
ثأري,1
وانقسم,1
والسباقات.,1
وانتعشت,1
الكبار.,1
للمشبوهين,1
لجارتها,1
مماثلًا,1
مصيرًا,1
والتايواني,1
اقتباس،,1
وانتخابات,1
للتمديد،,1
لـ30,1
الدستوري،,1
خنقهم.,1
وحفيديه,1
مهربة،,1
وسلعًا,1
رمادية”،,1
"البصرة"".",1
مشاريعنا,1
تقريرِ,1
الأصيلِ,1
المرأةِ,1
تَطغى,1
الواجبِ,1
فكرةُ,1
والفنون،,1
محفزة,1
مواهبهم,1
الملهمة,1
منخفضة.,1
عاريًا,1
بالسجين,1
“الثلاجة”،,1
والأكبر.,1
وتبعية,1
وعروبته,1
بوطنيته,1
4891,1
وجُرِحَ,1
فلسطينيّ,1
743,1
استشهَدَ,1
المرسومة.,1
السكة,1
وحرف,1
وسيعملون,1
ستثير,1
نحذر,1
سيتعلمون,1
جسدِها,1
مصيرِ,1
وتركوا,1
حافظوا,1
“لتغريب”,1
وتُمكّن,1
سيعود.,1
فسرنا,1
الدموي.,1
دَفَعَ,1
حزيران/يونيو،,1
وأثيرت,1
ورفاقه,1
وبعائلته,1
والليالي,1
مستوى.,1
"""صهيوني""",1
ونزاهته،,1
(37.2,1
الرئاسة،,1
وانتحارية.,1
وقوافل,1
لجدته,1
ارتفاعا.,1
52.44892,1
بورتوريكو.,1
مسبحي,1
والسحالي,1
الطيور،,1
"الأهم"".",1
وتُنشر,1
وستُتاح,1
"""اجتماع",1
خلفهم,1
ونتائجها,1
6.05,1
5.829,1
والحقد.,1
شم,1
وزوارق,1
جرائمه،,1
يرتعب,1
فنتنياهو,1
سوك،,1
لشك,1
لشخصه،,1
هزيمته،,1
الساعي,1
"""الحزب""،",1
استفزازات.,1
بالرقائق،,1
أقل.عندما,1
نانومترًا,1
تُصنّع,1
مُمتازة,1
المُتمثلة,1
مورايس.,1
الليبرالي)،,1
يتحالف,1
للصيد.,1
متقلصًا،,1
فالجواب,1
والحوسبة،,1
والمتحكمات,1
الحياة”.,1
أرغين،,1
كقاضٍ،,1
“التصرف,1
تمثلها,1
أكتافهم,1
تعطيله,1
متأخرًا.,1
دخولي,1
وشاعرة،,1
قاصّة,1
نظرتك,1
المعتادين,1
سيفاجأ,1
يحتمله,1
"""قوي",1
أعواما,1
ولاعبيه,1
الطائف،,1
وثابت،,1
أمد،,1
والحظر,1
قرونٍ,1
بموافقته،,1
والمشكلة,1
بالأنظمة,1
بالتقيد,1
رقابي,1
فلمجلس,1
متناسب”,1
“يعانون,1
الأميال”,1
وجلاد,1
محلفين،,1
تدنيس,1
اكتسبن,1
إحباطًا,1
ناظمة,1
تعذّر,1
المقرصنة,1
والاستقواء,1
بتمرد,1
ونبذ,1
إيكولوجية,1
التقلبات،,1
وسكانها.,1
جانبية،,1
وفلسطين؛,1
وملامح,1
المحميات.,1
بالأمريكيين,1
بحرارة,1
والنيجر،,1
للصحراء,1
شتم,1
وتوعد,1
هافانا,1
ينفذها,1
(سي.إم.إي)،,1
لأداة,1
التضحية.,1
الأحمديين,1
بالحيوانات,1
لتضحيتهم,1
ومآذن,1
قبور,1
هُدِمَت,1
ناكاشيما.,1
التصرف.,1
العاجزة,1
داخليًا،,1
المسجون،,1
بهجلي،,1
دولت,1
والليتشي،,1
الفانيليا،,1
والجرافيت،,1
والذهب،,1
الياقوت،,1
وعاشوا,1
يقلب,1
لوجودهم,1
قتيل.,1
ضعفًا,1
تان,1
إيف,1
جوني,1
(الكهربائية),1
"الهامة"".",1
"ذلك؟""،",1
كان:,1
واثنتين,1
فرج،,1
تاون,1
"""هوم",1
السّلاح.,1
واحتُجِزَ,1
منازلنا,1
فالسؤال,1
سرّاً؛,1
ومدة,1
لمستوياتها,1
القاموس؟,1
الرئيسون,1
جان:,1
السطحية،,1
“بولي-هوندونغ”,1
المستجدة،,1
بيرغس،,1
زيزو,1
لألكاراز,1
الاستمرار.,1
وحيوية,1
"""تشكل",1
والقابل,1
المفكك,1
وتؤثِّر,1
لعبتها,1
ووسائطها,1
الميديا,1
ميديا».,1
«السوشيال,1
«الترند»,1
الحرب؟»،,1
«إيمتى,1
وأنصاره.,1
الروشة»,1
العامية,1
موعدها؟,1
متصدِّراً,1
آتس,1
الاستكشافي،,1
لدار,1
الهادئ”,1
“الخيال,1
مِشّجِن،,1
فيرندل,1
ومُنَظِمَة,1
العشائرية.,1
والقرصنة,1
كيرات,1
وسيتوجه,1
وأزمتهم.,1
الخارجي؛,1
والاشتعال,1
للانفلات,1
واقفًا,1
وهناك،,1
يطوفون,1
بالناس,1
توباجو.,1
المرجانية,1
للشعاب,1
وشيك”,1
أنجيلا,1
البيئي:,1
تقدمية،,1
بالعالم،,1
الختامية,1
كاراغر:,1
زوجها.,1
آرتس,1
"مستويات""،",1
والتاريخ.,1
خلَّفها,1
والتأقلم,1
وهجماتها,1
شرعي.,1
وغيرتشي,1
أغماشينيبلي،,1
واستراتيجية,1
سكوير،,1
فريدوم,1
مقاطعتها,1
لتنقذني.,1
قادمة،,1
نبيذ.,1
وأنظر,1
سيضيف,1
الخيران,1
لمريم,1
ونغني,1
نجول,1
بالبوريسيما,1
تعافٍ,1
صمودًا،,1
للكوارث،,1
يتحتم,1
والملاذ,1
حقيقتها:,1
عائلاتهم.,1
“مسروقًا”,1
"القضائية"".",1
القاضي،,1
الأسطوانات,1
ومكائن,1
مبينةً,1
ترخيصه،,1
المراد,1
يتضمَّن,1
جاذبية،,1
الخلفية-,1
عقب،,1
المعادلة,1
ستقلب,1
أيلول.,1
المزايدة,1
عطاءاتها,1
ائتلافات,1
و125,1
التقليدية؛,1
"صاغة"".",1
بالمسابقة,1
(الفرعون,1
وضغطها,1
وإصرار,1
لتكتمل,1
وفتكًا،,1
تهديدٌ,1
يتبلور,1
«ذات,1
ومعركة,1
وننظر,1
والآراميّ,1
ندعُ,1
للرحلات،,1
الأصعب،,1
"""الخفض",1
الانتخاب.,1
بالتدفق،,1
الأخوي,1
والمصاهرات,1
أزالتها,1
فالتداخل,1
يعكسان,1
وتناغمًا,1
قصصها,1
بالمعذبين,1
ناقدًا,1
خطابا,1
بايلي,1
ويلقي,1
للإمارات,1
واستيقاظ,1
منتظم،,1
أبحاثا,1
"""الواقع",1
المدرجات,1
الحصادين,1
سعره،,1
جماعية؟,1
وجوهًا,1
والصوت.,1
والفيديو,1
عرضه،,1
عكستها,1
وحارس,1
رافينيا،,1
للشتاء،,1
المدفوعة.,1
كروم،,1
بالأمازيغية.,1
التكريم،,1
وجوائز,1
ونائبًا,1
جراحًا,1
وسينتقل,1
"و""لاما""",1
(01:00,1
ظهرا,1
إعلانا,1
0.5848,1
إيقافه,1
موثق,1
الثانيةَ,1
المرتبةَ,1
تحتلُّ,1
بحادث,1
مدمجة.,1
بشاشات,1
"ميتا""،",1
فتُسجَّل,1
"المناسبة"".",1
"""نموًا",1
أرضية،,1
هزة,1
"""تتطلعان",1
توي.,1
والكناري،,1
البليار,1
لاختياراتهم،,1
الأعم,1
للاختفاء”،,1
“فيدا،,1
"استراتيجي""",1
"""تجميع",1
المعدنين,1
الخزاعي,1
الإصدارات.,1
وشهية,1
خيانة.,1
يُفسر,1
عيوب،,1
متحصلات,1
ورهن,1
الهندُ.,1
المنزليِّ,1
أشكالِ,1
عاديٌ,1
شكلٌ,1
أنهُ,1
الأحيانِ,1
التعاملُ,1
بالنتيجة،,1
كوتاهيا,1
5.4,1
زلزالا,1
التعليق.,1
حدوثه.,1
يربطون,1
والطوارئ,1
ممكنًا.,1
أرفض,1
اختلافي,1
الكهرباء؟,1
المُجمد,1
فسد,1
تنظيفها,1
""".",1
بتسليحه,1
تدّعي,1
قصفهم,1
جوعاً,1
"""أطفال",1
“قاعة,1
جنائيةٍ”.,1
“جريمةٍ,1
تصنيفِهِ,1
نسيء,1
بالأحرى،,1
كلامه,1
«كيرك»,1
للمقدسات,1
مسيئة,1
ويشيران,1
معانٍ,1
المقدسات»,1
و«تدنيس,1
بالدين),1
(الاستهزاء,1
«التجديف»,1
فمصطلحا,1
دعواته,1
اليهود،,1
وستيفاني,1
ديالو,1
نناشد,1
بودستاكانيك.,1
بأميركا.,1
لأذربيجان.,1
جادين,1
المسيح»».,1
يسوع,1
دهشتنا,1
نُعبر,1
مطرقة،,1
إصبعنا,1
إلهي»,1
فنصرخ,1
استخدام),1
"""سقط",1
أقسام:,1
يُقسم,1
“بدأت,1
المخلصين,1
ويوتيوب،,1
نتفليكس,1
يُشاهد,1
ويحدثني,1
زبدة,1
شطيرة,1
يأكل,1
عالي.,1
حصوله؟”,1
وخطواتها,1
مانغيل,1
يُهيأ,1
"الصهيوني"".",1
هاجمنا,1
"""كنا",1
ريختر،,1
سيُعقد,1
للأقارب,1
وقسمٌ,1
للعائلة,1
قسمٌ,1
"خطير"".",1
"""تسبب",1
الانتباه،,1
ودمجوا,1
فبركوا,1
"الكحول""،",1
مالطا,1
لترمب,1
ناقدة,1
وقيام,1
بأراضيهم,1
بالاعتقال,1
والرأي,1
بمكافأة,1
واتهامها,1
وعجرفة،,1
بتشنج,1
والصفات,1
وينخفض,1
للحوادث،,1
تتسارع,1
التداخل.,1
الشطري،,1
نزار,1
انتهائها,1
أساسيًا،,1
بأذربيجان.,1
بتمتع,1
"إليها"".",1
الفتاكة,1
"""تصنيف",1
"""نعلن",1
أبيلا,1
تتولد,1
كاراباخ،,1
العرقيين,1
لاتشين،,1
وحصار,1
يدوي,1
سجادًا,1
"المستوردة"".",1
باستيرادها،,1
والانبعاثات،,1
والمواصفات,1
"""أبرز",1
حنون،,1
وراءها.,1
خلفته,1
آبهة,1
تلاشت،,1
دمرت،,1
مكشوفة،,1
سُحبت,1
صادراته,1
رطلًا).,1
كجم,1
لحملها,1
مثالية.,1
كجم),1
رطلًا,1
جورج،,1
تشافيز,1
للبلاد؛,1
الكتاب.,1
بالكلمات,1
ناقشتها,1
للمثل,1
مرتكزًا,1
بيرو.,1
كوزكو،,1
المجاز,1
فالتكنولوجيا,1
للعقل،,1
«يضرب,1
الثمانينيات؟!,1
الأحمرنفسه،,1
إلىالكوكب,1
الـ12.,1
وعلمية,1
خبيراً,1
"الفموية""،",1
وتمهّد,1
ألّفه,1
كتابٍ,1
المؤلفُ,1
صعّد,1
إنَّها,1
كنت؟,1
“أين,1
والكوت:,1
الفائزين،,1
مخاطرين,1
والمسارات,1
للحياة».,1
كنمط,1
189,1
وعلاقات,1
الاستخباراتي,1
واستحالت,1
طرائقَ,1
للتغير,1
فجاءت,1
المستقيلين,1
بمجالس,1
باراتيشي،,1
فابيو,1
الضوء.,1
للطحالب،,1
يُبقي,1
والروسي,1
الحجي،,1
سيدفعه,1
كدفاع,1
بالروز,1
ويُشاد,1
وتهدئة,1
التطبيقِ.,1
وليستْ,1
الإقليميَّةِ,1
لجنةَ,1
ترسيمها,1
وأوّل,1
المحميّات,1
الأصليّة)،,1
(حديقة,1
إنديجينا,1
الأسبوعيّ,1
التّرشح,1
تلفزيونيّ,1
عضوا.,1
مقاعدهم,1
استقالات,1
19.7%,1
76,1
المصطنعة.,1
وأسقط,1
فعاقب,1
وخضعوا,1
الكِبْر،,1
قومه,1
تخلّى,1
ينتصر,1
أريحا,1
نون،,1
آذار/مارس.,1
التَّلوُّثِ,1
كارثةٍ,1
حالةَ,1
أعلنَتْ,1
لإسميرالداس,1
وأشعّة,1
الزمامير،,1
الكورنيش,1
وهاشم،,1
احتفلوا,1
جلبوا,1
ونقصه,1
وأثّرت,1
الكبرياء,1
يوشع”,1
“نبوءة,1
حتمية،,1
شخصي.,1
واعتقد,1
استعلى,1
للقائد,1
تحفيزية,1
فيرغسون,1
أيقونات,1
تجاوزتارتفاعات,1
للنوبة,1
غنية،,1
وكنائس,1
سودًا,1
وأعراقه،,1
بقبائله,1
بلغتها,1
والبلجيكيات,1
الأوكرانيات،,1
لتشجيعهم,1
تخطيطًا,1
الليزر.,1
لِما,1
استمرَّتْ,1
الكارثةُ,1
الوقتِ،,1
"""بعدم",1
الوعد،,1
نتنياهو؟,1
بالعنوان،,1
63.15,1
0.75%,1
دخوله.,1
أزعجت,1
المشاهير.,1
شيفتشينكو,1
وأندريه,1
غاريث,1
البرمجي,1
الاجتماعية»،,1
تعاريف,1
الواقية،,1
لحرارة,1
للالتصاق،,1
المانع,1
الأملس,1
سطحها,1
"سي"".",1
للطوائف,1
لِلمُجتمعاتِ,1
واضحةٍ,1
تفسيراتٍ,1
تقديمِ,1
يُقاربُ,1
و«حالة,1
«أداة»,1
أسفل،,1
لفوق,1
بأصبعه,1
الصفحات,1
يمرّر,1
موبايله،,1
ينقر,1
ضد،,1
معيّن...,1
ما...,1
«هندسة»,1
«الرقمية»,1
ومخابراتها,1
يعنينا,1
الفراغ،,1
"""انطلاقاً",1
متابعة.,1
وروبلوكس,1
والناشطات,1
ترابيتشي,1
الاجتماعيون.,1
بأشخاص,1
مؤمناً,1
ناجحة،,1
عملاقة.,1
مجتمعاً,1
منحتها,1
ثيل,1
صمّمهُ,1
تطبيقية»,1
وإدماج,1
أرفض.,1
وباستثناءات,1
والمذابح,1
بالاعتذار,1
بتسليط,1
"الاجتماعي"".",1
كبداية,1
محمودة,1
الصفري,1
العوفي،,1
تعاونية.,1
أحث,1
ونظرة,1
فلفت,1
2050.,1
معبداً,1
"ماغنا""،",1
متصلاً,1
الغارق,1
والميناء,1
المانحين،,1
محبوبة,1
المتدفقة,1
الماضية”.,1
الأصليين:,1
الأقارب.,1
والتسوق،,1
دوائية,1
تخصيصها,1
لائق.“,1
والسفارات.,1
الأسلوب،,1
مألوف،,1
تفتيشية,1
بالبحيرة,1
عبدالغفار،,1
لنظيرته,1
"""للهيمنة""،",1
محترمة.,1
عرقيًا,1
نغمات,1
أوزيريس،,1
تطرأ,1
والتزامات,1
وأوصافه,1
لعبادة,1
مكرساً,1
حسنين،,1
"""ميريس""،",1
والسحب,1
"قيود""،",1
المريحة,1
المتقنة؟,1
وبالتقنية,1
وبالحرفية،,1
المفرطة،,1
مالكه,1
تسجيلها،,1
وصك,1
"عقار""",1
"""رقم",1
بالواقعية,1
التكوين),1
مدنية.,1
تنفيه,1
وتخشى,1
وانتصار,1
"لـ""العربية""،",1
مرتبطتين,1
ومختلفة،,1
الليثيوم”,1
أصعدة,1
ومتعاون,1
ائتمانياً.,1
تُؤخذ,1
بتحسن,1
الائتماني،,1
تصنيفه,1
المصريقطع,1
الممانعة»,1
«محور,1
لانخراطه,1
التَّخندق,1
ورثةَ,1
للمساهمة,1
واستعداد,1
للنزاع”،,1
“دعم,1
نيجيرفان,1
الموثوقية,1
تفسيره,1
الإقبال.,1
مطلوبة،,1
بـ65,1
يغالب,1
وثمن,1
أميركية.,1
عازلة،,1
إسرائيل:,1
بخروجها,1
خياراً.,1
الحربُ,1
الشرع.,1
لأحمد,1
بالنوايا,1
محله.,1
شفافة،,1
حسين.,1
تماثيلُه,1
لنفسه:,1
يبتسم,1
ينفقون,1
وصارت,1
"النجدة"".",1
يصرخون,1
أشخاصا,1
زوجي,1
"""سمع",1
مربع».,1
«إمبراطورية,1
سيطرته،,1
لإحكام,1
العظيم»،,1
الوحدوي,1
بـ«القائد,1
معروف.,1
البطاقةِ,1
“احذروا”,1
بإيموجي,1
مرفقة,1
صوري,1
وتعرضي,1
يظن,1
سألته,1
والتحسن,1
بك؟,1
تخططين,1
حرة،,1
"أيه.آي""،",1
بلاتفورمز،,1
شركةميتا,1
ويندوز,1
المشتركين.,1
ردم,1
سلميّة,1
وإنسانياً.,1
وتنموياً,1
وأرهقت,1
أربكت,1
والتحوّلات,1
للمعارضة”.,1
“قنّاص,1
أعمى,1
و”خطر”.,1
الأبواب،,1
السعودي:,1
المتكدسة,1
وعي.,1
قلد,1
للشاي)،,1
(اعتمادًا,1
يُسكب,1
موسيقيًا”.,1
ألهمهم,1
راقصي,1
ماركا,1
اللاعب،,1
الجماعي”.,1
“الذهان,1
ريفيرا,1
أعارض,1
المزعومة.,1
تيستا.,1
ومبانٍ,1
المئات،,1
غطَّى,1
مصبِّ,1
عندَ,1
مساحتُها,1
تبلغُ,1
مَحميَّةٌ,1
لأشجار,1
سوداتل،,1
استيلائها,1
منتصفه,1
ويُملأ,1
سيصير,1
خطته.,1
يلوم,1
الحقائق:,1
للجرأة,1
إعداده,1
المجفف)،,1
(الجبن,1
أرول,1
ايرانحول,1
بأنالمفاوضات,1
الساخنة،,1
ماكنولدي,1
ودخوله,1
المائيَّةِ،,1
وتسميمِ,1
النَّباتيِّ،,1
الغطاءِ,1
خنقِ,1
القنواتِ،,1
الخامُ,1
و600,1
المستلمة,1
وشعبها.,1
التسعينيات-,1
شُكِّلت,1
الإسرائيليللضفة,1
أخطط,1
الاستهداف.,1
وإسكاتهن,1
مفبركة,1
شيلجيك”،,1
“سامير,1
عمه،,1
وحفنة,1
ثوان،,1
موافقة،,1
"تيليكوم""،",1
"موبايل""،",1
البلاد:,1
"بيانات""",1
ثروتها,1
المحترفة.,1
والدمار،,1
متوارث,1
ستضطر,1
يلاحظهم,1
الحية.,1
والأفوكادو،,1
يمتصه,1
بشدّة,1
هيديرسفيلد,1
كأساسي,1
بقتلهم,1
بالطلاق,1
وتربطها,1
ونجحوا,1
"46,000",1
امتحانات,1
ستجتاز,1
أن”لي”,1
والوسيط,1
وشنت,1
العرفية.,1
مدفوعات،,1
"مجددا"".",1
فالمتوقع,1
النجراني,1
"يونيكوم"".",1
فِكْرَته،,1
إبداعي,1
محبوب,1
أسطرًا,1
يطبخن,1
أسرها,1
صغرها،,1
متضمنة,1
متاح-,1
انكماش،,1
ماهر.,1
والجناح,1
لثنائي,1
عدي,1
المتألق،,1
فوافقت.,1
تكشفها,1
سرها،,1
وعاء،,1
المتناثر,1
وكيان؟,1
بالنا,1
للعمل،,1
فتأتي,1
تُخلِّد,1
والمستوى,1
محمومة،,1
كإشارة,1
تيودور,1
مستثمرون,1
التأمين،,1
دَعَمَتْ,1
ازدرائيًا,1
“غجر”,1
بلفظ,1
تمييزهم,1
تقاليدهم،,1
الجرح.,1
وتتشكل,1
تلتئم,1
كتبته,1
ليماركيز،,1
الإبداعية.,1
وحواسها،,1
وحُنُوّها,1
وإدراكها,1
بوجدانياتها,1
المجازي،,1
“شادون,1
بريتوريا,1
وقَّع,1
"مُزوَّرة"".",1
"""انتخابات",1
"آخر""،",1
المُزوَّرة,1
"غيره"".",1
دونالد),1
(الرئيس,1
نسمعه,1
"""سلوك",1
والمتمركزين,1
توّجت,1
البدوي،,1
وأسلوب,1
بمليون,1
سكانها-,1
-15%,1
وحيازتها,1
واستيرادها,1
ميكرومترًا,1
كثافتها,1
الحيوي،,1
يجرّم,1
وزاريًا,1
الإثيوبية،,1
والتوقف,1
ليبتون.,1
“تحسين”,1
ترينيداد.,1
بيني”,1
تُزعزع,1
تُغذّيها,1
تُنظّم,1
ليتدفق,1
أعلاها،,1
فاضت,1
سوسايتي,1
وأوبن,1
تراكر,1
كلايمت,1
نشِّرَ,1
تيلاك,1
97.75.,1
الاتحادي،,1
خسائره,1
النقص،,1
طُردت,1
شرحًا,1
مراكزها,1
ونفّذت,1
"الأخبار""",1
"""صانعي",1
مكين),1
"العقاري""(أساس",1
مكين,1
الحقيقيون,1
والنمو.,1
الروحية”,1
“الأعشاب,1
​​الاتحاد,1
واضعي,1
الواقعي.,1
الجدران”،,1
“صيف,1
"""شخصية",1
إنرئيس,1
غاراته,1
السكان.وبدأ,1
ومسعفون,1
(1910-1945),1
لعطلتهم,1
العطلتين,1
بصعيد,1
تتعامد,1
"جيله"".",1
"""عملاق",1
"عصرنا""،",1
ألمع,1
خالدة؟,1
كوون,1
العمالي,1
المحلّيّ.,1
الزهراء,1
رهيبة”,1
“عواصف,1
دونج,1
نها،,1
فونج,1
خرسانية.,1
بأعمدة,1
وأطاحت,1
المموجة,1
347,1
انقطعت,1
لتقتصر,1
والوهم.,1
انتقالية،,1
وينيكوت,1
والترميم،,1
كفعل,1
كلاين,1
تأملت,1
وأتوقع,1
"""قرأتُ",1
أدويتها,1
ستتغير,1
الإطلاق”.,1
“أعظم,1
السادس،,1
غوستاف,1
فأكثر,1
تصغر,1
اعتيادي,1
المعجزة،,1
الثمينة،,1
الركلة,1
انتخابية.,1
ومضخمةً,1
بمعاملة,1
بحسينة،,1
والمستثمر،,1
والمقيم,1
أسبوعية.,1
1255.72,1
"الاستخدام"".",1
وبرونزيتين.,1
أوريغو,1
رسميًّا.,1
الأوروبيةّ-الإفريقيّة,1
تويتر،,1
لتثبيتها,1
للغاتهم,1
عيادة.,1
مؤسسيًا،,1
بهو,1
فنزويليًا.,1
1538.15,1
44.92,1
التفضيلات”.,1
“تزييف,1
المنتخب.,1
ودعتهم,1
لهُ،,1
التقنيةِ,1
فارغاس,1
يتَّخذُ,1
آرويو،,1
الناشطُ,1
واجَهَ,1
بلورت,1
للزيادة,1
بالتهميش,1
للاعبة,1
عمارة،,1
الشطرنج،,1
طرأت,1
حيازاتهم,1
جاوكس.,1
ويسلط,1
والمدني،,1
سدة,1
بالدم.,1
وسمنود,1
بالتوجه,1
وسيط,1
تطبيقتليغرامللمراسلة،,1
امتداده.,1
وأخمدت,1
الإخطار,1
وإسبانيا.,1
الجيدة.,1
السيارة،,1
ذاتَهُ.,1
الصَّمتَ,1
الميدان،,1
صقلتها,1
ولشخصية,1
للإرادة,1
التحرير.من,1
انشقاقه،,1
مؤثر،,1
ويسرد،,1
لشعبه,1
وانتمائه,1
وصراعه,1
والمحسوبيات,1
كضابط,1
لعقود.يكشف,1
همّشت,1
النضالي،,1
توك15,1
منصةتيك,1
المشروع),1
"""بالتنفيذ",1
الحكومية:,1
الطبِ,1
“طبيبة”,1
حلمُها,1
الكثيرون.,1
لنزلات,1
إذابته.,1
بلغم،,1
احتقان,1
كمقشع,1
وهادئة.,1
"""نقلة",1
وجوع،,1
التدافع,1
بالفعل؛,1
جهنم,1
يجرى,1
باللباد,1
مغطى,1
تعالجها.,1
للعدو.,1
كلم,1
مقبولة،,1
والدعاية،,1
تشياباس.,1
"""توكوبيديا""،",1
لتأخرها,1
(900,1
خارجه.,1
تمكينهن،,1
تُقيِّد,1
للمحرَّمات,1
والدعم،,1
للاستماع،,1
ضعيف.,1
ونشوب,1
زائير-,1
"""يترجم",1
حاله،,1
انتقادها,1
بيبيت،,1
جهنمية.,1
ورفح,1
ينتظرهم,1
التقادم،,1
الإقليمى،,1
القومى،,1
محك,1
متصادمة،,1
العظميين,1
القوتين,1
وتوزع,1
تبلور,1
سؤالاً,1
تطول,1
"عن""المصري",1
المُضلّل,1
أشد،,1
مفتوحاً،,1
والثمانينيات،,1
إذن؛,1
ونواتجها،,1
الكبيرة؛,1
للنماذج,1
مهمة:,1
الأساسية:,1
برسالتنا,1
عملنا،,1
رئيسيان,1
سببان,1
راغوناث,1
شودري،,1
سوراف,1
أيروسبايس.,1
بشهادته.,1
إدلائه,1
بأحر,1
جهدنا,1
المرحّلين،,1
وغانا,1
وإسواتيني,1
أفريقية،,1
كوزير,1
وحرصًا,1
الاشتراطات؛,1
وتندوف،,1
أدرار,1
مختار،,1
باجي,1
وماناجوا,1
وهافانا,1
سيئة.,1
ونُدان,1
نُقاطَع,1
وجوهنا.,1
أبوابهم,1
الناشرون,1
وكتبنا,1
المهرجانات،,1
فأفلامنا,1
للآراء,1
للعرض.,1
تيميمون،,1
البريدية،,1
للنشرة,1
اليسارية،,1
الميول,1
وأحبائه,1
المقلية,1
(فطيرة,1
تشيبوريك,1
لقاءهم،,1
مُصنّع.,1
مُحكمة,1
المُولّد,1
الوصفية,1
ومبنية,1
روشن،,1
التوازن.,1
جيشها.,1
و2010.,1
تسنّ,1
التلاعب.,1
استباق,1
“السجينات,1
لكنيسة,1
والمقرضين,1
الدائنة,1
ملفاتهم,1
للمقترضين،,1
أرخص.,1
المُستخدمة,1
نزوحًا,1
المفروم).,1
متعمد،,1
لمحوٍ,1
وضجيج,1
سانزيدزور.,1
ينجُ,1
وسانزيدزور,1
والميسر,1
"البيئية""،",1
للفضة,1
"""العرض",1
المسؤولان،,1
الشاغرة.,1
هوامشها,1
أمانًا.,1
لإجلاء,1
"شديد"".",1
سُئلوا,1
يتذكرون,1
الجزائريين,1
القرفصاء.,1
يؤمرن,1
اعتقالهن,1
حدّثت,1
يُرتكبها.,1
يُكافح,1
أمواج,1
تبقّى,1
بتصحيحها.,1
طبعاً.,1
المُفترض,1
تتطلبه،,1
والبريق،,1
والنجومية،,1
زاهونزيب,1
منفصلتان,1
٢٠,1
مسنّات،,1
ونساء,1
داريا,1
الحي،,1
مستثمر,1
"الأعمال"".",1
"""منهجية",1
مضمونة،,1
وبمنهجية,1
والمغلقة،,1
والجديدة,1
فالهيئة,1
ومتاح,1
والمفارقة,1
وجدية.,1
"53""،",1
المُكرر.,1
"""المزيف""،",1
الغجر.,1
مجتمع،,1
كترف,1
المعلومة,1
شوارعنا،,1
ظاهر,1
مكرر.,1
دخولهم،,1
أعمارهم،,1
!,1
لإصلاحه,1
بمالٍ,1
وطالبه,1
تضرَّر,1
مَنزلنا,1
يُخبره,1
المجاعاة,1
متناقضتين.,1
نصيحتين,1
المركبة،,1
وتذكر,1
يقدمونها,1
هولمز,1
تحّد,1
النوم”.,1
“ترك,1
الشوارع:,1
كارميس،,1
غان،,1
بالحكمة,1
المحض،,1
تتساوى,1
الناشئةديب,1
وبندًا,1
أيفيت,1
كار،,1
بريندان,1
الحديث”،,1
فوصف,1
ميرفي,1
الأيديولوجيا.,1
وتتخذ,1
تَلَقَّى,1
سيشرف,1
وسيشغل,1
وسيتحكم,1
للتدفئة،,1
يتجمدون,1
ساوثهامبتون,1
بارما,1
فمساء,1
قوسين.,1
دل,1
خامنئي،,1
"2028""؟",1
"لـ""بتوقيت",1
انجذابك,1
*هل,1
مرجحًا,1
العراقمنذ,1
إقليمكردستان,1
"تجريبي"".",1
"""إصدار",1
سيكأحدث,1
"""نصائح",1
جولدن”,1
لتأثيراتٍ,1
والقنوات,1
اليوتيوب,1
الانترنت،,1
سِلمية.,1
الليزر،,1
حسين،,1
"الحوثيين"".",1
جديدتين,1
وحدتين,1
وأشعة,1
الوجه،,1
تشتيت,1
التحام.,1
دينيًا,1
أوسوغبو,1
النيجيريتين,1
معتنقوا,1
الأقبية.,1
الاحتماء,1
للغارات,1
"""كبيرة""",1
تلغرام,1
فياشيسلاف,1
"""أنشأت",1
بالقطاعات,1
الاستثمار؛,1
يُشرب,1
الأدغال”،,1
"النفسية"".",1
الانفصال،,1
بتساهل,1
البساطة,1
رهبانية,1
“دوتانغا”,1
كرحلة,1
بهافانا،,1
المنظمون،,1
لنهري,1
منابع,1
"الصناعي""",1
القاعدة.,1
المترامية,1
محتواهم,1
المنبع،,1
"""ترجع",1
القرطاسية،,1
مهووسةً,1
"القول"".",1
المستقبل؟...,1
2.02,1
و314,1
قروضها,1
لأرصدة,1
293.7,1
للأقليات,1
"""المشاريع""",1
جداً..,1
والأقليات,1
بالقلق.,1
انتهي,1
ببلدي،,1
أخلاقي،,1
النصابي,1
الكوكب،,1
أميرال.,1
1883،,1
بالبحرية,1
ملازم,1
الباهظة.,1
تحدياته,1
والطبية،,1
النفيسة،,1
"بقوة"".",1
ولإدخال,1
":""نعمل",1
متقطّعة،,1
وكهرباء,1
الدخيلة,1
المستعدة,1
ضررها,1
بلبنان,1
البذاءات,1
والتآمرات,1
التقرّب,1
هليكوبتر.,1
بالطلاق.,1
ولزوجها،,1
ترامب،التعبير,1
ليستهدف,1
تفويضها,1
المتحدة”,1
“الحركة,1
حبها,1
حقيبته.,1
وقطعة,1
سكينًا,1
بالأكواب،,1
نواجهه,1
فاشلة.”،,1
“وراء,1
عبارته,1
"""حروب",1
لإرباك,1
"""أسراب",1
تُقرب,1
لاغتياله.,1
الصدر،,1
مقتدى,1
خرق.,1
ونظارة,1
مستعملة,1
القدوم,1
المقيمين،,1
"الموازنة"".",1
بوبولا.,1
سولابادي,1
أولوو,1
سنوات:,1
تفويتها,1
3790.74,1
41.24%،,1
لتنمو,1
شتاء,1
مرضت,1
بسنتين،,1
وثق,1
أصدقاءك،,1
"وزاد""",1
محرك،,1
ودراجة,1
السمك،,1
الرياضة،,1
ومعداتها،,1
وعربة,1
"وأقراصه""،",1
حاكي,1
مسموعة,1
مرئية,1
"""تسجيل",1
للحمل،,1
مكبرة،,1
والصوت،,1
بـ147,1
المفتوح.,1
"1,450,000",1
محلاتهم,1
و2034.,1
"حينها"".",1
برنامجك,1
أميريكيًا,1
مغربيًا,1
درهمًا,1
"4,959",1
لخريجي,1
عملًا،,1
ضربتا,1
بأسرتك،,1
بإصابتها,1
الزيادي,1
و3%.,1
و3.7%,1
تحسناً,1
بإقالة,1
لتستهدف,1
الانقطاعات,1
وانصب,1
أفريقي،,1
التالية؛,1
بالأوبئة,1
فوكالات,1
للجبال,1
حرية.,1
التقييد,1
وتُدرَس،,1
وتُراجَع,1
وجريئًا,1
تأملًا,1
والمسرحيات.,1
الموسيقية،,1
والحفلات,1
الترويجية،,1
ثقيل،,1
كسائق,1
الهزتين,1
الزلازل،,1
وأجريت،,1
الشغل,1
لحرفة,1
يرعى,1
١٠٠٠,1
الهضاب,1
البوروندي,1
قاذفات,1
الازدواجية،,1
وغاز.,1
والنموذج,1
ومعاصرًا,1
تفسيرًا,1
التطريز,1
المنزلية.,1
باكرًا,1
المحوّل,1
بالشحنة,1
فولط،,1
بشحن,1
ماذا؟,1
"""تخيل",1
مبتسما:,1
ييل,1
لاب),1
ريسيرش,1
(هيومانيتاريان,1
الاصطناعية,1
للأقمار,1
بأقرانك؟,1
والالتقاء,1
ن:,1
وجدتها.,1
قطف,1
٨٠٠٠,1
٧٥٠٠,1
قامتْالهيئة,1
ببعضها.,1
عصي,1
شيناي:,1
"الأسبوع"".",1
"""عقوبات",1
وودورد,1
"الحسم""،",1
"""مرحلة",1
"الخبز!"".",1
تبيِّن,1
"الإسرائيلية"".",1
"والتعقيد"".",1
مندوبة,1
"أجلك"".",1
أنتظر,1
أستانا.,1
وفريقها,1
"أخيراً""،",1
"الاستثماري"".",1
بتثبيت,1
المشرع,1
أغقلنا,1
‘تعدينه'،,1
يتوقّف,1
"""خرجنا",1
"بالخروج""،",1
المديرة،,1
وغضب,1
الطرفان،,1
يستمع,1
للعقاربدراسة,1
إف-35،,1
(شراء),1
"""يريد",1
جوهانسبرغ،,1
الساعة10:18,1
112735.12,1
لحقتهم,1
متزامن,1
مقيدتان,1
ويداي,1
نتساريم,1
لأصل,1
أسلك,1
لأتمكن,1
مواقفها,1
باعترافات,1
ويقارن,1
محطماً,1
بافيتإلى,1
الأسطوريوارن,1
الحقوقي؟,1
صلاتك,1
"عنه"".",1
نحيد,1
يتسمان,1
"""مسار",1
ديبال.,1
غانغابورنا،,1
والحطام،,1
يتّخذ,1
إف-16،,1
"الجدية""،",1
أسجل,1
الخطوط.,1
الأولى...,1
الإرسالات,1
ساحقاً:,1
إرسالاً,1
للنطاق,1
أمره,1
و2.7%,1
لمراعاة,1
سياستها،,1
الجمهور؟,1
تقيمين,1
جدلًا..,1
5000،,1
ويلشاير,1
والشاعر,1
"أميركا""،",1
"""العدالة",1
"جداً""",1
"للأعمال""",1
"""بوث",1
"""كلارك""",1
بالمنصب،,1
محافظالاحتياطي,1
يخلف,1
الأكاديميون,1
ذلك“.,1
المجموعتين،,1
استفدت,1
ويتفوق,1
إرسالات,1
بالعطل،,1
وبينها؟,1
شعرتِ,1
الوثبة,1
تريكي,1
"التتويج"".",1
وعُدت,1
"""الحمدلله",1
النامية.,1
“غالبًا,1
عرفتهم,1
39680,1
جنيهات.,1
3306,1
4251,1
وخيمة.,1
حازمين,1
“ليسوا,1
الإنجاب:,1
ينجح.,1
التجديف،,1
عقيدتهم,1
الديني،,1
الاعتصامات,1
بـ5,1
"""سرقة""",1
القميص,1
يلعبوا,1
ديربي،,1
تذكرة،,1
العمدة,1
حصانًا.,1
يشرفون,1
المجندين،,1
مستشاريهم,1
قيادية،,1
فوق،,1
برتبة,1
الجزائرمع,1
مشتركفي,1
بمشروعه,1
وتجهيزاته،,1
يبد,1
بريال,1
"الجريمة""،",1
خاص؛,1
المجتمعية”.,1
قراراتهم,1
الفلسطيني”.,1
العنصري،,1
والاحتلال،,1
وحكومية,1
“مجموعة,1
كيرني:,1
يُنتظر,1
«كارثية»,1
الحليفة.,1
منتشرين,1
وأدميرال,1
النفي,1
إلكترونية),1
(كمنشور,1
بحت؛,1
الجنود.,1
وحريته،,1
وكبت,1
التنازل،,1
يوكسين،,1
متميّز.,1
لمصمم,1
تكريمية,1
موريكس,1
سلمون,1
فنيّة,1
والنجمات,1
تضمّن,1
كعادته،,1
التراكمية,1
الاإبتدائية,1
تخصيباً,1
الإعلاميين،,1
لطالبان.,1
للجبهات,1
ساراواك.,1
وحلوة,1
شبابي،,1
جبالها,1
لأعماله.,1
وطاقتهم.,1
ووقتهم,1
المنفرد,1
استعراضي,1
دفنوا,1
القاتلة،,1
(1.19,1
فالعيش,1
اقتصاديات,1
خففت,1
والتخرج,1
الروضة,1
فالالتحاق,1
لأطفالها:,1
دخلها،,1
المفعول.,1
أُصدر,1
الخانق.,1
(50,1
وأقيل,1
وتقنيين,1
ليومين,1
قمتنا,1
النيبال،,1
كمثلي,1
"صاخبة"".",1
الجزم,1
فقاعة،,1
وتدفقاتها,1
"""فيديليتي"":",1
0.016%,1
2.40,1
هنا”,1
|,1
سويدية,1
كرونة,1
1142,1
640,1
603,1
والجداول,1
2.266,1
837,1
171,1
غرينبيس,1
والأخشاب,1
وتوباغو.,1
باتوس,1
للمؤشر.,1
167,1
"للمليارديرات"".",1
28.5,1
وراثيًا.,1
بالأنواع,1
قاومته,1
للإساءة.,1
وجسدية.,1
والإغراء,1
بالمكافآت,1
يخلقونها,1
الموثوقة،,1
ويجيدون,1
مقرّب،,1
تقمص,1
"""المحتالون",1
"""وام"":",1
1850.,1
20.,1
ورثوا,1
التايوانية.,1
باورشيب,1
للرقائق,1
1850،,1
هناتو,1
ويتحول,1
مطورين.,1
هدنة.,1
اعتقاله.,1
"""فشلا""",1
وفنزويلا..,1
وكييف،,1
"التفكير"".",1
مودي،,1
غوجارات،,1
910,1
للتشويش,1
المصداقية,1
وادعاء,1
مغرٍ,1
خالص،,1
موقفٌ,1
1.1703,1
1.1727,1
51.149,1
93.148,1
إيمانها.,1
مُستبعَدة,1
تعتني,1
أليسون,1
نكيتياه,1
نجيه,1
ستتحرك,1
وضربت,1
مراقبين,1
أهوان,1
47،فإنهم,1
الديمقراطيون.,1
بالهند،,1
براديش،,1
إندور،,1
زايكا,1
إندوري,1
وبأسعار,1
المطبوعات،,1
طبعاً؟!,1
الترمبيون,1
تُنفذ,1
وفاتها.,1
والدتك,1
ووجوب,1
تعبيرٌ,1
الإجابات.,1
تُطرَح,1
والداي،,1
الموطن,1
تعين,1
انتهى.,1
مكياج,1
قمتِ,1
الأخير”،,1
لإشرافها.,1
تعديات,1
بالإبلاغ,1
للمخاطر،,1
“كراتوخفيلوفا”.,1
الشابة،,1
موضوعات.,1
مرمى.,1
فيترشح,1
للكرة,1
النهائيين,1
وفينيسيوس,1
والإنجليزي,1
وتمويلها,1
جمعتهما.,1
الصلح،,1
وصاغوا,1
بالغذاء،,1
حزمها,1
الكوميكون,1
انتقلوا,1
والوطنية.,1
كوبية,1
زراعيًا,1
"بالمنظار"".",1
تعاف,1
"""بهدف",1
أُسندت,1
خانيبودوم.,1
يرماتوف,1
لنشاطات,1
والاستثمار؟!,1
العادي:,1
الطائفية،,1
النعرات,1
توترًا.,1
ولأصبحنا,1
كوميل,1
سميت,1
1.3458,1
الكحول.,1
بالمال،,1
والكلام,1
والنكات,1
وإيماءات,1
الجنسين،,1
"اقتدار"".",1
مبرزاً,1
"""الطابع",1
مداخلاتها,1
ستؤكد,1
بالاستحواذ,1
الصداقة”,1
“مستشفى,1
وتُشير,1
أمدها،,1
الموتِ,1
للأكسجينِ,1
مُفتقِرٍ,1
وكابلي،,1
فيشيه,1
رافِدَي,1
ذاتُهُ،,1
تحوَّلَ,1
يَمضِ,1
متمردي,1
وأحزاب,1
"الفريق"".",1
وبصراحة،,1
هندسية,1
أجّلت,1
“الشعب”,1
وصحيفة,1
شينخوا,1
ألهمتك,1
“الرائعة”،,1
بروايتك,1
المائيَّةِ,1
والحياةِ,1
للأسماكِ,1
الفوريِّ,1
ودولتهم،,1
بشعبهم,1
يغامرون,1
وناسها،,1
بأعمالها,1
مشغولةٌ,1
"مكانه""،",1
مكانه.,1
فورًا،,1
الإعداد،,1
بالخدمات,1
جبرميسكل،,1
هندايا,1
هافتو,1
الخطأ؟,1
يتحمّل,1
وتأمينه,1
صيانته,1
للمجتمعات.,1
كأوصياء,1
كقوى,1
وبوابة,1
غريتا,1
المُحتجزين,1
0.33%,1
1.093,1
5.3%،,1
1.151,1
الأميركيةبنحو,1
"غريب""",1
"""عبدالله",1
وطريق,1
وفعاليات,1
محمدوفا،,1
فيأدوات,1
فلسًا,1
(17873,1
مدين,1
والمستقبل.,1
جوهره،,1
الرسوم.,1
مصريين،,1
للفقر،,1
الميكروويف).,1
تسخينها,1
واستهلاكها,1
يطلبها،,1
والسياسة؟,1
والزراعي.,1
لأمنهما,1
تعتبرانه,1
والخرطوم،,1
وريما,1
تونبرغ,1
تخارجها,1
(آركابيتا)،,1
ليمتد,1
هولدنغز,1
شغوفاً,1
للمباريات.,1
بمهارة,1
يركل,1
مصادرتها،,1
بسيطًا؛,1
والتفكك.,1
للاضطراب,1
صُوِّر,1
وانطفاء,1
الأبناء،,1
مقصودة,1
ألونسو.,1
التشكيلة,1
أنشيلوتي،,1
كارلو,1
(فيفا),1
بيست),1
(ذا,1
فينيسيوس،,1
عبرها،,1
اشتبه,1
ترامبولين.,1
الزمكان،,1
انحناءات,1
أينشتاين،,1
إنديانا,1
إنديانابوليس,1
فالأب,1
القسوة؛,1
المناسبة”.,1
“اللقاحات,1
الأفريقيين,1
وحدنا؛,1
تُرَكنا,1
(أفريقيا),1
لأبوابها،,1
معظم،,1
مدخولاً,1
الهندتباطؤ,1
شهيدًا,1
جنازته,1
بالغرامات,1
التنظيم.,1
مسبوقين,1
التأريخ,1
"الأول""،",1
لاستيطان,1
موقعا,1
"""دوزجه""",1
بولوت،,1
هانده,1
والمطاعم،,1
مكانه،,1
للاستمرار.,1
الزوجين،,1
الدائم،,1
يعيشان,1
رهينين,1
يصبحان,1
جديدواقعة,1
وأوروغواي.,1
دول:,1
"المتوسط"".",1
مقدراته,1
وصراعات،,1
تموج,1
بالأكاديمية,1
فرغلي،,1
بجذوره.,1
متمسك,1
بالمؤثرات,1
تأثره,1
حملوا,1
مشاريعهنّ,1
بدورات,1
عكسية.,1
هدفَّ,1
أضم,1
ويحترمه،,1
يمتثل,1
طعامها.”,1
شركاته،,1
ليون،,1
نويفو,1
نُصْبَ,1
برج،,1
فاخر,1
السيرك،,1
ذراعه،,1
بترت,1
الجائعفي,1
موضحةً,1
"ذهنية""،",1
"""لعبة",1
جمالية،,1
جمالي،,1
يؤرق,1
والنازحين,1
"المحيطة""،",1
الهولوالمراكز,1
منمخيم,1
تبرمجها.,1
افتراضي،,1
يسرع,1
مجربة,1
للمستوى,1
تواصلوا,1
3.89,1
هامشًا,1
11.33,1
وبمبلغ,1
ويونيو/,1
7.44,1
قُدرت,1
التنسيقية،,1
والقمع،,1
جيرانها,1
القضاء”,1
لاستقلالية,1
وتآكلًا,1
“انهيارًا,1
الرأي:,1
المخترقين.,1
"والتحدث"".",1
الحسبان.,1
وسأضع,1
سأُشرك,1
فسأدرس,1
عفواً،,1
الهائلة.,1
للكثافة,1
الثلجية,1
وأطول.,1
وسيبدأ,1
التنفس،,1
سأتجاوز,1
ركض,1
مبعوثاً,1
وصهر,1
المطروح؛,1
بالمجتمع،,1
"""كلام""",1
فالأقرب,1
"رأسه""،",1
"""نابع",1
يصدِّق,1
بتسلل,1
الغيوم,1
تمطر,1
مناسب.,1
ستُواجَه,1
للإضرار,1
مبكرة،,1
وقعٌ,1
المربحة؛,1
500،,1
تُرسل,1
1.35075,1
للبوندسليغا،,1
كعضو,1
حميديتش،,1
المملكة؟,1
الدموي,1
التكويعة,1
"""لسان""",1
للمزايدات,1
"للتحقيق""،",1
سنتركها,1
لعطل,1
رو:,1
العاملة؟,1
ومختبرة,1
رسائلهم,1
والسؤال:,1
حالها،,1
المعونات,1
المنجمية,1
وتوافقه,1
جدواه,1
فوسفات،,1
ومناجم,1
لإنجازه,1
والمقومات,1
3.21,1
ودفعتها,1
2.27,1
3.33,1
وطلبا,1
استقروا,1
واللاتينية,1
كأولوية.,1
خطابهم,1
المسجلين».,1
«غير,1
للاتينيين،,1
السود.,1
فالقرارات,1
الشعوبية،,1
الجلي,1
الوضوح،,1
ستتحارب,1
للتقنيات،,1
ستشتعل,1
شيوعه،,1
"""يونيكورن""",1
صوِر,1
والبصل,1
والحمص,1
“بوري”،,1
المقلية،,1
مخيفة:,1
بواقعية,1
المجتمع.“,1
”كان,1
المملكة”،,1
وتخصيصه,1
“توطين,1
التعقيد.,1
للجوء.,1
الإيغال,1
"و""طوكيو",1
"""أدفانتست""",1
انتحروا,1
آباء,1
و2.5,1
"""الدرفلة""",1
صالح،,1
للصلب،,1
المراكبي,1
"بـ""التراجع",1
"خطر""،",1
"""حياة",1
والموظفين.,1
للمؤسسين,1
وتولد,1
لقربه,1
الفجر،,1
"خارجي"".",1
"هارودز""،",1
يُخترق,1
هارودز:,1
و3.87%,1
"إلكترون""",1
لاستثماراتها,1
ديفا،,1
لتونج,1
والاستعراضيّ.,1
الإباحيّ,1
الاستباحة,1
والمقصود,1
الواعي,1
تويتر.,1
المثليين,1
التعارف,1
للمواعدة/,1
ومرشحًا,1
انتخابه،,1
ورحلات,1
جيوسياسياً,1
وأصلاً,1
الاستقطاب,1
بالتغلب,1
ويدل,1
للفنزويليين،,1
حصصهم,1
ويحذرون,1
دردشة.,1
غرينيتش)،,1
(منتصف,1
والصاروخي,1
ببرنامجي,1
"تقنية"".",1
"""مشكلة",1
تأخيرات،,1
تشاؤمًا.,1
تفاؤلاً،,1
والأثاث،,1
دلّ,1
ومريرٌ،,1
متكرّرٌ,1
إضافيٌّ,1
حياتك،,1
"والمنزل""،",1
العراقخلال,1
الاستثمارفي,1
ستصل,1
"الغني""",1
والشقّ.,1
كالوخز,1
الفرعونيّ,1
الختان,1
والختان,1
البظر,1
التقليدي”.,1
الغجري,1
“انهيار,1
ليوبليانا،,1
زوبانشيك”،,1
“ييرني,1
عاطفي،,1
صباح.,1
والمعلمة,1
يعيشه,1
باردًا،,1
أكاديميًا,1
مصطلحًا,1
أجنبية.,1
62%,1
ويُطلق,1
الترحال.,1
مجسدين,1
والإكسسوارات,1
والاحتفالات,1
(الغجر),1
المخيلة,1
والنقابات.,1
نواياه،,1
بالقليل,1
متفاقمة،,1
عيّنه,1
والمنصة,1
الصفية,1
المعلّمين,1
الإيجاراتفي,1
قرارتثبيت,1
المبيض،,1
بنهائي,1
وبريدة,1
مدارسنا،,1
بالكفاءة.,1
تباعد,1
للانتظار,1
هاجمتها.,1
مؤمنين،,1
مُطلع,1
فالمنافسة,1
مجالالرقائق،,1
البوذية,1
قلم.,1
أصابعنا,1
تفلت,1
الشاق,1
الناشطون،,1
وربنا,1
أمحوه..,1
حبيبي,1
أنالاستخبارات,1
فوليا,1
بمليوني,1
الجذب”،,1
“ضد,1
ويائسًا،,1
مصابًا,1
كمحركات,1
"""الإنتاج",1
تغير.,1
الاعتمادات,1
النقص.,1
بيسكل,1
الذرائع.,1
والصحافيون,1
بالانتهاكات,1
العدم.,1
ضبطسوق,1
حيازاتها،,1
المتحمسين,1
بمحنة,1
خاطر,1
تلقائياً.,1
وصوت,1
وتصنيفًا,1
تقسيمًا,1
انهمكت,1
مهندس,1
أداءه,1
وطالت,1
ماراثونية,1
الثبوتية.,1
وثائقهم,1
ويروج,1
والفرات.,1
نهريّ,1
وبغداد,1
"4,000",1
البدايةِ,1
وزيرُ,1
أعلنَ,1
المالية).,1
(الشركة,1
الثاني:,1
والطرف,1
"الحكومة""",1
"لـ""تحمّل",1
المصابون،,1
الإيجاراتداخل,1
شوارب,1
الذراعين,1
متخلفة،,1
يفصح,1
فعله.,1
لأثبت,1
أجبرنا,1
متحشرج:,1
والأصدقاء.,1
الاستراحة,1
للتتار،,1
الذهبية”,1
“الأسهم,1
سيطرته,1
بينج،,1
وتحسينها,1
وحاليا،,1
البيئية”.,1
عظمى,1
مألوف.,1
وجسديًا،,1
عقليًا,1
القذر.,1
جنسيًا).,1
(مثيرات,1
"شائنة""",1
"""أفعال",1
وواصفاً,1
"المجزرة""",1
"""إيقاف",1
أبعد،,1
فذهب,1
لابتزاز,1
الحديدة,1
المنيرة,1
الهارونية,1
يمنية,1
مليون.,1
43.7,1
المطبق,1
للاسترقاق,1
وأخضعوهم,1
وصربيا،,1
ومقدونيا,1
والجبل,1
ومولدوفا،,1
وجورجيا،,1
ألبانيا،,1
وندرس,1
لمباراتنا,1
نُعِدّ,1
رحمها,1
الماضية…,1
أليم,1
2023-2024.,1
21.9,1
أعده,1
"السلام"".",1
"""محورية",1
"""المؤتمر""",1
لـلأمم,1
"أحمر"".",1
وجيز.,1
أفرجت,1
مؤثرين.,1
يعدون,1
المطلوب،,1
تُغيّر,1
والمراجعة.,1
للتبرير..,1
القاعدة:,1
نكسر,1
يوينو/حزيران,1
لتصاميم,1
تُحفظ,1
صحتها،,1
التصميمات,1
غُرست,1
الشرب.,1
الوطنيّ,1
تفترق,1
أميركيتان،,1
ومدمرتان,1
فرقاطة,1
تتقدمها,1
أبحرت,1
يريفان.,1
أوربيلي,1
مهاجرة,1
بوضعها,1
للقدس.,1
"""خط",1
استيطاني,1
ضمّ,1
ومؤكداً,1
"السلام""،",1
زيادته,1
القاذفة،,1
إطلاقها،,1
1550,1
غيرهما.,1
نوويتين,1
ترسانتين,1
6608.19,1
0.45%,1
29.8,1
إدانته.,1
روبنسون,1
فوبرتال،,1
46097.43,1
23.8,1
بدقة.,1
صيدلية,1
والبسيطة،,1
والدائمة,1
المُرهق,1
بلطف،,1
المُتعب,1
المُهدئ,1
يُغطي,1
وأعلم,1
بخالتي,1
عرضيًا.,1
السيف”.,1
“درب,1
الأولمبية،,1
لجويل،,1
الطوب.,1
مراهنة,1
المتعثرة،,1
"الاسترداد""",1
لهجومات,1
والنووية,1
"تحدث"".",1
الاقتراض.,1
تشنها,1
وموزعون,1
عريق.,1
تتوسط,1
"المنطقة"".ومصر",1
هاكابي,1
الاثنين.وقال,1
مرجحاً.ومن,1
مزدحمة،,1
وأكتوبر/تشرين,1
28.44,1
تتآكل؛,1
الأضلاع.,1
أُصيبت,1
مكانتشيشفيلي,1
اندفعت,1
الفعاليات،,1
يتضورون,1
الخانق،,1
وارداتهما,1
تقلصان,1
"أسوشيتس""،",1
"""ليبو",1
ليبو،,1
آندرو,1
المتحدة!”,1
تستوردوا,1
فضلكم,1
لكواي،,1
تكنولوجي,1
جويو,1
تشيتشينادزى.,1
المعتقل,1
متنقلة,1
واقعاً.,1
"""اتفاقا",1
بالاستسلام،,1
تطالبها,1
للاستغراب،,1
التنبؤات,1
الثروة.,1
"""حدثني",1
الرحالة،,1
واعيا,1
إسهامها,1
صدقة,1
انتصاراته,1
لسنغافورة،,1
الأكاذيب.,1
تُقدَّم,1
كذبة،,1
متحولًا،,1
عالقًا,1
يكتسبون,1
فورتي،,1
أخرى),1
(مرة,1
وتجارة.,1
أسفار,1
السمرقندي,1
"الآفاق""،",1
وجاب,1
السمرقندي،,1
"""وحكى",1
وشخصه.,1
"السمرقندي""،",1
المجاهد,1
الأفوكادو:,1
خوارزميتها,1
القمعات,1
فمثل,1
المستقل؟,1
ستتعاملين,1
حدود.,1
فرأى,1
صادق،,1
"طفلاً"".",1
"""أشعر",1
سباقًا,1
العطل،,1
الغزي,1
منحتنا,1
كيمياء,1
ساعدتنا,1
بروفات,1
ترشيحي،,1
**بمجرد,1
"سيادة""",1
لتملك,1
مبدع,1
الهندباء،,1
الحليبي،,1
الساخن،,1
نسميه،,1
كابي,1
فلتر,1
بلدهم,1
الإنجليزية:,1
بعد-,1
الموسيقى.,1
غداء,1
لولائم,1
المختلطة,1
بصيري،,1
البهلوية,1
للمواجهة,1
درياني,1
سولماز,1
تحقق.,1
تمنيته,1
غمرتني,1
"""ريلز"".",1
للاغتصاب,1
رضائي,1
للمس,1
وأراضٍ,1
عذبة,1
ريوس،,1
مفرغ,1
كختم,1
ووعاء،,1
الرئيسة،,1
وشدة.,1
تواتراً,1
وحرائق,1
والغازات,1
راسية.,1
فولاذ,1
باحتوائها,1
الحاويات,1
بتفريغ,1
واسمها,1
تحدياتهم,1
جهودي,1
المتطرّف.,1
بالغالبية,1
واشتهرت,1
وقلبي،,1
أنغمس,1
المخطوطة،,1
تَكشف,1
"أنجلوس""",1
"""منزعجة",1
وأرشفتها,1
التحايل,1
السوق:,1
وقيودا,1
نرويجية,1
وحليف,1
جراهام،,1
لينزي,1
ومحلل,1
عورمان,1
وإصابات،,1
جارفة،,1
وسيولاً,1
"رعب""",1
"لـ""ليلة",1
سيرت,1
سيتشوان,1
تشيونججو,1
تتوقّف,1
السعري.,1
للتصحيح,1
أسبابًا,1
علىبيتكوين،,1
ودشنت,1
برأيك؟,1
وتجاربي.,1
ووقفن,1
كسرن,1
بوحشية،,1
تشاترا,1
بنغالا,1
والمضطربة,1
معاودة,1
والتقنيات،,1
روحًا,1
يبثون,1
المضمار،,1
وبرج,1
والمسيلة,1
الجلفة,1
ورضيع،,1
طفلان,1
الغليان،,1
أسرتهم,1
للمواطن،,1
متجددة.,1
السعات,1
سعات,1
بالتغيير.,1
متفشيًا،,1
راكدًا،,1
وإدارته,1
كاميلا,1
وخصمته,1
أهان,1
باعتقالات,1
كالدروع.,1
أمامهم,1
المديح،,1
5.6%.,1
للبطالة,1
التحليلات.,1
وتتبّع,1
قنواتهم,1
"""استوديو""،",1
ومُحدّثة,1
ونهائيات,1
منتشره,1
وفوائد,1
فيهما،,1
"""أنت",1
لعرفات,1
"""دولة"".",1
ويستطيعون,1
84%.,1
37%،,1
18%،,1
24%،,1
"هدفنا"".",1
مهمتنا،,1
أوازن,1
هاماك:,1
أفريقي.,1
التعويضية،,1
الإلكترونيالذي,1
تداعياتالهجوم,1
وسيتحدث,1
الأيديولوجية؟,1
الجمالية,1
النقد،,1
إسرائيلي،,1
"لسيادتها"".",1
"""رمزاً",1
كاملين،,1
فالحركة,1
قارب.,1
صغيراً,1
بأنك,1
شعبهم,1
"أوسلو""،",1
والخداع.,1
المغلف,1
واليسار,1
وحلفائه،,1
الليكود,1
ليامال،,1
٢٠٢١.,1
الأخضر”،,1
للإنعاش,1
“تغيير,1
غورغييفا,1
كريستالينا,1
تطوّعيّ.,1
البقيّة,1
إجباريّ،,1
والعلماني,1
بطرفيها,1
بالوقائع,1
ماغاليايش,1
المحليّون،,1
-الأمين,1
جنوبسوريا،وفق,1
لآلام,1
الفمكان,1
إيزاكسون،,1
السيرة,1
للإنسانية”،,1
الحميد,1
“طوال,1
استثنائيةٍ.,1
القانونيةِ،,1
المُلاحقةِ,1
للأزواجِ,1
تُقدِّمُ,1
إريتريا,1
أُخرى,1
يُبيِّنُ,1
المقابلِ،,1
الفيضانات”،,1
بالتورط,1
ميغالايا،,1
يخبرني,1
المحيط،,1
شائع.,1
ألطف.,1
الفم،,1
يُنعش,1
الكريهة،,1
84،,1
ميرينو,1
34،,1
فولتماده,1
إرهابي.,1
لنشاطٍ,1
والطويل؟,1
الجارين.,1
الدعاية.,1
وتطيل,1
"تفرقة"".",1
"""ألا",1
حديقة.,1
بتهور,1
أركضها,1
العرفج,1
رحاب,1
للشراكات,1
أكّدت,1
غواهاتي.,1
لوم,1
مُلقيًا,1
حامي,1
الجدّاوي,1
بموسمه,1
توصّلت,1
إطلاقًا.,1
الاحتجاج”,1
“كلاب,1
أزالت,1
التناغم,1
السوفيتية،,1
وكوبا،,1
ومنغوليا,1
ودُعي,1
ويثبط,1
«ستقلل,1
وآفاق,1
تومض,1
حكاياتها؛,1
ومتجذّرة,1
ومتأمِّلة،,1
وغنية,1
بصريًّا،,1
الأبيض”,1
“الذهب,1
جويال،,1
كواجهة,1
"""الحق""",1
متطرفة،,1
زُعِم,1
منظماتُ،,1
بضخ,1
تليجرام.,1
١.٢,1
لفيتاليس,1
كوديسيفتش,1
أجبروا,1
العدو“.,1
”تتشابك,1
"بابا""،",1
تهمتها,1
7000,1
23»,1
«إم,1
كيركز.,1
ميلوش,1
"إنفيديا""",1
مهيب.,1
ويغدو,1
لديكم,1
وأتفهم,1
الجدول،,1
"""الجدول",1
ويديره,1
السابقتين.,1
الجلستين,1
المدرج,1
المستشري.,1
وافتقار,1
وإهماله،,1
الكاشف،,1
بالبروتونات,1
"غابانا"".",1
وبأزياء,1
(متر,1
يكادان,1
مألوف:,1
433.4,1
35.6%،,1
315.9,1
428.2,1
الأذون,1
"الموسم"".",1
نطلبه,1
المال...,1
سكور,1
صوفا,1
"""5.9""",1
الطائفية.,1
ساحةً,1
الفوهة،,1
وكانوزير,1
ويبدؤون,1
مخيف,1
الطّلّاب.,1
نوعين,1
التّلفزيونيّة،,1
إن1,1
التّقنيّة،,1
بولاتوفيتش،,1
بالتسيا,1
المغاربة.,1
اعتقلهم,1
"78,000",1
هامشي,1
الجيلين,1
يطابقان,1
بيشوا,1
سنعلن,1
"""التوسع",1
الحريات،,1
وأخلاقية،,1
مهنية,1
ويستوجب,1
الجدي.,1
بالعرض,1
والمعقدة,1
للفوهات,1
بالقمر،,1
كويكب,1
زوكربيرغ.,1
نتيجة،,1
تفض,1
لقسوة,1
المطاطي،,1
الحجارة،,1
ورمي,1
التصفيات,1
لماليزيا,1
للمعرض.,1
أسستها,1
تدويرها.”,1
“فنانات,1
جازيرير,1
هانتر,1
فيتعين,1
49%.,1
بتجاوزها,1
هورامي,1
شعوره,1
أمنيتي,1
والآن،,1
مضيفة،,1
لجأتُّ,1
2030/2031).,1
(2027/2028,1
لتوجهات,1
كفاءاتها,1
والمعدة,1
الكويتيةاليوم,1
"ستارت""",1
"الرقائق"".",1
فكرية,1
"""منافستنا",1
تصورها.,1
والجزيرة,1
لمزودي,1
وللأسف،,1
مقابض،,1
الحانات،,1
تصديها,1
ميدانيا،,1
شحيحة,1
مواردهم,1
بدائل،,1
ناقدي,1
بحثيًا,1
لوطنها,1
أولمبية,1
14.89,1
احتجازها.,1
بحشد,1
للانقسام،,1
مُسيّسة,1
مدنيين.,1
مقاتلاً,1
المخيفة,1
تخليد,1
أطفالَهم.,1
الشَّبابُ,1
هؤلاءِ,1
إسميرالداس:,1
عُمقًا,1
ولكنَّهُ,1
البلادَ،,1
الغضبُ,1
اجتاحَ,1
“جميع,1
المدنيّة.,1
وتأثّر,1
الجويّة،,1
ضبّاط,1
أرواحَ,1
حصدَت,1
ينفّرني.,1
عرق,1
بهوية,1
التعلّق,1
الفضية،,1
لتحصل,1
لافوند,1
ثيا,1
كدولة.,1
إنفو,1
"(332,400",1
يتبعهما,1
تخفيضين,1
رسول،,1
ريان,1
463.7,1
380.2,1
تخطيها,1
مارس/أذار.,1
٢٦,1
نُظم,1
القضايا”,1
تويتر/,1
إيستوررديس,1
سوريا”.,1
بمزاح,1
بالخيانة,1
الأبرياء،,1
يُرغم,1
ديمون,1
وجيمي,1
ربع،,1
الأعمق:,1
وتبنيه،,1
مشروعين:,1
وصار,1
طرحته,1
تنزيلها,1
الأيض.,1
يربك,1
لينك,1
بالنعناع,1
وتحليته,1
استحضاره,1
تلازمه,1
محرج,1
شربه.,1
ومرارة،,1
والأحجام)،,1
والأكواب,1
مرافقات،,1
للمبتدئين،,1
مربكًا.,1
لأليجري،,1
بوجوده,1
الإبادة،,1
المبهج،,1
الصافية،,1
"""بوالوي""",1
محادثة.,1
“الآلة”,1
وأمرهم,1
بانتحال,1
يُكلَّف,1
الليثيوم،,1
وبطاريات,1
دائر,1
تحديده,1
المغربتباينًا,1
"ريسيرش""في",1
"""التجاري",1
لراحتها,1
شربها.,1
ونتيجتها,1
للوحدة.,1
مبالغة,1
الأكسجين؟,1
يديه,1
متسارعة.,1
ستنمو,1
هائلًا،,1
يتباعدان,1
والرسمي—,1
المحسوس,1
الشكلان,1
رشاوي.,1
للرعايا,1
توسّعًا,1
مرشّح,1
لمؤسسها,1
منظورها،,1
فالمملكة،,1
كوانتيكو,1
بوست،,1
وموعد,1
وقارية،,1
ومتقدمة.,1
والمستدامة،,1
"المركزي""تبريد""",1
وقعتالشركة,1
تتدحرج,1
ثلج,1
يهمنا,1
مميتة.,1
السمكي.,1
"""أشارككم",1
لنظارات,1
معزز,1
1.8%،,1
وذا,1
نيوم,1
ومشروعات,1
صاعدة،,1
حسم.,1
المداولات,1
الترجمات.,1
اصدروا,1
‎مزاعم,1
التزوير،,1
جنبا,1
المزورة,1
تركته,1
والنحّات,1
تصبحان,1
ومعًا,1
تقاوم،,1
بتشكيلها،,1
وموسكو،,1
البرازيلية.,1
ترجمتين,1
أحببنا,1
"""أوفر",1
كاراغر،,1
"لاحقاً"".",1
سأوافيكم,1
القديرة,1
المؤسف:,1
فسأرحل،,1
كومباريه،,1
بقى,1
جديا،,1
واقتصاد,1
للألعاب،,1
المتكملة,1
مناهضتها,1
24.7,1
ناير,1
أناجا,1
"طويلة"".",1
مرسمه,1
(1939-1945),1
"لتكريمه""",1
بالوما,1
ولاتزال,1
1995-1992,1
ابتدأت,1
مكعب.,1
توشكى,1
ومفيض,1
تخزينية,1
العربية”.,1
“أنه,1
واعدة”,1
“منصة,1
قرائها.,1
ومخلص,1
بإصدارات,1
متوفرة,1
كاسترو،,1
الأساس!),1
فالكتب,1
الإعاقة.,1
لرفضهم,1
طيارين,1
المحلي).,1
(التوقيت,1
هامبورج,1
وهامبورغ,1
السفلى،,1
سكسونيا,1
أولتسن,1
التوربينات.,1
المكابرة,1
التفريغ,1
اليوم-,1
وألزمت,1
تحكيم,1
وتوقفت,1
تحوّلاً,1
(翰林茶館).,1
هانلين,1
هي،,1
تسونغ,1
منتخب.,1
بغونزاليز,1
بالجهد,1
ومؤلفوها,1
ومحرروها,1
ناشروها,1
وأنشأها,1
موّلها,1
تطبيقية,1
ضرباتها,1
تدفعك,1
للبنغلاديشيين،,1
الكينيين,1
حدا,1
"""ملك""",1
1980،,1
كيني,1
(2021)،,1
المؤجل,1
اولمبياد,1
الخيوط.,1
أعبّر,1
الطعن،,1
لبغداد،,1
الاجتماعيّ,1
القمعِ,1
المركزيّة,1
اعتمدَت,1
قشعريرة,1
تنتابنا,1
سويا,1
وحدك,1
هتاف,1
الشجرة,1
نسافر,1
متابع،,1
568,1
والبلدان,1
ننتقل,1
واين,1
سطوعًا,1
الطلاء،,1
وعوائلهم,1
للعيان.,1
تطهر,1
ملامحة,1
"خارجها""",1
رانغيل,1
كاتبة،,1
29.3%،,1
تُخصم,1
يعلو.,1
انكشفت,1
الكلام:,1
الإبراهيمأن,1
والاحتجاجات.,1
يوتيوب),1
خرافية,1
توسيا,1
(صاحبة,1
أنطونينا,1
وإرساء,1
أفلتوا,1
ظنوا,1
إشرافها،,1
ربطها,1
"""سرقتها""",1
الساطعة,1
يجعلانها,1
شمعة),1
شمعة،,1
(تصل,1
ويقتلوهم.,1
سيطلقون,1
عادوا؛,1
ومومباي،,1
الدكن,1
"بارعة"".",1
لتحريك,1
البرمجية,1
المحاكاة,1
"عالمي""",1
الفائق,1
"غريب"".",1
الآن؟!..,1
والضباط,1
نُخرج,1
أميركي:,1
إصرارًا,1
فالحقيقة,1
كطرح,1
مكتبين,1
كنهج,1
السلام”,1
“صحافة,1
"العقوبات""،",1
تدرّب,1
إنكوميندا,1
كازاس,1
بارتولومي,1
للراهب,1
1552،,1
والمنصة.,1
العمال),1
الإنماء،,1
بنزيمةملعب,1
القدمكريم,1
عربيبة.,1
"عن""إندبندنت""",1
الاصطناعيقد,1
أنالذكاء,1
وبطيئة,1
حجبًا,1
إريك,1
ودامية.,1
الجمركيةالإضافية,1
ألغتالرسوم,1
أكتيال,1
التزوتزيل,1
غزارة,1
إعدام،,1
الظهيرة.,1
عمي,1
مسبح,1
الخانقة,1
سعادتي,1
أقربائي,1
يُمكّنها,1
للصناديق,1
"""تعد",1
جروف:,1
الاستثماري.,1
المتوازنة,1
دوريات,1
لتباغته,1
بالتصريحات,1
واطمئنان,1
الميم.,1
نضالها,1
وآخرها,1
واعتداءاتها,1
جرائمها,1
ومواصلتها,1
العدواني،,1
ينعقد,1
متضررة,1
الفقيرة،,1
للجسم.,1
ثباتًا,1
تحسيناته,1
والمتأثرة,1
الضوئية,1
وبعثات,1
"قائمة""،",1
"""قائمة",1
0.9%.,1
15.4%،,1
380.1,1
438.7,1
كايمن،,1
والديهم،,1
الأبناء,1
إنفاقها،,1
كب,1
المحلية؛,1
"""الدليفري""",1
رئيسالحكومة,1
اُتهم,1
دينهم،,1
5140,1
5874,1
والطبيب،,1
لغته،,1
فالصيدلي,1
الحثيثة،,1
الثاقبة,1
ضعيفًا.,1
1961،,1
وكيفو,1
مقاطعتي,1
أزمات.,1
الاستمرار،,1
دامية.,1
فرقها,1
​​العالمي،,1
انكمشت,1
اختلال,1
مساءً),1
(قبل,1
ونوم,1
دقيقة)،,1
بقيلولة,1
مارينيسكو،,1
سيمونا,1
اليوروبيتين.,1
فضعف,1
للمباراة.,1
ينسن,1
جادة.,1
لتوعية,1
تُديرهُ,1
الملجأِ,1
المُقيماتِ,1
بتعرض,1
الإحصائياتُ,1
تُشيرُ,1
النشطة.,1
الاحتكارات,1
أيامها.,1
والتسهيلات,1
وإفريقيا،,1
"جوهري""،",1
"""يتضمن",1
"أوبتوس"".",1
المتوقفة,1
التقلب,1
والإقليمي،,1
الجادّة.,1
الانفلات،,1
الخلاصة؛,1
منتصرة,1
587,1
رفعالمغربصادراته,1
موطني.,1
وأسى،,1
أتذكرها,1
الذكريات،,1
للاغتصابِ,1
موسو”,1
“أكوابا,1
الحكوميةِ,1
المُنظمةُ,1
ينهض,1
موظف.,1
فتُقدّر,1
الروبوتية.,1
وتُجري,1
سيو.,1
لمحاضرة,1
معتمد،,1
اليونسكو.,1
ميسري,1
سينغتل,1
"""تأخذ",1
المتبرعة.,1
ببعض،,1
عالمياً.,1
وتوقيع,1
أوتسوكا,1
فارما,1
سوميتومو,1
تشوجاي,1
اكتملت.,1
“التصحيح”,1
بمساعدة.,1
شفائه,1
ميؤوس,1
مريض,1
مخططاً,1
المتعاقدة.,1
محصنة,1
وتصرخ,1
تهمس,1
سواه,1
خلفَ,1
سيسدول,1
امتلاء,1
نواكوت،,1
داندا,1
بانتشاري,1
مدفن,1
مفصولة,1
مناشدة,1
المقضي,1
وزاري,1
والجولات,1
توك”,1
و”التوك,1
شيونوجي,1
تاكيدا,1
ليسبوس،,1
سيكاميا،,1
سكالا,1
والعراقيون,1
واقعُ,1
بعبارةٍ,1
الزوجةِ,1
موافقةِ,1
إطارِ,1
المفروضةِ,1
الجنسيةِ,1
العلاقاتِ,1
مُرعِبةٌ,1
حقيقةٌ,1
تنكشفُ,1
الشهاداتِ،,1
الجيد،,1
بالتمريرات,1
لاعبوها,1
"يمنع""ميتا""من",1
حاكمية,1
وأساء,1
ومصرفية,1
رجا,1
راكم,1
محقّقون,1
البنينية،,1
للجنسية,1
قوتها.,1
جافة,1
الصنابير,1
اليونان.,1
تنتظرُ,1
كانَتِ,1
اللافتات،,1
تتخللها,1
صحتها.,1
المنطوي,1
لوحاتك،,1
اليوم”.,1
بارنايبا،,1
سانتانا,1
مزرعة،,1
بيرابورا:,1
سنهور,1
سانتواريو,1
ماجالهايس،,1
وإنجلترا,1
صرفها.,1
المكافآت,1
المختصين,1
المحصلة,1
ولتشجيع,1
تعاليمهم,1
والمفعم,1
المتعبّد،,1
متواصلين,1
أحذية،,1
الطبخِ.,1
للغسيلِ,1
صالحًا,1
يَعدِ,1
الحُكوميَّةَ.”شَرَحَتْ,1
المُساعدةَ,1
المصقول،,1
أضعافًا,1
ألغاها,1
358,1
(117,1
وينبثق,1
والجندري,1
وأشكال,1
همومًا,1
ويتشاركون,1
طوّروا,1
وبوصفهم,1
لبثت,1
والطائفة,1
للموهبة،,1
وشعيب,1
الوداعة,1
"النار"".",1
الافراج,1
أقرر,1
أشوروف.,1
شريفجون,1
إنويت،,1
للقمامة.,1
كمكبٍ,1
لمعاملتهم,1
وناخو,1
ومانوهر،,1
وفيشنوماتي،,1
وحجرة,1
للبطارية,1
خلفي,1
الضحلة,1
يخضن,1
بتكتيكات,1
خداعه,1
ذهني،,1
المتراكم,1
إعلاميًا،,1
فيله,1
رآه.,1
تفاجأ,1
عريساً،,1
بخبر,1
الدائم.,1
مجددين,1
التآلف,1
الرادعة،,1
الحِمَّامِ,1
ومَناديلِ,1
المُعبَّأةِ،,1
مُحمَّلتانِ,1
صاخبتانِ,1
شاحنتانِ,1
انطلقَتْ,1
معروفة،,1
مُرتبة,1
مُهيكلة,1
"كوم"".",1
"""توداي",1
قشر,1
بنواكشوط،,1
السلال,1
حاملات,1
إيلان,1
وَصَفَهُ,1
حَدَث,1
والإقامة,1
بالقدوم,1
انتهج,1
الفقدان,1
أكسيوس.,1
يثبتها,1
بالمصانع،,1
مُتحكم,1
باتجاهِ,1
وغيرِها،,1
والمِلحِ،,1
والأرزِّ،,1
ومُستلزماتِ,1
اهتماماتهم,1
"العالمية""",1
"""متحف",1
الثناء.,1
وتستحق,1
وقيمهم,1
المُستَمِرّة,1
التدريجية”,1
“الإبادة,1
عاديين”,1
“كمجرمين,1
مصورين,1
السياسيين”,1
“السجناء,1
الثوري.,1
بابيه,1
معدنية.,1
بسقالات,1
داعيةً,1
والتناقض.,1
صوتَ,1
وصفه،,1
نومهم.,1
يفارقونها,1
أيامهم,1
رفيقة,1
دُمىً,1
طفولتهم,1
يستذكرون,1
دمىً،,1
والمتحف,1
فئاتهم,1
مرّة,1
وتتّخذ,1
تتجدّد،,1
تني,1
مأسويّةٍ,1
الندم،,1
(التهويميّ),1
يدعو،,1
اللبنانيّين.ليس,1
والحرّيّة،,1
والحلم,1
والوأد،,1
بالاغتيال,1
لئلّا,1
التطلّع.,1
يتحقّق,1
ويُتهم,1
تزين,1
فارسية,1
منمنمات,1
بلوحات,1
سيُمنع,1
انفرد,1
مقعدي,1
وفصلي,1
ومعلماتي،,1
زميلاتي،,1
خاطفة,1
لألقي,1
ومواجع.,1
شططٍ,1
"""يترحّم""",1
إما/أو,1
لإلحاق,1
بـ45,1
وأضرت,1
2200,1
الحراجية،,1
بجبال,1
للنصف,1
أحمدي:,1
وإبقاءها,1
طلبوها،,1
"""تنسيق",1
والصلب,1
"العقوبات""",1
والتهرب,1
"""اكتساب",1
لبننة,1
نسفت,1
وتفككت,1
المطبخ.,1
حفاضات,1
التذكارية،,1
بالهدايا,1
لاذعة،,1
وجنايات,1
قضيتها,1
لقصفها,1
تضخمي.,1
باحتكار,1
برينكيما,1
1999.,1
"التصريحات"".",1
للتخرج.,1
صينية.,1
أرباعها,1
أوكلاهوما,1
مُعرّضة,1
و630,1
و360,1
"ليست""",1
"""بلاتينيوم",1
وأعدادها,1
طبقا,1
"""حصرية",1
ويتضمّن,1
قراراها,1
وكرّسته,1
ويرتكز,1
بلعبه,1
"""هدفي",1
نادال,1
بنجم,1
وقارنه,1
لحظاته،,1
للتواجد,1
رجحوا,1
"""فاكتست""",1
وتفاعلات,1
اللافت،,1
سلمية”،,1
“ثورة,1
منظّمو,1
لعائلتها,1
صادماً,1
بولسونارو.,1
ماغنيتسكي,1
وفُرضت,1
منتهكًا,1
قضاتها،,1
التسويف,1
الحديث-,1
لخرائط,1
-المهندس,1
لأميركا-,1
-أقدم,1
للتضخم،,1
كيونغبوك.,1
بعزل,1
إرهاصات,1
نادال،,1
ومعلق,1
مسرحي,1
وكاتب,1
بيانو,1
وعازف,1
وملحن,1
[منتج,1
وأبرزهم,1
مختلفين،,1
ومنتجين,1
ملحنين,1
بمساهمة,1
المعتدي”.,1
“لفك,1
الغزو،,1
التصريحات.,1
وتخول,1
تصدرها,1
"المسؤولية"".",1
الاكتئاب.,1
علاجاً,1
لقتلهم.,1
والتوتر.,1
تحارب,1
وتقصفه،,1
شركةكاتربيلرالأميركية,1
وبلاده,1
بارث,1
إسبن,1
“الحرية,1
للمثالية،,1
لبناني]،,1
كأمل,1
إقليمي،,1
كمشروع,1
"مبارك""",1
"""بنت",1
مروة,1
وابتكارات,1
عنيد،,1
بلدنا،,1
الكاميرا؟,1
حضرتِ,1
4.16%,1
4.19%،,1
المالك.,1
الاستئثاري,1
أفراداً,1
الميزان,1
فائضا,1
"عائقاً"".",1
والوسائل,1
"""جاهزية",1
والاعتداءات.,1
تفكك,1
يحتلون,1
2022.”,1
الثلث,1
“ارتفعت,1
ولأغراض,1
647،,1
فارتفع,1
سدًا,1
316,1
أرباحه,1
والكازاخية.,1
ونثره,1
العديدة،,1
ومراجعاته,1
45،,1
الثقافيين,1
بيلجر,1
ومكاتب,1
علوية،,1
6200,1
"مول""",1
أفينو,1
"""سنترال",1
101.5%,1
5.18,1
اعتبارنا,1
تُشخّص,1
نحدد,1
فكما,1
المحتوي,1
تخليق,1
ومسببات,1
للغوص,1
والمهنين,1
تصنيفية,1
"الاختراع""",1
"""براءات",1
89%.,1
70.7,1
133.3,1
223,1
التنفسي,1
الأنف،,1
والزفير,1
الشهيق,1
رومانوف,1
للقيصر,1
1638،,1
لنتوء,1
سيتكفل,1
شرائه،,1
جراب,1
الخدش،,1
الأطباق.,1
“المثالية”,1
ويجلبه,1
المُتطوّرة.,1
وآبل.,1
(جوجل),1
وألفابت,1
بشركات,1
مراتب,1
التشوفاتشية”.,1
يوضح:”سيساعد,1
نكهات,1
للأنواع,1
والتحضير،,1
كشفالبنك,1
مسؤوليه,1
وفّرتها,1
لمهرجان,1
الملصقات,1
الرئتين.,1
كاثوليكي,1
نفسها”.,1
“أحيانًا،,1
المعلمة:,1
الحربة,1
أسطوري,1
جاسوس,1
مروان..,1
نشط.,1
"والمنح"".",1
أسفه.,1
تر,1
حاجاته,1
المدرس,1
التفرقة,1
للتلميذ,1
121%,1
للمحاماة,1
هارت,1
هولاند,1
الجامعات.,1
أتلقى,1
ظلتوتر,1
"مسبوق""،",1
تنحسر,1
معلماً,1
المرتقبة،,1
هيكلي,1
ابطال,1
إخلاصه,1
حاخام”،,1
يتشاور,1
والندوة,1
“الشفاهية”،,1
لمؤتمرات,1
"المهارة"".",1
لنبدأ,1
الشركات...,1
"""أجريتُ",1
كولورادو:,1
خفّضت,1
إبلاغك,1
بتداعيات,1
والاكاديميات,1
للكليات,1
الابتعاث,1
التخصصية،,1
بتعاون,1
انتشرَ,1
تآكلت.,1
وشاهدوا,1
أجلها،,1
ناضل,1
محتجو,1
ويجذب,1
شهير،,1
"تحول""",1
"""نقطة",1
منتخبا،,1
بالتأقلم,1
للمصلحة,1
لحمايتهم,1
لردود,1
انجلوس،,1
مُتاحًا,1
اللقاحُ,1
يُصبِحَ,1
التَّجاربِ،,1
نجاحِ,1
حالِ,1
والبطالة.,1
بسرعةٍ.,1
اليقينِ،,1
برليناستمرار,1
باسممطار,1
الصلح.,1
المصرية),1
(شمال,1
لنيابات,1
استئنافية,1
"مكان"".",1
ارتداؤها,1
"""أردتُ",1
المنشور:,1
وكُتب,1
البيضاوي،,1
الرواق,1
المذكور،,1
لكاي,1
ويُرفق,1
حوالى,1
وأودع,1
وجمّدت,1
ارتفعالذهبإلى,1
يُساعِدُ,1
بِحُلولِ,1
والتنفسية,1
السرطانية,1
والبحرية،,1
حراكا,1
المجمّع,1
مفردات,1
لحجب,1
داود,1
كشفوزير,1
طهرانعلى,1
لمحامي,1
قُدما,1
مقدماً,1
والمعاجم,1
القواميس,1
عملهم،,1
التوضيحات,1
بنشرِ,1
المُتخذَة,1
الفعَّال,1
ولضمانِ,1
تحكمها,1
إرديتش,1
إسمت,1
73.2%،,1
العاملين،,1
كولين,1
المرئي،,1
دمجه,1
بالبوسنة,1
بتبرير,1
والجلدية,1
بال,1
يعلم،,1
"انسحب؟"".",1
بأماكنه,1
لتدميرها؟,1
ستتم,1
نزعها.,1
لفظ,1
"""نجد",1
9.7%،,1
وتعافيها,1
العطلات,1
التفاعل،,1
والصيف،,1
مراقبة.,1
المُتخذَّة,1
اللطف.,1
البعض—,1
—وبعضنا,1
بتعاطف،,1
اليسير,1
نستلم,1
حماس:,1
لحرفتهم.,1
شديدين,1
وإخلاص,1
بالترتيب،,1
وثالثا,1
ثانيا,1
وضعاه,1
إعلاميان,1
119.,1
المتشدد.,1
مؤيدي,1
و75%,1
27.53%,1
(حماس),1
ليظل,1
إسرائيلعلى,1
أبقىبنك,1
7.6%.,1
المستأجرون,1
حكوميًا،,1
"لفلسطين"".",1
يقدران,1
وقيادته,1
وتواصله,1
بقدراته,1
بذنبك.,1
بحقك,1
عنك،,1
قصفها،,1
وضواحيها.,1
عديدة),1
براتيسلافا,1
تسيديلو,1
إضاعتها.,1
المونيتور.,1
أكين،,1
إزجي,1
سيسخن,1
بكائي,1
وجهي،,1
يتصبب,1
"الزناد)"".",1
بالمسار,1
يستمروا,1
يقبلوا,1
يستطيعوا,1
الزناد)،,1
يُوقف,1
الحوارات،,1
الموزعة,1
"الميسر.""",1
"""سأنتصر"".",1
"بنزاهتي""،",1
سأقاتل,1
أرتكبه.,1
بذنب,1
أعترف,1
القاطعة,1
ودائم،,1
والوساطة,1
دايسون,1
حضرها,1
صفقةٌ,1
المستوى؛,1
مترجمًا,1
قدما،,1
استعدادا,1
"""كلي",1
مكلفا،,1
يغلون,1
التوابل،,1
دفتر,1
"""بلوكتشين""،",1
مرجّح,1
محسوم،,1
المشكلة.”,1
لعائلاتهم،,1
فكثيرون,1
أيضا:”,1
احتلاله,1
فورست,1
أقيل,1
أراضيه.,1
359%,1
455,1
تُسجل,1
المتبقية،,1
1984.,1
للمحاولات,1
وأسماء,1
تسربت,1
المدمر.”,1
لمحامين,1
المسروقة,1
مناقصات,1
بأهم,1
حازت,1
لمهندس,1
بمقلب.,1
أحبها,1
أحد“،,1
يستغلك,1
عديم,1
كونيب,1
تهدده,1
بحيوية,1
الغانيين.,1
مانفول،,1
ماضية،,1
بياني,1
كاشاني,1
سبيده,1
البيئيتين,1
والناشطتين,1
سجينتين,1
لزميلتين,1
مُهداة,1
جدار،,1
بيروز,1
تُصوّر,1
"""الجزيرة""",1
التوغولي؟,1
متواجد,1
الكتابي,1
مثولهم,1
دالاس،,1
الأصل.,1
جُردوا,1
الشرعيون,1
“المتعدون”,1
ثمن،,1
المتعدين,1
تدريجي.,1
يساعدها,1
وحيويًا.,1
وتعدديًا,1
إعلاميًا,1
ويُساقون,1
ووثائقهم،,1
مقتنياتهم,1
ذريعةِ,1
تصعيدِ,1
"""الليكوبين""",1
النضج،,1
الطماطم,1
أبيض,1
تعاقب,1
انتقذ,1
ملكيته”.,1
بماضٍ,1
“أيقظ,1
وتطوره.,1
هاو.,1
1937,1
وأشهر,1
موسيماني.,1
قمصان،,1
الزمالك،,1
همدان.,1
سباشي,1
تبريز,1
جرمي,1
البرنامَج,1
وقفِ,1
”طالما,1
مؤرقة,1
المفاجِئة:,1
أوال،,1
سونيا,1
والهدهد،,1
الحبارة،,1
"""مثل",1
"والقوي""",1
"""المستمر",1
"الدور""،",1
للتخويف,1
تُثني,1
"و""لن",1
ونهجها,1
"صمت"".",1
بساعة,1
حضرناه,1
ختم,1
سخط,1
داكار,1
والمنتجعات,1
وتكثف,1
"468,360",1
"1,179,699",1
"1,567,705",1
ولاحقاً,1
للمدفعية،,1
"الجائر"".",1
موائلها,1
تناقصا,1
الذعرة،,1
ويُنتزعون,1
غِرّة,1
يُؤخذ,1
والسمان،,1
والكركي،,1
والخارجة.,1
木材经营加工企业应当建立原料和产品出入库台账。任何单位和个人不得收购、加工、运输明知是盗伐、滥伐等非法来源的林木。,1
على:,1
والألبان.,1
بالبدو،,1
يليق,1
المنغولي،,1
المبادئ،,1
التغاضي,1
"""سفاري"".",1
التسويقية,1
وأحياء,1
وتركيبتها,1
الليبيون,1
تقريباً!,1
والمتاجر,1
بالتجول,1
فجأة.,1
أعترف،,1
ويتلاشى,1
"""مرهقة""",1
باركر,1
المرحَّلون،,1
مجمّدةلكن,1
إلىأصول,1
بالاستناد,1
لإقراض,1
المفجوع,1
ولقيت,1
هبت,1
البادئة,1
كهرباء.,1
بالألياف،,1
تناوب,1
واقع.,1
وعلمه,1
بملكاته,1
الساداتية؛,1
مؤمنا,1
عبَّر,1
"الاستقواء""",1
"""فائض",1
وحيدًا,1
"""الأعزل""،",1
بإدانته,1
مانشستر.,1
ترافورد,1
الإمبراطوري,1
ونجوميته,1
بمعارفه,1
كريما,1
الماضي؛,1
وللأسف,1
والمحتلون.,1
الإعلامية؟,1
حملاتهم,1
والهادئ,1
تراها,1
مل،,1
يُساعدها,1
"النافعة""",1
"""البكتيريا",1
والبذور,1
والبقوليات,1
والحكم،,1
ومشاكله,1
والمغتربين؟,1
لدين,1
الاصطناعي!,1
الفائقة..,1
وعقّد,1
استحقاقات,1
المفوضة,1
رضوان،,1
منال,1
الـ18,1
آلي،,1
التلقائية:,1
التنبؤية,1
بيانها،,1
الائتمانية،,1
بطاقاتهم,1
فكثير,1
ترهيبية,1
موسيماني,1
2–0،,1
"الليث"".",1
"الخليل""و""طريق",1
الهدا,1
"المنورة""",1
غونزاليس.,1
لإدموندو,1
"القديم""",1
"سلمان""،",1
"""محور",1
أدنى،,1
استضاف,1
للمبدعين،,1
شرقاً,1
تطبيقين,1
بتعدد,1
شاشتين,1
"مستمر""،",1
"""المهم",1
مخربون.,1
المتسبب,1
الباهظ!,1
ثمنه,1
متعاظم،,1
تريد!,1
وبعضهم,1
شائعاً،,1
ماته,1
بعميل,1
فوزها,1
بصفقات,1
أكراد,1
والمنطقة؟”,1
والأكراد,1
الكردي:,1
وسدرة,1
وتسوق,1
زاعمة,1
ألفيس,1
فيفيان,1
الغسيل،,1
“السلام,1
تشاتام,1
روتيني.,1
وتقمع,1
و2017,1
احتجزوا,1
السجين,1
الأشباح,1
لونية,1
يسكنون,1
متخيَّلون،,1
وأسلاف,1
وأموات،,1
سينمائية:,1
كمشاهد,1
ميلها,1
لسلطة,1
ماته.,1
بيرابورا.,1
اكتظاظًا,1
بايول،,1
باركي,1
ومقيم,1
جيندرسون,1
والآخر؟,1
للإصغاء,1
"36,483",1
"48,848",1
المطبوخ,1
للوتين،,1
الروماني،,1
والخس,1
والملفوف,1
الورقية:,1
رجالاً,1
الجريان,1
المرصوفة،,1
تمتصه,1
فالمطر,1
النفاذية,1
الأسفلت،,1
بتكثيف,1
وحكايات,1
وقصصاً,1
سيسرد,1
تقني،,1
الوقاية،,1
العقابي،,1
“الاتجاه”،,1
تثيره,1
تستعيدوا,1
أردتم,1
الدوام،,1
والليبراليين,1
واليساريين,1
الناصريين,1
وأضفت:,1
والإحصاء.,1
323,1
ويتوجب,1
تعيينه،,1
مخيّب,1
متصاعدًا،,1
الأميركيبنسبة,1
نماالاقتصاد,1
ونساءً،,1
وسنبقى,1
والوسطى.,1
دُمِّرَت,1
بالتنظيم.,1
يمتلكوا,1
يتسع،,1
المصريين.كانوا,1
بنقابة,1
مكتبي,1
ذلك.انتهى,1
صالحكم،,1
امتلكتم,1
استطعتم,1
ولتبتعدوا,1
القوى،,1
فلتقتربوا,1
والحمى,1
الملاريا,1
تيليغرام،,1
سفيازي”,1
“نا,1
لقناةِ,1
حياتهن.,1
يوفوا,1
(9477,1
هافانا.,1
رحلة.,1
باللوتين:,1
ميلادهم,1
بريدهم,1
مرسيليا.,1
ويتأخر,1
الإبراهيمي،,1
للإله,1
كخصم,1
الشيطان,1
لديمومة,1
رسوماتي”.,1
روسيةً,1
المثالِ,1
سُجِّلَ,1
تتابعُ,1
ووهو.,1
مُرتكزةً,1
تُطوّر,1
اصطناعي،,1
رقاقة,1
والكوليرا.,1
"المتخصصة"".",1
وموظفيها،,1
يمنعها,1
"""يشلون",1
نوهت,1
إشعارٍ,1
البيعية,1
لبطل,1
وصيفاً,1
والأوروبية،,1
والصبر.,1
المثابرة,1
استحالة,1
وهشاشتها,1
الإبراهيمي.,1
شيطان,1
نجمات,1
"دنيا""",1
"""آه",1
“انفصالية”,1
-خصوصًا,1
“الانقسام”،,1
“أمهات,1
تبرئته,1
قائمة:,1
نسوية؟,1
”لماذا,1
والخضروات.,1
والفواكه،,1
واللحم,1
والمعكرونة،,1
بتجميع,1
البلوز.,1
غريم,1
الحمر,1
ويخدم,1
الإيكاو,1
حققا,1
غنائياً,1
ثنائياً,1
المانحة,1
"حياته"".",1
مساندته,1
حرجة..,1
بالأزمة،,1
وكونا,1
الأغاني،,1
الليثي,1
للتمرير.,1
للمراوغة,1
خصمان,1
ينصحني,1
بمفردي،,1
الملابس،,1
وصلتُ,1
وهادئ,1
بميسي،,1
إشادته,1
نسبية.,1
ليساهم,1
المعيشية.,1
تدحض,1
شيليتش.,1
مام,1
معلوماتكم,1
فولفو،,1
ميليوداتا،,1
"""أُبلغنا",1
"مستمراً"".",1
الافتراضية.,1
أوبك+.,1
لتخفيضات,1
التشطيب,1
معادلات,1
محسوب,1
بالتسليم،,1
المسيري،,1
باي)،,1
(سوما,1
سوما,1
وتصعب,1
وارداتها،,1
جمركي,1
تُمكِّن,1
الجمركي،,1
تحتية”,1
“بناء,1
مابوتو”,1
“إعلان,1
البريطاني:,1
بالعثور,1
يلاحظها,1
بديمبلي,1
واهتمامها,1
تواجدت,1
"الشخصية"".",1
أيامها,1
الجنائية”.,1
وتشجيعهم,1
للمشاركين,1
وسيلةً,1
والبطء،,1
بالمثابرة,1
البسيط،,1
والكتابة،,1
"مدبرّ"".",1
والمنفذّة،,1
المتواطئة,1
خطّطت,1
متوافرة,1
فالمتسوقون,1
للصحفي.,1
"جنب""",1
"""جنبًا",1
إعلاني,1
لتحويلها,1
التعسفي.,1
القسرية،,1
تسليمه,1
الديربي,1
"""الميرنغي""",1
مختلف”.,1
وغدًا,1
للأزياء،,1
مُنذر,1
بذلك”,1
مقبرة؛,1
العصيبة”،,1
الطارئة،,1
الآنية,1
تنته،,1
مُعتبر،,1
المصرية-,1
والناصريين،,1
البعث,1
والملكيات,1
تصالحت,1
باهتمامٍ,1
تصميمه،,1
أرانا:,1
الغواتيمالي,1
المعْنِية,1
بشعبيةٍ,1
المنقسمة،,1
والأمازيغية،,1
يُنتَج,1
للإلمام,1
متعددُ,1
متنافيتان،,1
ويهوديتي,1
عروبتي,1
المضايقة.,1
التمييزية،,1
ويحظر,1
والثقة،,1
وإنتاجيتهم.,1
للعاملين؛,1
"الحساسة,",1
المعدية؛,1
الأساسات.,1
منقسمة,1
العالمي”.,1
يجاري,1
“المشروع,1
تايمز”,1
بجماعة,1
مكاسبه.,1
(الأونصة),1
3759.02,1
الاستهلاكي.,1
أولمبيادًا,1
بمشاركتها,1
السعوديةموسمًا,1
خاضتالمنتخبات,1
تميزه.,1
ولكل,1
شاق,1
باستخراج,1
سهول,1
بالاحتلال.,1
الحكمة.,1
كيو,1
تعلمي,1
سلاسة.,1
كلياً،,1
التحفيز؟,1
وإفراطه,1
لإلحاح,1
عناقًا.,1
المواساة،,1
الباصات,1
والمسلمين.,1
فالمسألة,1
المحاصر.,1
"""إبادة""",1
بحصول,1
وتأكيدات,1
وسياسياً,1
أخلاقياً,1
محالة.,1
لوضعها,1
أدائنا.,1
ثابتين,1
سنفوز،,1
اللازم.,1
واثقين,1
يخففها.,1
ومثير،,1
الأشقاء,1
الغريري:,1
7.1151,1
0.06%,1
تداولاته,1
للإقراض,1
والناشرين.,1
للمعلنين,1
وسيؤدي,1
إلكترونية.,1
ويشرف,1
يرخصها,1
الكونسورتيوم,1
الخطط،,1
مضطربًا,1
المعالج،,1
"""نت",1
جسدين.,1
تربى,1
وذاكرة,1
شأنًا,1
أعرفها،,1
أشدها,1
"القطاعات"".",1
“ستكثف,1
هويتكم.,1
بثقافتكم,1
للنجاح،,1
نجي,1
فينه,1
إعصار،,1
وكبيرة,1
أحنو،,1
لصونيا,1
الخاطئ.,1
اليوروبية،,1
ترجم,1
غلطة,1
إسميرالداس.,1
عميقةً,1
نُدوبًا,1
الإكوادورَ,1
يَشُقُّ,1
تَرَكَ,1
خمسينَ,1
المتخصصة.,1
المتوسطة،,1
منظومتها,1
إيريكو,1
صخرة،,1
الفرنسيّ,1
مُستمدٌّ,1
اللبنانية»،,1
«المناطق,1
منصّة,1
لطيفٍ,1
تتبّع,1
جميل،,1
وصغرى،,1
صخرتان،,1
بالتحدي،,1
لجهد,1
سيرمز,1
ومخرجة,1
يكثر,1
ومؤسسيةً؛,1
تراتبيةً,1
«داعش».,1
وهيكلياً,1
تكتيكياً,1
تومين,1
مينغ،,1
مضت:,1
شرحه،,1
روش».,1
ومصحوبة,1
1990–1992,1
1972,1
أعوامها:,1
راندرياريمالالا،,1
الجديد).,1
(بنظامه,1
2034؛,1
وفازت,1
المنعطفات.,1
والمنتبه,1
للوقائع,1
المفتقر,1
داعش»,1
تسرّع,1
بنسبةٍ,1
وتدور,1
الإسرائيلي:,1
يختاره،,1
الانكشاف.,1
التشغيب,1
بطن,1
مر،,1
طعمها,1
بهذا.”,1
وحسبُنا,1
"جروسمان""",1
تراساندي،,1
ومستحضرات,1
وتوجد,1
التأجيرية.,1
سيشجع,1
المؤجرة،,1
إلكترونيًّا,1
وتوسعت,1
واستضافت,1
وابتكرت,1
فتصبح,1
مرافقيه,1
ومعلوم,1
وتستكمل,1
المرفقة.,1
والمستندات,1
البلاغ,1
باشرت,1
تفاعلاتها،,1
ستُصبح,1
يوهانغ،,1
بالنموذج,1
ترحيبه,1
بفوائده,1
المسكينة،,1
إيلينا,1
وبربودا،,1
أنتيغوا،,1
الإطلاق),1
(ولأول,1
كُتّابًا,1
وضمت,1
أُعلنت,1
مدمرةً,1
الإيجابيات،,1
“نعم”,1
المنافع.,1
ويُقصى,1
الموجهة،,1
والإعلانات,1
بالهاشتاغات,1
تُخاض,1
"""تنفيذ",1
لإنهائها،,1
أقنعتها,1
مراعاةٍ,1
حرصها,1
"التاريخي""",1
"""الخطأ",1
سبّاقة,1
طرفَيه،,1
مقاربة,1
ديغولية,1
فاستند,1
وغربية,1
اقناع,1
غائبون,1
لوسيا.,1
ويُبسِّط,1
عُمِّم،,1
سيقلل،,1
والإدراك,1
يخوضان,1
شركسية.,1
"منيعة"".",1
حصون,1
"""استخدموا",1
تابعت:,1
المناخ.”,1
بغطاء,1
يدار,1
والأخطر,1
المصطنع,1
والهجوم،,1
استوحى,1
البنوك.,1
المقترض,1
بالمقترضين,1
ويزرع,1
الانتماء،,1
بالظلم,1
يتولد,1
بالمنظومة,1
متراكمة،,1
تعثرات,1
العزوف,1
فتدفع,1
المارسات,1
بإصلاحات,1
خطورة:,1
ستُقاس,1
تاريخي،,1
إسرائيلي.,1
"13,000",1
ومستشفى،,1
وجامعتين,1
"2,305",1
"3,000،",1
شاكر,1
مثلجة,1
قهوة,1
الأبوي.,1
390,1
إلهامه,1
تشيه،,1
مؤسسه،,1
ووجدوا,1
السّابقة,1
بشرطة,1
بالجرائم,1
التّحقيق,1
والبعض,1
فبعضها,1
والقماش،,1
نهائيًا.,1
"وأغراضك"".",1
قلمك,1
"""خذي",1
للصحافية,1
صدر،,1
برحابة,1
بالرمزية.,1
"""مُبتكر""",1
ويميل,1
الفرنسيةُ,1
لوموند,1
صحيفةُ,1
أجرتهُ,1
المثالِ،,1
للمستندات.,1
وعدت،,1
للمراهقين,1
والانتحار,1
تُهيئ,1
المقامرة،,1
المراهنات،,1
مخطّطات,1
تتخفّى,1
يتّصف,1
بشعارات,1
وهتفوا,1
طوّق,1
ومُضحِكةً.,1
مرحبةً,1
ردودَ,1
للنساءِ,1
الإرهاقِ,1
يتهكَّمُ,1
مقطعَ,1
10.9,1
ماسنجر,1
الولوج,1
إغلاقه،,1
"و""جديد"".",1
للاحتياطي,1
الثانى,1
واللاعبين,1
وموجها,1
معربا,1
177,1
890,1
الاحتيال.,1
التّعرّف,1
يخفقون,1
المزيّفة،,1
الحقيقيّة,1
الفجوات،,1
تستغلّ,1
المجمول,1
البنغلادشيّين,1
كأمريكية,1
ببلد,1
بالرضا,1
“يشعرني,1
جوردون،,1
ديجا,1
السيسى.,1
فخامة,1
بالإقليم؛,1
للتنسيق,1
أقاليمية,1
والسببية،,1
قيّموها.,1
للملخصات,1
البشريين,1
المعنويات.,1
(سينغتل)،,1
صادم,1
"""فشل",1
اذا,1
الفقه,1
يقدم.,1
بالعلم,1
البيانات؟,1
أتريل:,1
ومواهبها،,1
الأميركي)،,1
بوينت,1
لجهودها,1
“للي”،,1
أمريكية.,1
كسوداء,1
واطراد-,1
الخطأ-,1
"لودرديل-هوليوود""",1
"""فورت",1
بوركيس,1
وإلفيس,1
أنيلوز,1
جيك,1
"الصحيح"".",1
لأوبتوس.,1
لنقابات,1
والأفغانية,1
وصدمة!,1
علي!”,1
يحكمن,1
الإثيوبيات,1
إسو,1
و129,1
و164,1
كيو8,1
و173,1
336,1
المراكز.,1
بالمراكز,1
وتلتزم,1
التصدى,1
ذى,1
بإبداء,1
التورط,1
الغالبة,1
توافقه,1
قيل،,1
1،2،,1
والبطل,1
سوناتا,1
وينتر,1
غوبلين،,1
“نعرض,1
جمال:,1
والحقيقة.,1
الصدق,1
مباشر..,1
خطأه,1
وتقصيره,1
يخجل,1
ساراس.,1
و44,1
و91,1
"3,662",1
انتظارها.,1
صناعياً،,1
للمخترعين,1
فرصة،,1
تايمز:,1
هاربًا,1
جمال.,1
قلبي.”,1
غونغ,1
وأعمالًا,1
أبيكيليش,1
مصانعهما,1
شركتان,1
سفاري>,1
الخاصية،,1
ومحاولات,1
كشفوا,1
هنغبي،,1
تساحي,1
للموازنة،,1
سيقع,1
سيأخذ,1
و1996.,1
و1981،,1
1963،,1
خفضًا,1
وللتحقق,1
المزمنة.,1
وتديرها,1
مربعًا،,1
"12,173",1
الراقصة،,1
يعلّم,1
بمنظمات,1
رددت,1
المناشير,1
الإدعاء,1
وللذات,1
للآخرين,1
والحنان,1
وشيء,1
مالفيناس/فوكلاند,1
بالتاريخية،,1
مواقفها،,1
وثمّنت,1
مدراس,1
مفعمٌ,1
مزدوجة)،,1
فيتنامية؛,1
(يحمل,1
أتليتيكو,1
مبارة,1
شيفام,1
هونغشي,1
الشريحة،,1
113.2,1
113.6,1
التأخر,1
مرشحهم,1
تمتعها,1
علمجير،,1
ميرزا,1
ترفيهيًا,1
"""اليونيكورن""",1
نطاقا,1
ويعطي,1
"السيارات"".",1
"""يتعافى",1
الشهري:,1
سعودي.,1
173.2,1
وتوريد,1
ويلسبون,1
الشرقالمتكاملة,1
ثابار,1
روميـش,1
بـ(المدفعجية).,1
شركةأنابيب,1
التشيكية.,1
الإنكار,1
البخاري,1
مضطرة,1
الوقودوتجعلها,1
تقييدصادرات,1
والشيباني,1
والتجويع.,1
التبعية,1
الجاموس,1
وقطعان,1
تدمرت,1
الجماعية:,1
فتدمير,1
صاحبها.,1
وبراءات,1
للهيمنة,1
"""القوات""",1
مؤسِّسة,1
كطائفة,1
جعجع,1
"اللبنانية""",1
"""القوات",1
أعلاها,1
تحتلها.,1
الرواندية,1
بانسحاب,1
وتوزيعها.,1
والدوافع,1
بإساءة,1
وركز,1
الأساسيَّةِ.,1
الطمأنة,1
واتفاق,1
"""تفاهم",1
مسرور,1
المُذيع.,1
أصحابها,1
للقائمين,1
جدداً،,1
مذيعين,1
حلقاته,1
مجدية.,1
تعدّد,1
شذوذًا,1
"الدخول"".",1
"""حاملي",1
واضطهاد.,1
تنكيل,1
لأشهر،,1
اشتعالها،,1
العشرون,1
بالبهجة،,1
ستغمرنا,1
بيسو،,1
حماسًا,1
أعيننا,1
ستتقد,1
والأنشطةِ,1
العمليَّاتيِّ،,1
والتَّنسيقِ,1
الاجتماعاتِ،,1
تخفيضاتُ,1
تُؤثِّرُ,1
"وشيك""",1
مفعمة,1
ريكاردو,1
فضائي،,1
المسافر,1
سالفو,1
مواقعهما,1
التقريرين,1
”مثل,1
بأيٍّ,1
بتعهداتنا,1
"الاتفاق؟""،",1
مزّق,1
متسائلاً,1
توقيعه،,1
تهدئتها.,1
اشتعالا,1
وبالإفصاح,1
لتقرر,1
متروك,1
السلام؟,1
شي،,1
و64,1
82.8,1
اليمن،رشاد,1
"سيقتلوننا"".",1
أيامنا,1
محاربًا,1
ستكون،,1
متيقِّنًا,1
ينتهِ,1
والمستقبل،,1
بالأحلام,1
وسبورتنغ,1
فولفسبورغ,1
دوست،,1
الامتيازات.,1
الصلاحيات,1
والتعرض،,1
رتب,1
1201,1
1437.56,1
لتحوم,1
44.24,1
مربحة.,1
صفقاتٍ,1
العبوات,1
"نضوِّي"".",1
بدنا,1
للزوار،,1
جذبًا,1
1.85,1
المضاف,1
والدلتا،,1
2024-2025،,1
وخليج,1
اكتشافاً,1
نوَّاف,1
"الروشة:""يا",1
أقذع,1
صهينته,1
ألكمار,1
نيميخن,1
فرانكفورت،,1
وآينتراخت,1
اليونيسيف،,1
مربع—,1
—وصل,1
اختياريا,1
حمايته.,1
جريمته.,1
والنفسي,1
إيمان،,1
"الوحشي""",1
الإجرامي,1
"""الفعل",1
وتنوعه.,1
الحضاري,1
عرّفت,1
حرفية,1
المستوحى,1
يشترونه,1
ترتيباتهم,1
مشترينا,1
مرتابين.,1
تأجلت,1
شير-إي-كشمير,1
مختبرٍ,1
إشعاعية,1
و85.8%,1
73.8%,1
يلتحق,1
والجديدة،,1
وتوسعة,1
لتبكي,1
مشاعرها،,1
لتدرك,1
المعلوماتي,1
للجماهير,1
مبتلاة,1
حالية,1
المتقاطعة.,1
علّمتني,1
2032.,1
ملامحها,1
لرئيسها،,1
وعائلاتنا,1
وقيمنا،,1
وإنسانيتنا،,1
كرامتنا،,1
والمشاريع،,1
للتعاقدات,1
لأمر،,1
إيزاكسون,1
العهد.,1
وعشرة,1
بيراندرا,1
قصرها,1
ونادراً,1
مواردها،,1
وفقرها,1
مشغله,1
قيامة,1
العاطفيّ،,1
سردها,1
سائدة،,1
للقليل,1
المصدر:,1
بالتقنيات,1
وإيثارًا,1
ويدعي,1
يُساء,1
وينفذ,1
وطاعة,1
سمعاً,1
سيقول,1
متحيز؟,1
والتمييز.,1
ضعفًا؛,1
غرايمز”.,1
وصديقته,1
جوستين،,1
التقدميين،,1
“أربك,1
سيرته,1
شركتيه,1
معياراً,1
وحداتهم,1
يبيعون,1
مكاسبه،,1
بهجومها,1
ويسدد,1
أقصى،,1
تحديدها,1
قصرية،,1
انفصالي,1
ويوروبا.,1
وبيدجين,1
طبية؛,1
بالإنتاج,1
بنفيكا،,1
النافورة,1
بعناصر,1
للعمارة,1
"الدفاعية"".",1
وتشددًا،,1
الرأسمالية،,1
ومناهج,1
تخرجه,1
وفلسفتنا.”,1
وتاريخنا,1
لغتنا,1
مجال،,1
الكردستاني]،,1
[الجناح,1
ومقاتلي,1
موحدة،,1
وسيحدد,1
لمدغشقر.,1
وتُجمّد,1
"الهادئ"".",1
"""إفريقيا",1
لتتويج,1
تطلعه,1
للأهلي,1
المعمرة.,1
الفصلي،,1
وتنشر,1
إعلاميًا.,1
لاهتمامات,1
ويوفرون,1
متواجدون,1
للتنظيف,1
والتدريب،,1
"""التحضير",1
مساهمينا.,1
الترند,1
أميركا..,1
وعقلها،,1
والتزامًا,1
أنثوية,1
كحكاية،,1
والإجراء,1
الاختصار,1
والحمل,1
والإيقاف،,1
والمزامنة،,1
والتفريغ،,1
تقيسها,1
تُسمع،,1
“الصحفيات,1
الشخصية.”,1
قصتنا,1
تعمقنا,1
والمواجهة،,1
تنجر,1
والصلوات.,1
والكلمات,1
ولحظة,1
والمروحيات,1
الأمواج،,1
رافقتها:,1
وأجد,1
"الدور"".",1
متواصلة،,1
جنونية,1
وآفاقه,1
روتشورو,1
هيريتييه,1
بسحبه,1
الناشر,1
كيلوغرامات,1
خلّ,1
فالبحث,1
تُؤيد,1
وساغاينغ.,1
وكاتشين،,1
وكارينّي،,1
راخين،,1
يعملن,1
لصحفيات,1
وصومالي,1
وشونا,1
وروندي,1
وأورومو,1
وكيكويو,1
وايغبو,1
تشيتشيوا,1
ودنفر،,1
وشيكاغو،,1
بالتيمور،,1
الخفيفة.,1
للقلي،,1
مفضل,1
صعبة“.,1
اتجاههم،,1
وفترة,1
البرازيل:,1
مهمتان,1
عقبتان,1
باي.,1
وتامبا,1
وسياتل،,1
وبيتسبرغ،,1
وفينيكس،,1
وأورلاندو،,1
وميامي،,1
وكانساس,1
وتسوانا,1
وتوي,1
وتيجرينيا,1
وسواتي,1
نيديبيلي,1
الـ95،,1
دعتني,1
المهمة”،,1
منالنقد,1
وجادل,1
راولبندي.,1
اليونانية.,1
المخصخصة،,1
كوسكو,1
فمحطة,1
عقارها,1
بحدة,1
لتايلينول,1
الانكماشات,1
الاحتراق،,1
بمركبات,1
المزينة,1
الأثواب,1
(عسير–نجران–جازان)،,1
والمشلح،,1
المقطّع,1
بالثوب,1
الحجازية,1
المطرز،,1
والبشت,1
الدقلة,1
وثقافاتها،,1
موروثها,1
وتاريخهم،,1
يُعبر,1
جمالي,1
وموروث,1
ثرية,1
بإنها,1
بالأزياء,1
"العربية.نت""،",1
"لـ""",1
مصممون,1
اليدوي،,1
بالتطريز,1
المشغول,1
والثوب,1
بالفروة,1
المطرزة.,1
والعباءة,1
بالدراعة,1
فتمتاز,1
بالجنابي.,1
أويل.,1
وتام,1
وساراس,1
وكيو8,1
وآي.بي,1
لإكسون,1
وإسو,1
(1.09,1
936,1
جرار،,1
اللاحم،,1
قروي،,1
للمزارعين،,1
سويدي,1
وردة,1
توحدها,1
بوديغو,1
تيغوم,1
جوب,1
مجلسها,1
بذاته.,1
لتطويره،,1
طفله,1
كيرلا،,1
أوهم,1
تقتطعه,1
"""لست",1
تعهده:,1
والأسرة.,1
بالرئاسة,1
موجودًا”،,1
“التمييز,1
يصير,1
كرم،,1
تغنّى,1
تتسلّى»،,1
العصرية,1
ع,1
«نزلت,1
البيروتية:,1
تزورها,1
بمعناه,1
فدعوها,1
ومحاصرة,1
34%,1
"لـ""غوغل""،",1
الريفيّة.,1
بلوغهنّ,1
برنامجاً,1
ورمزي،,1
أخلاقي,1
وجعله,1
بالحراك,1
السيء,1
السبعينات!,1
روحانا،,1
غنّت،,1
دوشة».,1
بيعمل,1
بالبيت,1
عالروشة،,1
خدتو,1
«وان,1
قديمة:,1
(الماوي),1
تُطوَّر,1
“كازاتومبروم”،,1
البيروفي,1
وأناشد,1
المرسم.,1
تماهت,1
خرجتِ,1
وأمنياً.,1
أيّدته,1
عملانياً,1
مُشين,1
لتشريد,1
والتصحر،,1
المستكشفة.,1
وقلوية،,1
"""التحفيز",1
430,1
جنرالي,1
كافاريرو،,1
الممتازة.,1
الفارسية.,1
المنمنمات,1
الإلهام,1
أستمد,1
المفاهيمية،,1
تغييري,1
سيبيوليت،,1
فمعدن,1
التشتيت،,1
بالتصفح,1
تمردًا,1
بطارياتها،,1
احتياطياتِ,1
بالمئةَ,1
يُعادلُ,1
المعدنِ،,1
الخامِ,1
بإجماليِّ,1
للنيكلِ,1
احتياطيٍّ,1
البيتكوين.,1
المراهنة,1
والعداء,1
تحتضنُ,1
فالدولةُ,1
والمولدات,1
"المالية"".",1
وحواسّك,1
تذوقك,1
براعم,1
بشرفته,1
وعائلاتهم.,1
لتنس,1
يشملهم,1
روبكه،,1
مواد،,1
توجيهًا,1
المنكر،,1
والنهي,1
بالمعروف,1
أولي،,1
بالبنزين.,1
بالمركبات,1
محترف..,1
للّباس,1
الإكراه,1
فالديمقراطيات,1
"أسبوعين.""",1
أوكتان,1
أوكتان،,1
ستُزوَّد,1
أكسيونوف:,1
تستلم,1
طبّقت,1
والفتور,1
الأولىالتي,1
نهايةالحرب,1
أجدادنا.,1
فيرباس.,1
ستحل,1
يُشخّص,1
البنكرياس,1
"قضيته"".",1
"""نرفض",1
جذوع,1
ارتفاعهم,1
التين,1
معتادين,1
وتبادر,1
وحميم,1
جليد,1
"لـ""فوبوس""",1
بالقمامة,1
كوفا,1
بحوادث,1
لصالحها،,1
تجنيدها,1
وهالة,1
بضجيج,1
"والكهرباء"".",1
لنخب,1
تومي,1
وثقافيًا.,1
وعاطفيًا,1
المتوارثة,1
والتعاليم,1
العصبي،,1
قرارت,1
ويقولون,1
مؤكد”.,1
وطالما,1
إنجليزيًا,1
‘لن,1
أجبته:,1
اشتريتها,1
أخذتُ,1
هجرتي,1
ويجعلوني,1
ويحضرون,1
يسألون,1
الدرج،,1
مستفيدةً,1
مريخية،,1
لاستقاء,1
تحضرها.,1
الأكواب,1
"المعنية"".",1
تشجيانغ،,1
لقطارات,1
أفكاري.,1
بلمس,1
“اخترت,1
بصدق؛,1
فتقول,1
نصوصها,1
وروائية,1
عودية،,1
زوهرة,1
الأمازيغية.”,1
وأكتب,1
أمازيغيًا،,1
أوصلتنا,1
بالعربية.’,1
يضطرها,1
انتقاداتها,1
التركمان,1
تشوك،,1
بشير,1
ذُكر,1
وخنان.,1
بدأتا,1
وعيش,1
المداهمات,1
2019م.,1
أحدِ,1
بانكوكَ,1
ضباب,1
وآنهوي،,1
وشاندونغ،,1
الكاتبتان،,1
توردها,1
تيسر,1
ويتبعها,1
تمخضت,1
التناول،,1
لأميال,1
الخضراء»،,1
«الموجة,1
ميّزت,1
بالحجم,1
لفنزويلا،,1
بروكسل.,1
للقيود,1
مهندسوها,1
يتأكد,1
وقُسّمَت,1
استُعمِرَت,1
أتيت,1
وبكوني,1
المجلد,1
أخلاقيّاً.,1
سياسيّ،,1
فتشجيع,1
والحقّ،,1
الشارط,1
فإسقاط,1
يمليه.,1
ضاغطاً,1
الظرف,1
كائنة,1
المبدئيّ,1
"""منصورة",1
"""معادن""،",1
تمنحني,1
الموسمي,1
بالاكتئاب,1
والشتات.,1
لِنضالاتنا.,1
الاستعماريّة,1
تَماماً,1
أَعي,1
العالميّة،,1
الأمريكيّة,1
خارجيّ,1
محليّة,1
قوىً,1
وعانت,1
للاستغلال،,1
عائلتها،,1
تُقيّم,1
وأردفت:,1
وتعاونيات,1
واقتُرح,1
"""بلغة"".",1
"""الدويحي""،",1
"الذهب""،",1
"""مهد",1
"ومسرة""،",1
2.63,1
طروحات,1
انتقامي.,1
خوف،,1
فارغ،,1
المتر،,1
ومساومة,1
يقعوا,1
الترشح.,1
غائب,1
سالاس,1
أصوله,1
97,1
متعمقة,1
لافت.,1
"البقاء"".",1
كنوع,1
"""شكل""",1
سهلة،,1
الذكورية,1
"""الوصاية",1
(حشيش,1
بندقية,1
وضُبط,1
مصرعه.,1
بقنا.,1
بالظهير,1
اختبائه,1
بالمنظار,1
لحرائق,1
للمشترين.,1
فالتمكين,1
"مطالبهم"".",1
رهينة،,1
أخذوا,1
ثيون:,1
يقرؤون,1
بديموغرافية,1
مقاهٍ,1
رتوش:,1
المُتضرر،,1
يُخالف,1
منْ,1
المُترتبِة,1
المُخالفات,1
سادسًا:,1
للقذف,1
وشجبهم,1
المعبرين,1
لقاءه,1
مقرر,1
بحقه.,1
وشابو).,1
أيّة,1
عاكسا,1
و158,1
"""استغرق",1
رفاعية,1
المخفية،,1
لقدرتها,1
بالاحتفاء,1
"""التزام",1
أمامه،,1
قميصاً,1
آلون,1
مايو­/أيار،,1
ويلوم,1
بعشوائية,1
كاختبار,1
متلازمات,1
المكتشفة،,1
المتلازمات,1
لوقفها,1
زعمها.,1
"واسعة""،",1
النهود,1
"""حولت",1
حمر,1
"كهربائيا"".",1
والسلطعون.,1
والإسقمري،,1
التونة،,1
تتكاثر,1
استنفدت,1
مشكلات.,1
المعلنين,1
الثغرات،,1
ومتشابكة.,1
ملحّة,1
لباكستان،,1
"المبتكرة""",1
"""يوم",1
ستُعرَض,1
تُخصّص,1
الدوائية،,1
البنغلاديشية.,1
والقسري,1
وتطبيع,1
بلدي،,1
عصبية.,1
عصبية،,1
للإغاثة”,1
السّاعون,1
الجياع,1
“مجازر,1
تُلقى,1
يُرافق,1
الإنسانيّة”,1
“مؤسسة,1
مشدّد,1
بإشراف,1
فرضَت,1
لحيدر،,1
4.8%,1
والهيدرولوجيا,1
والحقوق”.,1
بمرافقة,1
أوطانهم.,1
الهويتين,1
انتكاسي,1
الضموري,1
التصلّب,1
سالغيرو,1
تُوفي,1
وآثاره,1
المرخص,1
التثقيفي,1
تجادل,1
واضطهد,1
المرخّص,1
للسائقين,1
قاتمًا.,1
يوميًّا,1
قبولَ,1
مجموعاتهم,1
حالته.,1
بالحذر,1
التحلي,1
جراحة،,1
اختزالية,1
تفاصيله،,1
إيجبو,1
أتشيبي،,1
المحاصرين.,1
اقتصاديَا,1
للكيلو,1
أحبّتهم,1
بالأمل،,1
يتشبّثون,1
وشرقها,1
والمدعوم.,1
(بمعدل,1
بالطلب,1
وندّدت,1
مرن.,1
ومنهكًا،,1
هشًا،,1
ساكنًا،,1
للجوء,1
حدّوا,1
القانون؟,1
تقدمينها,1
الأسرة”,1
“طاولة,1
المرحّلين,1
وتضخيمها,1
مُظاهرة,1
تُفرق,1
وإمّا,1
التسويات.,1
نوعٍ,1
تتحمّل,1
وبنيويّة،,1
ودستوريّة,1
وفقهيّة,1
واللطف.,1
ومُجددة،,1
وكيانيّة,1
فلسفيّة,1
مسألةٌ,1
ووسطها.,1
للإطار,1
غزوة,1
الأقصى»,1
5.58,1
وأولاده,1
الراشد,1
هلامية,1
والإيصالات.,1
المعوقات،,1
للأدلة.,1
وتمييز,1
الخضار,1
عمدًا،,1
يتصرفان,1
وراعيه,1
"بـ""صفقة""",1
عليها!,1
الطولى,1
الواصل,1
ويجهزون,1
واليمن؛,1
جدعون»,1
«عربات,1
غزوات,1
والرسم,1
للفهم،,1
كطريق,1
المودة,1
"اتخاذها"".",1
واتفقنا,1
اعتذرت,1
متعمداً،,1
مؤيدةٌ,1
حركةٌ,1
“فليمبي”المواطِنةُ,1
حركةُ,1
رفعتْ,1
وواجب,1
بخوف,1
لنقاد,1
بالتحريض,1
المديونية،,1
ثمارها,1
خزانته،,1
بميسي,1
"""أر",1
لتؤتي,1
لإكمال,1
للصحفي,1
والرماية.,1
نادام,1
للمغول,1
لعملنا.,1
حانت,1
يتطابق,1
سلسة،,1
انتقالات,1
لواجهة,1
الديناميكيةِ.,1
صوتَها,1
الديمقراطيةِ,1
جمهوريةُ,1
مقرّها,1
للديمقراطيةِ,1
بعيدا.,1
اعتراضين,1
نتورك,1
واي.,1
كار,1
وونغ,1
لتنسيقها،,1
لقدراتها,1
هوك,1
"""إي-2",1
الأوكرانية”.,1
المستعادة:,1
“الثقافة,1
أوكرانيون,1
مقالات,1
كوبريان,1
"""وجدنا",1
باول-بالم,1
"والدولية"".",1
تزاحم,1
المعتقلين،,1
"""بالضغط",1
السعودية624,1
عالجتوزارة,1
والمنصفة,1
57.,1
بالدقيقة,1
إستوبينيان,1
بيرفس,1
الإكوادوري,1
حسّاسة».,1
حذّر،,1
الأسطوري,1
بقراءة,1
بخيالها,1
أظافرها،,1
نعومة,1
الأفغاني،,1
ضخما،,1
"جارٍ"".",1
"""تحقيق",1
"أطول"".",1
محاليل,1
المنخفضة...,1
بالمحاليل,1
تسبّبها,1
تقلّ,1
الزجاجي,1
والمثير,1
بالاستمرارية,1
ومجتمعاتها،,1
للمثليين,1
الجنس”,1
“مثليو,1
جولدينج,1
بروس,1
ومريحة,1
يزخر,1
الشجاعة.,1
ماسي,1
"و""إف-18""",1
"""إف-35""",1
انغلق.,1
مالفيناس،,1
49.4,1
واللوجستي.,1
العملياتي,1
المشهورين“.,1
العربات,1
”سائقي,1
مازحًا,1
ويراقب,1
الثري.,1
أرشيفهم,1
دعوتُ,1
إقامتي،,1
للمعاناة,1
6%.,1
تنشره,1
بمحتواها,1
بدأتوول,1
"أسابيع"".",1
"و""سيغيب",1
وركه,1
فرمين,1
"الفلسطينية""،",1
سيسيليا,1
وأشرف,1
لكيتس.,1
مجدياً,1
يتعفن,1
باقتصاد,1
يلحق,1
26.8,1
لميزان,1
فائضًا,1
المأخذ,1
خارطتها,1
لسير,1
تأكيدا,1
فالمتابعة,1
للأداء،,1
توائمها,1
بالمصادقة,1
وتايتونغ,1
هوالين,1
والجزر,1
ظهراً,1
"و""ماندرين",1
"إيروايز""",1
"""ألفابت""،",1
ستريتتعيد,1
الألكتروني,1
ميركاتو),1
(فوت,1
مواصلته,1
اليسار),1
(الموضحة,1
لانتقادات،,1
دراساتهم,1
الاستعماري،,1
والكراريس.,1
استخدامها،,1
بإصبعه,1
أسيموغلو,1
سباقة,1
للتلميذ،,1
التحصيل,1
المخادع”,1
الزيبق,1
يعلنونه.,1
اختياراتهم,1
تسلح,1
مدينتهم,1
والسمنة،,1
تسويقها،,1
نَره,1
لحامل,1
"مكثفة""",1
"""لاختبارات",1
"وقائية""،",1
"""دورة",1
أدركوا,1
و35%,1
الزلفي,1
والباطن,1
الخلود,1
سيتكرر”.,1
وبنكًا,1
وتقوي,1
لتسيير,1
يحتاجونها,1
2.2%،,1
جراحات,1
30%،,1
ولأول,1
عاقلة،,1
بتراوي,1
الجائرة.,1
والدهاء،,1
تختارها,1
يستثمرون,1
الحاضرين).”,1
الثلثين,1
قروية,1
جويانا,1
“أنتجت,1
أنتاركتيكا,1
فويجو،,1
تييرا,1
بالجزر,1
20-25,1
10-15,1
وتتناقض,1
ستركّز,1
والفتح,1
النَّازحةِ,1
جُهودُهم,1
تقتصرْ,1
وحضره,1
مُلزَمة,1
قاليباف،,1
كاردوسو,1
روتي,1
بشريكته,1
وتوفي,1
وقّعصندوق,1
"الإجرامية"".",1
والمشفرة,1
"""يشمل",1
أمامها؟,1
جون.,1
وعدها,1
تنازلت,1
حمل،,1
وسردت,1
الشعوب؟,1
وسيوفر,1
إدارةالطيرانالفيدرالية,1
لاف,1
ودالاس,1
دالاس,1
الماءَ.,1
خطيرًا:,1
يواجهُ,1
أساسيٍّ,1
مُجتمعيٍّ,1
دافعَتْ,1
سيمتد,1
وتدقيقها؟,1
السودانية.,1
شرّع,1
ومناقشات,1
بجريمته,1
فقام,1
يتقبله,1
بالطلاق،,1
فقررت,1
تعاطى,1
تعنيفها,1
يتعمد,1
فعلا،,1
بالطفل،,1
بالزواج,1
ورغبات,1
يساير,1
الصواب،,1
الأكيمات,1
المؤيديين,1
المحادثات.,1
فحوى,1
"الدوليين""،",1
للطرفين,1
المرخّصة.,1
الخبراء؟,1
التقييم؟,1
سيتمتع,1
الحالية؟,1
سيندمج,1
مستقلة؟,1
أو...,1
منقسم,1
لحلّه،,1
سماوية,1
استعصاء,1
وشعباً,1
صاغية,1
آذاناً,1
الإعمار...,1
وقبلها،,1
التقنية؟,1
معلقة:,1
واضحة..,1
الأمثل،,1
لـ«حزب,1
وتغريداته,1
"""أخاطب",1
"يؤلمني"".",1
القميص،,1
":""اختفت",1
للصحفيين”.,1
يعطون,1
تتقلص،,1
2.1%.,1
"نيوزيلندا""",1
"""أستراليا",1
أونيل,1
كلير,1
"فصاعداً"".",1
ارتداد,1
20.0%،,1
40.7%،,1
وأديتشي,1
"وأكثر"".",1
"""شعرتُ",1
"ضغط"".",1
سحقها,1
التحمل,1
"""تعزيز",1
"ستيل"".",1
بالسنغال،,1
والقنصلية,1
"""لارام""،",1
هائلًا.,1
سهلًا,1
كأمر,1
والقادمة,1
وأقول,1
تسكب,1
إثيوبي,1
المقصّرين.,1
أسبابه،,1
الدعوات،,1
المالكين.,1
انحصرت,1
متضررة،,1
425,1
غارتنر,1
الشحنة,1
توسعة,1
انجازا,1
التأسيس،,1
وغرسوا,1
والكلمة،,1
رعايتها.,1
"الإنسانية!"".",1
أطيعوا,1
تطيعوا,1
بنادقهم,1
"""أطلب",1
شودري:,1
إغاثيًا.,1
457,1
وكرامة،,1
لانطلاقة,1
مهيأة,1
63:1،,1
متوسطها,1
87:1,1
زجاجات,1
بالتقاعس,1
بـ6,1
أوانها,1
تخطّى,1
مؤثرا,1
فصلا,1
يستدرجون,1
وتختطف,1
كشبكات,1
والإطاحة,1
139,1
"كبرى""",1
أراد.,1
لإردوغان،,1
"""يكنّان",1
للأسماك,1
فالمركبة,1
بالتعويضات”،,1
“العدالة,1
موضوعه,1
تُنسَّ,1
ستُذكِّر,1
للمكسيك,1
والموروثات,1
أمده,1
مَرْكزهُ,1
لتداخل,1
نواذيبو،,1
ووحدات,1
“هوندونج”,1
جيه،,1
تشونج,1
ومنتهكي,1
ومقربيه،,1
مزاحمة,1
بسانتوس,1
سيلتحق,1
تيكسيرا،,1
"الفريق""",1
"""مساعدة",1
الروس.,1
المنهجي.,1
"""انعطافة",1
محركاتها,1
بنجاح،,1
منخفضا,1
أرضيا,1
مدارا,1
واختبأ,1
صوت،,1
بمكبر,1
شُبه,1
الفتى،,1
الخلفي.,1
قندوز،,1
المنحدر,1
الصبي،,1
ومتاجري,1
لهم؟,1
أبناءه,1
والتساؤلات:,1
تعالت,1
ووالدهم.,1
جنازة,1
٣٩٪,1
٣.٨٪,1
٦٥,1
مدفأة.,1
الناعمة،,1
الباستيل,1
سجاد,1
موحد.,1
إقصائي,1
والخطاب,1
وشيع,1
"صعوبة"".",1
تحصينه,1
"""معهد",1
مبادرته,1
أتيستو,1
بالسعادة.,1
أشرق,1
قاله،,1
وعالمية.,1
تمويلي,1
(3.27,1
للمرحلتين,1
للمخيزيم،,1
1968.,1
بوركهارد,1
تتسق,1
والصخور،,1
غطّت,1
مخصصاتهم,1
الأميركيةقفزت,1
منالأسهم,1
الاعتدال,1
بالمعبدين,1
أ),1
أبوزيد,1
الثدي.,1
لتكبير,1
القاصر،,1
صديقها,1
الرقص،,1
مهرّبي,1
والاضطرابات,1
"الحساسة"".",1
بأطفال,1
بسرية,1
الخبيثة.,1
والنصوص,1
إضافيّة,1
و2004،,1
بطلي,1
تُلعب,1
ومعتمدات,1
ومجردات,1
معزولات,1
“الغربي”.,1
المهزلة,1
فضحت,1
الخيال.,1
تُشحذ,1
رباني:,1
السماوية،,1
الأجرام,1
وارتباط,1
كيلفيك,1
ماناغوا،,1
وقوة.,1
"استثنائية""",1
"""فرصة",1
"وحدها"".",1
"""الأمن",1
24/8/1446هـ.,1
(م/188),1
المناداة,1
تحذيراتها,1
بغيره,1
“صريحًا”,1
اتهمته,1
متعمّد.,1
عرضي,1
أُوقف,1
لمنزلنا,1
مقصود؛,1
بناؤُنا,1
تَعَرَّضَ,1
هُجرنا,1
"متحف"".",1
لدونكير.,1
للغابات،,1
العدد،,1
وختاماً،,1
وإيقاعها,1
لتردد,1
استُوحيت,1
3338,1
بيندا،مصرح,1
بـ8,1
فانتقلت,1
اليماني,1
بنطاق,1
البشبيشي,1
بغلايات,1
بلاغا,1
للخطة,1
المعدلة),1
(الأرباح,1
الروح؛,1
الخزفية,1
والأقدم,1
تفاؤلًا,1
الفاجعة.,1
التحريض،,1
للإخلاء.,1
بفرضه,1
انسجام,1
للصبر,1
يتأقلم,1
أعطالاً,1
قابس.,1
والهيدروجين,1
الامونياك,1
لتركيز,1
المبرمجة,1
الملوثة،,1
التسربات,1
جدّي,1
والمصابين.,1
إطفاء،,1
والحديث,1
صارخاً،,1
وتناقضاً,1
خداعاً,1
"""ادعاء",1
بقائي,1
نموه,1
نهائيات،,1
الطليعة,1
1921,1
ومالية،,1
ودولياً,1
وساماً,1
امتدّ,1
الكوريّة,1
البدائيّة,1
بنظره،,1
"الحقيقي""",1
"""اللبنان",1
محاصرته.,1
إضعافه,1
جوابًا,1
الممسك,1
والخارج,1
بحيازة,1
استعانت,1
سالوارها,1
روت,1
(2020-2030).,1
والكاريبيين,1
يستحقون,1
"واحد"".",1
بتوسعها,1
الكافيين،,1
بالقهوة,1
107.8,1
و11.7%,1
56.5%,1
131.7,1
إذنا,1
لكومي,1
عكفت,1
المُبلغ,1
ككل؛,1
فرادى،,1
بالمساعدات,1
أقترح,1
ملحق.,1
الماضي؟,1
برأيك،,1
"اللبناني"".",1
قيمين,1
"""ينصب",1
غفيرة,1
مُولَّدة,1
المُحمَّلة,1
"""ديزر""",1
"""الكولا""",1
غازية,1
وثراءه،,1
النتاج,1
اليدوية،,1
رفيعة،,1
لتمثل,1
والفوائد.,1
ورابعها,1
الإجمالية،,1
ومنافس؛,1
محددات,1
واستكمالاً,1
النسائية.,1
معمقاً,1
البلازما،,1
ويبيع,1
رِزكي،,1
المصافحة,1
متخصص.,1
يقصر,1
وبحثاً,1
الدرامي.,1
يُؤثِّرُ,1
الآنَ،,1
ميزانيَّتَها,1
تُشَدِّدُ,1
4.6%.,1
"""مازدا",1
5.2%،,1
"""هوندا",1
القياسات.,1
والإشعاعات,1
ليحميه,1
متماشياً,1
تموز.,1
2.6%,1
توقعه,1
ستيم,1
أُكّد,1
سُرّب,1
​​الصادر,1
يُقرّ,1
والصّدمات,1
الصّحة,1
المعنيّة,1
مُجسّدًا,1
الراميةِ,1
الجُهودِ,1
آيو,1
بورناما,1
لمديرة,1
22.50,1
47.50,1
لملاك,1
فيديوهاتهم,1
السيلفي,1
المنجم.,1
"""سنتامين""",1
"أشانتي""",1
السكريخلال,1
منمنجم,1
"العربي"".",1
كمحامية،,1
بجرأة,1
المعلّقة.,1
محامية،,1
"""مها",1
موضحة:,1
مسيرتها”،,1
“أصعب,1
ترفيهية،,1
ومنتجعات,1
تفاهم،,1
توقيعها،,1
الصالحاني,1
التنقيب،,1
وجغرافية,1
الحر.,1
فولت،,1
انتشارا,1
بيانية,1
والإحصاءات،,1
متناقضة:,1
البيانية،,1
الفيديوهات.وفيما,1
استحسانا,1
تمتدّ,1
يسيرون,1
إبقائك,1
50.92,1
بالطائف,1
بمستشفى,1
"والعلمية""",1
مشروط.,1
للسياسات،,1
بوم،,1
حفيدة,1
لونها,1
والسيانيد،,1
تنوعًا,1
السيشيل،,1
"و""بي",1
بالرد,1
الرئاسي؛,1
تجسس،,1
حذّروا,1
ومدمَّر.,1
منهك,1
استهدافًا,1
عقد،,1
والثقافة.,1
ظاهرةً,1
لتغدو,1
“الشباب”،,1
المتعدّدة,1
وتجلياتها,1
والهويّات،,1
المتقاطع,1
فيوضح,1
للريجي,1
احتُفل,1
بموسم,1
قياساً,1
لفعالياتها,1
217,1
القائمين،,1
غينيس،,1
للدموع.,1
وخراطيم,1
وامتصاصه،,1
عكسية,1
والمكسيك،,1
هيرفي,1
الاقتحام,1
باندافا,1
إخوة,1
بإطعام,1
كُلفت,1
الملحمة)،,1
بطلات,1
(إحدى,1
دروبادي,1
ماهابهاراتا,1
الملحمية,1
تكرارها.,1
"""مؤسفة""،",1
والاحتفاظ,1
استراتيجياته,1
واللوجيستيات,1
«زد»,1
عُماني,1
البوشي,1
للراحل.,1
يكنه,1
وخضع,1
غيبوبة,1
ناديه:,1
البشريين.,1
مشاهدتها,1
رومبا,1
مكانس,1
للتأكد.,1
للتصويت،,1
تؤهلك,1
مساهمتك,1
اخترعت,1
سماته,1
بإتاحته,1
عضوين,1
(كيمانول),1
"الميثانول""",1
"""شركةكيمائيات",1
ممثل.,1
كمؤلف,1
لمشاركاته,1
والمصممة,1
بمجموعة,1
المواصفات،,1
الجديدين,1
الذكيين,1
هاتفيها,1
المالاليان,1
الهيدروكربونيَّةُ,1
المُركَّباتُ,1
علِقَتِ,1
بكثيرٍ:,1
خُطورةً,1
الأوليَّةُ,1
النَّتائجُ,1
المرَّةِ،,1
ستجري,1
قويين,1
وعضوين,1
والهند،,1
تتقاسم,1
ومواءمتها,1
وشفافيتها,1
وتعليمية,1
غوص,1
مارتينيز،,1
لزعماء,1
و2010،,1
المعزولةِ.,1
لِمصبَّاتِ,1
الرَّاكدةِ,1
السُّمِّيَّةِ,1
عاليةُ,1
كيميائيَّةٌ,1
مُركَّباتٌ,1
والأنثراسين,1
الفينانثرين,1
الحَلَقاتِ،,1
مُتعدِّدةُ,1
العطريَّةُ,1
ثلاثِ,1
تستمرَّ,1
التَّأثيراتِ,1
العلميَّةِ,1
التَّوقُّعاتِ,1
يتناقضُ,1
صمتُهم,1
تصورات,1
"""تيتانيك"".",1
جارية،,1
بشهر،,1
المسيراتالمدنية,1
إلىفرض,1
الأردني.,1
حمايةً,1
بالارد،,1
وفضحه,1
ويتعرضون,1
يخاطر,1
المرئية.,1
‎موطئ,1
للجودة,1
مرادفا,1
لترجماته.,1
فاخرًا.,1
المغول،,1
إحضاره,1
الخامِ.,1
تخفيفِ,1
الأمطارُ,1
ساعدَتِ,1
سنواتٍ،,1
داس:,1
امتص,1
سينمو,1
المثلث,1
المتمردين،,1
زاعمين,1
للتجسس،,1
وأُلغيت,1
للنيجر,1
أغطية,1
الظهر).,1
وذروة,1
النهار),1
الازدحام،,1
المروّج,1
جمة.,1
مرؤوسًا,1
برأته,1
بالعصيان،,1
لجامايكا.,1
كبرى.,1
ومظلمة,1
بكاء,1
عامرفي,1
المصريةوفاء,1
إبداعها,1
ببحيرة,1
ابتلعت,1
مختلفٌ,1
ساخرة”،,1
“لوحة,1
موظفًا،,1
لاقتصادنا...,1
"""قطاعات",1
يأملونه.,1
والمستقر,1
ينالوا,1
لحياتهم،,1
المهدِّدة,1
مواجهتهم,1
ماليزياوتراجع,1
زيادةصادرات,1
٢٠٠٩-٢٠١٩.,1
الرسميّة,1
الفرنسيّة,1
اُعتبرت,1
قائده,1
لتعليمات,1
واستقبال,1
للتجربة،,1
جذبها,1
وأصعب,1
"""العربية.نت""و""الحدث.نت""،",1
والصداقة,1
للمشاهد,1
مهنا،,1
تجسدها,1
"""داليدا""،",1
معرفية,1
٢٠١٩,1
يُستخدَمون,1
تروخام,1
كوتالسب,1
"بريطانيا"".",1
وحاضر,1
وجاهز,1
ويتقدم،,1
يرمم,1
بشتى,1
ومساعدتهم,1
واصلوا,1
وامتنانٌ,1
ينقطع,1
وحمدٌ,1
وضحكات،,1
ابتسامات,1
الوحيد؛,1
والأحزان,1
مُنظّم،,1
للفكرة,1
وجيميني,1
"""كلا",1
لاعبين.,1
يضعوه,1
وغينيا,1
فيردي,1
وكاب,1
والكاميرون,1
والتجاري.,1
(2001-2025)،,1
ونوادر,1
مخطوطات,1
تحتضنها,1
الست.,1
بلوغي,1
تيزي-وزو،,1
«كان,1
أحرونوت»,1
«يديعوت,1
“أستخدم,1
بمساعدتها,1
ويُبنى,1
يُنهِي,1
ليوبولدو،,1
فرس,1
مذكّراً,1
خصيصا,1
لخادم,1
علبي,1
وليستا,1
نسختان,1
وكأنهما,1
بتخيله.,1
وقدره،,1
والدين،,1
الطائفة،,1
ببراعة,1
2-1.,1
عام2100.,1
"و""أبل"".",1
"و""تسلا""",1
لدخولهم,1
والمعدل,1
استقطابهم،,1
60-70%,1
مستفيدين,1
وتعدين,1
سياسية».,1
والنجمة,1
والإيجاز.,1
المبتكر,1
بالمصالحة.,1
السلطوي,1
"""الفيرالية""",1
ليتواصل,1
"و""ستيم""",1
"و""روبلوكس""",1
"""ديسكورد""",1
بالأمن.,1
يستفيدا,1
للرحلة،,1
مدعومة.,1
ساعاتهم,1
مثبتًا,1
التونسيين,1
حقنا,1
“الخضر”،,1
"محدودًا"".",1
انسيابية،,1
للتحويل,1
العلاق:,1
سددوا,1
يعيدهم,1
الأقساط,1
المتخلفين,1
شاكوش،,1
ومطرب,1
والمطرب,1
والنجم,1
عنبر،,1
غانجي,1
مكتفي,1
للسكن،,1
تُشن,1
درنة،,1
مجتمعهم.,1
جواد,1
"التحسن""،",1
"""مؤشرات",1
"""نهاية",1
المروّعة،,1
بخاطري,1
والمغربية.,1
مغربي,1
الداخلة،,1
كعربي.,1
كعلاوة,1
كتبها.,1
تجريدًا,1
مدخلًا,1
الفوتوغرافية،,1
تنجذب,1
نُسِيَ,1
المفجع,1
مدفوعين,1
الخبرة،,1
وناقشت,1
ناتج,1
ازدادَ,1
الصلبة),1
(نفايات,1
大概20年前，我们整个进口量（固体废物）也就是400万-450万吨，20年间，固体废物进口量增加到4500万吨，增长得还是很快的。,1
وأويداه.,1
وبورتو,1
فونغبي,1
والتطورات,1
هشاشة.,1
تعهدات,1
المطالبات،,1
"ثنائية"".",1
نبدأ,1
"""بطبيعة",1
بتوزيع,1
آيتن,1
شقيقتها,1
تبرعوا,1
والنجوم,1
زائدة.,1
مناوبة,1
طالباً,1
ففر,1
مشادات,1
وطقوسها,1
وأديانها,1
وتقاليدها,1
عاداتها,1
فرعية،,1
الأسطح،,1
يشتركوا,1
"كوم""إلى",1
"الأميركية""أمازون",1
الإنماء.,1
وطني.,1
كفخر,1
سطحها.,1
وتتدحرج,1
فالكويكبات,1
الهجرات,1
اعتُقد,1
تبرأت,1
الاغتصاب.,1
منتظراً,1
الأدويةبخفض,1
يُلزمشركات,1
الرباط.,1
“للطعام”,1
و400,1
منتظمة،,1
و2000,1
مجزء,1
مِنَحِ,1
الإندونيسيِّ,1
لِبرنامجِ,1
مُعظَمَ,1
وقْفِ,1
لِشراكةِ,1
التنفيذيُّ,1
المديرُ,1
دياتمو،,1
الدكتورُ,1
قالَ,1
الإنقاذ.,1
ناشدوا,1
الكويكب.,1
سهل؛,1
دائماً.,1
الملتزمون,1
يبذلها,1
المتفانية,1
وتكريم,1
المائةِ.,1
الشَّريكةُ,1
الجهاتُ,1
وتُساهِمُ,1
الدَّولةِ,1
ميزانيَّةُ,1
بطابعه,1
ويتعدى,1
الدلالة,1
«المِدّ,1
والمجاني,1
الصُّندوقِ,1
وصمته,1
تواضعه,1
يوازننا,1
أبدو,1
أود,1
كلاعب،,1
5،,1
كمجرمين.,1
كنشاط,1
الحوادث،,1
والآمن,1
مينجو،,1
فابرا،,1
بومبيو,1
الأوجه,1
وتأثيراته,1
والزيارة,1
الصفحة,1
للزيارات,1
تنظيمه,1
الصفحة.,1
حسابكم،,1
يربحون,1
879.7,1
بلتون,1
الترجمان،,1
"للاستثمار""،",1
استهلاكي,1
تقدموا,1
إيكو،,1
"""إيفولف",1
يحمله.,1
وصعدته,1
شدّ,1
"التوقعات"".",1
"""النتائج",1
عارضها,1
الفاسدة,1
لذات,1
يستسلم,1
شوقي،,1
(1957),1
الفتوة,1
الموثقين,1
للأفغان,1
حُددت,1
"""موتسويدى""",1
"تماما"".",1
والفندقي،,1
والإداري,1
برجًا,1
327,1
علويًا،,1
طابقًا,1
البرج,1
"إيدج""",1
تطوره,1
"تاور""،",1
يحملان,1
تشويقي,1
بحدثها,1
استلامه,1
وليعلن,1
"""ماسبيرو",1
الحالة،,1
أشكالي,1
الخشن,1
القوام,1
482,1
ومضطرب,1
متجاورتان,1
تغراي,1
العداوات,1
يحتويان,1
والزبيب,1
الرسالة.,1
يسحب,1
رسالة،,1
طابقًا.,1
بارتفاعات,1
لخيال,1
قاتم,1
كدراما,1
وإدراجها,1
للاقتراح،,1
شكلًا.,1
لتتخذ,1
أنحت,1
ليتبعهما,1
واستقالته،,1
دربار»,1
«سينغا,1
والمجمع,1
بحرق,1
وألف،,1
أضغط،,1
"3,720",1
الباهت,1
15.52%,1
فادحًا،,1
بولر.,1
تتجلَّى،,1
الموسمي”,1
“الاكتئاب,1
متظاهراً,1
المتغيرة،,1
رموزه،,1
اجتثاث,1
فشملت,1
ومعاناتي,1
البرودة,1
نشأتُ,1
للتهرب,1
وتقيس,1
الكيني،,1
بواجبات,1
تقرن,1
اليابانييتعافى,1
واهتماماتهم,1
تُزوّد,1
خوارزميته،,1
الباهر,1
ببرامج,1
وشجّع,1
للتوظيف,1
إعطاءها,1
وتُحدّث,1
دولاراً،,1
ضخمةً,1
استثماراتٍ,1
المنطقةُ,1
اجتذبتِ,1
المُتوقَّعةِ،,1
العاليةِ,1
السوقيةِ,1
والقيمةِ,1
مبيعاتِ,1
المتسارعِ,1
وتركّز,1
الفيديو.,1
اضطره,1
الاعتراف.,1
النجم.,1
اختيارية.,1
الدقائق.,1
بعمره،,1
محافظة.,1
دخولهم,1
خصصتها,1
ورفح،,1
المقرصنة.,1
خطًا,1
المحمية،,1
"عادلًا""",1
"""استخدامًا",1
شؤونهم,1
بمهنة,1
حوَّلها,1
والمكوِّناتِ،,1
تصنيعِ,1
فبصرف,1
قيمت,1
لمحللين,1
لجيه,1
تربيت,1
ودوليًا،,1
"حقا"".",1
الناحية،,1
تصدق.,1
الحليفة,1
التَّدخينِ.,1
وعدمِ,1
المُغذِّيةِ،,1
الأطعمةِ,1
وتناولِ,1
والأيسر،,1
ديوكوفيتش,1
تسيتسيباس،,1
ستيفانوس,1
مميزة.,1
المتبلة،,1
الحمص,1
جوجني,1
للبوتشكا,1
الحشوة,1
"مبتسمة"".",1
ووجوه,1
متلألئة,1
النائب:,1
ثانٍ،,1
والجهد,1
الرسمة،,1
اتِّخاذُ,1
للأشخاصِ,1
يُمْكِنُ,1
"""التأمينات",1
بشأنتيك,1
التالية؟”.,1
تعزيزه,1
يكون:,1
مستحيل؟”،,1
الزهور.,1
"للجميع"".",1
مواقفنا,1
التداول.,1
الميراثفي,1
وسينر.,1
وألكاراز,1
الحدث.,1
"""حلق""",1
الثقالية,1
المعاش،,1
للاستقطاع,1
موحّد,1
للمتقاعد,1
خلاصتهم.,1
لإخبار,1
بعينها,1
مُبكِّرًا،,1
الكامنةِ,1
التَّهويةِ،,1
وتحسينِ,1
ارتداءِ,1
خُطواتٍ,1
صوتها،,1
وظروفاً,1
قاحلاً,1
كوكباً,1
بالتجاهل.,1
المصانع،,1
الحمراء.,1
كمخرج,1
الخلفيات،,1
والرجال,1
والرعي.,1
للمحطة,1
وزوارها،,1
سبقه.,1
وزعيمي,1
نوفل:,1
سيُصدرُ,1
مُعلِناً,1
حسابِهِ,1
النفطيِّ,1
نوبوا,1
أشارَ,1
عشرَ,1
الخامسِ,1
الحادثةِ،,1
يومينِ,1
يتطور.,1
وطقوس,1
معالم,1
نشره:,1
واللوحات،,1
الفرشاة,1
"""بزيادة",1
قرمشتها,1
للاندماجات,1
منشوره:,1
وتبعتها,1
والحرب.,1
المُتضرِّرةِ.,1
لِلعائلاتِ,1
والتَّعويضِ,1
بالتَّنظيفِ,1
الكاملةِ,1
المسؤوليَّةِ,1
بتحمُّلِ,1
الحكوميَّةِ,1
لشركةِ,1
أوامرَهُ,1
"الرياض""",1
"""صحيفة",1
وسياسي.,1
تتتبع,1
ومعوية,1
بمنحى,1
أذن,1
تحرير،,1
الجهاز،,1
ومباشر.,1
"الخارجية"".",1
الإضافي.,1
ثانيهما,1
"""نظام",1
"الصينية"".",1
سيلحق,1
15.4,1
والنضج,1
بالصبر,1
فيمكننا,1
ومعقدة،,1
إصاباتها.,1
بمصل,1
لحقنها,1
جروح،,1
وجذبه,1
لانتهاء,1
ضخماً,1
ومتسارعة.,1
ليدعم,1
لـ5,1
الربيش،,1
إيمانهم,1
الفرق،,1
جيدون,1
ونجعل,1
يتدربون,1
والقتل),1
والاختفاء,1
(الاعتقالات,1
وكينيدي,1
وتيخادا,1
(2030-2016),1
بالتوافق,1
و254,1
امتياز،,1
و28.78,1
ضرائب،,1
للوقود،,1
ويونيو/حزيران,1
احتكاري,1
خلص,1
كلّه؟!,1
قادرة،,1
ويلغي,1
سيُبقي,1
يعكس،,1
سيكون،,1
عالميٍ,1
وتسحب,1
تسخر,1
المغربإلى,1
السنويفي,1
بقدراتهم.,1
"""الاختلال",1
ساكس:,1
161,1
للجدل-,1
-وإثارة,1
والخوارزمية,1
مُعادٍ.,1
محاصر,1
وساعد,1
الرصاص،,1
يسقطون,1
بالأخشاب.,1
منظمة؛,1
الهائل،,1
1967؟,1
بالدولة..,1
مؤخرًاثغرةأمنية,1
بخيط,1
وتمسكنا,1
امتحاناتنا،,1
ناخب.,1
1.500,1
سيتنافس,1
4.140,1
غليسمان،,1
تقلبه,1
يجتاحون,1
موسمين،,1
(34,1
"فرصة"".",1
مريح,1
ائتمان,1
موناك,1
وانفجار,1
شوبري,1
35.5,1
مانات,1
محرملي,1
ومعاهدة,1
فالإبقاء,1
للتسليح,1
ونيات,1
متخيل,1
البنغاليين”،,1
سيمنحهما,1
للاستهداف,1
إصلاحها.,1
ون,1
بالسكتات,1
والمتداولة,1
8.87,1
8.7%,1
181.74,1
وائل.,1
نوعياً,1
كحجر,1
نشيط,1
ثيونغو,1
وا,1
نجوجو,1
ويحتل,1
والمجتمعات.,1
خرابًا,1
سيكيم،,1
منظمةِ,1
ويكشفُ,1
بتتويجها,1
أسرتنا,1
للاعب.,1
العصبية،,1
أفواههم,1
بالخلايا,1
الضموري،,1
وتحث,1
الحدة,1
منخفضَ,1
"وإخلاص"".",1
الصرح,1
التصلب,1
التنكسية,1
الأفريقيةِ.,1
كثيراتُ,1
الظاهرةِ،,1
بهذهِ,1
يتأثرنَ,1
مقارَّ,1
ولندنَ,1
ونيروبي،,1
تتخذُ,1
أمريكيةٌ,1
سأظل,1
"""أغادر",1
وإلحاحًا,1
نولان,1
منظمةٌ,1
إيكواليتي,1
زادإنفاق,1
متضرر.,1
و2.3,1
و581.638,1
مفقودًا،,1
و63,1
تشترى,1
تقرير:,1
"بالعودة"".",1
بأس,1
حار،,1
ويتساوى,1
تلبيةً,1
والملابس،,1
وتوفّر,1
وسكانه,1
بورصتي,1
07:12,1
555.1,1
وترحيلهم,1
(الشركس),1
دفعتهم,1
حماية،,1
تُذكر:,1
زملائهم.,1
يحرجهم,1
كابوساً,1
"والدك؟""",1
مكتوب؟,1
سوفون:,1
معتدلة.,1
المستهلكينفي,1
جيمبير,1
زورلو,1
يسمحوا,1
أذكياء,1
بلدنا..,1
مميزون,1
سيشترونه،,1
عظماء,1
وطنيون,1
مطولة:,1
للصحافيين،,1
يزعزع,1
الأخرى...,1
الأحادي,1
"""ترفض",1
"""الأحادي""،",1
احترافي.,1
مهمتي,1
2006..,1
ومموّل,1
كراتشي،,1
ثاتا،,1
تردُّدٍ.,1
جامعةُ,1
استجابتْ,1
لاشجار,1
لِتنظيفِ,1
طعامك.,1
جسمك،,1
الرمال,1
اغتُصِبت,1
تتويجًا,1
تأثيرهما,1
وضعا,1
مارينو،,1
الترحّيب,1
"العراقيين"".",1
وصون,1
ومباحثات,1
عائقاً.,1
النفطي،,1
"وغيرها.""",1
ويعتقدون,1
الاضطرابات،,1
فيغزةمقتل,1
لينضموا,1
مغربيمطلع,1
200عامل,1
للمفوضية,1
التقريبي،,1
للتصالح،,1
المجهول،,1
يحميهم,1
وحقوقيين,1
"الإجباري""",1
الـ18،,1
للشارع،,1
اليتامى,1
لونه،,1
مُناقصةً,1
دراسته.,1
آغا،,1
جاويد,1
أطُلق,1
الأبعاد،,1
‎المعزولة،,1
كيليتش,1
نوردان,1
والفن،,1
التقصي,1
لتطمس,1
التشريحية,1
التجريدات,1
المُثير,1
طبيعته.,1
"كبير""",1
"بـ""إعلان",1
"الإنتاجية"".",1
فسنمتلك,1
معا,1
بالمرافق,1
الآلاف،,1
والحسابات,1
للميزانية,1
فيتايوانارتفاعًا,1
"""هيدروكسيكلوروكين"".",1
بثقله,1
الكمامات,1
كوفيد،,1
وأسواق,1
"""تهديدا"".",1
تعتبرها,1
الأمامي.,1
(33,1
"جورجيا""،",1
والجدرة.,1
التشريع،,1
وثانيهما:,1
"غلوبال"".",1
ليُدفن,1
موتها,1
زلزالًا,1
كريبستا،,1
أليساندرو,1
وصفاء،,1
كاريغان,1
ليز,1
جريمتي,1
“مثيرة”،,1
“عادية”,1
شوزودا,1
والمنازل.,1
"صرامة""،",1
"""تعلمون",1
بالنيبال.,1
النيبال,1
طويلي,1
واستغلالها,1
شأنها،,1
والتقليل,1
الفنزويليين،,1
لخنق,1
الخطرين,1
والجافة,1
منبّهة,1
والغطاء,1
ذاتياً’.,1
‘تحديد,1
تبرئته.,1
ظلماً،,1
حوكم,1
درايفوس,1
يأمل،,1
استئنافه,1
ويعلن,1
العقاريأجل,1
قروضالتمويل,1
لتسويق,1
توكيلاً,1
تسييس,1
واستولى,1
لسياد,1
السبعينيات،,1
"المُبدعين"".",1
تُثقل,1
الجائرة,1
المعاملات.,1
الغبن,1
بالقرار،,1
ومحاموه,1
وسوائله.,1
ولائحة,1
تاريخٍ,1
سيُدعون,1
المتأهلين,1
يوليو/تموز2025،,1
بترحيلٍ,1
طاجكستان,1
زولا.,1
التبرئة,1
والمندوبية,1
المفتشية,1
"""المسؤول",1
"الفيضانات""،",1
"""لدراسة",1
سعيود،,1
الشراء،,1
والبحر,1
والفاخرة،,1
وحلقت,1
يُمكنها,1
ويُنذر,1
لأنثروبيك,1
"""يُقرّبنا",1
المدعون،,1
"ليلي"".",1
القتالي,1
بحفل,1
وجرحى,1
الطاولة..,1
اختبأت,1
عيان:,1
لمنظمتي,1
الشلل,1
خانقة،,1
تؤكدّ,1
حصلت،,1
مؤكدّا,1
للتأهيل,1
"للمسؤوليات"".",1
والتحديد,1
المسجلة،,1
يلفتون,1
جي)،,1
(سي,1
كريسبين،,1
حثَّ,1
عامان,1
مضَي,1
وأوكلاند،,1
"ترافيلر""،",1
"بوست"".",1
"""ساوث",1
التصديرية.,1
والمصدرين،,1
التصديري،,1
"الأكفاء"".",1
لجنتها,1
والإذاعة،,1
وعبدالعزيز,1
ملايين،,1
سحرية،,1
أشعرهم,1
وغيره،,1
كالجدري,1
أوبئة,1
تطعيم,1
واستقدم,1
مستوصفاً،,1
نيويوركوذلك,1
روبيوفي,1
و55,1
برفعها,1
أجياد,1
وخلصت,1
"""معاهدة",1
اتفقوا,1
الاتساع.,1
للمواليد,1
متسق,1
كيمونيو،,1
قبول.,1
مساعدتهم,1
الطلاب؛,1
ربحها,1
للمؤشرات,1
وقطار,1
الشورى،,1
وميناء,1
باسمه،,1
الأعراض.,1
القرنفليلجأ,1
الحالة:,1
الخزانة.,1
للتداول,1
"وأمان"".",1
للانطلاق,1
يحتجنه,1
تُمد,1
عندها،,1
والدَّولة,1
والتداعياتِ,1
بالكوارثِ,1
يتعلّقُ,1
مناطقِ,1
"""مسؤولية",1
"""أجيز",1
ديارهم.,1
ليغرق,1
أُفيد,1
المحلييون,1
درجاتها.,1
0.6589,1
0.02%,1
1.1738,1
لمقاضاتها.,1
بطالبان,1
كلماتي.,1
وانتظر,1
ومحرج,1
دوراري:,1
المُوجّهة،,1
الدوليون,1
المفتشون,1
زاغروس،,1
إيرانيون,1
مهندسون,1
لبنغلاديش.,1
تهويل،,1
وصحفيي,1
ولاعبي,1
الشرقي.,1
ربيعة،,1
والسكرية,1
الريحانية,1
بالإغلاق.,1
القصد,1
"الضرورة""،",1
نييتو,1
بينيا,1
[السابق],1
نور”،,1
المحرمة:,1
“الرقصة,1
إنسبروك،النمسا.,1
عمن,1
وتضخم,1
الدسوقي،,1
وسياقات,1
بخصائصه,1
وتقصير,1
المتكاملة.,1
"""كابيتال",1
بزيارته,1
مساهمتَها,1
لانبعاثاتِ,1
التاريخيةَ,1
البصمةَ,1
مدينةُ,1
وأيارَ/مايو,1
"10,715",1
سولاويزي,1
مُقاطعةُ,1
أبلغَتْ,1
النيوليبرالي,1
لنا؟”,1
وفسّرت,1
(2018–2024),1
تُقِرّ,1
(2012–2018),1
"الرابع""،",1
"""نتيجة",1
تحريم,1
الأيديولوجية،,1
فالرقابة,1
الجدارة.,1
يبديه,1
الصارخ,1
حالةٍ.,1
"3,483",1
للخطرِ,1
عُرضةً,1
الأكثرَ,1
تظلُّ,1
ضئيلةً,1
أزمةِ,1
والميتافيزيقي,1
والأخلاقي,1
الذّنب:,1
ياسبرز,1
فرّق,1
وجسديًا.,1
صادمة،,1
أسطوانات,1
لمحلات,1
منطق.,1
الأحمد.,1
(66),1
اعتمدتوزارة,1
لرهانها,1
النوويين،,1
القلقة,1
الأميركيمواصلة,1
إدارةالرئيس,1
لوجستية.,1
المستقلين،,1
فريقكم،,1
ممتنة,1
الظُّلم.,1
عَدَم,1
الميتافيزيقي,1
الأخلاقيّة،,1
الفرديّة,1
ضعفاً.,1
للمجتمع،,1
المسؤوليّة,1
القانونيّة،,1
المعاقبة,1
الدائمين،,1
الحلم،,1
تتغير،,1
المتاجر،,1
الحلم:,1
خلطت,1
نتوقّف,1
تستخدمون,1
"إنترناشونال"".",1
لعلامة,1
نرى.,1
ودمارًا،,1
وتدميرًا،,1
ونسفًا،,1
وتطرفًا،,1
مواطنيهم.,1
مساعدةِ,1
إلكترونيفي,1
تعطلها,1
الآليبعد,1
ازدحامًا,1
أوامرها,1
خالصة.,1
شكل،,1
بالفسيفساء،,1
كألوان,1
كشك,1
وستُسمع,1
متاحًا،,1
شوارعنا,1
لسانك،,1
(الفيتو).,1
لتفاصيل,1
بحثها,1
راشد،,1
بالتوازي،,1
لأبوابها,1
متسببين,1
يطّلعوا,1
وبالًا,1
فهى,1
بريطانيا..,1
منتجاتهم،,1
وعنفًا،,1
دمًا،,1
العطف,1
بلفور،,1
أرثر,1
المنفى”،,1
لسوريا,1
ضاهر،,1
وأغسطس.,1
نشاطاته,1
ورحل,1
2.49,1
3.925%,1
وروابطهم,1
متوفر.,1
باختونخوا,1
للانقسامات,1
للحاظ,1
والتماسك,1
التشويق.,1
وتناقضات,1
"الزبير"".",1
استصلاح,1
أرطاوي،,1
عميلاً،,1
1489,1
"عسكري"".",1
"""تهديد",1
الاميركي,1
بالانتشار,1
المشترية,1
الشام”.,1
بدمشق,1
بتحدي,1
“عدم,1
يُجسّد,1
لسقوط,1
التصحر،,1
حيمد،,1
بيئي،,1
والرعوية,1
لبذور,1
إنتاجيتها،,1
نثر,1
شجرة،,1
لتنفيذها,1
"الدولية""",1
البادية,1
البرازيل؛,1
لطفولتي,1
فقراء,1
"التلقائية""",1
"""العودة",1
ارتدائه,1
خيارها,1
مسلمة,1
القارب.,1
بتحمله,1
اعتذاره,1
المخصّب.,1
جوهرها,1
فأقرّ,1
الملائمة،,1
والندوب,1
البذور.,1
"لاستخدامه"".",1
نفوذهم,1
التقليديين،,1
"لـ""العربية.نت"".",1
يسمعني,1
لافروف.,1
والدبلوماسية،,1
"تفاوض"".",1
يُجرَ,1
معناه،,1
يقولونه،,1
يُشترط,1
صريحًا.,1
استفزازًا,1
وتندد,1
ازدراء,1
يائسة.,1
خارجيتنا,1
وبالإشارة,1
(فازل),1
“لاية”،,1
خطبة,1
وشهور.,1
بالممتلكات،,1
وخسائر,1
بفيضانات,1
للجزيرة،,1
بإحداث,1
طعنًا,1
ماتيا,1
سي.إم.إي،,1
فيد,1
طوعًا,1
مغادرتها,1
كان.,1
سمعه؛,1
المحتجزة،,1
الجهد،,1
لموازنة,1
"""وام"".",1
يحققه,1
الضرورية،,1
يتطلبان,1
بيير،,1
وكلمة,1
بحيرات.,1
وعزّز,1
وشقّ,1
المحلي»,1
«تُنعش,1
يستشهد,1
“الإسلام,1
بالمتشبّثين,1
أعجب,1
يُصاب,1
خوشانوف,1
"""شاهدنا",1
الكتيبة,1
نازحين,1
يؤوي,1
تُديم,1
والذكور,1
والإعدادية,1
خايمي.,1
عام”،,1
بالتاجر,1
يُضحى,1
المقاصة.,1
للجهالة،,1
النافي,1
للمذكرة,1
تمديدا,1
إخطارهم,1
بإيقافهم,1
المذكورين,1
"أرسنال"".",1
مستوياتنا,1
المحبط,1
نكثف,1
مسالمة،,1
مجتمعاتنا,1
"به"".",1
أعجبت,1
بآرائهم،,1
يشكِّلُ,1
7.77,1
الوجهة،,1
"و""فيتش""",1
"""موديز""",1
بمعوقات,1
"""سُمَّا""",1
لاعتقاله.,1
الذهببالأسواق,1
شهدتأسعار,1
دوله.,1
برأيه.,1
مُتشبِّث,1
الضال.,1
والاكتوارية.,1
والفنية,1
تليه,1
يتصدرها,1
المحليةِ.,1
الأسواقِ,1
الهائلةِ,1
الحكوميةِ،,1
والحوافزِ,1
الطبيعيةِ،,1
مَواردِها,1
لوفرةِ,1
الصينيةِ،,1
يتجدد,1
العناد,1
لشركاتِ,1
استراتيجيةً,1
جنوبُ,1
السحابي,1
كبقيتنا.,1
والمحلات,1
يجولون,1
صالة,1
يرتشفون,1
يسافرون,1
والمستثمرون,1
والمدراء،,1
التخزينية.,1
سعتها,1
شقيقتي.,1
صديقًا,1
فيمًا,1
والأساتذة,1
71%.,1
والمثقّفين,1
والممثّلين,1
والموسيقيّين,1
والشعراء,1
معالجين,1
960,1
وأطلس,1
معالجي,1
قتلاها,1
بأول,1
كبير..,1
وإلغاءالتعريفات,1
"محدود""",1
وقادمة،,1
"""آيباد""",1
لوحية,1
مُحتملةً,1
محليةً,1
والسلبية،,1
للمكونات,1
الأمتعة.,1
مُولّد,1
كثّفت,1
كتيّبات,1
“نفس,1
وسيحافظان,1
فائقي,1
نسبيّاً,1
ترجمتي,1
عذراً,1
وأستميح,1
الإسرائيليّين».,1
بللها,1
ملابسه,1
ومطحونة،,1
مجففة,1
العناء.,1
مذهل.,1
إذن.,1
وفرشاتين،,1
سكين,1
إعطائي,1
جلست,1
فرش,1
عصرًا,1
خارجة,1
لمُصنّعي,1
المُشترين,1
ينفصل,1
زابوريجيا.,1
"وسلامة""",1
"""أمن",1
مولوكوكو،,1
الجبنة,1
وأكله,1
التارو,1
للبلورات,1
بالخيمياء,1
مولينار،,1
عطشه.,1
ليروي,1
فجلس,1
التراب،,1
وأثقلها,1
الوسطى:,1
تسباكا,1
زوغ،,1
والصديق.,1
بالجار,1
بالوسيلة,1
قتله,1
تضليل,1
الروحي؟,1
والصدى,1
فتحتها,1
هواتفهم.,1
يقدّرون,1
استثماري.,1
ادخارية,1
والمصنعية،,1
«هآرتس»,1
9/15،,1
خوف.,1
مطربة,1
المستضعفة.,1
اللامبالاة,1
111.1,1
100.6,1
100.8,1
برازيل،,1
بينتو/أجنسيا,1
فلها,1
"أشهر"".",1
ديسمبر..,1
أوكرانيا؟,1
فعلًا”.,1
رئيسيها,1
شركةأوراكليوم,1
تُحيط,1
مواقفهم،,1
“للشرق,1
مكافئة,1
الماندرين,1
"الأسعار"".",1
انعكاسها,1
والكتّاب,1
السينمائيّين,1
«بالنيابة,1
ماغي,1
الممثّلة,1
وقّعتها,1
افتتاحيّة,1
"حيطة""",1
ضل,1
"""أميرة:",1
ورحمة,1
المفتي,1
"باكو""",1
"""80",1
جلال،,1
"""جودر",1
انتصارًا,1
منحته,1
الأثرية.,1
كذهب,1
وباعته,1
سيسيليا،,1
ماجويرك،,1
الإمراض,1
23:00,1
والساعة,1
13:30,1
كورسك،,1
المفترض.,1
العدوة،,1
للفرد”،,1
“ندين,1
تضامنه,1
موسابيلي,1
راسم,1
ممتلكاتهم.,1
يُبلِغ,1
صبري.,1
ياسمين,1
سحيقتين.,1
لتحدّ,1
مكترثٍ,1
بكوريا,1
باهتمامه,1
التحق,1
"بان"".",1
"الطويلة""دويتشه",1
وضعتا,1
الليرة,1
أبعاد.,1
والنار،,1
"""لونا-25""،",1
ليتوقع,1
فاونديشن,1
ماسترد,1
سريري,1
مصباح,1
رسمتُها,1
فساد،,1
لشبهات,1
مشروعٍ,1
تمنيات,1
تلاقي,1
إفساد,1
للتزايد,1
للتحوط،,1
فشيئاً.,1
للمصداقية,1
فاقداً,1
انساناً,1
والتبرير,1
الوقايةِ,1
لِجهودِ,1
مِقدارَ,1
والمَلاريا,1
والسَّلِّ,1
العالميُّ,1
الصُّندوقُ,1
"الإطار"".",1
"""ها"":",1
وكييف,1
رفيعي,1
رؤساؤها,1
سترسل,1
خفَّضَ,1
خاطئة!,1
سراحها.,1
تحكمًا,1
وكفاءته,1
وتصميمه,1
"""بفضل",1
صُمِّمت,1
سنديكيت,1
بروجيكت,1
ومشغلة,1
"""سوماير""،",1
أممت,1
"والظهر"".",1
للرقبة,1
صحياً,1
"""البقاء",1
مردفة,1
سنوغرادس،,1
أولكين،,1
الهونغ,1
فستندهش,1
بعينيك,1
حدقت,1
"الجيوسياسي"".",1
"""تعظيم",1
"العالم""،",1
"""لنشر",1
لصناعتها,1
بلدتين,1
المرسم؟,1
وأمًّا,1
بصفتك,1
"الإنسان"".",1
بالوجه,1
متعادلة,1
وجادلت,1
"""يونهاب"".",1
جونغ-وو،,1
"آسيا""",1
"""عاصمة",1
فينك,1
فيراز,1
باريداو،,1
الحثيث,1
مثمناً,1
ضدي.,1
سيتيو,1
تشرع،,1
“الصحافة,1
بالخاش,1
أبيه,1
الوالي,1
تحذيرياً,1
الرفيع،,1
البتراء»,1
«الخطبة,1
الجورجي,1
والأناقة...,1
الرقي,1
نجاحه،,1
"المايسترو""",1
الحرفيّة,1
أرماني,1
بشغف,1
العيش.,1
وعطل,1
النزوع,1
مهمتهم,1
مهنى,1
والفنون.,1
المبدعة,1
بالكوادر,1
"للفنون""",1
المكتمل,1
الدنمركي,1
لمطور,1
حكما,1
قاض,1
9.4,1
خطبته,1
والمشرق،,1
لأهل,1
مدرسية.,1
بمرشدة,1
المسائى،,1
والرياضية,1
البُنى,1
تهافت,1
طردية,1
أثيرها.,1
قادتها.,1
بتحييد,1
هزمت,1
وتحويلهم,1
أقتُرح,1
الضمانات،,1
ولفائدة,1
يُترجم,1
موسلمان:,1
التنميط,1
ويُحلّلن,1
الأسري،,1
ويُطلقن,1
مواقعًا,1
البرمجة،,1
مُدّربات,1
تُنشأ,1
7.4,1
ماسّة,1
دوفورك:,1
ومفاوض,1
ويتحداها,1
الأسطل,1
ربح.,1
وبصفتنا,1
التعجل،,1
بإيجاز,1
سأتناولها,1
أقوله،,1
"إنديا"".",1
اوف,1
الأذى،,1
ونصائح,1
قراءتها,1
تسهّل,1
ومعدّلة,1
موجزة,1
لموظفيها,1
وإذن,1
وقول,1
"والجرمق""،",1
كفررمان,1
الميدنة,1
مستهدفا,1
غارات،,1
"""الطيران",1
جيانغشي،,1
الكارثي”؟,1
و”الملعب,1
“العرش”,1
رواياتك,1
استرشاد,1
"اجتماع"".",1
نتسرع,1
مركزياً،,1
بنكاً,1
"""7.59",1
53.96,1
كومي.,1
سياسيين،,1
خصومًا,1
للانتقام,1
دويا,1
المغيرة,1
"""الطائرات",1
رائعاً,1
مقدما,1
ضدنا.,1
ارتُكبت,1
نجازف,1
تفكير,1
العراقعبر,1
تخشوا,1
تاجر،,1
جيناته،,1
يعشق,1
الكوادر،,1
الرأسمالية.,1
كستار,1
الاشتاباكات,1
التضامني،,1
الـ28,1
هدفاً،,1
منازع,1
وشمولية،,1
ببصيرة,1
للرسائل,1
يناير-يوليو,1
التشييد,1
بمواقف,1
الصوماليين,1
صيادي,1
مُجمِّد,1
لأنصار,1
الإدانات,1
عرضًا.,1
(25,1
7.76,1
طولًا,1
3.49,1
واحترافية,1
راعياً,1
الحكيمة,1
وانظروا,1
اللّاحقة…,1
الملحمة,1
“استمرّت,1
توضّح:,1
بإسرائيل.,1
ثوابته,1
وإزاء,1
ومصالح,1
للتوافق,1
بقواه,1
مستمرا،,1
زخما,1
محطته,1
وقوى,1
تأملية,1
شعارات؛,1
ورقي.,1
المحلى,1
هروبه,1
"المعطلة"".",1
والحماية:,1
الاستعادة,1
فنها,1
الهند.”,1
متشابهة،,1
وديزيريه,1
5-0,1
جانلويجي,1
وفيتينيا,1
منديش,1
والبرتغاليون,1
كفاراتسخيليا,1
سكوب,1
شرائحه,1
وبهدوء,1
البررة,1
للملك,1
الحكمية,1
العلمية),1
(الثقافية,1
تستنزف,1
وثروات,1
بالحروب,1
بالزيارة.,1
والسير,1
تطرف,1
لديسكورد,1
كومر,1
أمرهم،,1
حيرةٍ,1
عشرة.,1
د.،,1
عايدة,1
مُحطّم،,1
مستقبلٌ,1
الإحصاءات،,1
كئيبةً.,1
وتارةً,1
مبهجةً,1
تارةً,1
البطاريات.,1
الجنوبيةبسبب,1
وتعطلت,1
مسدسات,1
المعزز.قال,1
و2-6,1
3-9,1
متخلفا,1
بنسختها,1
لَيّفر,1
المسؤولان,1
تنسيقه,1
مقاولون,1
ويحرسه,1
أمريكيون،,1
اكتساحه,1
إحرازه,1
فعَّالاً،,1
المهدورة،,1
ميغاواط/ساعة,1
والانتقام,1
فالمسلسلات,1
للنجوم،,1
سبقها,1
زيجة,1
وساحة,1
المكتب،,1
تقاضي,1
جيمس،,1
ليتيسيا,1
يُحاصر,1
برونزيتين.,1
الفضيات،,1
ومثلها,1
والمدعية,1
بمسؤولين,1
يتحملها,1
مسار،,1
"""مسار""عن",1
لمشروعوجهة,1
“الهندية”,1
الهندي”,1
بجنسيتها.,1
بشتون:,1
الكاتب),1
(تصوير:,1
الأحد)،,1
"(12,00",1
1817،,1
تؤرخ,1
الحساس,1
الأدبي.,1
كرتون,1
صنعنا,1
1985.,1
للكرتون,1
عائلية,1
أنطون,1
بدؤوا,1
"""موندويس""",1
تحسيناتٍ,1
143.27,1
لياو،,1
غوتبورغ,1
(8)،,1
المُستدام,1
كبيرةً,1
المشتري.,1
2022-2023,1
ويتطورن.,1
ويتحولن،,1
يحمين،,1
هجينات,1
حارسات,1
صنعي،,1
أساطير,1
شخصياتي,1
74/247،,1
أتلانتا,1
هارتسفيلد-جاكسون,1
"تقريبًا"".",1
ولأي,1
للمطاعم,1
فنوفرها,1
٢٠٠٠,1
كنسخة,1
تنقيحه,1
الراستافاري,1
الخوف:,1
والكتيب,1
للمعلمين,1
المقياسية,1
الجاميكية,1
الكاريبية،,1
انصب,1
ستواصلبرنامجها,1
أدميرا,1
"صحيح""،",1
أقم,1
الألقاب،,1
ومثقفون,1
روستافيلي.,1
بوليمة,1
بالسنة,1
التحليق.,1
فالصواريخ,1
للمسيرات,1
أطيافهم,1
الشتات”.,1
“حديث,1
الطرقات،,1
أخبرتنا,1
“لكنها,1
"""وولمارت""",1
الحفيد,1
متضمنًا,1
"""الانتصارات",1
يعدد,1
أسبابا,1
رافضة,1
يصدق،,1
"حب""",1
"""رحلة",1
لقاؤهما,1
رحلتها.,1
بشريك,1
يوثق,1
ومقطع,1
الراحل،,1
كموقف,1
وأعجب,1
بارزون،,1
وتعريض,1
قاس.,1
مختلفة”.,1
خُطَّة,1
لزعزعة,1
الخاصّة،,1
الصّناعية,1
أقماره,1
الهجمة،,1
اللّحظة,1
إلى:,1
كريفوكابيتش,1
الخليل.,1
إكثار,1
بتجريف,1
"ومؤيديهما"".",1
يسخن,1
وديرمر,1
ونحذر,1
بإفشال,1
قولهم:,1
عارفة,1
اشترطتْ,1
تفاوض,1
لإجهاض,1
تفاديها,1
الماضيتين,1
•لوكاس,1
تعاملات،,1
و48.20,1
لأرسم,1
بيراميدز.,1
أ,1
"الإنسانية"".",1
"""حرروا",1
للمحتجين,1
لبيترو,1
أمانًا،,1
مقلي,1
كيمتشي,1
بجانبه،,1
الحديدي,1
يخدمون,1
مجتمعتين.,1
العالميتين,1
الحربين,1
تقتلهم,1
اللوح,1
أثرياء،,1
تؤطر,1
لمنزلهم,1
اختياري.,1
فوريست،,1
نونو،,1
يخلفه,1
لترينيداد,1
شكٍّ,1
أيٌّ,1
تُبدِ,1
3.746,1
4.187,1
11.77%,1
كيشرون,1
قران,1
منحني,1
"الإسرائيلي"".",1
منيعاً,1
خندقاً,1
وقوي،,1
جغرافياً،,1
"""لبنان",1
مهن,1
لأطلب,1
أعمالي،,1
المصريةبنسبة,1
صادراتالصناعات,1
يتحملها.,1
مستبعدًا،,1
بانتخابات,1
الإماراتيين.,1
تحتاجه،,1
بجواره,1
ميسي،,1
"""442"":",1
يتألق,1
سيشغل,1
"الممارسة"".",1
كصحافيين,1
لصنّاع,1
الصفة,1
تأطير.,1
"إس""،",1
متابعاً,1
بالعرق،,1
جديدين.,1
وهدفًا,1
النانو,1
المحفور,1
الانعكاس,1
وللإنصاف،,1
سيطرتهم,1
للحوثيين،,1
وترد,1
نحوها.,1
ويستهدفون,1
إسرائيلبصواريخ,1
ويهاجم,1
للأمازيغية،,1
التهم.,1
استُهدف,1
الديار.,1
يلهمني,1
السؤالين،,1
المقياس.,1
2.14,1
الملخصات،,1
"""جاذبية""",1
"(""بالتأكيد"").",1
"إطلاقًا"")",1
"(""لا،",1
2.26,1
الملخص,1
الملخصات,1
مُتحيزة,1
الكمّي,1
العالية).,1
الطرز,1
(بالإضافة,1
ممكناً,1
"الأخرى"".",1
(عمودي/أفقي)،,1
424.9,1
"ونيويورك"".",1
بالمواهب,1
"العملية"".",1
احتفاظهم,1
"""قدرات",1
"بإسرائيل"".",1
ويلحقه,1
مبعوثها,1
مؤقتًا.,1
"""1"".",1
المُقيِّم,1
"""5""",1
بعد!,1
معامل,1
الأخطار،,1
زحمة,1
للدول.,1
والطبابة،,1
قارنوها,1
نموذجهم،,1
لقائنا,1
ناولتني,1
لقائنا،,1
خدمات،,1
إسداء,1
شرعيون.,1
"المتجنسين""",1
"""اللاعبين",1
قدرتها،,1
المسؤول؛,1
باستقطاع,1
تسفييتكوفيتش.,1
لزدرافكو,1
بزينيتشا.”,1
“وهذا,1
جاد،”,1
إجباري,1
ومسابقات,1
“تعتبر,1
السباحة.,1
إجادتهن,1
إنقاذها،,1
بغسل,1
و45,1
لتمهيدِ,1
داعمةً,1
سياساتٍ,1
حُكوماتُ,1
أسيرًا,1
المقترض،,1
لعشرين,1
أقساطها,1
والأدهى,1
وحاجاتها,1
دخلها,1
بمحاربة,1
روفرمن,1
السياراتجاكوار,1
اكتفوا,1
واضعو,1
اسطنبول،,1
سينجح،,1
الأفواج,1
لمصيرهم،,1
متروكين,1
الطلاء.,1
غذّى,1
والسفرُ,1
الفسيفساء،,1
تعلُّمُ,1
مساهَمةً,1
فيروسيًا,1
حملًا,1
هيكلية.,1
والمخللات,1
الطريقِ,1
وأيضا،,1
ووفاة,1
استاء,1
الصرف.,1
مرهون,1
التموينية.,1
عراقي,1
القنبلة.,1
خشيت,1
سأخشى,1
2-,1
وبالفواتير,1
وتُواصل,1
وبشري.,1
جالياتها,1
بإهانة,1
مزدوجة:,1
المبين,1
يفشلوا,1
وسيطة،,1
والكنيسة.,1
علماني,1
تنتبه.,1
يديها,1
بيدها,1
وتمسك,1
إشغال،,1
اكتمل,1
أرضٍ,1
والإنقاذ،,1
لأبسط,1
للمحيط,1
والجوع,1
العطش,1
يخلطون,1
وترفيهية.,1
170.8,1
بالمصادر,1
للذاكرة,1
محايدة؛,1
أرادت.,1
وسحرها,1
"أدنيك"".",1
"لـ""مدن",1
17.45%,1
83%,1
و(2),1
شراكة،,1
للنواحي,1
وطاه,1
لقدراته،,1
784,1
الكاتالوني،,1
عضلية,1
احتفالًا،,1
البدني.,1
ويحد,1
محدودًا،,1
9.8%,1
1.7,1
مسددة,1
الحوثيون.,1
طعامًا,1
فيتناولون,1
صعبين,1
إنبي,1
للتعادل,1
"السريع""،",1
"الأولى""",1
"""المرحلة",1
الراغبة,1
لمدينةالرياضبالشراكة,1
وتعهدات,1
والمُعفى,1
تعززت,1
"كفاية""،",1
"""مافيش",1
أتعامل,1
نظرتي,1
بداياتي.,1
ترويها.,1
حساسيتك,1
وتجاربك,1
وأسفارك،,1
طفولتك،,1
بالنجوم.,1
المدججة,1
نسبية,1
رشحت,1
وحرس,1
ميتسوي,1
"""بيركشاير""",1
1847.,1
روبو,1
لفرانز,1
سيراميكا,1
موئلاً,1
والإذاعات،,1
والمجلات,1
ومنافسيها،,1
والبعث,1
الناصرية,1
لوحدهنّ.,1
ومضللة.,1
عالميًا-,1
لمأساة,1
بوضعِ,1
بجلاءٍ,1
قَدَّمَ,1
"سبتمبر""،",1
أتعرف,1
":""لم",1
لغاتهم،,1
أنهارهم،,1
إرجائها.,1
تُحجَب,1
فالعدالة,1
تؤخذ,1
المساءلة:,1
يُضعِف,1
بنثر,1
"والكتفين""،",1
والاستقامة,1
وضوحاً،,1
"""أما",1
سينان:,1
المتصارعة.,1
وتنافر,1
فرصة.,1
10:11,1
3784.01,1
وجنوبيّ,1
بإبادة,1
والقبليّة,1
نطهّر,1
تعافينا,1
وتوكويتو.,1
أسرنا,1
القوزاق”,1
القوقازية,1
“معركة,1
تفكيكها,1
والرغبة,1
بالموروثات,1
مؤخراً؟,1
والدينية،,1
مسمى!,1
جوهري،,1
نناقشه,1
لنترك,1
"""توماهوك""..",1
"""سنطبق",1
اللامساواة,1
يردّ,1
وتتكرّر,1
بلدنا.”,1
بتطهير,1
أعداءهم،,1
للعلاج،,1
مزمن,1
تُصدرها,1
إمّا,1
بالأحمال,1
ومراكش.,1
والرباط,1
مدن،,1
خبرتهم,1
"""سيمي""",1
شاحنتها,1
"""فولفو""",1
النقيض،,1
مصابين.,1
المشخصة،,1
وتشخيص,1
سعودية.,1
ومستشفيات,1
المُحمّلة,1
المُفخّخة,1
المجنزرات,1
الأربعة.,1
بدروها،,1
الأسري.,1
ضارة،,1
تدفئة,1
فرن،,1
مطبخهن,1
مقيدة.,1
خيمهم،,1
سيختفي,1
والصّمت،,1
تُساق,1
لبشاعة,1
شاهداً,1
مجالاته،,1
بالإبداع,1
وتحتفي,1
لطاقات,1
بالماضي،,1
"النقدي.""",1
حذرين,1
الحيادي،,1
وبصورة,1
كولومبوس.,1
شنقاً،,1
بتوصية,1
كليفلاند,1
المتفجّرات,1
بأطنان,1
ترافقها,1
للتشدد,1
فالانتقادات,1
وأسرى,1
رطل.,1
موازن,1
الذارع,1
لمبادئ,1
صادقاً,1
مانجمنت.,1
"و30,000",1
مجتمعة،,1
هورويتز،,1
أندريسن,1
مناقشتها،,1
وتقدمها,1
مغامرة،,1
مِنّا,1
الفطرة,1
وكنا,1
والبر..,1
اكتب,1
والفقير،,1
لنعبر,1
بالكتابة,1
نؤمر,1
نكون،,1
ودفتر,1
المبدع،,1
لنميز,1
كتلامذة،,1
تُقيّد,1
ساوادا،,1
ماكي,1
22.4,1
ومجالها,1
موانئها,1
لِلعامَّةِ.,1
مُتاحٍ,1
فنِّيٍّ,1
الشركةُ,1
تُقدِّمِ,1
الصيد،,1
محسومة.,1
خدمةِ,1
درجة.,1
للمعلم,1
ومنّا,1
تتنصل,1
متخصصين،,1
لبلوسكي،,1
إشكاليةً,1
المهل,1
وإخلاء,1
القائم،,1
منيمنة،,1
للأسهم.,1
المناطقِ،,1
المتاحةِ,1
وتطبيقُ,1
تَخَوُّفًا,1
رياحًا,1
"""نومورا""،",1
الخبيرة,1
فكانا,1
الآخران،,1
القتيلان,1
"الخرطوم""",1
"""اكتمال",1
(2025),1
حذرا،,1
هدوءاً,1
الديموغرافية،,1
والمؤامرة,1
المسلمين”,1
الأصوات”.,1
“لحماية,1
الشرعيين”,1
“البنغاليين,1
حق.,1
لتشريح,1
مشرحة,1
هارمانلار.,1
"علو""",1
فجراً,1
01:28,1
بلاغاً,1
أستراليا.,1
857.5,1
1.89,1
معدنية،,1
فلترة,1
قشة,1
و49,1
يبلغان,1
رجلين,1
"قائلة:""",1
إمداداتها,1
"المدرسة"".",1
وخرجن,1
استلمن,1
"""الطالبات",1
عادي:,1
"الشارع؟""،",1
ليخرجن,1
عليهن،,1
وائتمنوا,1
أوصلوهن,1
أمورهن,1
"""أولياء",1
واستنكر,1
واندهش,1
محليا,1
شكوكي.,1
تأكدت,1
قبلي,1
وأتبعت:,1
"منشوراتي"".",1
وعمره,1
مراسلتي,1
الكثيرون،,1
عصور،,1
ومرّ,1
ومحبوبة,1
منخرطون,1
الأوروغواي،,1
مبكراً،,1
قصتي,1
الإعدام.,1
سيسعون,1
"سياسي""،",1
"""اغتيال",1
والإلحاح.,1
أقدام)،,1
(3.2,1
ميلًا/ساعة)،,1
إنسانيتهن،,1
وتجريدهن,1
وفتيات,1
إهانة,1
(83,1
"""إكس"".",1
بتطبيقثريدز،,1
ودوليا،,1
كسنجر,1
استُحضر,1
مخفّض,1
القوة”،,1
و”استخدام,1
النفس”،,1
و”الدفاع,1
الوشيك”،,1
“التهديد,1
كأسلحة,1
اُسْتُخدِم,1
الاستيقاظ.,1
الدستورية.,1
المتطرف،,1
وجديرة,1
رابطًا,1
تحيزه,1
وثولاجي.,1
إيمجا,1
رولبا,1
والخطر,1
أعدتها,1
المأمول,1
بتطورات,1
"""بلدي""،",1
والبلاغات,1
مستندةً,1
ومبادراتها,1
متماسكة،,1
"""الانجراف""!",1
"تحقيقه""",1
الإيكونوميست,1
لأية,1
"""كيمانول""",1
بحواجز,1
المزارعون,1
2024؛,1
متبخرًا,1
هاربة,1
بالانحياز,1
بالتشريعات،,1
2024-2028،,1
20.57,1
قرنفل,1
حبات,1
يتم،,1
التحضيريتميز,1
لتقدير,1
تكتيك،,1
تورخام.,1
لحام,1
سفيان،,1
يلين.,1
منطقياً,1
بغيرها,1
روبل.,1
الخصوص.,1
الإنمائية,1
والتقييم,1
ووعي,1
حكاياته,1
يأتِ.,1
أجسادهم،,1
للأنظمة،,1
صنادل,1
نهرهم,1
طوفًا،,1
"""ميليشيات",1
بالهجمات،,1
"""صُدم""",1
والموحدة,1
41.5,1
تحتية.,1
سياحي,1
إسكان,1
"السياحية""",1
سومة,1
المقاولات,1
49%،,1
"المفاوضات"".",1
الإطراء,1
جميلتان,1
الجديد؟,1
تعتزمان,1
الجنوبيةوالولايات,1
أنكوريا,1
جانبا،,1
إدانة،,1
حلّها,1
"قيمة"".",1
يُكافحون,1
للأصول،,1
يُجرون,1
ساويرس:,1
طقسية,1
مذابح,1
بورديو،,1
بيار,1
دلوز,1
لفلاسفةٍ,1
السعادة.,1
جسده,1
يركض،,1
ستنشئ,1
شهير,1
زرت,1
البالغين.,1
٣٥٪,1
٤٠٪,1
المواليد-,1
٤١٪,1
٢٠٥٠,1
00:00,1
"كيلومتراً"".",1
بالنجف,1
المولدوفية،,1
تليغرام,1
"""الرقابة""",1
لتطلب,1
يسمه،,1
وسيطًا،,1
بالذهول.,1
سيصابون,1
إذاً؟!,1
سيقولون,1
عساهم,1
تتفجّر,1
انشغلوا,1
لنجاة,1
تتكشّف,1
بصمت،,1
تُسجَّل,1
"18,83",1
"1,4",1
ماتارو،,1
روكافوندا،,1
تُفضل,1
قائلةً,1
رفضت،,1
منزل،,1
البريطانية:,1
بحرا,1
طرفا,1
وإيران،,1
نان,1
قوميون,1
مؤثرون,1
لارتكابه,1
عام)،,1
توفازال,1
مسلمًا،,1
التوثيق.,1
"الإبداعية""،",1
الكسر،,1
للانحناء,1
إحراق,1
سامة،,1
ابتلعوا,1
علو,1
قفزوا,1
مرّ,1
صيت,1
ذاع,1
86%،,1
ابني،,1
مسابقاتهم.,1
الاسماء,1
قارع,1
اذ,1
والقطري,1
نالت,1
سلوى,1
ليقترب,1
استقرتأسعار,1
فيقومون,1
وتجاهلهم,1
جمعنا,1
مؤسِّسنا,1
لنستذكر,1
بار,1
يعينه,1
مجيدٍ,1
صنديد,1
مليك,1
يقودنا,1
انقضى,1
ودهر,1
والبرازيل.,1
شتّى،,1
المفضي,1
النهجُ,1
ولقي,1
وقَّعت,1
البرازيل؟,1
صاغت,1
والامتثال.,1
للاتفاقية،,1
المانح,1
ثاني،,1
"""كلية",1
حقوقًا,1
ويمنحها,1
والمباريات.,1
68.45,1
وأسمى,1
النيات,1
بأخلص,1
لنواجه,1
أبناءها,1
وتأهيلها،,1
العقول،,1
يُتصور،,1
وأعباء,1
الاقتصادات،,1
فالمواهب,1
كشفا,1
إداري,1
المواهب»,1
«حرب,1
ووصولًا,1
النقاء،,1
ميسير,1
للطاقةاتفاقية,1
شركةقطر,1
لصالحهما،,1
يشعران,1
"70%"".",1
ملحوظة.,1
للشحن،,1
"""السيارة",1
والمجمعات,1
تفاصيلها,1
للمواهب,1
والتطبيقي،,1
النظري,1
25.,1
14،,1
نورماند,1
تجارياً،,1
أبطأ،,1
قيدها,1
تُحَوَّل,1
فلسطينيون,1
نحملها:,1
يعلو,1
تسمية،,1
“طفل,1
سميتها,1
وحتمي.,1
نكهاته,1
البرازيلي؟”,1
يهدر,1
والفقد,1
توعيتها,1
المهدر,1
رحمة،,1
للثاني)،,1
للأول,1
فازا,1
النجمين,1
السرعة،,1
والأتمتة,1
زومه،,1
والشرطة.,1
والتلفزيون.,1
يستقي,1
"المثبتة""،",1
بالباني,1
تستمتع,1
الحملة،,1
"المدنية""",1
"""تسخير",1
“المخاوف,1
بالرسم.,1
خاملة,1
الكانتونية،,1
حَدِّ,1
"للإرهاب""",1
خارجيته,1
يُفهَم,1
تصلبًا,1
ظلَّ,1
"""وما",1
الفرص.,1
يُمنحن,1
استرجعت,1
قائل:,1
التناوب,1
رافعين,1
طرابلس،,1
الحاجة،,1
الإيجاراتالسكنية,1
تجميدأسعار,1
تنظيمات,1
أقرّت,1
بجد,1
الأخضرمن,1
استيرادالهيدروجين,1
كمحاميين,1
مزاري-حاضر,1
جيدا.,1
هدفيه,1
العمر…”.,1
بالغون,1
اضطلع,1
وعقلية,1
والحيوية؛,1
إيفرست؛,1
والإرشاد,1
رحلة:,1
ومطالبين,1
"ليبيا""،",1
هويّة,1
"لليبيين""",1
"و""ليبيا",1
"ليبيا""",1
"للاجئين""",1
"""ليبيا",1
بالتواجد,1
منددة,1
نؤذيهم،,1
قاحلة,1
ومُصوَّرة,1
إحباطه,1
نوناري,1
شفقت,1
بالي.,1
يُمنح.,1
يُكتسب,1
مشددة.,1
دلهي،,1
الستينيات.,1
ومديرًا,1
مقرّبًا,1
سليم)،,1
بأبو,1
وقلّتها،,1
واختفاء,1
تهدأ،,1
وتواصلية,1
ومكتبة,1
الحديقة،,1
يُطل,1
ومطعم,1
طازج,1
فاكهة,1
الأفضل:,1
العمق،,1
وجوليانو،,1
جوليان،,1
نيكو،,1
مرتدة,1
حالة،,1
1277,1
و1908.,1
1904,1
هيريرو,1
مستدلةً,1
ومعاقبتها,1
بختونخوا.,1
وخيبر,1
مقاطعاتي,1
الكبيرة:,1
متحدثا,1
حصلنا,1
لأناس,1
قاسٍ،,1
وطقس,1
المضطهد,1
دافعت,1
وسنُدمر,1
يحذّر:,1
يعوض.,1
تصفق,1
استبدلته,1
لبوسكيتس،,1
رأيتها,1
التصفيقات,1
ناضلت,1
التداعياتِ,1
التعاملِ,1
راغبة,1
1649,1
1887,1
وفَضائِحُ,1
العمَّالِ,1
انتهاكاتُ,1
خيَّمَتْ,1
المبادئ.,1
الكافية،,1
المؤن,1
والسيارات.,1
ساعة؛,1
للصدمة,1
الإحاطات,1
تحريات,1
الحكومي”،,1
“بروتوكول,1
والمعنونة,1
صفحةً،,1
أدَّتِ,1
إذْ,1
القديمةُ؛,1
العيشِ,1
سُبُلُ,1
استُبدِلَتْ,1
المُحيطةِ،,1
القُرى,1
المُجمَّعِ،,1
العملِ,1
المتوفين,1
والوزارة,1
تقليص،,1
"""البطاقة",1
والإسماعيلي.,1
سلامةِ,1
التّحرير:,1
أجبرها,1
الهندسة،,1
فاقمت,1
وسفن,1
ويعطل,1
ويحرض,1
وينتقد,1
الأجزاء,1
التعدينِ.,1
ثان,1
"مستحيل"".",1
التحوُّلِ,1
الشبابِ,1
وإجبارِ,1
المُلوَّثةُ,1
лимитиран,1
сега,1
заклучен…,1
печат,1
слободен,1
профил,1
главниот,1
"години,",1
овие,1
"""الاتفاق",1
"الجوية""،",1
"""أخيرا،",1
فطرت،,1
فصيح,1
сите,1
првпат,1
над,1
пријателства,1
за,1
понудите,1
а,1
"„стори“,",1
споделуваат,1
може,1
објави,1
нашите,1
па,1
"следат,",1
кои,1
луѓето,1
до,1
опсег,1
вратата.,1
затворивме,1
им,1
односно,1
"„миниран“,",1
"заврши,",1
напад,1
ботскиот,1
затоа,1
"профили,",1
сомнителни,1
طرحا,1
موسمية.,1
مبرّرة,1
од,1
понуди,1
مساواة.,1
وشروط,1
وتمويل,1
بالنهج,1
شركةأوبرتسعى,1
فيسبوك.,1
أدناه):,1
(الترجمة,1
وايلداف,1
بأستراليا.,1
بريزبان,1
بالتغيير,1
ويتحوّل,1
ليجتاح,1
ووسم,1
لوجودهن,1
لذي,1
البقاليات,1
يصعقنا,1
بقدوم,1
اتضح,1
الصارم،,1
“دونكيرك”,1
وزرائنا,1
كحديث,1
استعدادهم،,1
للعاصفة,1
“المخروطية”,1
للغيوم,1
والمسار,1
والشكوك,1
انتوني,1
دروعا,1
"الحقيقة"".",1
يصبحن,1
وسترته,1
والشعائر.,1
ومنبعًا,1
محوريًا،,1
والروحية,1
لعالمها,1
الصغرى،,1
لأختها,1
وشخصيات,1
تخترع,1
وكطفلة،,1
الرفوف.,1
أرغفة,1
المتزايدة،,1
بالعميق,1
جنسون,1
وسلوكيات,1
ويُوضّح,1
77.35%,1
مديونيتهما,1
الأكبرين،,1
دائنَيْها,1
الماراثون,1
ميلادهن,1
وردّت,1
"هي""",1
تتلقفها,1
لحربها,1
وكأدوات,1
وهبي:,1
أُخذت,1
سنه،,1
مستهدفًا,1
71.67%،,1
الـ90,1
وصُنفت,1
موظف،,1
7.86,1
وتتوالى,1
حرب.,1
"""التجويع""",1
"جماعية""",1
متبادلة،,1
محفوفًا,1
بقاؤها,1
عنها:,1
زهرة,1
"بالإسرائيليين"".",1
"""تفكيك",1
"الخطيرة"".",1
وتفشل,1
"""مرشحات",1
عالميّة.,1
تقليديّة،,1
قائمةً,1
يُحدّد,1
ووُجّهت,1
والعقبات,1
مستوية,1
صقلها,1
مهارته,1
بالتصنيع،,1
المجوهرات،,1
التحوط,1
525,1
وبابل,1
البلال,1
"""توتال",1
كإشارات,1
المتجسدة,1
الفحص.,1
المشرحة,1
متحللة,1
انتشالها,1
صباها.,1
جيرانّها,1
لأمي,1
مُنشئي,1
فهمها،,1
والمتميز,1
العربية؛,1
تاريخي.,1
متعارضتين:,1
لروايتين,1
الأرجال.,1
بالسماد,1
تسخينه,1
الهندوسية.,1
شاي”,1
“روابط,1
بالمؤتمر,1
موقد,1
يوضع,1
خِلالَ,1
المُعلَنةِ,1
الدَّاخليِّ”,1
المُسلَّحِ,1
النِّزاعِ,1
“حالةِ,1
خِضَمِّ,1
"""638",1
545,1
الأوروبيةإن,1
قالتالمفوضية,1
عاشتها,1
بالنهائي,1
أرنو:,1
لجمهورهم.,1
لخلفيات,1
غواياكيل،,1
جنوبيَّ,1
حيِّ,1
مرَّةٍ,1
لآخرِ,1
شُوهِدُوا,1
إكوادوريينَ،,1
أفارقةٍ,1
شبَّانٍ,1
أربعةُ,1
احتُجِزَ,1
نوبوا،,1
انتخابُهُ,1
المُعادِ,1
للرئيسِ,1
الولايةِ,1
الإسراع,1
مبالغًا,1
تسعيرًا,1
مغالاة,1
المتواجدة.,1
صفوفه،,1
صحيح”.,1
والصغار,1
القضيّة،,1
أولويّة,1
للتّطبيق,1
أنّه،,1
يدّعي,1
المُسلَّحةِ.,1
للقوَّاتِ,1
دوريَّةٍ,1
والذباب,1
توقظك,1
أُسْرنا,1
رسائلنا,1
ينقلوا,1
ليبيا.,1
يشترونها,1
بتصديرها,1
والهدايا,1
باصطحاب,1
للكتب.,1
المجلدة,1
الترسانات,1
الترسانات.,1
الأضعف,1
غامر,1
السويدي،,1
وإس,1
البلجيكي،,1
وكايسا,1
الهولندي،,1
وآي,1
وبانكا,1
كريديت,1
ويوني,1
ديكا,1
بالطاقة.,1
ويرأس,1
الوزيرين,1
وينسجم,1
سيول),1
وجهك.,1
يُفعّل,1
وراحة،,1
خفة,1
يسترخي،,1
المؤلمة.,1
يُريح,1
متقاربة.,1
57.7%,1
(إلى,1
فزت,1
الأولمبياد،,1
"العائلة""،",1
وأيد,1
رايفايزن,1
الدنماركي،,1
ودانسكه,1
بذلكَ؟,1
يُصرِّحُ,1
دينيٍ,1
نصٍ,1
فأيُّ,1
كذلكَ،,1
وحرمانهن,1
يولدها,1
يتخذوا,1
ماكين،,1
ثورنتون،,1
للورا,1
رفاهيتهم,1
بالنار.,1
راحةً,1
يُضفي,1
أميركي.وقال,1
كابريليس،,1
"""وزارة",1
9.6,1
"""خدعة"".",1
دبلوماسيبشأن,1
فيحل,1
"""إنتركونتينينتال""",1
بفرقة,1
الكازاخيون,1
توماش،,1
الفسيولوجية,1
رمل،,1
حبة,1
آلةواحدة,1
والتوجيه,1
"""يزعجها""",1
فعلتها,1
الخادمة,1
فيلمي,1
مستثمرين،,1
(الثانية),1
والفقرة,1
(49),1
الفقرة,1
بمخالفة,1
بإدانة,1
"السلطة"".",1
"و""يعزز",1
"سياسيا""،",1
للرئاسة,1
كابريليس,1
وبوكارا,1
الوديان.,1
"التسليم"".",1
0%،,1
بمقدمات,1
الإصرار.,1
تصرفاتها،,1
ليؤكد,1
وأحيلت,1
كسياسة,1
"المشفرة.""",1
وظيفتي,1
وتقدمهم,1
للطرائد,1
ممارسي,1
لمطاردة,1
استيائهم،,1
يُشملون,1
مختارة.,1
صُمِّمت,1
منطقة.,1
دونباس،,1
جذوري؛,1
مثلا,1
العمد.,1
"""إيرباص""",1
ستقف,1
وباريس،,1
جانيرو,1
"2024""،",1
كغيرها,1
ولاليتبور.,1
وتَأمَلُ,1
والنهرية،,1
والتسونامي،,1
والزلازل،,1
وتسعون,1
الستون,1
تتوارى,1
فتُختزل,1
بالعقل،,1
وبالعاطفة,1
بالوعي،,1
بالانفعال,1
يُقاد,1
(말벌동지),1
الدبور”,1
بـ”رفيق,1
روكسان,1
حُذفت,1
فيلكر,1
جريتشن,1
لمادورو.,1
القسري”,1
“الغياب,1
نائبته,1
وعينت,1
“اختطاف”,1
ويزود,1
“الحاوّز”،,1
سينخفضُ.,1
الحالاتِ,1
المزيدِ,1
اكتشافِ,1
28.6%.,1
221,1
49.9%،,1
386,1
والأمتعة,1
إيروسبيس،,1
وسيطر,1
"تمامًا"".",1
"و""مخزٍ",1
نتدخل,1
"""بلومبرغ"":",1
تليفزيون,1
راند,1
ويرزيكا،,1
"و""سخيف""",1
"مقبول""",1
أُهدَّد,1
بالمبلغ,1
باماكو)،,1
(مدينة,1
للتسوّل,1
يرسلني,1
للأمونيا,1
والميثانول,1
والنيتروجين,1
ريادية,1
ناصف,1
مقاولات,1
رسّخت,1
1950,1
"والصناعة""",1
للإنشاء,1
القبطان,1
"""أفاد",1
"عدن""،",1
كيلومترا),1
بحرياً,1
"""بلاغاً",1
"أو""",1
المواجهة.,1
ومتوازن,1
مستعدّة,1
"بالحب"".",1
حالاتي,1
وجهي,1
وألعب,1
وأستيقظ,1
أُضرَب.,1
مقديشو.,1
نويم.,1
قوات،,1
ديمقراطية،,1
بسلوك,1
أخبرتهم,1
أخبرتني,1
"بنك""",1
"""ويو",1
"السفينة"".",1
وتناثر,1
سيجنيا،,1
المياهوالهيدروجين,1
فيمجالي,1
متعاقد,1
بسماع,1
وأكده,1
بسلامة,1
1280,1
ومحروقة,1
مزجج،,1
بورسلين,1
قلب،,1
نبضة,1
خلية،,1
فرشاة،,1
مزور،,1
الهولندية.,1
ويتدربن,1
قرأنه,1
يناقشن,1
الساعتين،,1
بجغرافيتها,1
موصوفة,1
أفريقيا”,1
"البحث"".",1
يستفيدون,1
بيثيل:,1
روبنسون،,1
متبقٍ,1
انتحاري؛,1
ومواكبة,1
والبلاستيك,1
خصوما،,1
إرهاب،,1
أو،,1
شركةميتاإنها,1
إيسترن،,1
يُجعل,1
عندما:,1
وطلبات,1
كثافة،,1
أخف,1
طازجًا،,1
شيئين,1
(قسد)الجيش,1
اتهامقوات,1
وتجاربهما,1
نقطة.ثانياً:,1
منفرداً,1
أفريقيا).,1
هوياتهما,1
بأوروبا,1
القارية،,1
لدعمهم,1
الحفر،,1
الأتربة,1
لتصعيب,1
والصخور,1
ودفنها,1
خبراء،,1
مسيئة.,1
أو(ج),1
(ب),1
ضمني،,1
(ولد,1
أخفاقه,1
(أسمنت,1
"18%"".",1
السلوك،,1
المعطاة,1
البريد”.,1
فلاندرز,1
المنفيون,1
وبإلهام,1
موقعنا.,1
وتسمعونه,1
تقرأونه,1
الترجمات،,1
فراتانتوني:,1
بأنفسهن.,1
مستقبلهن,1
ينشأن,1
لإنقاذهن,1
لسن,1
التحليلية،,1
بالحمية،,1
والزيليتول،,1
والسوربيتول،,1
والإريثريتول،,1
ك،,1
وأسيسلفام,1
والسكرين،,1
الأسبارتام،,1
وحيادها.,1
مهنيتها,1
تفويضاتها,1
انقطاع،,1
النابض,1
والإرث,1
للأديرة,1
رائع،,1
وإبداء,1
مناوراتها,1
المرير,1
وجدت.,1
مشجعًا،,1
مناخًا,1
والإسلامية.,1
لقطر,1
وارتفاعًا,1
أفضل”.,1
نفضل,1
العراقوالوصول,1
الإنتاجيةللنفط,1
وسكانها,1
تعميقًا,1
العلكة،,1
للأمة.,1
خزي,1
وصحافة,1
مستنير,1
محوري،,1
بمنعطف,1
"""وديعة""",1
"متغيرة""،",1
"""لو""،",1
والتشيك.,1
بأسواقها,1
خِب،,1
شاقة،,1
محاكي,1
وتعترف,1
والمحاصيل.,1
والدهون.,1
أيض,1
وتُعطل,1
تُجهد,1
وهرمونات,1
التهابية،,1
وناقلات,1
دهنية،,1
أحماضاً,1
العلوي,1
بالأعضاء،,1
الألغاز,1
الحشوية،,1
فمرد,1
أفعله.,1
النقلة,1
وميكلسن,1
(7-5)،,1
3-3،,1
و6-1,1
متعددة؟,1
الأسطورية،,1
الشاعرية,1
توصلتِ,1
للبرلمان.,1
تسببتا,1
لابشا,1
تاشي,1
"التاليتين"".",1
مكاسب؟,1
سيكتفي,1
"""صانع",1
التسيب,1
بصرامة,1
لطقوس,1
يُستهلك,1
حرياتهم.,1
المهددين,1
آوت,1
غوما-روتشورو,1
وبوجاري,1
لاصطياد,1
والتدمير.,1
المكلوم,1
بأحكامها,1
ولشاغالا،,1
كانياروشنيا،,1
ورود,1
14.,1
يوكريس,1
وفيكتور,1
سبقه,1
18،,1
ماكتوميناي,1
نيفيس,1
وسبقه,1
تخدمنا,1
متوارثة,1
"الولايات"".",1
متقاعدة,1
كاركي،,1
واليابان.,1
بنوداً,1
لليقظة,1
لحقوقهم,1
مجتمعيّة,1
المنتمين,1
عظمهم,1
يوسيوبوفا،,1
غوزيل,1
شابان,1
وتطوع,1
تعرفنا,1
«الحياة,1
فرنسا:,1
مارينان،,1
"الاستخراج""،",1
أولصكوكسيادية,1
ووثيقة,1
مطّلع,1
إِشارة,1
"الشمال""،",1
متخيلة,1
لإمكانيات,1
"""انتصارات",1
الجائزة:,1
أردتها.,1
توديعها,1
كلبتي,1
إخوتي،,1
وكبر,1
إنالرسوم,1
وموتا،,1
كتقارير,1
كذبًا,1
المدعية,1
توراتية،,1
لأوهام,1
وتحقيقاً,1
الميعاد،,1
غالباً،,1
الاستيلاء،,1
مجبرة,1
والمخاطر،,1
جباليا,1
و٩٩٪,1
٩٨٪,1
والتنفيذ.,1
"""سمو",1
والمقتولين,1
والمعذبين,1
والثقافي،,1
وصحية.,1
بدواعٍ,1
أسرهم،,1
محكومين,1
للسيسي,1
بمناشدة,1
جنين.,1
صير,1
يوثقون,1
وعدهم,1
شمالاً,1
المقسومة,1
للمحاكمة.,1
وتقديمهم,1
بحقهم,1
لإيهام,1
بسيفه،,1
عقله,1
حكمة،,1
وأكثرهم,1
فارقة،,1
تصوّره،,1
فسيرته,1
ومثله,1
طينة,1
كافحوا,1
السوفيتي؟,1
شفافية،,1
2024).,1
بالروسية,1
تشغيلها،,1
قوتي,1
حقوقنا.,1
وحرمتنا,1
صراعها,1
أوستن.,1
وماجستير,1
تمبل,1
(ماساتشوستس)،,1
دانفرز,1
1974,1
وتوجّه,1
لتتصدر,1
51%،,1
منظمته”.,1
“ليعلن,1
بهجلي:,1
فقدته..,1
وربما،,1
تُلبي,1
وفانس,1
الدنماركية.,1
تؤدِ,1
عاصمةً,1
معترفةً,1
الاختزال,1
"المتكاملة""",1
"""الدورة",1
والأجيال.,1
قيدت,1
حبر,1
"6%"".",1
أسطولنا,1
الطلبيات،,1
ومركزتها,1
وأفراد.,1
مٌنشأ,1
رديء,1
للأخطار,1
"خبيثة"".",1
"""نماذج",1
نبّهت,1
فارغة،,1
عمدًا؟,1
يكذب,1
فحسب؟,1
يُخمّن,1
ستجف,1
ومراهقين,1
الشاشات،,1
والحُكم,1
رائدة.,1
ميزاتها,1
بتركيزها,1
رهانها,1
"و""دوويــن""،",1
"""بيندودو""",1
البنغلاديشي،,1
لجواز,1
حاملٍ,1
الإلكترونيين.,1
تشيفابي،,1
الوطنيّ،,1
دراساته,1
الضياع،,1
لحمايتها,1
متشابهًا,1
تجارتها,1
عالقون!”.,1
يرفضوننا,1
الفوري،,1
بالإخلاء,1
للأناضول،,1
للمستشفيات,1
ودعوى,1
ويوآف,1
بحجج,1
برًّا,1
الزعيمين,1
ومذكرات,1
قضيتين،,1
١١,1
مهاجرًا،,1
حُشر,1
بواحدة,1
راوندا,1
حسبانه,1
طياته,1
الأغلب،,1
قولهم-,1
-وحسب,1
وبوضع,1
كالصحة,1
3547,1
العمال)،,1
(عن,1
سالوماو,1
هيلدر,1
القادة.,1
ويُحاسب,1
بامتحانات,1
‎فضائح,1
الانتقام،,1
عليكم.,1
الاتساع،,1
فعليكم,1
ناصحاً,1
النصح،,1
تقبلوا,1
اختيارية,1
للتوريد,1
الصلد,1
الأردناشترى,1
الحكوميفي,1
مرونةِ,1
الشروعِ,1
بتمكينِ,1
كفيلةٍ,1
باستثماراتٍ,1
واعدةً,1
للقارة،,1
الاستراتيجيُّ,1
الشريكُ,1
يحمِ,1
"صناعي""",1
"""فيضان",1
المنصرف,1
تُصوِّرُ,1
ملموسٍ,1
الإفريقيةُ,1
يحيّون,1
بخير؟”,1
الشّباب،,1
قنصلية.,1
نَوَت,1
لتهور,1
المداهمة،,1
بالبقاء.,1
لعرضه,1
مشيداً,1
المساهمين،,1
ومصلحة,1
الإستراتيجي،,1
صرفه,1
الطاقيةِ.,1
شبكاتِها,1
فعالا,1
هاو:,1
"مفرحة"".",1
"""خطوة",1
وتصديره,1
إسترليني.,1
طانطان,1
للربط,1
ميقاتي،,1
المناخية:,1
الصّعبة.,1
601,1
صرفت,1
المشحونات,1
للمصدرين,1
متّ,1
قوميًا,1
تركماستان،,1
مبجلة,1
215,1
إعلامنا,1
الأوليغارشية,1
والهيمنة,1
التعليميين,1
النظامين,1
والتعود,1
الفضائية.,1
ستارلينك),1
(عبر,1
وإنترنت,1
والتسلم.,1
ومهاراته,1
الصقور,1
الفنك,1
انقراض,1
"والظالم"".",1
دوناروما،,1
جيانلويجي,1
إم.,1
استقر.,1
وأمتعة,1
حاملةً,1
بحامل,1
ريادتها,1
مُثبّت,1
جدرانها.,1
المتحد,1
جامعتي،,1
فصلهم,1
النقاط،,1
متعادلين,1
"أشانتي"".",1
246,1
"الصحراوي"".",1
والأرنب,1
والضب,1
الريم,1
يهرب,1
الحبار,1
أنييلي,1
يبطئا,1
للإجهاد،,1
وطائر,1
بأنواعها،,1
مسجلين”،,1
تشمل:,1
ومحليًا،,1
استشراف,1
والتنظيمية،,1
سيمثل,1
"الإصلاح""،",1
يَعِد,1
والخيرات,1
الصابرية,1
"الزوجية"".",1
يبلغن,1
باسمه,1
"فلسطين""مكافأة",1
أنالاعتراف,1
وهكذا.,1
سقطوا,1
تدرسين,1
شعرية,1
بالمستحيل,1
طالبان:,1
إتمامها.,1
القاصرين،,1
زيجات,1
يرتبون,1
لتصاعد,1
يمتلكان,1
والأرجينين،,1
الثيانين,1
أمينيين,1
حمضين,1
البشتون,1
أرجائها,1
وطفت,1
هبّاش,1
ملكي,1
المثالية؛,1
لكوريا،,1
أهدافه.,1
خاسر،,1
باتفاقات,1
مرغوبة.,1
بنفَسٍ,1
لينعموا,1
احتكاكًا,1
بتجمع,1
"و""الحزب"".",1
نيوجيرسي,1
والصيانة.,1
أفيد,1
وترطيبه.,1
حيويته.,1
باهتًا،,1
جافًا,1
كلمات.,1
خالدٌ,1
أثرٌ,1
بالترحيل,1
الوشيك,1
قاسيًا؛,1
"مساندة""،",1
"""وسيلة",1
ثقافاتها,1
وتشربت,1
الأولويةِ,1
بمنحِ,1
الواضحَ,1
بلادِه,1
التزامَ,1
الصينيُّ,1
الوزيرُ,1
جدّدَ,1
الزياكسانثين,1
يُجمع,1
طلب.,1
شاشتها،,1
فبثت,1
مذيعين،,1
أخبرنى,1
أندهش,1
سيغادر,1
والإلهام.,1
تتجاوزُ,1
بالتعاونِ,1
المبنيةِ,1
الشمسيةِ,1
لمحطاتِ,1
المركّبةِ,1
بالقدرةِ,1
مستشهدًا,1
فالمسيرات,1
مُنفي,1
وبقيَ,1
أُطلقَ,1
احتجزت,1
لانتقالِ,1
أخرى؟.,1
بوظائف,1
توظيف،,1
بدهشة,1
مكان.“,1
المختلفتين.,1
اللهجتين,1
وتكييفه,1
الشموليّة,1
أصواتهن.,1
لجدتها؛,1
بورمية,1
المدرعات,1
أورتاغوس,1
موسَّعاً,1
«الميكانيزم»,1
النّفقات,1
الفيتناميّين,1
صارخًا،,1
ومدافعين,1
أيديولوجيين,1
حليفين,1
وكانا,1
متداخلتين,1
رئاستين,1
خياراتهن,1
ويذكرن,1
الميمات،,1
ويتبادلن,1
مخلصة,1
آثارهم,1
المتعرضين,1
بشيخوخة,1
للتمتع,1
صحة؟,1
للعبور,1
مفتاحك,1
فنجانالقهوةالصباحي,1
"""إيه.إس.إم.آي""",1
نعلم...,1
المكثف.,1
بمكانها,1
السّعوديّة.,1
البنغلادشيّون,1
ينفقه,1
"3,100",1
للذّهاب,1
الأوليّة,1
وقى,1
بقيّة,1
يولدونها.,1
موظفيه,1
الإتمام؟,1
الفيتو,1
يتضمنها,1
تنزانيا.,1
شتاينماير,1
واعتذار,1
2025-2028.,1
بولاند,1
شيموس,1
بجنيف,1
ينضم,1
الجسدية.,1
الفائدة),1
(خفض,1
ووترر:,1
البرمجيات.,1
والفلفل,1
والثوم,1
البصل,1
المفرومة,1
الصلصة,1
قشم,1
أراك,1
ملارد,1
فسا،,1
عقولنا.,1
وصان,1
نفوسنا,1
فينيسيوس.,1
شيرنغيتو)،,1
(إل,1
أمانا.,1
"الأوروبية""،",1
"""الترويكا",1
العلبة.,1
الأصدقاء.,1
يُفسَّر,1
مؤلمًا،,1
والمتطوعين,1
صدّق,1
الفردي.,1
يحدّ,1
لمستفيد,1
والسيولة,1
والحواسيب.,1
ونظريات,1
استخرجه,1
مًصادَر,1
"وساحق""",1
"""تفوق",1
الهدامة,1
245,1
إيراداته,1
ألمانيابمعدل,1
الإنترنتفي,1
عفا,1
الأخلاق,1
“الأخلاق”,1
ماكوات,1
الغياني,1
ليم،,1
واستدامة.,1
ليساهموا,1
الأكاديمي،,1
الصيادلة,1
الفرصة.,1
يُفضلون,1
للتأمين،,1
"""يوجوف""",1
مستند,1
اليوم..,1
والمعركة,1
يُساق,1
للصحّة،,1
تساند,1
مران,1
لصالحها؛,1
وظفتها,1
للمؤسسة.,1
"المرمى""",1
“چاوگ,1
ايضًا,1
شاركَ,1
معرفي,1
بجانبِ,1
والبرازيل،,1
قضية،,1
وفاة).,1
وفاة)،,1
بزيت,1
ركزوا,1
نوفا،,1
الفظيعة.,1
وجرائمها,1
الاستعداد.,1
تنه,1
سانا،,1
المتعاونين,1
مضايقة,1
6(4)(ج),1
للسلاح,1
تمتلكها،,1
وتقني,1
والمعدات.,1
تجلبه,1
بدخل,1
ومتقدم,1
فوضعها,1
زيادةً,1
شَهدت,1
للتنظيف.,1
دلو,1
قالت،,1
فريزر،,1
“الممكن”،,1
رائدةٌ,1
المعدلة).,1
الجوف،,1
"""إسرائيلية""",1
ببذر,1
وعسير،,1
القصيم،,1
وحائل،,1
يطير,1
ذلك”،,1
“قبل,1
منهكة،,1
والبلاد,1
ولت,1
سالغيرو.,1
الموت.”,1
“يشجع,1
"يافا""،",1
الانشطاري,1
فلسطين2,1
"""نوع",1
السويسعلى,1
منإيرادات,1
التعريفة,1
والديزل،,1
واستقامته،,1
وسيرته,1
"المستدامة"".",1
"""بلدينا",1
السعودية-اليابانية,1
اليابان:,1
عياف,1
بالسرطان،,1
تنظيفالأسنانبانتظام,1
التابعون,1
"ملحوظ"".",1
الانقباضي،,1
لتجارب,1
شروطاً,1
إملاءات,1
متيقِّنا,1
فقير,1
غسيل,1
عسكريان,1
اهتماماتها.,1
واضعةً,1
ومصداقية.,1
تحليهم,1
ويُثرون,1
يؤثرون,1
المشهورون,1
فكُتّاب,1
سوية،,1
مقرفة,1
يورده,1
الاقتداء,1
آرائه.,1
ستحصلُ,1
الأفرادِ,1
تُحدِّدَ,1
أمريكيٍّ،,1
استثمارٍ,1
وتحدَّثَتْ,1
العُضويِّ,1
أشارَتْ,1
بالتَّعويضاتِ،,1
الوحدتين,1
"للإنترنت""،",1
"""أخل",1
عوقبتا,1
المنصتين,1
منفصلين،,1
"الأجنبية"".",1
الموهوب,1
الثقافى,1
مدتهما,1
رئاسيتين,1
لفظية,1
لإساءات,1
تعريضهم,1
حرمانهم,1
(18),1
جرّمت,1
عوفر,1
لسجن,1
الأموالِ.,1
توزيعِ,1
كيفيَّةَ,1
المُساعدةِ،,1
زعيمٍ,1
بأخبارها,1
فطغت,1
زغلول,1
"جميعًا,",1
يجيدها،,1
الزيزفون,1
ماجدولين,1
والنظرات,1
العبرات,1
زجه,1
الأعمى؛,1
القناص,1
ومازلت,1
وجدانهم،,1
بصياغتها,1
الأعداد،,1
عبدالصادق,1
تحديد.,1
أقلام,1
غواش,1
استلامي,1
فرحة,1
زغلول.,1
الآثمة,1
مشدودين,1
للمراقبين,1
الاصطناعي:,1
برحيله,1
المنفلوطى،,1
وتعلقت,1
شد,1
باتقادهم,1
مصداقيّة,1
1984,1
السّرد”,1
“حق,1
مقالته,1
المستمرّة,1
المُتنوِّعةِ.,1
البحريةِ,1
وحياتِها,1
الألوانِ،,1
المُتلألئةِ,1
وشِعابِها,1
البِكرِ،,1
بشواطئِها,1
تَشتهرُ,1
بوعمامة،,1
زهير,1
زروقي،,1
واللاسلكية,1
السلكية,1
والمواصلات,1
بالكآبة.,1
وصباحًا,1
وتعافيًا,1
صحةً،,1
بشرةً,1
وجماهير,1
ومدرب,1
انتقائي,1
عمى,1
جرائمهم,1
همهمة,1
290.7,1
"""الفيدرالي""،",1
براندنبورغ,1
خفيف.,1
بمرق,1
حضّرها,1
نودلز،,1
أراضيهم,1
يغط,1
المتلقى,1
"المدى""،",1
مدمن,1
المشروط.,1
سعيد.,1
بالمديرية,1
محاسبي,1
الكويتيةالمملوكة,1
مرتكب,1
خدمتها.,1
الاصطناعيالخاصة,1
سياسةالذكاء,1
سبوتيفاي,1
(إيكاردا),1
ونقلوها,1
أمكنهم,1
بإنقاذ,1
العراقيين,1
للمناورة.,1
معاناتنا.,1
أوكري،,1
وطبقات,1
كوك.,1
اليمينيون,1
يتبنوا,1
بالديمقراطية,1
للدولار.,1
دينارًا,1
1320,1
يحدثها,1
والنظامية,1
الزنيدي,1
الغامدي,1
زمنٍ,1
فُقِدت,1
واستثمارٍ,1
حوارٍ,1
(983,1
نهارًا,1
الإنسانيّ,1
يصيب,1
إزهاق,1
السادر،,1
للغيّ,1
تخطئها,1
"ستستمر""،",1
"""سواء",1
المُوَضَّح:,1
تامّ,1
وبجلاء,1
برس،,1
لاكتمال,1
1230,1
ودائع,1
المفاتيح”,1
“تعطيل,1
“تاي,1
المروّع,1
وانتعاش,1
توقيفهم.,1
قُصَّر,1
المؤيدين،,1
المتضامنين,1
الشخصية”,1
المُفزُوعةِ.,1
للعَديدِ,1
“المبادرة,1
ريبَ,1
آتية,1
والمخططات,1
سياديّ،,1
الجموح,1
الوراثية.,1
والجينية،,1
"السعودي""",1
"""برنامج",1
السياسى,1
دالة,1
ستتوافر,1
ومراحلها,1
الحملات،,1
ندرس,1
بلدين,1
مُتبادلة,1
الفائتة،,1
الخمسينيات,1
المكتبة،,1
"نهائيا"".",1
انقرض,1
النعام,1
الأرنب,1
(الشرشمان)،,1
الثعلب,1
الفنك،,1
لأنواع,1
انقرضت،,1
بإذاعة,1
والأسبوعية,1
الحميدة.,1
انتفاخ,1
محطمة،,1
فات,1
بيئيَّةٌ،,1
ناشطةٌ,1
باتشو،,1
عَلِمَتْ,1
طورتها.,1
المسلوبة.,1
تُقاس,1
بلاتين,1
وقدمه,1
يده,1
مسؤوليتهما,1
"و""إيرباص""",1
"إبستين""",1
جنسي،,1
منجيفري,1
وطوّرت,1
موهبتها,1
والترابط,1
413.8,1
الشبكات”.,1
“كشبكة,1
تفاقمًا,1
0.6,1
1.3464,1
غزة”.,1
تحرض,1
والخطابات,1
المُفاجئِ,1
الاجتماعيِّ،,1
التَّواصلِ,1
وسائلِ,1
بالأمرِ,1
بمحركات,1
المزوّدة,1
السعة،,1
المبردات,1
بالمبردات,1
رئيسيين،,1
محورين,1
الجبلي،,1
صدورها.,1
مواضيعها,1
سايرت,1
27.59,1
1.19,1
أدلّوا,1
4.47,1
فصولها.,1
بعضوية,1
بشأنإيرانيعكس,1
وإبريق,1
"شعبنا"".",1
تربطنا,1
وطرحناه,1
بمواقعنا,1
"""الأميركيون",1
"""غروسيبالسعي",1
"""تبريد"".",1
“حملة”:,1
الصدق.,1
"الفراعنة""،",1
المرنة،,1
للأحمال,1
معيارية,1
[مؤسسة,1
دراسية),1
(بمنحة,1
وابنتي,1
الفترة.​,1
"جريئة"".",1
"""مغامرة",1
ديوك،,1
شولبرغ،,1
كيت,1
هائلاً،,1
الطفيفة,1
"""تلغرام"".",1
بدران،,1
لموسكو,1
توبيخ,1
حقيقتهم.,1
"القوات"".",1
منفتحا,1
"""سأستمر",1
المستحقة،,1
دي.إن.أو،,1
والمهنية.,1
وصراعاته,1
مها،,1
"""كنوز",1
المتهمون,1
للسلم,1
يحتمي,1
وبالوقت,1
برزيميسل,1
مناسبة],1
الخلية،,1
"الامتحانات"".",1
لينكليتر،,1
إيان,1
أنتاناناريفو,1
تظاهراتهم,1
"الآخرين"".",1
ويجعلونا,1
أبل-,1
بإحكام,1
المترابطة,1
مولامولا,1
انخفاض،,1
السحر-,1
"""يُريدون",1
وقسرية.,1
البرتقالية,1
تتباين,1
أسفلها،,1
المائة).,1
وكادونا,1
ناساراوا,1
كاتسينا,1
(90,1
كوجي,1
نسبًا,1
طفيفة،,1
التركيللشهر,1
فيالاقتصاد,1
المخدرة.,1
الكوكايين،,1
حشيش،,1
يعتقد،,1
اختبرتروسيا،,1
بمناورات,1
كمراسلة,1
دمجهم,1
1-0.,1
صلتهم,1
فُعل,1
والتعقيد،,1
وأخواتنا.,1
أخواننا,1
ثابرنا,1
ووجودهن,1
عواطف,1
بالتعاطف،,1
فيرس:,1
والعامة،,1
سبيشسكا,1
والمكتبة,1
كيجماروك,1
بوبراد،,1
ونسقت,1
والموارد،,1
إقليمي.,1
وتنسيقٍ,1
دفاعِ,1
بالطائراتِ,1
شنَّت,1
إلغاءه,1
بندًا,1
أدرجوا,1
ضفته,1
بمساءلة,1
وريديت,1
(سانا).,1
"تفرقة""،",1
أبناؤها,1
"لإدلب"":",1
ومستهدفة،,1
تيسيرية,1
"ساكس""",1
"""غولدمان",1
المتوّج,1
تشلسي,1
فريقا،,1
المستحدثة,1
السكانية.,1
والثلاثينات,1
الأهواز،,1
ريال؛,1
"الخليجية""،",1
"""الصندوق",1
ستعدل,1
دورته,1
"العربية""،",1
والعشرين:,1
صامتًا.,1
جوام,1
للفئة,1
الذهبية),1
للواعدين,1
"عن""الشرق",1
يُشاهِد,1
الحجب.,1
شرعيتها,1
وسياق,1
"تفاوضي"".",1
تكتيك,1
"""التصريحات",1
الآسيوية.,1
عادلة،,1
وتراخيص,1
مدنية:,1
بسفنٍ,1
قادته.,1
وأضاء,1
مد,1
وعبادان،,1
المحمرة,1
كرخه،,1
وشعبي,1
الفكرة.,1
فهمتم,1
دولارًا…,1
الزوار،,1
المساهمة،,1
أوت.,1
حركة.,1
(تتمثل),1
"""يستوجب",1
انقساماً,1
للرياضيات.,1
الـ37,1
بالحبر,1
ملطخًا,1
ثوبًا,1
"دولاراً"".",1
"""الصادرات",1
والديهم.,1
وأوليائهم،,1
فيالجزائر،,1
سُماكة,1
للإعجاب.,1
76.080,1
1.543,1
86.824,1
للعبودية,1
وصكوك,1
لتنفيذها.,1
تحولها,1
الدولية؛,1
الملهمة،,1
تقتنع,1
بالاطلاع,1
الزاوية،,1
حشرت,1
والمتبنِّية,1
المتماهية,1
عدوه؟,1
تفاوضيةً,1
وتراكماته،,1
المستعصي,1
فلبنان,1
تشفَع,1
صمامات,1
فجَّر,1
فعليّاً،,1
معللةً,1
دعمهم،,1
المتضخمة.,1
البائعون,1
كهربائها,1
الكارثي.,1
شقّة,1
1829,1
خالي،,1
مساعدتي,1
عينات.,1
مدارية,1
2022-2030,1
مشتركة،,1
يستغل,1
والهادئ،,1
فيصبح,1
جالسا,1
بالسلطة.,1
للتشبث,1
وقوبلت,1
والقنابل،,1
بصرية،,1
بمدخلات,1
مُدرّبة,1
واحدة),1
عصبية,1
عندها؛,1
تطاق.,1
تقرب,1
“للرد”.,1
“إخوة”,1
الإثيوبيين,1
بوصة.,1
يأني,1
للشاشة،,1
"دومًا""",1
"""التشغيل",1
هرتز,1
"""برو""",1
1099,1
منآيفون,1
"لـ""سي",1
وتغييرات،,1
لتعديلات,1
متضاربة.,1
أوراقًا,1
زهيدة،,1
بنغلاديشيين,1
ومعالم,1
أنهارًا،,1
استحالت,1
وشوارع,1
جدران،,1
وأساسات,1
أسقف،,1
المعبدة؛,1
للطرقات,1
لصدوع,1
الانفصالية”.,1
“الحركات,1
بأسرها,1
الصومالية”,1
للجمهورية,1
“جزء,1
موظفون.,1
العمال”)،,1
(“شارع,1
أوليتسا”,1
“ديلافسكا,1
ضرائبهم,1
سوبوتا،,1
مورسكا,1
قدراً,1
والنقدية,1
وضخت,1
يميزون,1
سواحلها،,1
سفنا,1
مهجورة.,1
بأطلال,1
مستمدًا,1
تغراي.,1
والجبهة,1
أموالهم.,1
مستنيرة,1
ويستخدمه,1
بالاستثمار،,1
توكمصدرًا,1
أصبحتيك,1
أفريقيا”،,1
و”نحن,1
مستعدة”,1
“إثيوبيا,1
الإثيوبيون,1
"المطلوب""",1
بقناعات,1
بالملايين,1
إصلاحه،,1
المُرجح,1
مُجادلةً,1
الابتدائية،,1
والأجنبي,1
ممتنين,1
والإيجابية،,1
متمسكين,1
نجى,1
"""ثقته""",1
للمفاعلات,1
مكلفة.,1
القسوة,1
كَرَّم,1
والإسباني،,1
تغفل,1
المعاصرة،,1
والأنفة...,1
والنخوة,1
والشيمة,1
خصالٍ,1
يُنبئ,1
بطبعنا»,1
«عزّنا,1
والتسعين,1
الرقمية).,1
(إشارة,1
البرازيلي”,1
“بقانون,1
قارنته,1
المُطورين.,1
ضفادع,1
حرفيًا،,1
الضفادع,1
وحشي،,1
وضفدع,1
السلحفاة,1
الجحيم؟,1
إيقاد,1
رياضيًا,1
حيلا,1
معرفتهم.,1
أموالًا,1
تركوا,1
1.300,1
لاختراقاتٍ,1
البُعد,1
لإقامتها,1
ماريغاون,1
صينيًا,1
والحجب,1
المحسوبية,1
“زونيرا”,1
تُدعى,1
“لاية”,1
المتربة,1
“بهال”,1
الساخرة،,1
والانتشار,1
والدمامل,1
الثآليل,1
أليست,1
الثور.,1
"بـ""عشاق",1
سمّاهم,1
مرتقب,1
"يُجرَّب""،",1
"""فالمجرَّب",1
للمجرَّب..,1
واعياً,1
وقضم,1
باءت,1
البيضوي,1
"الغربية""،",1
"""لوموند""،",1
حساب،,1
الذهبالثلاثة,1
"""سندعم",1
بوريطة,1
واثقة,1
"ألفاً"".",1
بالطاقات,1
"""ملتقى",1
"المنزل"".",1
أهلنا,1
يُعطينا,1
جدّ,1
وتعرّف,1
أرهقتهم,1
للجامايكيين,1
فرحًا,1
الزلاجات,1
لألعاب,1
الكريكيت,1
"السلطة""",1
الآلةُ,1
فتكتِ,1
الاشتباك».,1
«قواعد,1
سنلاعبه,1
أنَّنا,1
توهّم,1
الانخراطَ,1
لـ«طوفان,1
والبائع.,1
أكدّ,1
بالدوحة،,1
(133,1
مخاطرة,1
الجديدلآيفون,1
مبيعاتمنافسها,1
النشوة,1
للمعدلات,1
تابعاً,1
مخزن,1
نؤطر,1
وتفاعلهم,1
خروجَ,1
ببساطةٍ,1
خسارتها,1
لسلاحه.,1
توفرُها,1
غلالة,1
بالمكونات,1
وتسمَّمت,1
ترسانته,1
شنَّ,1
ديكتاتورية,1
بنوايا,1
و2027.,1
الاحتفالات،,1
الأساسية؟,1
والعطف،,1
80.68,1
23.65,1
متسارعة؛,1
أصولصناديق,1
"و""آيتكس",1
"2024""",1
"""آيسف",1
والاختراع،,1
عالميتين,1
مسابقتين,1
"ولمان""،",1
"""دنيس",1
تخفيفًا,1
انجليس,1
وضِّحت,1
سُنَّ,1
أُقِرَّ,1
المدخل.,1
وإلقاء,1
ومتحمس,1
متقبل,1
ثقة،,1
المعادلة.,1
"و""الحريفة""",1
"""بالطو""",1
أعتبرها,1
قريبة.,1
إسكندنافيا,1
ثلاث،,1
كبيرتين،,1
طائرتين,1
يشتهى,1
وبرونزية،,1
وفضية،,1
بـ4,1
عمّان،,1
وتصدّر,1
طفلهما,1
"""دنيس""",1
الفيشاوي,1
"""تيتوس""،",1
طفلا,1
لزينيتشا،,1
والطالب,1
الكاريكاتير,1
رسام,1
الحدودية.,1
باستجابة,1
والمشترين.,1
تحديثها,1
الطريقة“.,1
”كيف,1
متسائلًا:,1
التكيف.,1
إحساسهم,1
يتكيف,1
تحدياتهم،,1
شكري,1
مصالحهم،,1
بتورط,1
ولبنان-,1
-لا,1
"نوفوستي"".",1
"قارتنا""،",1
موقعهم،,1
سؤالهم,1
"النخبة"".",1
"""ثمانية",1
"""تسلا"".",1
"الكبار""",1
"""الستة",1
"و""أمازون""،",1
"""الأربعة",1
زدرافكو,1
ماتيو,1
والتوقع,1
وتفاقمت,1
"التداول"".",1
ضغطت,1
المكاسب،,1
"""المخاوف",1
مكارثي:,1
(مومو),1
والمخالفة,1
الميكروفون,1
ويشاركون,1
مرح،,1
المحتج,1
البسيطة.,1
وتلزم,1
بالنمو.,1
رينمين،,1
معلوماتها,1
بالمضللة،,1
انتزع,1
"الرقمية""،",1
متفاجئين,1
الناطق:,1
للبرازيل.,1
ويصحبهم,1
وسياحا,1
زوارا,1
المخدّرات،,1
محتجّين,1
بُرِّئ,1
متوقّع،,1
جودتها.,1
وتخاذل,1
المناقصات,1
الجوار.,1
أقاربها,1
كعاملة,1
للاحتيال،,1
مهارة,1
ويخسر,1
سيكوياه,1
وقتلهم,1
القوافل,1
وهوجمت,1
قُصفت,1
حريته،,1
يرجحون,1
17.8,1
“استمروا,1
الحاضرين:,1
أضافت،,1
إطلاقه.,1
تدشينه,1
متوالية,1
طفرات,1
للسفن,1
3727,1
5020,1
لغزة,1
وحصارها,1
والتربة,1
",",1
الجماعي\,1
بصدق،,1
لمسناهم,1
مصائرنا.,1
الصداقة،,1
بمتعة,1
وعبثية.,1
الشرعمتحدثاً,1
أطلالرئيس,1
"لإدلب""",1
"""حملة",1
بخطر,1
مُهددة,1
صادي،,1
صرَّح,1
يمرضون.,1
يتعرَضون,1
أخطرِ,1
أحدَ,1
يظلُّ,1
إلَّا,1
والوقايةِ،,1
العلاجِ,1
تُراعي,1
ومدروسة،,1
والأمازون.,1
وأورينوكو,1
للأنديز,1
فيلافيسينسيو,1
تهالكًا,1
للمليون,1
المقاييس.,1
فسأعتبر,1
كدرع,1
ودائمة,1
"توك""من",1
"تطبيق""تيك",1
والصمود.,1
التشاؤم؛,1
المحطة.,1
يوسونغ،,1
المهني.,1
المحاجر,1
فاستغلال,1
فيض،,1
غيض,1
للهاتف.,1
مليونِ,1
ويَقتُلُ,1
ثانيًا:,1
بتوظيف,1
وعدتهم,1
اجتماعيّ,1
رقميّة,1
موظّف,1
480,1
والائتمان،,1
مبلغًا،,1
"التحقيق""،",1
لإنفاذ,1
"""جهات",1
الموهبة،,1
795,1
نسخها,1
الأولمبيادات,1
الخاسرة,1
و350,1
احتياطها,1
أفرطت,1
كيشافارز,1
للمقيمين,1
الليبيةالأمتعة,1
حددتمصلحة,1
للتهديد,1
المحتجزات,1
ستلغى,1
للسعر،,1
سيلغى,1
للمبادرات,1
تجريبيّة,1
البنينية,1
مقترحالرئيس,1
والإسراع,1
والبورصات,1
والعطلات.,1
996,1
العمد”,1
“جرائم,1
والحالية.,1
والنحاس،,1
الفهم،,1
حاسمًا:,1
بالراحة.,1
للشعور,1
الاستوائي,1
بالخيال,1
مطلقًا.,1
بموقعها,1
تقريب,1
قم,1
مستقيم،,1
قف,1
اجلس,1
تيكيس,1
شافيز),1
إيديولوجية,1
(أنصار,1
بالشافيزيين,1
استبدل,1
الباكستانيون,1
فرونتكس،,1
وخفر,1
واستبعدت,1
والبصيرة,1
تهتم،,1
كمحررة,1
ننتبه,1
الوافدة،,1
السواحل.,1
لحوادث,1
بسفينتين،,1
عد,1
الإمكان,1
جيوبه.,1
ليحشو,1
الكورس,1
الأسطوانة,1
عمود,1
وثرواتها،,1
ووصية,1
سأله,1
بالإمكانات,1
آيت,1
لبلعيد,1
نوذرار”,1
“لوالي,1
فصدرت,1
مكملة,1
المتجددةتعتبر,1
مشروعاتالطاقة,1
عبدالباقي,1
تدعمها.,1
يدمر,1
تجزأ,1
حُفرتللتنقيب,1
والباعة,1
أبودياب,1
التصنيعية.,1
مسلطا,1
"المنافسة""،",1
ضئيل،,1
بقدمي,1
أسدد,1
فرد:,1
لركلات,1
تسديده,1
تعبيراً,1
مؤامرةً.,1
وتصويرها,1
لتلويث,1
مظلومة،,1
مهينًا,1
"التمويل"".",1
فراتانتوني،,1
والعواقب,1
والقوانين.,1
امتثالًا,1
لمساعي,1
جُلِبَّ,1
وصوماليلاند،,1
مكلومة،,1
لدموع,1
"""خيانة",1
لإفلاته,1
لصاروخ,1
القياسيين,1
الخامين,1
1949,1
456,1
سيميبالاتينسك,1
السوفييتي،,1
بيانات.,1
كصاحب,1
ماي,1
«ميتا»,1
محاميه,1
للقطع,1
مرممة,1
تنام,1
“واحد،,1
كروجر:,1
أوروبيزا,1
لاحتجاز,1
بملعب,1
"كرويف""",1
"""يوهان",1
أولمو,1
و34,1
الهدفين,1
فيران,1
العاقل.,1
وسلالة,1
نياندرتال,1
صحيحة،,1
وتُقلى.,1
تُخبز,1
واللحوم،,1
بالخضار,1
و1989.,1
منها.”,1
بالتهرب,1
و”صياغتها,1
البالغ”,1
و”غموضها,1
وضوحها,1
أحكامها,1
بالاتفاقية،,1
لمطوري,1
وأخرت,1
نامتشي,1
الألقاب,1
ورغبته,1
"""المدفعجية""",1
"نو""",1
"""سبوتيفاي",1
العضوين,1
للحريق.,1
قليلاً..,1
و47,1
23%.,1
1.80,1
2.21,1
مصرمن,1
أنصادرات,1
ويدودو.,1
جوكو,1
لكانيا،,1
الطوب،,1
السومس،,1
للعراق.,1
تحدّد,1
وطنٍ,1
أطيافٌ,1
صرت,1
للغسيل.,1
للمطبخ,1
لنفسك,1
وتصنع,1
الخيمة،,1
الشوادر،,1
بسور,1
بنوع,1
وأودعت,1
المرعية,1
ارتكباها,1
لمخالفات,1
المذكورين،,1
العراقيةالتابعة,1
كصادرات,1
و3.12,1
9.57,1
بالعدم.,1
نحارب,1
نظلّ,1
والاعتراف،,1
بسوى,1
تقليصاً,1
المتسببين.,1
و”محاسبة”,1
والنزيه”,1
“استخدام,1
مفوضيّة,1
أَدانَت,1
رونا،,1
ليسيدي,1
وماسة,1
(351,1
1758,1
سويلو،,1
أخريين,1
ضخمتين,1
ماستين,1
والاستجابات,1
الأحاسيس,1
بالصلة,1
والتحذيرات,1
الأميركيتباينًا,1
مسؤوليالاحتياطي,1
واستصلاح,1
تُنظر,1
يتيماً,1
زملائه،,1
التجاوز,1
وطارئ،,1
ياغيز,1
طوغبرك,1
غراماً).,1
(221,1
1109,1
(طريق,1
لوزراء,1
سارما،,1
بيسوا,1
هيمانتا,1
التنمية)،,1
مطلق.,1
الإنسانُ,1
للحقيقة.,1
مبتكراً,1
للخطاب,1
صانعاً,1
بالأفكار،,1
الاقتناع,1
دورَ,1
الخطاب»,1
«بنية,1
وتعليقي,1
شغب”.,1
“أعمال,1
مستوياتهما,1
اجتماعياً.,1
بهامش,1
والنهائي,1
منطقة،,1
ممتعًا,1
اللوكيشن،,1
بزملائه,1
ملتزمًا،,1
مجتهدًا,1
ممثلًا,1
مقالةٌ,1
وبرأيي,1
وسيطرته،,1
مفيدةً,1
رجّح,1
متنبئاً,1
هيدغر,1
محاسبات,1
"قلبي"".",1
"""وصلت",1
3.4%،,1
318.2,1
هوانغ.,1
بانغيستو،,1
براغوجو,1
الأمهات”,1
“لجنة,1
بعرضِها.,1
نفخر,1
مخفيًا,1
صوت.,1
"13,700",1
860,1
إلكترونيًا”,1
“فاشيًا,1
انقلابًا,1
أسماه,1
"أرطاوي"".",1
مجاله,1
ضدالطائرات,1
دفاعاته,1
"""أمازون"".",1
ووثائق,1
ومهاجمتنا,1
لعصيان,1
"الشمال(لبنان)"".",1
جارتنا,1
وبسهولة,1
وستعتمد,1
صادرتها,1
بتقرير,1
الحاكمة.,1
جوهرى،,1
طرفيها،,1
قِبَل,1
وثالثًا,1
لوجه،,1
ووجهًا,1
وثانيًا,1
تشتت،,1
ملتفة,1
قتالي,1
الإرسال,1
وصولك,1
"وأضاف:""الأمر",1
لأهالي,1
ويقيمون,1
شرّدهم,1
"الرسمي"".",1
الموانئ،,1
تعمل،,1
باريسا,1
(2.31,1
جزائري,1
بأصول,1
للإصدار،,1
سنتّخذ,1
حديثاً!,1
المكرر,1
لـ«حماس»،,1
المحبة,1
لوالديها،,1
وكرست,1
ميلادها,1
ديفكوتا,1
والنسخة,1
وتوّج,1
مشجع،,1
والأرض,1
ويعول,1
"وهمية"".",1
"""اختبارية",1
وادعت,1
قلّلت,1
لصعوبات,1
72.1,1
هجومها.,1
وتقنياً,1
لتعطيله،,1
ميغاطن,1
وغاليسيا,1
اندرويد.,1
ومسيطرًا,1
مقيدًا,1
الوفيات،,1
بتفضيل,1
الدولةَ,1
فتتهم,1
خوزستان،,1
إعاقة.,1
تربيتهما,1
والوصمة,1
واجها,1
كطالبة,1
مركمال,1
حجاج,1
ستحدثني,1
الجزائرية),1
ألجيريان,1
فيمينست,1
تلوّح,1
العضلات.,1
غداً»،,1
«اعترافنا,1
تحدث،,1
نيوز»,1
«سكاي,1
متطوّر..,1
تغيرت.,1
استعاد,1
وكونيّة,1
اجتماعيّة,1
صراعهم,1
الدولية:,1
محرره,1
تفريغه,1
السلبي.,1
بالفارق,1
نظيرتها,1
الاستثنائي,1
الائتمانية.,1
حولنا.,1
لنفكر,1
مليئًا,1
أفغانية،,1
١٢,1
التبعات,1
والتأشيرات.,1
المغاربة،,1
سوقًا,1
بالدراسة,1
المراجعات,1
ويصدر,1
كتيب,1
غابت,1
بالمكان،,1
بالارتباط,1
تجريدية,1
"المادية""،",1
"""الهوية",1
نغمة,1
النسبة.,1
تُظهره,1
وتُكافأ,1
غذّت,1
وشيخوخة,1
إحيائهم,1
يمني,1
"""ندين",1
العالميّ،,1
الرأسماليّ,1
تبرئ,1
المفيدة,1
وغني,1
وتُسهل,1
فيتجه,1
٣.٧,1
"للبترول""",1
المنهوبة.,1
يستعاد,1
رولبا،,1
رولوالينج,1
لومدينج,1
والإقراض,1
للقطاعات,1
3.75%,1
بنجاح.,1
ذبيحة,1
الأصلييّن.,1
الأقليّات,1
"الرشراش""،",1
حيويين,1
مسيرتين,1
إيتشيفيريا,1
للعاملين.,1
وإنتاجيتهم،,1
غوانيو,1
موغيلو,1
الطلق,1
تجمعهم,1
نتدبرها.,1
والأخوة,1
المستدامان.,1
وشعوب,1
والإسرائيلي,1
آيفون،,1
تنشرها,1
"المشتركة""",1
"""مبادرة",1
"و120,000",1
"110,100",1
والغربية,1
وجوي,1
"تابعونا""،",1
أحلى,1
وابنتها..,1
"""مشاكل",1
جميعًا؛,1
لقراءتها,1
لستم,1
برامجها,1
لحياة.,1
إنهاءً,1
المضغة،,1
تُنفخ,1
بالغرق,1
والحوالات,1
(7200,1
(25222,1
و52%,1
74%,1
بتحقيقهما,1
خطفا,1
"و""سولانا""",1
والمترافقة,1
يشنّها،,1
الجمعيّات,1
معاقين,1
أفرادها,1
لمنازلهم,1
المعيل,1
والطائرات.,1
للغواصات,1
"""بروتانيه""",1
بفرقاطتها,1
عائلتنا.,1
أقاربك,1
محاطًا,1
أفتح,1
تحرشًا,1
المستقلة؟,1
وصلتم,1
المحددات,1
والسعر،,1
وسابعها,1
المشابهة،,1
وسادسها,1
التحفة,1
وعبثيتها,1
العاديين.,1
الاستبدادية،,1
تُواجه,1
غضبه,1
نيك،,1
بوساسينيكوف،,1
تراغانيداس,1
واليسار،,1
مر.,1
أحلاها,1
بآلية,1
نيكوس,1
بأثينا،,1
(بأنه),1
المسببة,1
النصيرات،,1
تتحدي,1
الجنائية،,1
يتواطأ,1
كصناعة,1
كمثالية,1
إجرائها،,1
والقاعدة,1
علىإيران،أو,1
ومجتمعهم.,1
ميولهم،,1
وتشريعية،,1
خماسية,1
غريزمان,1
أتمها,1
تأهيل،,1
البقالة،,1
محارم,1
"ستُحاسب"".",1
أنصاف,1
الإشارات،,1
للعزيمة،,1
مثبط,1
"شعبها"".",1
"""يحرص",1
الانكشاف,1
ختى,1
يراق,1
كحواجز.,1
نتساريم،,1
للخراب،,1
سبيلٍ,1
قادتنا,1
نأمله,1
منا»...,1
غشنا,1
متناسين,1
الصغار،,1
بالشباب,1
والتغرير,1
الحرام،,1
الزائفة،,1
اشتروا,1
لشيوخ,1
وامتد,1
والمحاماة،,1
اختصاصات,1
لوبل،,1
"نعبث"".",1
ردعاً,1
التحذيرات..,1
الشروط،,1
تُخففوا,1
كيبيك،,1
تستطيع،,1
خيمتك،,1
تفك,1
بالمستلزمات,1
يفسر،,1
“الشرور”,1
براج،,1
الهيكلية.,1
أنشطتنا,1
شهدوزير,1
ساموفاره,1
كاريل,1
الإثنوغرافيا,1
كعلاج,1
الصوديوم،,1
"ممتازة"".",1
جودته,1
فسأختار,1
نوفاكوفا,1
نوفال,1
والسفارة,1
كاسيميرو،,1
"الأكاديمي"".",1
نؤيد,1
للصحيفة:,1
همس,1
"خطأ""،",1
"""السرقة",1
والاس,1
وكيرك,1
غرايبر,1
المؤلفان,1
1000.57,1
0.60%,1
حيازاته,1
تراست،,1
جولد,1
إس.بي.دي.آر,1
1.74,1
وصينية،,1
انعقد,1
بالأخوَّة,1
نسوية،,1
ولاحقا،,1
يدلون,1
المولدوفيون,1
الإمساك.,1
آسيا).,1
القرابة,1
الهيجرا’,1
‘بيوت,1
وأعرافه,1
الاختطاف،,1
"المجتمع""",1
إجابة:,1
ورددوا,1
بالأخبار،,1
فائدتها,1
تُستعمل,1
الثلاجات,1
البنغالية.,1
غنيًا.,1
مرقًا,1
المنغولية،,1
عائلته...,1
نتواصل,1
أبنائه.,1
الجمباز,1
للجمباز،,1
يولياتي،,1
إيتا,1
المطحونة,1
لذن,1
للأمين,1
ضمنهم,1
شخصياتٍ,1
بمؤهلات,1
وسيديرها,1
المدرسية،,1
اللوازم,1
يساعدونني,1
بصريًا.,1
الأعلى”،,1
بالصلصات,1
“المغطاة,1
مستقبلنا.,1
مُحدّدة؟,1
استعمالها,1
المجال؟,1
تكفله,1
حقٌ,1
النبوي,1
والعمرة,1
تمنعهم,1
الدينية،,1
الحج،,1
أجريته,1
"والوطن"".",1
وصحيفتي,1
"""الحياة""",1
حواراتي,1
حورات,1
أجريتُ,1
بالشأن,1
مهتمٍ,1
توجو,1
الغابون,1
انتقادها.,1
بتحديها,1
دودي.,1
ناجماً,1
"""صدى""",1
أولية،,1
إثارة.,1
للعلوم،,1
والاهتزازات،,1
بمسؤولية.,1
قيمةً,1
وسيرى,1
سيئًا،,1
راعية,1
المغاربيّة,1
والمحال,1
والمخابز,1
والعصائر,1
والحلويات,1
مُدمّر.,1
1945..,1
لاتجاه,1
بالبطولات,1
كاراغر,1
تشخص,1
محتال,1
وتصحيحها.,1
تشريعاتِها.,1
صريحٍ,1
تُجرِّمُ,1
ورئيسه,1
بإسقاط,1
وتظاهرات,1
تجمّعات,1
نهارٍ,1
الغيثي،,1
المنعم,1
#درنة,1
وأحرق,1
والفيضان,1
«دانيال»,1
أسبوعٍ,1
مبادراتها,1
لدورها,1
تأكيدًا,1
والمشرقيّة.,1
قيمة.,1
كأشياء,1
يُعاملون,1
أسنانه,1
وخلع,1
بالسرقة,1
اتُهموا,1
لنجاحه.,1
مسؤولية،,1
محترف،,1
أنقاضاً,1
توغلها,1
44%.,1
وشراكتها,1
"ميل"":",1
#عقيلة_صالح,1
ملت,1
تصنيفات,1
الشكلي.,1
للعملاء،,1
الآلاف.,1
الثابتة.,1
مميزان,1
بردغجي،,1
وروني,1
راشفورد,1
تعاقدنا,1
والهجومي,1
متميزون,1
راشفورد،,1
فخره,1
مذكرته،,1
للأمازيغية,1
مجتمعاتهنّ.,1
قسنا,1
التلقيح,1
"""باراسيتامول""،",1
مفاقمة,1
الأدلة،,1
بشأنها,1
للهويات,1
جرد,1
البيضاء”.,1
المدرّجة,1
للمصادر,1
الحظرالافتراضي,1
استثناءات,1
يلاحقهم,1
دقّة,1
مدّة,1
فبإمكانها,1
بحذر،,1
المعلّقون,1
اللحوم.,1
سيبوتيندي,1
جوليا,1
مفتوحًا،,1
مهنية،,1
ساعدتهم,1
فلسطينيّة.,1
الشّهور,1
شَهِدَت,1
داليا,1
والعروبة،,1
“إذ,1
الرقمي:,1
و‎طمس,1
ثواني،,1
وقصصا,1
للأدوات,1
التوفر,1
النًادرة.,1
القانونيّة,1
النّائيّة,1
قضاياهم،,1
التّقدّم,1
المتقاضين,1
وتزويد,1
والتّرجمة،,1
النّسخ,1
"عنصرية""",1
"حقًا"".",1
شنيع,1
وملاحقة,1
(منه)،,1
مجرمو,1
"""سيستهدف",1
جوناثان,1
يشعل,1
صلوات,1
مسلحاً,1
زولوتنيك,1
برومانا,1
التقيتُ,1
شرطياً,1
فنان.”,1
والمكاتب,1
واستبعاد,1
مصرية.,1
الهين”.,1
والتذكر.,1
المصالحة،,1
ويعلم,1
وعكس,1
شيوعية،,1
وتجمعات,1
وأناركيون,1
يونانية,1
الاستقبال.,1
لضيفه,1
"""انقسامات",1
للترحيل,1
راض,1
الركلات,1
كثيرا...,1
"""نشعر",1
وانسجامه,1
يضيفها,1
بالقدرات,1
التصنيفات,1
استقلالهن,1
يسلبهن,1
لباسهن,1
البيضاء”,1
واتش،,1
فيلتر,1
للمضيفين.,1
والثامن,1
‘اللباس,1
جنسياً'،,1
‘تبني,1
والاختطاف،,1
الاستجداء،,1
أفعالاً,1
تُجرم,1
نصوصًا,1
القوية.,1
تعاونا,1
و62,1
معين؟”،,1
تزويرها,1
عاصمتنا،,1
لإنشاءِ,1
"براين"".",1
لكن...,1
بصراحة،,1
كاتاماركا.,1
لبطاريات,1
كاثود,1
أنونيما,1
سوسيداد,1
لعضو,1
حسابين:,1
"المواطن"".",1
تطارد,1
المنتَجة,1
قراءةسياسة,1
شابه,1
الحث,1
الإغراء,1
بالأسفلت،,1
معبدا,1
مقولات,1
بتجارب,1
قيست,1
والتحولات,1
للمتحف,1
كامتداد,1
سيُصمم,1
لسيّد,1
"الطلق""",1
وزو.,1
ارتباطي,1
المجلات،,1
صراحة،,1
رأيته،,1
الوطنيّ.,1
كمكسبٍ,1
يتشبث,1
النهضةعلى,1
خزنهاسد,1
3-1.,1
الجولة،,1
وتبنى,1
الوزراء-,1
-ولي,1
المباعة.,1
تشك,1
بالعبارة,1
تياب,1
الميمون,1
عهده,1
استقرارهما,1
لهدد,1
"""الحقيقة",1
بالتعب.,1
المقعد,1
الممتدين،,1
والأقارب,1
سيرسل,1
لمصنعها,1
كظل,1
"باندا"".",1
إلدورادو),1
باغرام.,1
عرينلاند،,1
السقوط،,1
واقفة،,1
بجاية,1
"نعم"".",1
وردّا,1
روليم,1
مَيرو,1
يتوخى,1
نوفاك,1
"النار""،",1
"و""تبادلوا",1
يُعيق,1
"""نقص",1
"""سنعلن",1
والستين.,1
طارده,1
مصداقية،,1
سوقٍ,1
ذواتكم,1
لتجلبوا,1
أنتم،,1
إليكم،,1
والتسعينيات.,1
“الجبر”,1
بانتهاكها,1
لملوم،,1
إيناس,1
أتباع,1
يُعتبرون,1
عوامي.,1
2024],1
[رئيسة,1
الوثائقية.,1
تيميمون,1
المكلَّف,1
يُسبّب,1
كالتّسرع,1
ستُنشئها,1
تلقينا,1
والتجانس,1
التنسيقات,1
وهُجر,1
أثرا,1
نحتفي,1
مهمومة,1
السفلي.,1
المنتصب،,1
"السمات""،",1
مزيجاً,1
"""يظهر",1
يحميه,1
أعربالرئيس,1
3.67,1
4.82,1
تناقضاتها.,1
سياسياً.,1
وسياحياً...,1
وتاريخياً,1
باسمها،,1
المُسمّى,1
كورنيش,1
المبرمجين,1
والسيولة،,1
الإيجاز,1
نيتيثانبراباس،,1
إكنيتي,1
العُظمى,1
“ها,1
مقولتها,1
نوبلكورت,1
ديروش,1
لشنق,1
بتدنيس,1
وبقت,1
كحقائق،,1
تتكرر،,1
الصقيع,1
تلفت,1
يُعالَج.,1
باقٍ,1
وزارته,1
ويغذيه.,1
فالدعم,1
بالسكوت.,1
بالتلفظ,1
والصراخ,1
البشر؟,1
الشّفافية،,1
مهمًّا:,1
متوتّرة،,1
قضائيّة,1
اختفى”.,1
بعلماء,1
والجائزة,1
اعتقادنا,1
والتمويل،,1
يُستهان,1
أُنقذت,1
"100""",1
161.1,1
"70""",1
البوليفاري.,1
ترهيب,1
بمفاوضات,1
لحوار,1
استعدادنا,1
أكدنا,1
إسنا,1
رأس.,1
ترسانات,1
الرجعية.,1
متحدثًا,1
ووقفٌ,1
مطلوبان,1
"""برمي",1
14.94,1
بقفزة,1
ليانيس,1
القفز,1
جوبا،,1
بالمحاكيات,1
وتنوعًا,1
ببيئة,1
مُضلل.,1
ونفذت,1
واللوجستيات،,1
وآن,1
ترويجها،,1
دليل،,1
289,1
مرشح.,1
بتدوينة,1
سيُدعى,1
متطوعو,1
متنفساً,1
8%،,1
"وأخلاقي"".",1
إحسانًا،,1
فحماية,1
فيرس،,1
ولّدت,1
غانتس,1
نحمها,1
كمجتمع,1
بلوغها,1
يتيمة,1
تنصيبها،,1
دعوتها,1
لذكر,1
المُثلى,1
مُدعّم,1
"""شورتس"".",1
الفيديوهات،,1
لعلامات,1
التلقائية,1
الطوابع,1
"كافٍ"".",1
(للتعافي)،,1
أنبوبًا,1
مهرّبة،,1
كقماش,1
السرير,1
إنترناشيونال-,1
خذل,1
أيضًا.”,1
والأيقونات,1
جزرية,1
تهتزّ,1
الكيلومترات،,1
والحكمة.,1
عايش,1
بحريني,1
ومضيق,1
مدربهما,1
متأخر،,1
المنافسان,1
الجدة,1
البوربون.,1
أصواتهم؛,1
تُسمَع,1
مناشدتي,1
أكرر,1
“أود,1
والبيلاروس.,1
الطمع,1
لمقاتلة,1
والعيادات،,1
لشئون,1
يُستضاف,1
الحزمة؟,1
بوصولها,1
وتطمح,1
2024،ويبلغ,1
"إيجيبت""",1
آسيا”,1
“جنوب,1
ازدهاراً,1
رائداً,1
تنموياً,1
أفرع,1
"""بروح",1
والفجوة,1
الالتفاف,1
والتعبير.,1
دعتا,1
كوس،,1
مارتا,1
ومفوّضة,1
بالحياة.”,1
فعملهم,1
كيلومترًا،,1
عنواناً,1
بداخلي.,1
والكائنات,1
ذاتي),1
(بورتريه,1
‘أنا'،,1
النحت,1
للدور,1
للمكانة,1
تتويجا,1
تضعها,1
أوصاف,1
إفريقيا”،,1
آسيا”،,1
و”غرب,1
"""جرت",1
لأصبحت,1
نماذج،,1
"غلوبال""",1
الأقليات،,1
عبادة,1
ويقين,1
هول,1
للجهد,1
بارزاً,1
التوجيه.,1
تتفرع,1
أنبوب,1
وضخها,1
التحلية,1
تصفيتها,1
مشروع),1
(التساؤل,1
يتساؤل,1
مجراها،,1
ستأخذ,1
للتساؤل,1
تعم,1
(الجذري),1
وستحقق,1
"متهمين""،",1
لشهود,1
أفراد،,1
ولشركات,1
مسيحيو,1
لمنظمات،,1
دهم,1
والأوروبية,1
لوطأة,1
فرحان.,1
زايد،,1
سوبيانتو،,1
تميم,1
انعقدت,1
وأمس،,1
بعينيه.,1
الحراك،,1
لمملكتنا,1
وحجاج.,1
ومعتمرين,1
وسواح,1
مقيمين،,1
عنان,1
بمقابلتهم,1
محليون,1
بتسجيلها,1
ماكلافلين-ليفرون,1
ويلزم,1
إلكترونياً,1
وسعيهم,1
يأس,1
جرس,1
"مذهلاً""،",1
"""استثناءً",1
الحياة.ويرى,1
لودرديل,1
بمآسي,1
التذكير,1
"القائمة"".",1
آغابور,1
وسالار,1
أولادغوباد,1
مسلم,1
ألمانيا),1
(بريطانيا،,1
الدرج,1
أُبقِيها,1
سأنظر,1
تأييدهم,1
تعرّضهم,1
"""العقد",1
"فمحدودة"".",1
خياراتنا,1
تتركوا,1
عندكم,1
سيجنال,1
تطبيقي,1
المحبوب.,1
صادفها,1
بلآلئ,1
شايه,1
إقران,1
جرب,1
مشروبه,1
منضوية,1
وتايلاند).,1
ممازحاً,1
أموره,1
ومحولات,1
كارتاجينا,1
(جيمبي,1
دميتين,1
المُستهدَفةُ.,1
التطبيقاتِ,1
يفترضُ,1
الأوسعَ,1
الجمهورَ,1
المُكالماتِ،,1
لإجراءِ,1
الروسِ,1
معظمُ,1
ويستخدمُ,1
المُركّبة,1
اللباس،,1
بالفعلِ،,1
محظورانِ,1
فايبر,1
التضخيم,1
للنسيج،,1
وات,1
616,1
جايدون,1
دانس”,1
“بايت,1
التبت,1
شيزانغ,1
أتلفها.,1
وتهتم,1
أدواتي،,1
وصلصال,1
التلوين،,1
ولوازم,1
مغرمةً,1
مارسته,1
والتكلفة،,1
لرستان،,1
أزنا,1
محتجين,1
تصريفه,1
وأنصاره،,1
قوة»,1
«فائض,1
غضب،,1
فائضَ,1
الحلاقة,1
أسرارهن،,1
البوليتكنيك,1
المعنوية,1
للرمزية,1
لمنفذِ,1
ورؤاهما,1
والدوحة،,1
"القطري""",1
"""التنسيق",1
وأتمتة,1
تنبؤات،,1
طورها,1
"و""غروك""",1
السويس),1
(داخل,1
مسجلةً,1
وملأت,1
تفتيت,1
“الانفصالية”،,1
وأفكاره,1
يبدأُ,1
الروسيةُ,1
اتخذتْها,1
رقابةِ,1
لأهمِّ,1
وغيرَ,1
الموجزَ,1
الزمنيَّ,1
التسلسلَ,1
“ميدوزا”,1
المُعارِضِ,1
لاندجراف،,1
غلاسكو.,1
وغاضبين،,1
وقلقين,1
مرهقين,1
وبيئي.,1
لتفعل,1
والبصل.,1
حاجته،,1
للاستحمام,1
معزة،,1
المجرّدة,1
"بالذهبية"".",1
الله...,1
والِدَاي,1
أهدي,1
الرقم...,1
1.41,1
الاولمبية,1
بالالعاب,1
اشبه,1
مفرداته,1
يتعاطى,1
سلمنا,1
والمقارنة,1
ومصادره,1
أدواته,1
يوجه،,1
يقاد,1
والتقليديين،,1
للتقليد,1
مميزاً,1
التطوع؟,1
تعود،,1
والتعويض,1
بتمديد,1
تمسكها,1
وسجن،,1
عازل,1
وجدار,1
فتتداخل,1
المظالم،,1
شبكاته,1
والنزوح,1
فالأفريقي,1
حقيقتها,1
ونتعمق,1
بجرأتها،,1
وننبهر,1
نستغربها,1
ناشطة...,1
ويبني,1
ومصطلحاته,1
بأبشع,1
وملء,1
ويصيب,1
يصيبه,1
يستعملها,1
أولًا؟,1
والمسيّرات,1
عهدًا,1
تخيم,1
بريتو،,1
كيبيريزبتو,1
بيكالو،,1
ومستقرة.,1
السعرية،,1
وثباتها,1
تبريراته.,1
معاد,1
العرقية.,1
والعار,1
الغدر,1
وعادتهم،,1
قياداتٍ,1
الحزبي,1
وتهدِّد,1
تشتم,1
للقرف،,1
بالتعدين,1
كولتان,1
نرتشف,1
والحامض،,1
ونخلط,1
تطرفًا,1
للمثابرة,1
رمزا,1
منافسيه.,1
مكانتها،,1
كعميل,1
للتوازن.,1
ستتناول,1
“حارة”،,1
3739.20دولار.,1
أطال,1
وتدخلات,1
ستعترف!,1
يتوعد,1
الأميركى،,1
ولقطات,1
والصومال،,1
تفاجئ,1
ويرجح,1
احترامك.,1
"لـ""ليكيب"":",1
سيلفستر,1
كبر,1
ماديلين,1
"إل""الألمانية",1
"شركة""دي",1
والانتماء.,1
للفن.,1
قضمة،,1
ونأخذ,1
ليمون،,1
‎المستدام,1
والتفاني,1
الغامبية.,1
بتشويه,1
وتتعاون,1
سيترجم,1
والتنظيم.,1
صانعو,1
صفاشهر,1
تشجير.التصوير:,1
المخالفة.,1
الكراهية،,1
الإزالة,1
مبيعًا.,1
لكونهما,1
و10%,1
للطراز,1
لإخفاقها,1
الوقودِ،,1
إمداداتِ,1
اضطراباتِ,1
المَرونةِ,1
ويَزيدُ,1
أمناً,1
الثابتُ,1
التحوُّلُ,1
للغرام.,1
4920,1
بافتتاحه,1
4963,1
فيديو.,1
ستُتيح,1
وستُطرح,1
1964.,1
وورد,1
بلسان,1
5.17%.,1
70.13,1
1.02%,1
التذكارية.,1
بالتخييم,1
الضائع.,1
موريل,1
جاكوب,1
وسجّل,1
المُستورَدِ,1
الشديدِ,1
دولِ,1
لاعتمادِ,1
لجنوبِ,1
عداءين,1
فنجحت,1
احتجازهم,1
مسجونين,1
1700,1
"بوست""",1
"""واشنطن",1
للقيادات,1
فلماذا؟,1
كتم,1
‏الأوروبيين,1
"""يتحدّث",1
ممّن,1
"لإسرائيل‎""‎.",1
تسلّموا,1
أمامكم,1
ترطيباً,1
فيقدّم,1
أحور,1
المحصامة,1
بقرية,1
لنرى.,1
انها,1
ستستهدف،,1
والتجزئة.,1
استحواذات,1
تكتلات,1
وسواء,1
واجتاز,1
فحلّ,1
داوود،,1
واسماعيل,1
الحرجة.,1
الصينية؛,1
تعدينية,1
11.8,1
504.7,1
البعير.,1
وقصمت,1
فأنهى,1
وبرايتون,1
واستلم,1
أبين,1
فالأول,1
الترطيب:,1
يتكاملان,1
يُمزج,1
مكثفاً,1
للذهب،,1
60-40)،,1
(وفق,1
توصيتها,1
ستانلي,1
فيالسنداتقصيرة,1
عواد،,1
ليميتد,1
عواد,1
سنا.,1
سنا,1
متجاهلة,1
ومتعدد,1
مستمدة,1
واستندت,1
والمشاورات،,1
"التحمل""،",1
بتجنّب,1
"""ينصح",1
بالأجر,1
نتائج.,1
وكفاءتها,1
الترانزستور,1
وأبل.,1
وبيبسي,1
ماكدونالدز,1
و10%.,1
للبنتاغون,1
بدفاعها,1
تفتخر,1
عَرَفت,1
للسندات.,1
والعرقية,1
وشخصيتها,1
موسيقاها,1
الثلاثينيات،,1
مسيحية,1
تبدّل,1
وتندرج,1
الميوومبو.,1
وتجارة,1
الممنهج.,1
والولادات,1
علمياً.,1
تكراراً,1
"التوحّد""،",1
إطلاقاً,1
"""الأميش""،",1
مصلح,1
رئيسان:,1
(توستادو).,1
“محمص”,1
فراء,1
قراءته,1
اليوروبيون,1
بترجمة,1
الأنجليكانية،,1
تونسيون,1
(2.23,1
السعوديةبجلسة,1
تداولاتالسوق,1
الربدي،,1
رصانة,1
سيبيع,1
احتكارات,1
سترأس,1
برينكيما،,1
الهاربين,1
ملجًأ,1
يغدو,1
المحمولة.,1
معلمي,1
اليونيسف،,1
​​برنامج,1
يُزوّد,1
فوق)،,1
الفصيل,1
الوثنية”،,1
“للتقاليد,1
العلياني،,1
رصيفًا,1
جنائيّة.,1
جريمةً,1
المعدّل,1
العمليّة,1
ضريبية.,1
مستقبلهم.,1
لحاظ,1
“تفويض,1
المبررات،,1
مطردًا.,1
١٩٩٥،,1
الضيّقة.,1
والتفاهمات,1
ستُفرض,1
ستقرر,1
وفرضوا,1
بانقلاب,1
الشيوعيون,1
١٩٤٨,1
هافيل,1
فاتسلاف,1
باراندوف,1
استديوهات,1
أخبره,1
أبينت،,1
بالثغرة,1
يُبلغهم,1
واقعة.,1
تدميرًا,1
والسيول,1
الأغراض،,1
المُصرّح,1
مُصرّحةً,1
بالتخصيص,1
بطلاقة.,1
مُيسّرة,1
واسمي,1
حرجة.,1
سلامتهما،,1
٤١,1
ورجعية”-,1
“برجوازية,1
حظروا,1
اشتراكية،,1
أفلامًا,1
بإنتاجهم,1
أيدلوجيتهم,1
كلوث،,1
فارما),1
(سيتكو,1
السعوديةالقابضة,1
الشركةالكيميائية,1
المنسوب,1
“عملية,1
والسلام،,1
للداخلية,1
كابيلو،,1
ديوسدادو,1
4.55%,1
4.59%,1
رفعوا,1
إزالتها,1
انتحالها،,1
"تنازلات"".",1
وسعها,1
أحيان,1
لاجي,1
فناربخشه,1
بتضخم,1
إيتامار,1
بتقويضه.,1
يُهدّد,1
لاعبٍ,1
الراعي,1
تحّولٌ,1
نزوة،,1
سي»,1
«بي,1
لمطالعة,1
مصيدهم,1
المنسوجة,1
وشباكهم,1
فبزوارقهم,1
التثبيت.,1
المنضبطة,1
بالهجرة,1
ويُحرمون,1
بلغتهم،,1
ويُمنعون,1
بالأتراك،,1
بائسًا,1
الصامت”،,1
“الاحتلال,1
محاكماتهم,1
لكانت,1
اختصاره,1
جيميني،,1
النهرين.,1
فكك,1
1960.,1
كيانًا,1
ليفيت:,1
“المرأة،,1
أميني،,1
النزهة,1
ترحيلها,1
فيسوق,1
مراكزهم,1
بالأنهار,1
للطقوس,1
وتراجعًا,1
التقطها,1
للفقرة,1
حضورياً،,1
مُعدّلة,1
القمح.,1
سيطرح,1
أولودوماري,1
الأوريشا,1
أورونميلا،,1
“الوطن”.,1
البحار”،,1
العلاجَ.,1
تُكمِلِ,1
بنائها،,1
باهظة،,1
بالاعتقاد,1
مفقودين.,1
ناقشا,1
والوزير,1
أُغلقت,1
والضوضاء،,1
ولافتًا,1
جرائمه,1
قضيتنا،,1
"""التطورات",1
مرداوي,1
للمملكة.,1
بالانبعاثات,1
مناطقهم,1
أموروث,1
لحماس.,1
يقينًا,1
آرسي,1
(كولومبيا)،,1
(غويانا)،,1
عرفان,1
(سورينام)،,1
سانتوكي,1
تشان,1
(فنزويلا)،,1
كالاعتداء,1
التدني,1
وتُبقي,1
"""شخص",1
متكرراً,1
حياة.,1
الكيندو:,1
الخارج؟,1
لمؤسسات,1
وايكيرت،,1
بيرو).,1
أوتارولا,1
(أوروغواي)،,1
(باراغواي)،,1
بينيتيز,1
عبدو,1
(الإكوادور)،,1
لاسو,1
لشحنها,1
مونتريال،,1
(شيلي)،,1
(الأرجنتين)،,1
(البرازيل)،,1
(بوليفيا)،,1
الاصطناعيقدرًا,1
تُشغّلالذكاء,1
المحتلّ؟,1
بإذنِ,1
خارجَه,1
البليّةِ,1
شرِّ,1
فلسطين”،,1
“دولةُ,1
كُتِبَ,1
بجوازٍ,1
الغربيّة،,1
ابنِ,1
لعلّه,1
"إنتريست""",1
"""ناشونال",1
“مثلًا،,1
بذلك.”,1
نتشرف,1
يضعنا,1
لفيسبوك.,1
"كلاود""،",1
بشركةميتامناقشات,1
“تقليدًا”,1
نتيجةاختراقأنظمة,1
عملاءه,1
لتصميمها.,1
بمقعد,1
وفشلتروسيافي,1
صورية،,1
الطاقة:,1
مُصنّعة,1
بالإخفاء,1
إدنبرا،,1
تخرجت,1
32،,1
موطنك.,1
جذورك,1
الصداقات،,1
جوهرنا،,1
تجده,1
وصيانتها،,1
وإنتاجها,1
إف-16,1
"""سنتفاوض",1
الصغير.,1
لطفلها,1
شيكاغو،,1
بالصناعات,1
بابل،,1
رخيصًا,1
الفلسطيني!\,1
عواصم,1
للديبلوماسية,1
"""لإحياء",1
لأجندة,1
تتفاقم.,1
تضيق,1
وقته,1
مستنداً,1
تفاوضي,1
بالكفر.,1
اتهامهم,1
القصري،,1
بحرائق,1
والبرية.,1
وتسميم,1
وتعرقل,1
لانسداد,1
برمي,1
التهاون,1
للسلطات.,1
اندلاعه،,1
دايجون.,1
همّشتها,1
مترابطة:,1
وإسرائيلفي,1
بيندمشق,1
علبي،,1
والخفيفة,1
وقصصه,1
قصائده,1
القاع,1
وصافة,1
"""هامرز""",1
بخبز,1
ساندويشا,1
تحضّر,1
للقصف,1
هيلاريون,1
القديس,1
ودير,1
جباليا،,1
بالبرازيل.,1
"عضوا""",1
تحوّل،,1
ميلاً),1
(17,1
قدم),1
(4900,1
الجبال،,1
“سيدتنا”،,1
ܣܝܕܢܝܐ)،,1
السريانية:,1
بسلاسة.,1
الفضلات.,1
يُصفّي,1
المجهول,1
السموميلعب,1
متقطع.,1
تنفيذه.,1
والمنشورات,1
و”استخراجية”،,1
“شاملة”,1
أبحاثهم,1
534,1
صمتٌ,1
صخبًا،,1
قاسيًا،,1
145,1
المسرح.,1
توالت,1
وأمامه,1
الإيجابي.,1
صغيرا،,1
سلوت:,1
المرفوضة،,1
تضحية,1
قوت,1
١.٧,1
٢.٧,1
(٢.٤,1
سيرلانكية,1
٨٠٠,1
٧٠٠,1
يدرعليها,1
الكسافا،,1
معيشتها,1
تكسب,1
احتكارًا,1
البقالة,1
استعادتكوريا,1
النخب،,1
والحرية،,1
حياتهن؟,1
يهربن,1
حجابهن,1
يضعن,1
واندفع,1
التمايل،,1
وركزنا,1
دهبيد,1
كوه,1
نوبه,1
احتماع,1
وكنيسة,1
رومانية,1
أنثيدون,1
الانتهاك.,1
طعامها.,1
للانتربول،,1
النشرات,1
الشرطي,1
40%.,1
حياتك”.,1
ويخجلونك,1
عمرك,1
تلاحظ:,1
"بـ""المخلص"".",1
سندي،,1
وسجنه.,1
بمحاكمته,1
لسوروس،,1
كثّف,1
أوسع؛,1
توترٍ,1
لاستفادتهم,1
كوراليس،,1
النقديين،,1
بالصحفيين,1
الملموسة.,1
للخصائص,1
التحيز،,1
المبارزة,1
84.5,1
81،,1
78,1
قُدّرت,1
ننتجه.,1
نستهلك,1
والمنتقدين,1
المنشقين,1
مستأجر,1
لداره,1
مَدنيٌّ,1
مُوضحًا,1
تهدئته،,1
السياق.,1
الإثيوبية.,1
نضالاتهم,1
وكوسوفو،,1
غسالة,1
فلبينية،,1
خادمة,1
الجنايات,1
انتقدوا,1
يُحرموا,1
كالإسكان,1
هاتيموغلو,1
تولاي,1
وينشرون,1
يعيل,1
معنوية،,1
استمارات,1
للإدارة،,1
تُلقي,1
المهرة،,1
وطالبة.,1
7200,1
(فرع),1
(فرعين),1
بأكمله.,1
بالتوصية,1
اعتزامه,1
تحطمت,1
ريبورتر,1
التكنولوجيا:,1
وبعنف,1
سخافة,1
إرثًا,1
بالبلاد،,1
تحلق,1
مشابهتين,1
حادثتين,1
للمنتج.,1
للنيابة,1
المشاركان,1
‎الرئيسان,1
باكيرهان،,1
وتونسر,1
"السوقي""،",1
"بـ""الفشل",1
يعُد,1
وتجميعه,1
كيلوجرامًا,1
والجماعي،,1
المرابطي,1
العطش.,1
ينهار,1
تصويرية،,1
بالصدمة،,1
البنغالي,1
نهجي,1
"""السقا""",1
وكسور..,1
لرضوض,1
ودبلن,1
"""يوروكونترول""",1
لبكين،,1
معقد،,1
حركاتها,1
تستوحي,1
البيوني،,1
التحريك,1
تُنشئ,1
بالتشريعات,1
15.993,1
وواردات,1
1.813,1
للإقامة,1
مسارين,1
وقبول,1
باليد.,1
سلمها,1
الركشة،,1
وعربات,1
بسيارتهم,1
للعنف.,1
ذلك!“,1
يمنعني,1
والمواجهات,1
وتأجيج,1
وأُرسلت,1
للإيحاء,1
والمسؤولون,1
يطبقه,1
المتفرقة,1
كوهرنك-3,1
"قادمة"".",1
بموفلين,1
والمحركات،,1
لاستبدال,1
كاسيو,1
للاستهلاك،,1
والمحركات,1
"""بما",1
المتوقعة:,1
تاكيوتشي,1
اللوائح،,1
تضاءلت,1
مستقطبًا,1
واستثمارياً,1
عمرانياً,1
منضبطة،,1
«شارل,1
وانقسامات؛,1
للساحة,1
متابعتى,1
420.9,1
تطرفًا،,1
سنعود,1
ووردزورث،,1
اللوحة،,1
وتصنيعها,1
التكتيكات،,1
وكنتيجة,1
الأرض”,1
“واحدة,1
الدخاني,1
سينشر,1
ستخصص,1
أسبوعياً،,1
بالمخالفة,1
الاحتفال،,1
بدونه،,1
بالاحتفال,1
"""الموقف",1
وتساءل,1
التصديرية،,1
المقاصد,1
"""مرزوق""،",1
روبنسون».,1
«تايلور,1
يوتاه»,1
«وادى,1
كيرك»,1
والتوقعات.,1
واللغة،,1
الجغرافيا،,1
أُعرّف,1
طفولتِكِ؟”,1
جنوني،,1
قبلها،,1
وأشكاله،,1
صوره,1
والإرهاب,1
وعمر,1
وبنتايك,1
يشتغل،,1
كايد,1
وآدم,1
والمحتجزين،,1
والتركية,1
يتقاسمها,1
ويُضيف,1
يُضعف,1
صليبي,1
"التنمية""،",1
"""الشعوذة""",1
سطيف,1
مغتربة,1
ظلماً,1
اتهموه,1
سماعيل,1
التذوق,1
مخرجات,1
بالاستدامة,1
بهيئة,1
فيّ،,1
المُصاحبة,1
كامل.”,1
صوتهم,1
والباحثون,1
وإلغاءات.,1
وكورك,1
ومطاري,1
(براندنبورغ)،,1
مليون)،,1
سنوياً)،,1
وناصر,1
عدى,1
لبيزيرا.,1
للتصدى,1
الملح.,1
الهجومية،,1
بيزيرا,1
مصيره.,1
وتتسق,1
مقدرة،,1
ينضوي,1
مُتصور,1
وتليغرام،,1
منتقلًا,1
وتكنوقراط.,1
العلاج:,1
"ذاتها.""",1
"وقالت:""الثورة",1
والسوريين،,1
أهميته.,1
الثالث؟,1
الأقوال.,1
تسبق,1
وبالمواقف,1
للجزائر,1
باتنة،,1
وتضغط,1
بالعقاب.,1
بالزي,1
كانيل،,1
المفاهيمي,1
ساعدتها,1
ومناوراته,1
للأهلى,1
الفنى,1
ومربكة,1
ومرواغ،,1
الخبرة.,1
اكتسبنها,1
وصبر،,1
تعاملن,1
عيشها.,1
ومحاصيلها,1
المهر،,1
ترتيبه,1
كمحاولة,1
جالتييرى,1
يوبولدو,1
أقامتها,1
ضارًا.,1
يومية،,1
السهلة,1
والتمرد,1
الكبري.خامساً:,1
رابعاً:,1
"مني"".",1
التركيز),1
متواجدا,1
كأنه,1
مضرب,1
"""اعتقد",1
"مماثلة""،",1
تُعرِّض,1
غذائية.,1
المهارات.,1
أوراقا,1
الصعودي,1
عاودت,1
87.7%,1
الاستبطاني,1
انتشارها,1
الموظفين.,1
والاشتراك,1
القادرين,1
تقييماتهم,1
"إكس""،",1
وباراغواي,1
أسودين.,1
لثقبين,1
ونادر,1
لقبها.,1
يحققها،,1
يفرط,1
المنفردة,1
سيعطي,1
المجزأة،,1
وسنستكشف,1
سنتناول,1
والصحفيين.,1
الاستهداف،,1
مهدّدين,1
كمشبوهين,1
المصنَّفين,1
والديكتاتورية,1
والأرجنتين.,1
بالمشاعر.,1
والتحليلات,1
والدوريات,1
بالرادار,1
سباه,1
والمشبع,1
“المدن,1
الإرسالية،,1
تخيّلنا.,1
إيرأن,1
تفكيكآيفون,1
المورّد,1
الثروة؟,1
الرأسماليون,1
المذكورة.,1
تشرع,1
مُذهل.,1
بتجديدٍ,1
بخار,1
المستفادة,1
القطب,1
وسنستمع,1
مالكين,1
أحرزتا,1
و67,1
بالسعر,1
"جيكو"".",1
متداول،,1
407,1
بتعويضات،,1
المنافسون،,1
ومطورو,1
وسيتابع,1
والكينونة,1
والكيان,1
موصوفٌ,1
يلخص,1
الصغيرة”،,1
الرسميِّ,1
تطبيعَ,1
رُحل,1
"تسوية""،",1
نتوصل,1
والكراهية،,1
وتهديداً,1
"""دعماً",1
حدوثه،,1
المعني.,1
المستنيرة’,1
مدفعيا,1
وقصفا,1
ومدنية,1
هشّا،,1
‘الموافقة,1
مفهومة،,1
والزواج,1
بأدلة,1
التقليديون،,1
الإقليميون,1
المقدمتين,1
38.22,1
المُحتملاتِ.,1
عاتقِ,1
الأخلاقيَّ,1
العبءَ,1
يُضاعفُ,1
أجسادِ,1
المُطلقةَ,1
السيطرةَ,1
يُرسِّخُ,1
باريسية،,1
كيلوواط/ساعة,1
توربين,1
الكهربائيةعن,1
لصناعةالسيارات,1
بتركيا,1
المنظومي,1
‎الجرائم,1
البريء,1
التقديرية.,1
76.6,1
أكازاوا,1
ريوسي,1
ونشأت,1
باميان,1
أناشد,1
لأربعين,1
والتصدير.,1
مشروعه،,1
للآلات,1
و8954,1
1730,1
عالجتها,1
بالوزارة،,1
عمليةاختراقوقع,1
للإقليم,1
الدفع.,1
والأقليات.,1
وقانونية،,1
لمقربين,1
"""سمح",1
بسجن,1
تيأسن.,1
وضعي:,1
نادراً.,1
“تختفي”,1
وجزئيًا,1
شغفه,1
لمطبخ,1
للانتقال،,1
ستشرع,1
استعيد,1
المهيب.,1
ذكّر,1
المحاذية,1
والشرقية,1
أوكار,1
حربه,1
خول,1
حصان،,1
بمحركين,1
طنا.,1
2856,1
الخشب،,1
"""أركتيك""،",1
التصميمات،,1
والصبر,1
التأني,1
مستقيمٍ,1
بخطٍ,1
تصعد,1
ينفر,1
الخبرات،,1
مركزة،,1
إدارة.,1
المهملة،,1
التخريب.,1
لإحباط,1
والجرأة,1
نتشارك,1
الشاحنات.,1
للطاقةوخمس,1
علىمجموعة,1
"بـ""انسيابية""",1
سيُطرح,1
"""سيري""،",1
لمساعدها,1
تي،,1
شركةأبلتطبيقاً,1
بالساعة.,1
ماتي”،,1
“يربا,1
مفتّشي,1
سكني.,1
هجمات،,1
أوغانيسوف،,1
4.15,1
ووظف,1
25.73,1
جرين,1
بالتراضي,1
إنهائِها,1
(90),1
مُدَّتها,1
مُحددَّة,1
وأدانتها,1
وألفارو,1
ودين,1
كارفخال,1
خدعة,1
كسيحاً,1
ونصيب,1
28.23,1
174,1
"الإلكتروني"".",1
الورقي,1
فياض,1
للذوبان،,1
نواتج,1
والخاصة.,1
الدراما.,1
المتمتع,1
الإيجار(,1
يُعدُّ,1
جوا,1
مظهرهم,1
ندّدوا,1
مؤسستهم,1
طلاّبية,1
تداعياته؟,1
تهيج,1
الركبتين,1
ويهدئ,1
الأوجينول,1
مُركّب,1
وبيئيًا.,1
حطم,1
كاريراس,1
"قبلنا"".",1
نولي,1
كهذا،,1
سادوفنيتشي:,1
وإيماءات،,1
والمساندة,1
الصفا,1
رافدًا,1
مشددةً,1
القطعة،,1
بصنع,1
مُدَّة,1
الطرفَ,1
يُشعِر,1
مُجددًا,1
المملكة),1
"بالتنمية.""",1
تشهده,1
بالتحول,1
بتزامنه,1
مقرنا,1
والابتكارات,1
لإحداث,1
وباكستان:,1
ديون،,1
أوسمان,1
تطلَّب,1
الإيجارية:,1
المقدسة.,1
التصحّر,1
والبيئي,1
كقروض,1
ثغرةٍ,1
يكونُ,1
ارتداؤه.,1
“حرة”،,1
المناعية,1
أجهزتنا,1
للخوف,1
أدمغتنا,1
سكوهِيجِن,1
بمدرسة,1
هنتر,1
اغتياله..,1
للتصميم,1
اعتقالها.,1
طُلِبت,1
وصحية،,1
اشتدّت,1
عامَ,1
نكبةِ,1
صُوَرِه,1
وتجسّدَ,1
الانتدابِ,1
الأوّل,1
حجرُه,1
وُضِعَ,1
استعماريٍّ,1
استيطانيٍّ,1
لمشروعٍ,1
مباشرةٌ,1
ثمرةٌ,1
التشريعات؛,1
عابرةٍ,1
والإصرارِ,1
الشرعيّة،,1
المستوطناتِ,1
وتوسيعِ,1
والشعب،,1
الأرضِ,1
تمزيقِ,1
يتواصَلُ,1
حربِ,1
الشرقيّةِ,1
والقدسِ,1
غزّةَ,1
وقطاعِ,1
الغربيّةِ,1
احتلالِ,1
قبضتُه,1
أوقية,1
(1.4,1
كردستانعبر,1
نفطحقول,1
"الأخضر"".",1
أساطيل,1
معلومات،,1
قيما,1
والمسجد،,1
أحقيّة,1
جاسبر,1
ونكهاته,1
اللذيذ,1
بطعمه,1
تفجرّ,1
إنكارِ,1
وجهِ,1
البِكْرِ،,1
الطبيعيِّ,1
بجمالِها,1
مشهورةٌ,1
البحارِ”،,1
“أمازونِ,1
يُعرَفُ,1
يُشكِّلُ,1
المَرجانيةِ”,1
“مُثلَّثِ,1
والتميز,1
فعاليتها.,1
يُضعِّف,1
بالحسبان،,1
مؤنثة,1
مطبخنا,1
و”قوغال”,1
بوره”,1
و”شيكر,1
البقلاوة,1
وعطر,1
المنقوعة,1
مساعدة”.,1
منفتحة،,1
سارة،,1
سيتلاشى,1
فينا,1
أقدس,1
ركزنا,1
ورجاحة,1
الأرضِ.,1
ثانيهما،,1
وإقناع,1
وحضّ,1
للمبادرة،,1
أولهما،,1
محورين:,1
22318.766,1
0.80%,1
179.1,1
ومتمنيةً,1
31.9,1
تمثيلهن,1
بغداد.,1
تفصيلًا.,1
ويفسح,1
النوروز.,1
يُقيّدُ,1
فعليةً،,1
اقتصاديةً,1
الحكومةِ.,1
ميزانيَّةِ,1
مُدرَجًا,1
الكُوادرِ،,1
الأنشطةِ,1
دَعمُ,1
يَعُدِ,1
"تحترق"".",1
بقذيفة,1
"""سفينة",1
الخطط.,1
وبالانتقال,1
أممي–عربي.,1
نصراوي,1
رعايته,1
"نيوزيلاندا"".",1
"""ستعيد",1
لمطار,1
هوريهانغاني،,1
وأبرزت,1
الأجر،,1
يتبناها,1
والواجب,1
درجةً,1
بالمجر،,1
السياسةِ,1
طويلةَ,1
الاستراتيجيةَ,1
خياراتِ,1
كتاباً,1
المنظّر,1
الإفلاتَ,1
حاولتَ,1
وجهكَ,1
يممت,1
تجرّك,1
شينجن,1
كينغ,1
"""جنوني""",1
"""البوفيه",1
لوصفها,1
ماتارو.,1
روكافوندا,1
منزلاً،,1
"""الحفيد""",1
أوضاعهم,1
العصيب,1
التسلية».,1
العامَّ,1
الشأنَ,1
«العرض,1
حلبةً,1
الثقافةَ,1
«بوستمان,1
«حكمة».,1
ولخّصه,1
اعتنى,1
التسويقي»،,1
الموت:,1
«تسلية,1
بعنوان:,1
"""صدمة",1
ستتسبب,1
"الإقليمي"".",1
وسنار,1
سدود,1
لمعدلات,1
فورياً,1
تنسيقاً,1
خطتها,1
‏وأنها,1
التطرف،,1
ويتحسب,1
ويدرك,1
‏لعملية,1
وتقديري,1
توطينهم.,1
جهنم.,1
الحرب؛,1
٢٠٢٠,1
(562,1
برسائلٍ,1
مقاطعٍ,1
ومقدمي,1
ظهرَ,1
يدحض,1
المفلترة,1
والنسخ,1
تبعيةً,1
يُولّدُ,1
3.25-4.25,1
الأدنىللنطاق,1
"كبيرة""،",1
بالأولوية,1
بجذب,1
عبدالصادق،,1
المكلّف،,1
طرابلس,1
"""ريجال""،",1
العقاريالبريطانية,1
شركةالتطوير,1
"""أرادَ""،",1
اللبنانيقد,1
تخنقالاقتصاد,1
"و""أهمية",1
بأجندات,1
للتحديات,1
ومبعثرة.,1
وفعالية،,1
آمالنا,1
للترحيب,1
بوسعي,1
للشتاء,1
معاطفي,1
وأعد,1
تضمينه,1
ابتعاده,1
المصارف،,1
حارة.,1
والأطباق,1
الخضروات,1
“مخللات”،,1
المتخمر,1
فنادقهم؟,1
“ألن,1
للخدوش,1
بمتانة,1
لتضيف,1
خاليًا,1
الزائرين,1
لشرائح,1
مُمكنًا,1
قررها,1
بالصندوق,1
السودانيون،,1
يُسكت,1
طبيبة.,1
تهديدًا،,1
التشجيع،,1
اتخذه,1
حقيقة.,1
بـ«اليوم,1
الجرح,1
والضمانات.,1
مفاوضات.,1
إرغام,1
المدماكُ,1
صريحة.,1
بعث,1
تُتاح,1
بحوكمة,1
والسلفادور,1
ذاتها،,1
ستدور,1
وترجمته,1
لكنَّه,1
وتاريخي،,1
لها”.,1
ننتمي,1
يعاملوننا,1
لتمركز,1
جنوباً,1
للآليات,1
محدوداً,1
توغلاً,1
80.7,1
تكتل,1
و”مجرمين”,1
“مغتصبين”,1
قيمها,1
وتتكامل,1
«الهوية»,1
الوطني»،,1
البلجيكية،,1
واستثماره,1
2.68,1
2.53,1
الميادين,1
أريفابيني،,1
ماوريسيو,1
تبرئة,1
تورينو،,1
والأملاح.,1
وبالأخص,1
عامةً،,1
بثرواتها.,1
تتباهى,1
الاتساع؛,1
الاستعدادات.,1
بنبورو،,1
ذريّة،,1
“أعشاش”,1
مخاطره,1
"""تايلينول""،",1
مسكّن,1
عنصحيفة,1
للمرشحات,1
ماء؛,1
10.35,1
لإنقاذهما,1
الرهينتين,1
الشمالي،,1
والإقليم,1
ولايتين,1
وقصّر.,1
لناسا,1
بذلك”.,1
أرقام.,1
وليسوا,1
بشر،,1
"الدوحة""",1
"""ضربة",1
الشاباك,1
حالة.,1
6.1,1
كوينزلاند,1
الاستكشافي-كارومبا,1
بنبوروا-,1
مجا,1
كاربينتاريا:,1
كارومبا,1
تقلصت,1
وعامل.,1
14500,1
العمالة.,1
أيامها،,1
78.4,1
78.0,1
المريري,1
بظلالها؟,1
تضخمت,1
"والأجنبية"".",1
للاقتصاد،,1
حثيثة،,1
وبرعاية,1
آفاقا,1
وستفتح,1
المتشددة،,1
للمهاجمين:,1
للضغط.,1
العزاء,1
خديجة،,1
(شينخوا)،,1
لسوقالموسيقى,1
3.9%,1
والاستدانة،,1
فالإفصاح,1
كروز.,1
بورمبوراو,1
وأعطت,1
الكمي,1
وللتعويض,1
العائدات،,1
التربة.,1
نعرفه.,1
وتثير,1
عاجزاً,1
للعلماء،,1
محيراً,1
الثقوب,1
استعداء,1
"الكردي""،",1
"""قسد",1
"""نعم،",1
ألفه,1
ثولي،,1
باليمين،,1
عدديًا,1
تفوقًا,1
مسافر.,1
أوهير,1
دنفر,1
دالاس-فورت,1
المتصدرة,1
"بمفردي"".",1
تساعدني.,1
تدعمني،,1
اضطرابات،,1
خلفًا,1
توخيل,1
مدريا,1
ناغلسمان,1
يوليان,1
أُقيل,1
"""اتصل",1
44%,1
لتصلَ,1
النسبةُ,1
ترتفعُ,1
حياتِهنَّ،,1
مرحلةٍ,1
للعنفِ,1
تعرَّضنَ,1
العلومِ,1
دوريةِ,1
المنشورةُ,1
الشروط.,1
اليومية».,1
«الحكمة,1
تسميه,1
صُنّاع,1
اعتمدتها,1
كوروم،,1
تتم.,1
لتفاهمات,1
خارجياً،,1
صلابة،,1
غموضه,1
التّمييز”,1
“تضخيم,1
القشاة,1
الصحراءِ,1
جوف,1
ومحبّة,1
للناشطة,1
يسكنها,1
جنوبَ,1
"الاستهلاكي"".",1
الفاشي.,1
تمكنا,1
والعسكريين,1
“بفضل,1
لحربه,1
دعاه,1
6.34%،,1
بحقّنا,1
مسجلين”.,1
كاكار:,1
مونيزا,1
بدعواه,1
تشمله,1
لضرر،,1
تعرضهم,1
"الركاب"".",1
مقصورة,1
والأكسجين,1
مضغوطة,1
"إكسبريس""",1
إنديان,1
رانغاناثان,1
موهان,1
وأمنية،,1
تقلق,1
الموريتاني.,1
بتراخيص,1
طائلة.,1
ثروةً,1
ستُكلف,1
الاستبدادية.,1
بمساواة,1
عاملَّ,1
وخاطئًا،,1
متحيزًا,1
الأمريكيتين,1
جوديرياس,1
قرون،,1
الأثير,1
موليناري.,1
وأسطورة,1
زولا،,1
جانفرانكو,1
التجمد,1
(هيبوكسيا),1
المتسللين,1
نجاته،,1
"الصدد"".",1
مرهونًا,1
(الابتكار).,1
الزرع,1
سقي,1
فضخ,1
التنافس،,1
وسيحتدم,1
بيعية,1
وسيفتح,1
رأيي)،,1
ادارة,1
مُخربة,1
مُدّعيةً,1
فوقها،,1
الأمريكتين.,1
نظامًا.,1
وجودُ,1
للقارة.,1
شعوبهم,1
ورواة,1
ومهاجمة,1
وإسكات،,1
تهميش،,1
إتلاف,1
11:54,1
ستشكل,1
الحدس,1
متّبعة,1
أفعله,1
يخبرونني,1
الكيميائيون,1
60.53,1
"الحلول""",1
إس),1
المعمر,1
فسيعاد,1
المفتشين,1
الإيرانيون,1
إعفاؤها،,1
سوشيال،,1
يحميهنّ.,1
يغيبن,1
للخدشبسهولة,1
الطرازاتعُرضة,1
المتسوقون,1
17الجديدة,1
عرضهواتف,1
الطاغية,1
والزيادة,1
تفكيكها.,1
الأبوية،,1
استبطان,1
المتعلمات،,1
مستقبلية.,1
هيكلاً,1
«مساعدة»,1
صندوقاً,1
جداول,1
شكلياً,1
جانبهم.,1
(سكان,1
للغاوتشو,1
فولكلورية,1
علنا,1
وينظر,1
أسلوبا,1
نقيضين,1
والجمع,1
معاصرين,1
يجعلنا,1
بالجذور,1
"""الهوية""",1
تقتضيه,1
يقتصر،,1
بحياتك.,1
الميزة.,1
هندية.,1
نيبال؟,1
ن):,1
توقعاتنا,1
فولي:,1
"""رابوبنك""",1
للوضع,1
القروض.,1
مرابي,1
يطرد,1
داخله؟,1
وتسكن,1
بالتاريخ,1
تتشبث,1
تماما.,1
النووي؛,1
نتجه,1
يقولوا,1
النووي...,1
إسبوسيتو,1
التاسعة،,1
التدريس.,1
ويكرسون,1
المتفرغين,1
وتعقد,1
الجوفية.,1
امتصت,1
الارتوازية،,1
استنزفت,1
والقنوات،,1
استلزم,1
المزروعة,1
"بعده"".",1
"""ومع",1
للخطوة,1
الكوني”,1
“السباق,1
الدرامي,1
متابعوه,1
لمسلسل,1
بتغيّر,1
وخيانة,1
والاحتيال,1
الرشوة,1
تُهم,1
يُحرز.,1
تُقضَ,1
العاشر.,1
فيرونا,1
هيلاس,1
82.ورفع,1
إرساله,1
جينسون,1
أنصاره.,1
رهانه,1
مبهمة.,1
مكيشا,1
ماما,1
خُيِّرت,1
عالمين.,1
سلالتين،,1
أعلنّا,1
"شاشة"".",1
يعرفاني,1
كرال:,1
تجانسًا,1
(1925),1
ماروتشان,1
الـ500,1
لبنصتف,1
ثقالية,1
يولّد,1
الضخامة,1
تعبئات,1
أصواتًا,1
الإذاعات,1
أوبك,1
تتصور,1
المفاهيمي.,1
وتطورات,1
وإيستبورن.,1
شتوتغارت,1
المثالي,1
ووجهة,1
زيارةً,1
عقوبات.,1
للإرشادات,1
والعقد,1
النادرة]”،,1
[أحد,1
الأيوني,1
نكافحه,1
بمقاطع,1
(48%).,1
"فاجنكنشت""",1
سارا,1
73%،,1
"ألمانيا""",1
"""البديل",1
والمناطقية.,1
والإثنية,1
صدىً,1
اشتراكاتهم،,1
علمهم،,1
منه؛,1
1952.,1
ضحايا.,1
ندرة.,1
ثابتًا،,1
تيكو.,1
فيشنوماتي,1
بنهر,1
ملتقاه,1
والسوبر,1
"""الإمارات""",1
استبدله,1
ابتعد,1
مهمةَ,1
صدره,1
الأزرار,1
مُزين,1
سلامٍ,1
مُسنٍّ,1
كرجلٍ,1
فسيسرد,1
«ديمقراطياً»,1
أقل».,1
«حكومة,1
فسيجيب:,1
«جمهورياً»,1
«الجمهوريون»,1
كميّة,1
حشو,1
تتجاوزها,1
مطلقة،,1
28800,1
التقليدية».,1
«القيم,1
«التشابكات»,1
متعددة:,1
مجدداً».,1
الأسوار,1
ثمة،,1
واتّفاق,1
«لنجعل,1
الخاص:,1
بشعاره,1
احتكاك,1
الشيعيّة,1
بالاحتلال؛,1
السياديّين,1
الطلّاب,1
بالتسعينات,1
مخابراته,1
قست,1
وتكيّفت,1
الشرقيّة؛,1
بحرب,1
1969,1
البستاني,1
المؤسّسة,1
"""الشعب""",1
الهراء,1
45.2,1
3.2%،,1
طائرات،,1
52.3,1
الفضة.,1
بعسكر,1
فكريّة,1
خفّة,1
"ولبنان""",1
يضعون,1
التّحوّلات,1
السينما.,1
الفنون،,1
تزيّن,1
العسكريتاريا,1
خيلاء,1
“الحلايبِيّين”،,1
ويتوافق,1
مؤقتًا”،,1
“الإسكندرية،,1
بارزي,1
ديرفال,1
الإقراض.,1
للودائع,1
طاقمنا.,1
نفقاتنا,1
نغطي,1
الاستراتيجيين.,1
المدارة،,1
والمحافظ,1
المبادلة،,1
المُعارض,1
نضوج,1
قتلوا،,1
الترخيص.,1
وتسجل,1
"شرعي"".ويعد",1
"يتغير""",1
"الأكاذيب""",1
9.752,1
لسيطرتها,1
بالمزيد.,1
وأطالب,1
وأمزج,1
وأجرب,1
الممكن،,1
9.201,1
حلايب,1
الإيداعات,1
معيشتهم,1
تُرفَض،,1
المؤجلة,1
والشيكات,1
المجدولة,1
استُنفِدت,1
والوجهات,1
يصدرونه,1
مصدري,1
المهرة.,1
29%)،,1
​​الدول,1
​​(يبلغ,1
استدامة.,1
صناعتها،,1
عامًا”,1
“18,1
وثائق،,1
ومتانة,1
درجتين,1
"و""موديز""،",1
وكالتي,1
صونيا,1
"مهماً""",1
"""إعلاناً",1
كشف،,1
وتنكر,1
ومعقلًا,1
مؤيدًا,1
بمدفوعاتهم.,1
منتظمة,1
"""أورا",1
باختونخوا.,1
التعقيب.,1
"و""سيتي""",1
"""جيه.بي",1
للتعليق،,1
مؤيديه,1
تصفيق,1
علا,1
وهزمه,1
الخبراء.,1
أتجاوز,1
متكافئًا،,1
عراقياً,1
مصنعاً,1
شفهي,1
تُخفف,1
فإمكانية,1
الفضاء؛,1
باستكشاف,1
تيغراي.,1
نسيَّ,1
المعروضات.,1
الاستقبال،,1
والحديقة,1
31.,1
والإنكار,1
تُوضح,1
الإداريون.,1
فنيًا,1
هيل،,1
"هيلث""،",1
والصحافة.,1
التدوين,1
ومجالات,1
التشيكي،,1
بالضلوع,1
"""التريند""",1
والبداية,1
محاولتها,1
التفتت,1
الميكونغ.,1
يبشر,1
النوعي،,1
جاد،,1
البيئيون,1
تُأكد,1
موقعها.,1
التعاطي,1
مصداقيتها,1
سقطة,1
وداعميها،,1
للجهة,1
انقلاباً,1
"""يشكل",1
زيادتها,1
يقدروا,1
وداعم,1
جونسون.,1
خسارات.,1
ستخفق،,1
وفّرت,1
المدفوعة،,1
الاشتراكات,1
“رائع،,1
و3.45,1
أغسطس/آب.وتتوقع,1
3.38,1
حُوّلت,1
الجويةمن,1
استئنافالرحلات,1
مخزونًا,1
المنتصف,1
تمشي,1
جيانا,1
الدمار.,1
تريبهوفان,1
1951،,1
يجتمعون,1
"ومؤسساتها"".",1
جهازِ,1
بتوغلٍّ,1
داخليّة,1
عناصرَ,1
بأنَ,1
تفيدُ,1
خريجو,1
والنظم,1
تتبعينها,1
للأجور,1
خليجي,1
بساعتين,1
الإقلاع,1
نُصح,1
آخر”،,1
ترتفع؟”,1
وتجارها,1
أسواقها,1
يصنعون،,1
يأكلوا,1
يزرع,1
ومسيرته،,1
ومطعمه,1
لبسه,1
ومماته,1
ومحياه,1
حليفتها,1
انتقادًا,1
والمعيشة،,1
وتوفيق,1
ومصممة,1
الإيرانيّ،,1
الحيض؟”,1
ألديهن,1
باكستان؟,1
يُطرد,1
التزاماتها.,1
الأوزون.,1
واختناق,1
وتسممها،,1
المناخ؟,1
14بالمئة,1
1578,1
وموطنه.,1
يجهله,1
جهاده,1
ويعرفون,1
وعمالها،,1
مشروبه،,1
السخي,1
الخيط,1
مقتلعة،,1
زيتون,1
تعاد,1
مجدٍ,1
الربيع.,1
غولوب،,1
أرواحًا.,1
السودانيين،,1
البلاد؛,1
والمؤسسية,1
إنجازه،,1
متأنية,1
"""سننفذ",1
“الشنين”,1
وتطمئن,1
مسكوتًا,1
ضيق،,1
بالتحرش,1
استكشف,1
"ألمانيا"".",1
بتشكك,1
تنفعها..,1
الزفاف.,1
الختان،,1
الشاي:,1
كالموت,1
والناعم,1
كالحب،,1
كالحياة،,1
يُقلِّلُ,1
العادِمِ،,1
أنبوبِ,1
انبعاثاتٍ,1
قنواته,1
والملاحظة،,1
للقياس,1
إقليمة،,1
اصطفافات,1
الحلوة.,1
الحامضة,1
بنكهته,1
الصائمين,1
ظمأ,1
المنعش،,1
الشراب,1
التنفسيِّ.,1
الجهازِ,1
وأمراضَ,1
الدُخانيَّ,1
الضَّبابَ,1
تُسبِّبُ,1
العوادِمِ,1
الناتجةِ,1
الضارَّةِ,1
الجُسيماتِ,1
وغيرِهما,1
الكبريتِ،,1
النيتروجينِ،,1
أكاسيدِ,1
الهواءِ,1
مُلوِّثاتِ,1
“ممتلكاتنا,1
المترتبة:,1
سباك,1
الفم.,1
عصيرالشمندربانخفاض,1
والطب،,1
يرحل.,1
يوافق،,1
فسيجدد.,1
يهمه,1
تشابي،,1
يتدخلوا,1
أوضحوا,1
عاما/،,1
/25,1
يتفهمون,1
وبرمجيات,1
مزدهرة؛,1
أنشطتهم،,1
تُمكِّنهم,1
الجهات؛,1
"""دان""",1
ذكرًا,1
بيرابورا،,1
نقلنا,1
لمرافقتهم.,1
البضائع”.,1
وعوملنا,1
والضرب,1
أسلافنا.,1
وذكرياتنا,1
وملاط،,1
الأسبوع”.,1
زحفها,1
والمجر،,1
بالتوسع,1
"دي""",1
وتوافقها,1
الوثنية,1
للعادات,1
الوصم.,1
الرحمة,1
التحريم,1
لاحتيال,1
كضحايا,1
مساعدتها.,1
استمعت,1
تمنت,1
مقاعد.,1
"و""الديمقراطية",1
"بارتي""",1
"و""ناشايي",1
"""البديل""",1
مقعداً،,1
تنال,1
مقعداً,1
عميقة.,1
خلّف,1
والمادية،,1
صالحا,1
شربت,1
سلوفاكيا,1
ستعرض,1
بالعدالةِ,1
لرجب,1
احتجاجنا,1
لاحظنا,1
أحدا،,1
نحرض,1
الهدوء..,1
"""دعونا",1
بقوله,1
المظاهرة،,1
وترديد,1
وتعليقا,1
احتواؤه.,1
ونتجنب,1
نستجيب,1
الفرنسيين.,1
معاييرهم,1
0.8%.,1
تعرضًا,1
ببنغلاديش,1
و”ميتالي,1
و”باندان,1
“مايتري,1
للرحلات.,1
"الرحلات""،",1
"الحاكم.."".",1
أرسلهم,1
المحرضين,1
“الزريك”,1
“المذق”,1
والعملاء,1
توقفوا,1
أردوغان:,1
"""سنتخذ",1
وشرقه،,1
شيعية,1
بلجيكيين.,1
غائرة,1
مفكوكة،,1
استراحات,1
البلاطات,1
بالتلاشي،,1
ألحان,1
صيغت,1
الأغاني؛,1
دونيّتنا,1
امتيازنا,1
بشرتنا،,1
بطلب.,1
الأسرية.,1
ورثتها,1
تقودني.,1
التمهل،,1
الطاقي،,1
حكومي:,1
قال،,1
مأخوذ,1
تأملية.,1
محضة،,1
لبوتن,1
بالانتهاك.,1
البيضاء.,1
المحدثلرسوم,1
لدن,1
ألفاً.,1
استشعر,1
يعلق,1
الفكر.,1
بسطوة,1
مرهوناً,1
وتشهير،,1
تخوين,1
ومصداقيته.,1
سمعته,1
بوضوح.,1
تجلَّت,1
ومنعه,1
شيخي,1
التنفيذ”.,1
“وصول,1
شاشة:,1
بالحجارة.,1
الفلسطينييون,1
مشاهدتي,1
يُقتَل,1
أتذكّر,1
أعِ,1
فلسطين”,1
نفديكِ,1
بالدم،,1
“بالروح،,1
الكويت:,1
أردّد,1
الاجتماعية-الاقتصادية,1
أذكت,1
مجتمعاتها,1
تعمقًا,1
السويسرية،,1
كمرشدين.,1
معرفتهم,1
115.9,1
114.1,1
تخطى,1
"الليبرالي""",1
"""التيار",1
إسقاطها,1
أوراسكوم.,1
المشروع:,1
راعي,1
آلن،,1
لضربة,1
الأهداف.,1
علىغزةلن,1
حافي,1
"دولار).""",1
(936,1
"78,324.3",1
الإجمالي…,1
4.0%,1
(قرابة,1
"8,653,989.6",1
"سيارة"".",1
ودوائر,1
"""مبيعات",1
10.7,1
11.1,1
الديْن,1
2028م،,1
لضرائب,1
2.65,1
"معهم""،",1
"""نتحدث",1
"""رغبة""",1
قدراته.,1
والعمارة.,1
متعددي,1
مؤتمرنا,1
سيأخذنا,1
الوفاض.,1
خالي,1
إنشاءات,1
للراحل,1
خائف,1
طعام،,1
القدمين,1
أكتوبر”،,1
“1,1
الوطني؟”,1
“متى,1
سُئل،,1
بينج”،,1
بلدنا؟”،,1
تسببتهجمات,1
قريباتي,1
متجاهلةً,1
التبييض،,1
وأرفض,1
بتشذيبهما,1
رفيعين,1
حاجبي,1
5%،,1
الفخارية،,1
قاحلة.,1
هاسيلوالا,1
بإجادة,1
بريطانياأكثر,1
الأجانبإلى,1
والفرص.,1
الصحاري,1
الطموحون,1
"عادل"".",1
البدنية،,1
إجبارنا,1
مياهها.,1
مياهها,1
بالطعام.,1
تمحور,1
للتشاور،,1
استدعتإيرانسفراءها,1
الخليجي.,1
راغاسا,1
تتأهب,1
صينية..,1
مدنا,1
تشل,1
ومساهميها.,1
وملحقاتها,1
الفخارية,1
سيولة.,1
و50%،,1
خصومات,1
يسددون,1
للأنابيب,1
سيتوقف,1
"داركو""",1
"""بومليليانو",1
أوروبية؛,1
الشتات؟,1
تهجيره,1
تُفقد،,1
الانتقال:,1
مراعاتها,1
أعلنوزير,1
سننقلها.,1
بإقامتها،,1
تحديدا،,1
تصريحاته.,1
دائرية,1
حفرنا,1
رواسب.,1
جيكويتينهونا,1
المدخن،,1
كقطع,1
قمعهم.,1
يتبعوا,1
زيهم,1
خلع,1
مختارة،,1
بفرنسا,1
"""بواسي""",1
مقبولًا.,1
يُعَد,1
سيتحول,1
"تونالي""",1
"""ألفا",1
بالمحتجزين,1
هيرش،,1
المناقشات،,1
التمزق,1
ببعضها،,1
الميدان”.,1
وهزيمة,1
استوعب,1
“نصر,1
نيوزويك,1
وإيطاليا.,1
أفغانيًا,1
تيبر,1
الآلية؟,1
إيران..,1
ستفعلها,1
فال,1
لفنانين,1
عاطفيًا,1
التشكيل,1
تعكس،,1
بكثافة،,1
وتكويناتها,1
المشعة،,1
ألوانها,1
أفضل”,1
“بتكنولوجيا,1
الشتوي”.,1
سورخوري,1
109,1
119.2,1
تحريرهم.,1
الحوثي.,1
جريحاً،,1
و142,1
استهدفتصنعاءالخميس,1
"بـ""تيك",1
شيوعا,1
والإشادة,1
خصوم,1
معاصرة.,1
والذاتية,1
النسيجي،,1
والنمط,1
ينسجون,1
تالبوت,1
كهرمان,1
هيف,1
بافتتاح,1
يحولون,1
محتواهم،,1
فئتين:,1
للبلاد”،,1
والحليف,1
“للشريك,1
بمقالات,1
"'ميغاواط"".",1
التخزينية؛,1
بسعته,1
باستهلاكه,1
"""يقاس",1
الموكلة,1
وإيهامه,1
مستخدمه,1
لتوقف,1
"""تيليغرام"":",1
تشاركية,1
بإشادة,1
نغوزي,1
تشيماندا,1
تشينوا,1
وقُدّرت,1
المُشكلة.,1
مُحبطًا,1
نظامها،,1
بالأمور,1
المترابطة.,1
الحضارات,1
للمعابد،,1
الشلال,1
نهراً,1
ودجلة،,1
نهرَي,1
النهرين،,1
سوسة,1
فتقع,1
وفارس،,1
وشارماهل,1
الحضارية,1
قواعد،,1
مجملها,1
وجدير,1
بنغلادشية.,1
بتصاعد,1
أوكرانية،,1
واجهنا,1
والاختلاف,1
بلغتنا,1
ملؤه,1
“مصلح”,1
مكانتهم,1
نطاقهم,1
يصلحون,1
رسومه,1
ويُنظر,1
الشرائية.,1
والبعيد.,1
المديين,1
مُهدَّدةٌ,1
مُحذِّرةً,1
أصواتٌ,1
زاغروس.,1
استمداد,1
فيمكنهم,1
صغارنا,1
وقيرغيزستان.,1
سوفيتية,1
بالتفاصيل،,1
ويعتزمون,1
اعترافهم,1
الاشتراكيين،,1
دودون،,1
المولدوفي,1
البودستاكانيك,1
1892،,1
مواجهتها.,1
والتلوث,1
بالدين.,1
مفروم,1
(لحم,1
تشيفابي,1
للسيدات.,1
فريزر-برايس,1
شيلي-آن,1
خاضت,1
للممارسين.,1
"للشركة""،",1
ستجعل,1
"""(جينيل)",1
أسمائهم،,1
يتذكّرون,1
إتاوة,1
المقرونة,1
حقوقهم.,1
الكهربائيةفي,1
سوقالسيارات,1
لأنفسنا.,1
والنباتات,1
والانسجام,1
المجددة,1
وتذكيرنا,1
مفقود،,1
الموجودة.,1
البوريك,1
فكم,1
اللحوم،,1
محشوة),1
(معجنات,1
للبوريك,1
مشوي),1
الطيور.,1
فسعى,1
راود,1
والملاك.,1
عقده،,1
المتنقل,1
سوريا؛,1
يشكّلون,1
متفرعة,1
وينطبق,1
المالية:,1
المتنوع،,1
يزاحم,1
بمعلومات,1
ورئيسة,1
وأوروبية,1
لحديد,1
منتجون,1
تعبيد,1
المستقلين.,1
حركتهن،,1
وتقيّد,1
أخلاقيًا،,1
نصّبت,1
التوحيدي”,1
مجالالطيرانتقدمًا,1
الرائدة.,1
بمحاولاتهم,1
دافينتشي,1
وليوناردو,1
فرناس,1
ومخترعون,1
وتذكروا,1
احتياجاتكم،,1
"عليها"".",1
ماغنا.,1
المعبد,1
عادي.,1
وزبادي,1
فطائر,1
والبدائل,1
الشهري.,1
تزدحم,1
عصيب,1
الفاتورة,1
السودانى,1
رسمياً.,1
التسليح,1
حفظة,1
الجمركيةالمفروضة,1
بشأنالرسوم,1
الإيذاء،,1
عصيٌّ,1
بطبعه،,1
مسالم,1
الشر،,1
ومكر,1
لؤم,1
جهل,1
نابع,1
للسعي,1
"""يعتقد",1
مبعوثا,1
اهتماماتنا,1
تركيزًا,1
يأويها.,1
تجوّلها,1
بوتيرزي,1
بوناواغ,1
النازحة,1
خلاصاتهم.,1
والتوصيات.,1
تطبيقه,1
العاهرات”,1
الركود.,1
الشقيق،,1
بغصة,1
“بلجنة,1
ديوبندية),1
دعوية,1
والإحباط،,1
للمهن,1
والدورية,1
للفحوص,1
أنفسنا”.,1
طرقنا،,1
خومبو,1
تيارتفاعًا,1
الشهيرشات,1
حاسمًا،,1
عشرون,1
ظهروا,1
صفٍ,1
والعالمية.,1
لأجندات,1
كأركان,1
أعطاء,1
ناخبين,1
المعيب,1
ونظامان”,1
مايكون,1
"للتنوير"".",1
حاضنةً,1
الأجساد،,1
الوصاية,1
"الأطراف""",1
"""اجتماعاً",1
إنجلاند.,1
وعي،,1
للحرية,1
مؤسساتٍ,1
لحريّة,1
للضغوط,1
استسلامًا,1
بالاتفاق،,1
الكوكبية,1
كاملٍ,1
وذكرياتِ,1
وكفاحِ,1
بآمالِ,1
صوتُهُ,1
صدح,1
مغنٍ,1
خطّاب،,1
الـ27,1
المطلعة,1
الفيضانات.,1
تطويرها.,1
ومُقلقاً،,1
مفاجئاً,1
اتجاهاً,1
يوفرون,1
أوخالدونجا.,1
(596,1
المنعش.,1
المهروسة,1
بحشوة,1
والطلبيات.,1
9.8,1
بالكهرباء،,1
كورية,1
يقابل,1
المواطنة،,1
وحقه,1
بالقطع,1
وليبيا,1
واليمن,1
الأنظمة),1
(اضطراب,1
معلمات.,1
محاميات,1
طبيبات,1
ليصبحن,1
تصفيته.,1
والأربعينيات,1
وكونيتيكت،,1
"ويند""،",1
مُتزايد,1
بوتيرةٍ,1
يُشخَّص,1
استبعدت,1
١٩١٠.,1
كاراكول,1
المعاييرالكورية,1
(순두부),1
“سوندو,1
(초디비)،,1
بحرارة،,1
المستقبلي.,1
نرسل,1
والمعارض,1
المترو،,1
كتفه.,1
لفصائل,1
ولاءاتها,1
الربيع),1
الكابلات.,1
فاقد,1
فولت)،,1
(+/-400,1
المتردد,1
جذريًا،,1
المخالفون.,1
بتحصيل,1
مكاسبهم,1
الاستباقية,1
تحريضيًا,1
وخطابًا,1
رسوميًا,1
يشرعون,1
الموهوبين,1
الشتوية.,1
البروستاتا،,1
البروستاتا.,1
وإيمانًا,1
والمُستأجر،,1
الحمَّاد،,1
راجاباكسا,1
غوتابايا,1
الإبادات,1
وتُهمَ,1
للخرطوم,1
تدميراً.,1
والقلق،,1
راكمته,1
يلفّ,1
وأصفهان,1
ونطنز,1
لحكوماتهم.,1
"""سننجح",1
مصرياً,1
47-50,1
والتداول,1
المصرياستفاد,1
فإنالجنيه,1
الحصرية,1
تُنهي,1
تشيانغ,1
بالحزبين,1
وسيجتمع,1
لأيام،,1
تأخيراً,1
سوريابين,1
مقررةفي,1
أحوال,1
وأفكر,1
مُقلقة,1
لتُعتبر,1
الثلاثاء:,1
سوريا؟,1
بالاحتياجات,1
للإيفاء,1
المُطبّق,1
أقابلهم,1
لسائح,1
فيطوكيومؤخرًا,1
المتجولون,1
بضرورته,1
حقيقتي,1
أحفادي,1
دلسي,1
الإدانة.,1
وطلقات,1
ومالية.,1
بالأقدام,1
بارزين،,1
مؤلفين,1
ومعجبيهم.,1
التحديثات،,1
"ميوزك""",1
بالتاريخ،,1
جانوس,1
تستعدمصرلسداد,1
بالدعوى.,1
"الترامسة"".",1
انتهائي,1
بأنَّها,1
المكتوبِ,1
ردِّها,1
الحكوميَّةُ,1
أفادَتْ,1
التكلفة.,1
1973.,1
الجمسي,1
الشاذلي,1
وعبدالمنعم,1
والسلام؛,1
وفاته.,1
تذكرت,1
وظائفها.,1
يعانوا,1
ميرافلوريس,1
سيُعادُ,1
لِأغراضِ,1
للنفطِ,1
ماصَّةً,1
وموادَّ,1
الحيويِّ,1
للتحلُّلِ,1
للتوتُّرِ,1
خافِضةً,1
موادَّ,1
استخدمَتْ,1
ميولي,1
عاطفية،,1
سأخوض,1
إخبار,1
للكشف،,1
"الهند,",1
"ويكيبيديا,",1
فصِلْت,1
والزجاج,1
والحديد،,1
الفائت،.,1
لأفلام,1
"بـ""مهرجان",1
انفصلا،,1
علوشأثار,1
غيابكندة,1
تذكرني,1
خطرةٍ.,1
كنفاياتٍ,1
والتَّخلُّصُ,1
نقلُها,1
التّنمية,1
والحضر,1
للفجوة,1
رُشّح,1
لأيٍّ,1
والاحتجاج.,1
"جيمز"".",1
"""سافي",1
ذراعها,1
"تيكمو""",1
"و""كوي",1
"و""كابكوم""",1
"بليزارد""",1
"و""أكتيفيجن",1
"و""تيك-تو""",1
"""نينتندو""",1
"""بونباست""",1
اقتصاديًا.,1
الستينيات,1
"ومناسباً""",1
كالخرطوم,1
مرافقة,1
شقق,1
رأسهم،,1
للدّراسة,1
الثّانية,1
الدّرجة,1
أسيرة,1
والمحررين,1
شئون,1
والاجتماعيّة،,1
الاقتصاديّة,1
يصيحون,1
للصحفيين.,1
"""ها""",1
وملموس,1
دونيت،,1
وفيروألومينوسيلا,1
وهيسينغيريت,1
غريناليت,1
والمجموعة,1
"""نشاط",1
0400,1
وزيسوف,1
لوبلين,1
وأثيوبيا.,1
"تشاند""",1
"و""ألان",1
مكوَّن,1
للممثل.,1
يمثلّ,1
ورقي,1
بتصميمه,1
البلد.,1
بإعلانهُ,1
خيانتهِ,1
معاقبة،,1
يَقتصر,1
أجلي.,1
أجلهما,1
طفليّ،,1
أجلي,1
الدعم،,1
لتنبيه,1
يتمكّن,1
بالدعاء,1
ويتمتم,1
عاجزًا،,1
مسافة،,1
تفاعلية.,1
بادوين,1
السيناريوهات.,1
سدين,1
النوايا,1
العلوية”.,1
“الرافعة,1
السلة”,1
“شاحنة,1
ميكانيكي,1
بذراع,1
المُتاحة,1
المليارديرات،,1
ويقدر,1
"إنرجي"":",1
"""إيفانز",1
إيفانز,1
فيمكنك,1
بإمكانك,1
مقدرة,1
لتفسح,1
"24""",1
"""فلايت",1
والكثيرون,1
ومتعاطفًا,1
منفتحًا,1
جيرانه,1
وبوتشكا،,1
جولجابا،,1
ملفك,1
انقر,1
توغار,1
إزمير،,1
بالمعايير.,1
فزيادة,1
رسخت,1
بالخطأ،,1
وتخنق,1
القانون”.,1
وعلمانية,1
“جمهورية,1
للمادة,1
’,1
المناخيِّ.,1
بالتغيُّرِ,1
المُتعلِّقةِ,1
الدولَ,1
ويُساعِدَ,1
الكربونيةِ،,1
البصمةِ,1
يُقلِّلَ,1
يُمكِنُ,1
تبنِّي,1
العالميةِ،,1
بالمئةِ,1
يُمثِّلُ,1
النقلِ,1
قطاعَ,1
وجوبتشوب,1
فيتناميون,1
بقالة,1
والاكتتابات،,1
يربطونه,1
البنغاليين،,1
إنذارًا,1
تجاوزته.,1
مارثونية,1
إيرورغي،,1
أروشا،,1
للوقاية.,1
"ينبع""",1
الجنوبية),1
ملابسها.,1
مخبأة,1
زياراتها,1
الإيجابي،,1
2025-2028م.,1
سنويًّا،,1
والتعليمِ,1
الإعلامِ,1
قيودٍ,1
فتراتٍ,1
التحديّات,1
الكثيرَ,1
العنف—بلا,1
المنصات—وهي,1
ينتظرنا,1
للجنرالات:,1
"وأكتوبر""",1
"""رأس",1
أعياد,1
استيلاء,1
سلامًا,1
كنز,1
الغليون,1
لمراسم,1
كتابته,1
وتمثيلية،,1
المؤلف:,1
والسلطة.,1
واليهودي,1
متدرّجة,1
بأطياف,1
تكبدت,1
متطلباتها.,1
بـ26,1
مكررات,1
مُنعت،,1
والمسرحيّات,1
أُغلقت،,1
موازناتنا.,1
سُلبت,1
آرائنا,1
3772.20,1
ماهية,1
والجنس,1
بموضوعات,1
مُصمّمة,1
مُقيّدة,1
وتُتيح,1
مشبوهة.,1
متابعتنا,1
ولغة,1
فسيتلقى,1
تنصيبه,1
البارزين,1
والركود,1
وبطالة,1
يختنق,1
للدبلوماسية.,1
تخريباً,1
"الرئيس""",1
يغازل,1
المتحرشين,1
ولاحقتهم,1
وشخصيّاً,1
هوجموا,1
قوطعت.,1
والأفلام,1
سلعًا،,1
حية”,1
“كائنات,1
يصنفها,1
والكلاب,1
وهيبتها,1
سيادتها،,1
للتعذيبِ.,1
لِلمُراهقينَ،,1
المُتفحِّمةِ,1
الجثثِ,1
عُثِرَ,1
أسابيعَ،,1
ثلاثةِ,1
الإثنين.,1
"يندم""،",1
المناسب”،,1
انتمى,1
قطعهم,1
رقبته،,1
بوديال,1
سوريندرا,1
القتل.,1
أحلامهم,1
لتتحطم,1
انتصارين,1
البريد.,1
بركاته,1
فورونتسوف:,1
يترددون,1
الاكتئاب,1
وسارة,1
والدها,1
خطيراً،,1
هنود,1
العجلات.,1
حجرة,1
مكبر,1
للطائرة,1
فحصاً,1
24.,1
دومفريس,1
دينزل,1
لتفتح,1
واستراتيجيتها,1
غليها.,1
المقلاة,1
الملفوفة,1
ماسافومي,1
تويواكي،,1
كمستثمرين,1
ورائدَي,1
وجماعي.,1
أصلية,1
الصادق.,1
والنعومة،,1
السكون,1
نادرًا:,1
ترياقًا,1
والتحفيز,1
بعملٍ,1
بدوامٍ,1
المخيم،,1
صالون,1
وهرب.,1
سائقها,1
تركن,1
ملاحقا,1
يبتعد،,1
كسره،,1
محاولا,1
بزجاج,1
ممسكا,1
رجليه,1
بمخالبه,1
مناطقه,1
واستنتاج,1
ساعتين،,1
كيودو,1
كوكي،,1
تعرفه,1
والغربية،,1
وتبقي,1
466,1
"باك"":",1
"الخراب"".",1
نوضح,1
والإفصاحات,1
كثيراً.,1
وأطفاله,1
لزوجة,1
دفعهم,1
الكولومبية.,1
والفنزويليين,1
الكولومبيين,1
وأقارب,1
المقدرة,1
وغطّت,1
ظروفا,1
وقريبة,1
انتخابه.,1
والهبوط؛,1
بأمريكا,1
للأمور.,1
كترتيب,1
ويتعامل,1
(الأقلية)،,1
أحد”,1
(الأغلبية)،,1
“الجميع”,1
الذكوري,1
الاستثمارية.,1
شُوّهت,1
فأسماؤنا,1
للكراهية.,1
سهلاً,1
جعلتنا,1
اضطهدتنا,1
كقائدات,1
بيولوجيات,1
كأمهات,1
يتمتعن,1
شرائية,1
ولوجستية،,1
جيوغرافية,1
المدعومة،,1
للقاحات،,1
التعجيزية،,1
واستهدف,1
2031,1
حيات,1
وتاريخها.,1
وثقلها,1
لدوامها,1
حلمت,1
‘مادة,1
شرقي:,1
وقيادات,1
وتاجرات,1
«خونة»،,1
بأنّنا,1
[إسرائيليّون],1
صنّفنا,1
علناً،,1
"""تهديداً",1
حفلاته,1
وسيُحرم,1
سيُجبر,1
للمقترح،,1
وتقديمه,1
مواقد,1
المتدربون,1
واستراتيجية.,1
وآسيا.,1
لأعمالها،,1
الصدى,1
يون.,1
(36.9,1
خيارهم,1
الجليل،,1
"""تقرير",1
الصينإلى,1
والجمهور.,1
الحيطة,1
إلغاءهما,1
القائمين,1
فينواي,1
للموسيقى,1
"إم""",1
وحفلاً,1
كونيتيكت،,1
فوكسوودز,1
وكازينو,1
حفلاً,1
لحياته.وأضاف,1
"حقيقياً""",1
“الماريجوانا,1
لافتة:,1
متظاهرة,1
كثب.,1
2630/2020,1
“التشام”،,1
بحامية,1
“تشامرابوفنيستا”,1
يسمّى,1
مهمّ,1
أنّهن,1
الرنّة،,1
برعي,1
هارموني.,1
أندرويد؟,1
"بلاي""",1
"""الإجازة",1
للسلطة،,1
بحال,1
يفكر،,1
يتزعمه,1
متزايدًا.,1
وتدقيقًا,1
والمضايقات,1
المشاركات.,1
الرسالة:,1
تطبيقهم،,1
سيُجري,1
بالاستثمار.,1
لجاريد,1
وأفينيتي,1
صحية”.,1
تُضفي,1
حتمية.,1
وتتساءل،,1
اللبنانيين.,1
فتحها,1
خراب,1
وتتويجها,1
ليؤمّن,1
الحاسم،,1
غايي,1
بابي,1
كوب!,1
تردد،,1
سيقررون,1
للتجديد.,1
للمهاجرين،,1
وحرّيّة,1
الإبداعيّة،,1
"قوتها""",1
"""كامل",1
روجو,1
عندهم”.,1
“وتمثل,1
للبحرين.,1
وروما،,1
للمنامة,1
والمغنيسيوم,1
والكالسيوم,1
ثروةٍ,1
غنيٌّ,1
الأطباق،,1
نكهةً,1
لتخطي,1
والإبلاغ.,1
السيء”،,1
و”اللمس,1
الجيد”,1
“اللمس,1
ستحمي,1
دونغ,1
سبب،,1
الفتاكة،,1
يُعادل,1
القوميّ،,1
بوصفهم,1
فلسنوات,1
قائماً.,1
المخيّلة،,1
إقناعًا,1
مديونية،,1
المستغرب,1
"الوسطاء"".",1
بلورتها,1
(إسرائيل)..,1
"لـ""سكاي",1
النجاحات.,1
يُحقّقوا,1
لمُصمّمين,1
التعرّف,1
جُدد،,1
إبداعيين,1
للموضة,1
بياربون,1
الثري,1
المتصدعة،,1
بشوارعها,1
الصريح.,1
التعالي,1
أخرجني,1
أتأكد,1
حزين،,1
يقين.,1
منافساً,1
ثالثاً:,1
وإيقافها,1
وتقييمات,1
احترافية,1
بواجهات,1
تُصمم,1
وواقعية,1
للملاك،,1
وبتهديدهم,1
والمادة.,1
تتشابك,1
مضيء,1
مطاعمها,1
إغلاقها.,1
للربحية،,1
مقاهيها،,1
بالخسارة,1
لتصويت,1
"""بيكسل",1
البودوج,1
الفوسفات.,1
3.47,1
وأنقاضها،,1
وتنعقد,1
لاستقطابها.,1
الكيلاني,1
(ضحكٌ).,1
المنزليةِ,1
بالأعمالِ,1
تقومُ,1
مُتعَبةٌ،,1
تقولُ,1
اليأس),1
يقتربن,1
والهبات,1
التعرق,1
وسيظهر,1
وميزانية,1
المُدرج,1
القضبان؟,1
تقبع,1
تُحظر,1
شركةكوالكوم.,1
مُعززةً,1
ميدياتيك,1
تحاولان,1
القرن.,1
بتصاميم,1
حرفةً,1
كرمان،,1
باسمنا،,1
مؤسّساتنا،,1
حكومتنا،,1
المقالة:,1
الفاخرة.,1
غال,1
"""الناجون",1
تيجيدا,1
الدوليّة.,1
بنأي,1
تتُرجَم,1
والتكرار,1
تسمها،,1
محاميهم,1
بالجدول.,1
وصورة,1
المتدنية,1
للاطلاع,1
الفنية:,1
المستوردة.,1
وبالتوازي,1
والطبيعة,1
والزينة,1
الزخرفة,1
للمتلقي،,1
ومفهومة,1
السقاصباح,1
الاختبار.,1
يكملها،,1
يخبرك,1
بـ116,1
"الصباح"".",1
متقاعدين,1
المكونات.,1
يقيله,1
التلفاز,1
هيرش,1
45493.66,1
0.99%,1
لمسار,1
اللغوية.,1
سرعات,1
واجبات,1
مستقلة.,1
ميدانية,1
للكلام,1
مقاييس,1
للروبوت,1
وتواصلت،,1
لقضايا,1
مفرطًا,1
الطبيين,1
الشعبية؟,1
والمساكن,1
ومباني,1
"""ويتز""",1
"""ويتز""،",1
"""أوراسكوم""",1
والعمليات,1
سيُطور,1
الواردة.,1
تحققه,1
للمستمعين,1
تجريبيًا,1
للمعجبين،,1
للإصدارات,1
عدادًا,1
3163.17,1
0.49%,1
تنظيمها.,1
الإله,1
بوليانا).,1
نيكولاييفيتش,1
للدوق,1
شيريف:,1
زور,1
تحليله,1
جبهتين.,1
اكتشافها.,1
لتلاعب,1
أعطال,1
بالتحليق،,1
المضطهدين,1
الأحباء,1
الجامعية.,1
الـ32,1
1-0،,1
انهيار.,1
المجرى,1
الركامي،,1
للسدّ,1
عوامل:,1
فخطورة,1
يبنون,1
المسؤوليات،,1
روتين,1
صداقات,1
وإحلال,1
كتعديل,1
باث,1
روفكانين،,1
بهبات,1
ننسَ,1
سخيٍّ,1
إخوتنا,1
نعجز,1
ننجز،,1
الرشاد.,1
ماضين,1
الحُسَّاد،,1
نأبه,1
الوئام،,1
ونمارس,1
نروم,1
امتصاصه.,1
جسيمًا,1
للأشجار,1
ودرَسها.,1
عرفها,1
حركتها,1
ولطبيعة,1
لسيرورة,1
مناقض,1
الأصولية؛,1
تُحجّم,1
والسريعة,1
الشكليّة,1
تقنيتي,1
تحسّنت,1
الاشتباه,1
حدوثها.,1
"""الماجدية""",1
كريمة.,1
الأرصدة,1
16.9%,1
41.69%,1
41.77%,1
يتصوّر,1
معترفا,1
ونتائج,1
التصريح،,1
مرة”.,1
الريح,1
أمضينا,1
يُعزّز,1
والنشطاء،,1
أرجنتينيين.,1
الأرجنتينية،,1
خطابًا,1
أعول,1
أغادر,1
وكهربة,1
"هيلث"":",1
أكتافهم.,1
ضارًا,1
أسئلته,1
مستثمراً,1
فرديناند,1
“الاسترداد”,1
آيار/,1
لحوض,1
ورواندا,1
والمصبّ،,1
الأذون.,1
12.4%,1
وتشميعه,1
"كيميائي"".",1
"أنجلوس"".",1
ترامبتقديم,1
تستأنفإدارة,1
اتحادياً,1
العرعاري,1
اصطفاف,1
والانتقادات,1
بدونالد,1
لتساؤلات,1
عليهن.,1
لإسكاتهن,1
ويستخدمون,1
الإسلاميون,1
أعود”.,1
الأخبارُ,1
تتصدّر,1
تاتي).,1
(راؤول,1
باروسو)،,1
وإدغار,1
سيتوي,1
وتيرسو,1
(نيلسون,1
فرانكو)،,1
وفيرناندا,1
أوليفيرا,1
(سوزان,1
أُثريت,1
وأحيل,1
فوراً،,1
يعدحجر,1
العطية،,1
وقعا,1
"""قسد""",1
ونفسيًا.,1
"المبادرة"".",1
وعلّق,1
"""باتت",1
الفيتناميون,1
جانبية.,1
للإدمان.,1
مُسببة,1
مخدرة,1
المُنهَكَة,1
المُقدم,1
جائعين,1
"الجوية"".",1
وقاية,1
65.3832,1
1.0%,1
03.26518,1
5.1%,1
ترحيلهم.,1
سهّلت,1
"والزراعية"".",1
إنجازه,1
الإقلاع.,1
المتأثرة،,1
بالمطارات,1
تعطلاً,1
"اليد""،",1
لتنعكس,1
92%.,1
صحية؛,1
واعتُمدت,1
افتراضي,1
غينيس,1
لموسوعة,1
"ممكنة""",1
"""بيئة",1
فسيتحدد,1
الجديدان,1
أزماتهم,1
بمساعدتهم,1
وعرقلت,1
دولارا.,1
ميتسيرا,1
تقطن,1
مؤتمراته,1
أوبزرفر”,1
“ساموا,1
والعاصمة,1
ميونخ.,1
قرة,1
الافتتاحية،,1
خسارتهما,1
حريصان,1
والتشهير,1
الباب)،,1
اقترنت,1
وبكيفية,1
أتأثر,1
بوعي،,1
وشي,1
والمقترحات،,1
الفاعلين،,1
وممثلون,1
نقاشية,1
رئيسيا,1
شريكا,1
أصحابها،,1
والازدراء,1
المفرطة”,1
بالجدارة,1
ويَزعم,1
جي”,1
“لي,1
والحشد,1
منصفة.,1
تغطيتها,1
المرء.,1
و120,1
عنصرين,1
والوحدات,1
الميوومبو,1
بغابات,1
"أقوله"".",1
فلست,1
يقوله.,1
"""بوبي",1
سائلا,1
المتشكّك,1
استدار,1
التاني,1
عقوبة.,1
تمحورت,1
تسويات,1
يقاضي,1
يساهما,1
"النعام""،",1
"و""أم",1
"""الرجوم""",1
جديدين,1
منجمين,1
أونصة.,1
الملحوظ.,1
والتشويق,1
المتنافسة،,1
فشيئاً،,1
دورينا،,1
تغطيته،,1
فالقضية,1
ستتحوّل,1
بالانعقاد،,1
الإفريقيّين,1
ثقافيّ.,1
كعبءٍ,1
بتعبير,1
صدمه,1
للمليادير,1
فريمونت,1
شركةتسلافي,1
المتعثرين,1
مساندة,1
12.9,1
مديونياتهم,1
عميلاً,1
6858,1
تخضر,1
أنهار،,1
حياتها.,1
إعاقتها,1
وشجاعة،,1
ربياها,1
لدعمهما،,1
26.5,1
الحرفية؟,1
للطين,1
"بارك""",1
"""فينواي",1
وبوسطن,1
تايجرز,1
ديترويت,1
يوميّة،,1
41.6%.,1
21.3,1
72.5,1
"البندقية""",1
"""المعروفة",1
99.9,1
للأسد,1
لتعجيل,1
ومدخنة.,1
معتقة،,1
الأصناف,1
البصيرة,1
برواياتها،,1
"فوضى"".",1
بتغيير،,1
أُو,1
احتياجاتنا,1
واكتشفنا,1
"""الصدمة",1
صخرية,1
نهرية،,1
ودلتا,1
فلسا,1
3.18,1
القابضةعلى,1
شركةطلبات,1
المدرع،,1
و0.67,1
للمشتريات,1
0.58,1
1.31,1
السلوفينيين,1
وثمانون,1
بمراكزهم.,1
سلبياً،,1
"كوانت""",1
"""كريبتو",1
تقدّمي,1
بآخر،,1
الرسّامون،,1
يتبنّاها,1
يضخّ,1
بغياب,1
عقاريون,1
وبرر,1
انتُخبت,1
جاوكس,1
"كيلومترا"".",1
حديثهُ,1
يستهل,1
بَندِل,1
ستوري,1
المساعدات.,1
تصر,1
يبدأون,1
دياجونال,1
وإغاثة,1
وحقن,1
"""ترحيب",1
بنيناه,1
وضروري,1
"""التغيير",1
بتأكيده,1
مدقع.,1
ملقيًا,1
الإندبندنت،,1
موسوكي،,1
للاضطرابات,1
التركّز,1
السوفييت،,1
بالجنود,1
المعاصرين,1
فشبه,1
منتقديه،,1
لمهاجمة,1
المستبدة,1
تُنظّمها,1
والتعويل,1
“واقع,1
بالتشديد,1
بالفيضانات،,1
تشذ,1
"""الجزائر",1
فإن:,1
قتال”.,1
“ساحة,1
نَشَرَت,1
مضادًا»,1
«مجتمعًا,1
خائفًا,1
سجينًا,1
روسيف,1
ديلما,1
لنديريتو،,1
​بالنسبة,1
والعقبات.,1
للساعة,1
(2,1
ماساتشوستس,1
لعمالها،,1
احتد,1
مدرستهن،,1
اصطحبهن,1
القابوطي,1
الـ5,1
بالمحافظة،,1
وأمنية.,1
عناصرها,1
"الهش"".",1
العمران,1
يغذيها,1
مشيدة,1
والضالع,1
وعمران,1
613,1
اختطاف،,1
بالآلاف,1
وخرجوا,1
والعزيمة،,1
القمعية.,1
والمضايقة,1
سيتعرضون,1
وظيفية.,1
المستحيلة,1
المعقد,1
صراعنا,1
الارتباك،,1
تقريبًا)،,1
المطلعين,1
للمسؤول,1
للكيان,1
تؤجرها,1
بالمحتوى،,1
لتوصية,1
بنسخ,1
الرشيقة,1
"""يونيتري""",1
وهندسة,1
وقابلية,1
والحديدة.,1
والمحويت,1
وصعدة,1
وإب,1
وذمار,1
تآكلا,1
للبوسنة,1
وتذكارًا,1
متحفًا,1
بولارد،,1
أنديتهم,1
سواريز،,1
تتأثر،,1
لتفريغ,1
بتاح،,1
المعبود,1
ومعبد,1
لتضيء,1
ستتعامد,1
أبوزيد،,1
والأثرية،,1
والأكياس,1
البوليثين,1
بلاستيك,1
القبو,1
مُصنَّعة,1
تُرِد,1
الكهرومائية،,1
للسودان—,1
—العاصمة,1
خدماتهم,1
3.7%،,1
​​الإقليمي,1
ناتجها,1
"الشمالية""(أسمنت",1
الغراند,1
أهدر,1
لأرزو,1
تكتظ,1
وجدواها.,1
لقيمتها,1
جمركية.,1
"""تليفوني""",1
للخوض,1
وحطمت,1
ومحاصيل,1
مواشٍ,1
حمله,1
والأبيض،,1
النيلين,1
والقريبة,1
مستوردي,1
سماكتها,1
صُمِم,1
بجدارٍ,1
يُحاط,1
ودونا,1
الخمس،,1
صادقتهم,1
اكتشافهما.,1
حقيبتين,1
مبدئيا,1
تسعّيرها,1
ريسة،,1
أغ,1
تستقبلالحكومة,1
محاوره,1
الشرعخلال,1
أجراهاالرئيس,1
ينزفون,1
إحصائيات؛,1
ومستنفدين،,1
منهكين,1
ماساكا.,1
لوكاكاتا,1
فمويًا,1
لقاحًا,1
للامتياز,1
الشتات”،,1
“كمنارة,1
تخيّل,1
"""يمكنني",1
بغانا,1
والتواضع.,1
رخاء,1
نظمه,1
الملتقى,1
للانقسام.,1
وأطباق,1
كالصيام,1
النيجيري,1
والحزن.,1
النجوم،,1
الراحلة،,1
تشييع,1
ذائقتك,1
تربيتك,1
ومصرية،,1
ومغربية,1
جدّيك,1
بنا،,1
الجليّ,1
يُرعب,1
المتحدة؛,1
وثالثاً،,1
لجمهورهم،,1
لمستقبلهم,1
إنقاذاً,1
رهناً,1
إبراهام،,1
تداعي,1
الدولي!,1
سينجزها,1
حملها.,1
وحزن،,1
محاميه.,1
تركيزه،,1
مقصف,1
طبقين,1
يصابوا,1
بـ445,1
وجرت,1
مشاركاً,1
445,1
ناجح,1
مقدسًا،,1
وسفر,1
يصادف,1
بعينهم.,1
71.7,1
جمعوا,1
ويُزعم,1
ينفع,1
يدمرها,1
كامالا,1
واستجابت,1
وروابطكم,1
ومعرفتكم,1
خبراتكم,1
الأقلية،,1
الخلفيات,1
وعازِلة,1
مُرهِقة,1
والجروح,1
بالندوب,1
وخلّف,1
وشخصيته,1
فنانٌ,1
يزوره,1
يخاطب،,1
باهر..,1
انعتقت,1
عالياً،,1
بجناحيه,1
والنجاح...,1
المجنح,1
والحصان,1
جسد,1
المجد،,1
والأجنحة,1
ثقافية،,1
بجناحين،,1
المحلق,1
بالكاتب,1
محدوداً،,1
وديناميكياً,1
أكملوا,1
وإحداث,1
التعقيدات.,1
مبادئه,1
المعارضين.,1
اعتقلوا,1
ومنتقدًا,1
أقدامه,1
أجنحة،,1
حاول..,1
أهدافه،,1
إمتاع,1
القاصدة,1
ونقاده،,1
ومعارفه,1
واتُهمت,1
وحيدة،,1
قاسية”،,1
"دولار""لشركة",1
"""2",1
ستتعهد,1
0.01%,1
46%,1
حركة”إم23″,1
يحتلها,1
وماسيسي،,1
بآرائه,1
(41,1
ونيراغونغو،,1
روتشورو،,1
*ملخص,1
الصاخب،,1
للصومال.,1
وحرب,1
للاستقلال,1
أوضاعي,1
وتوقفي,1
«بعد,1
سينمائية،,1
سادات،,1
صبرة,1
مُرتفِعٍ,1
وُجِدَتْ,1
العالميَّةِ,1
مُنظَّمةِ,1
الصادرِ,1
بكراهية,1
سنويا.,1
سنويا،,1
المتعاقدة,1
شهريا,1
كمزود,1
بالأرجنتين,1
قرطبة,1
عملهما,1
النساء“,1
”راديو,1
جزائرية,1
الصحفيتان,1
رحيم،,1
ونجوى,1
مجيدة,1
تعرفني,1
بإعلانه,1
المقصورة,1
حوادث.,1
737,1
مدرج,1
10.8,1
الأنماط،,1
"إرهابية""،",1
الفاشية),1
"""أنتيفا""",1
104.14,1
الناري”،,1
“الهبوط,1
تُرشدني,1
البوصلة,1
والمراقبة،,1
والسيترولين,1
الليكوبين,1
لكثرة,1
"للقلب""",1
"""صديق",1
الروهينغا.,1
بلاجئي,1
البتة,1
ومصدره,1
بالرأسخلال,1
منضرب,1
ومقاتلات,1
التخريب,1
والعودة.,1
الإكثار,1
العتاد,1
بياناتالبنك,1
45.1,1
49.3,1
9.3%,1
"تحقيق""",1
الفدية.,1
"""سبوتنيك""",1
مسيرة،,1
والصواريخ،,1
بالزيارات,1
لأحبائهم,1
بجلب,1
الزاهي،,1
كاروتينويدية,1
الليكوبين،,1
رُبط,1
ومروان,1
سعد،,1
ومهند,1
الشامات،,1
الحمدان،,1
وعبدالله,1
العبود،,1
يحيى،,1
فضم,1
الخيبري.,1
كنو،,1
الجهني،,1
وزياد,1
الجوير،,1
ومعصب,1
الحسن،,1
أدينوا,1
أُعدموا,1
للبرمجة،,1
ومدفوعات,1
المصرية”.,1
تُستكشف,1
“النوبة,1
"المستقلة"".",1
وثانياً،,1
"محلهم"".",1
ليحلوا,1
استكمل,1
والسوري،,1
ومنظم،,1
البريكان.,1
وفراس,1
تسريبها,1
“تكشف,1
سونجا:,1
محيطي.,1
أعجبني,1
هدفين،,1
"ميتروبوليتانو""",1
"""طيران",1
وسحق,1
السبت/الأحد,1
إيفرتون.,1
بالإعارة,1
سلوكه,1
ويفترض,1
عقوباته,1
وبنتيجة,1
ستشهده,1
وتكبر,1
والاستيلاء,1
تُسلب,1
عنصري,1
دوتا,1
استنادي,1
تأخره،,1
للأثر,1
المدخنة،,1
مرشّحات,1
وأُوقف,1
المحظورة،,1
ضلعت,1
(بترا)،,1
مراحل.,1
فريزر,1
لاستحقاق,1
كآخر,1
تهرّبتا,1
(والولايات,1
واستمرّت،,1
تجدّدت,1
وأُبرمت,1
تبدّلت,1
حروباً,1
وكلّف,1
استفتاءً,1
الحساسية,1
ستعترف,1
غداً:,1
(سبتمبر),1
الأبعاد:,1
أحواض,1
مويرتو،,1
هومبري,1
أصلي،,1
كاتاماركا,1
للعدل,1
مصغرة,1
والميكروفونات,1
الحكام،,1
والكاميرات,1
آب.والأسواق,1
متماسكا,1
147.775,1
أوروتيا.,1
التتابع,1
فالصراع,1
يلى,1
وصالحة,1
وشاملة,1
للتقدير،,1
وسلام؟,1
وأخذه,1
الحالى,1
الدامى,1
سبيلا,1
بتدجين,1
وأصبحوا,1
وخطيرًا،,1
ويستغرق,1
مكلفًا,1
وجيوسياسيًا,1
أكواب.,1
،خاصة,1
والجدل,1
سواعدها,1
تشمر,1
إقليمى,1
تجاهد,1
إسرائيل؛,1
نهائى,1
أيديولوجيات,1
أفرزت,1
والكولسترول,1
الكولسترول,1
والكوليستيرول,1
يشتعل,1
الجارى,1
ووارش،,1
وبيسنت،,1
أسماءهم,1
شيكاغو-بوث,1
والمبعوث,1
مشبوهة،,1
"واهية""",1
"""مزاعم",1
رحلاتها،,1
للقوة.,1
يعرقل,1
رقبة,1
ووالدتها.,1
الأمهري،,1
تحريضية,1
لشهادتها،,1
عائلةٍ,1
مائةِ,1
بهِ:,1
رفضَتِ,1
المُحقِّقونَ,1
وَثَّقَ,1
العمل؟,1
طريقتك,1
البصر,1
وخداع,1
وتحرّر,1
الهدامة،,1
وتعتذر,1
تجعلي,1
أقنعتك,1
وميران.,1
مصاصات,1
الفن؛,1
كالتهويدة،,1
رهافة,1
تيرم,1
"سوربون""",1
"بـ""جامعة",1
"""المعهد",1
العملِ.,1
مجتمعاتٍ,1
وتوقُّفِ,1
الصَّيدِ,1
والماشيةِ،,1
المحاصيلِ,1
ناهيكَ,1
مُتضرِّرةٍ,1
ترحيب.,1
توديع؛,1
توفى,1
"فظيعة""،",1
تُرتكب,1
"""كارثة",1
المطار),1
(للجيش,1
مهند,1
بالنسيج.,1
التصويري,1
مصوّرةً,1
المصوغة،,1
والشموع,1
حُليّ,1
وعلب,1
جدوى،,1
والشرح،,1
تصديقه،,1
تجبرنا,1
غوارديولا.,1
والكتوم,1
القائد،,1
لوداع,1
وهبوا,1
حار,1
فأمام,1
تفت,1
الطبقات.,1
مائعة,1
"نو""،",1
"""كامب",1
المتشابكة،,1
مبيعاتالسيارات,1
أزاحت,1
نفسي:,1
اسأل,1
تُفعّل،,1
"""أوبشيستفونويه""",1
383.77,1
417.09,1
33.3,1
سحقًا،,1
مستوطن:,1
ازدحم,1
50-60,1
يُؤكد,1
ننافس,1
واختراقه,1
جهوزيته,1
والمخابراتية,1
أمينيه,1
وشقق,1
شرفات,1
مصعد،,1
للمؤسسة,1
فاحصة,1
بإلقاء,1
ستندمج,1
استكشفت,1
المُعارضة.,1
حزيران/,1
فوريٍ,1
حلٍ,1
ومقابلة,1
تحريريًا,1
اجتيازها,1
شروط.,1
والصحي،,1
والبيانات.,1
يؤكده,1
والأغاني,1
غريزيًا،,1
مارسه,1
مشتقات,1
"السوق""",1
جيه.بي,1
نيوليبرالية،,1
داخله،,1
بعملاء,1
التخوين,1
غامبيا.,1
بنقص,1
"يومياً"".",1
":""لدينا",1
سيغطي,1
نواكشوط،,1
زينة،,1
تفرغ,1
الثرية,1
"ستانلي""",1
"""مورغان",1
للخبرة.,1
افترضته,1
بمدغشقر،,1
لوظيفة,1
أجلهما،,1
عرفا,1
فلويد،,1
فسّرت,1
شيهلا,1
الفقد,1
الجهتين,1
السفير.,1
ومستمرين,1
“مهندس”,1
يُوصف,1
والأشكال،,1
بالتجريب,1
وفعلاً.,1
قولاً,1
والاتهامات،,1
انساني,1
المجرّدان,1
وبنيامين,1
بزمامه,1
ليمسك,1
يطارد,1
ونيّف،,1
بالفلسطينيين,1
عنوةً,1
أُلحق,1
سيفاستوبول.,1
90%.,1
"""فولت""،",1
"بيديك؟""،",1
يموتان,1
وأنهما,1
حرير,1
للتشارك.,1
"اقتصادياً"".",1
"""خنق",1
ولادتها،,1
"""دفن""",1
وزيره,1
"فلسطينية""،",1
"جذورها""،",1
جيشه,1
"""الفيتو""",1
ظهرها,1
وراهن,1
غاياتها،,1
للشكر،,1
حسٍّ,1
العُلا,1
خالقاً,1
ومخاطرة,1
الكلمات،,1
الاشتغال,1
والاكتشاف,1
بالمعرفة،,1
وجهاً,1
مكابداً,1
الحياة..,1
فإلى,1
الخلاقة،,1
كبرنا,1
وازدهارا.,1
انفتاحا,1
"الاصطناعي""،",1
بتعليمها,1
سجلتأسعار,1
العارضون.,1
نجمكم,1
الشمل,1
لمّ,1
فاتتهم,1
ذاتياً،,1
الملتقطة,1
إبداعاً,1
ومكاناً,1
منّ,1
والمناصب,1
والفكري،,1
الميثولوجي,1
قاموسه,1
اخفض,1
ابحث,1
والاقتصاد.,1
"نفسي"".",1
تساعدانني,1
واليوغا,1
جماعي،,1
بجلسات,1
ألمك,1
تُسمعي,1
الصحية)،,1
(الفوط/المناديل,1
ألمي،,1
محاولتها.,1
نجاتها,1
حولها.,1
عزمهما,1
"الأطفال"".",1
تُشكلها,1
"""آيفون""،",1
مودة,1
أشداء،,1
إعجابا,1
يبدي,1
ماستانتونو,1
قراراته,1
كفء,1
والنقاشات,1
التقديمية,1
"""الموافقة",1
واهرب,1
يروك،,1
لـ3,1
أمّ,1
ربّة,1
بقلوطي,1
سهيلة,1
وعبّرت,1
وإعطاؤها,1
بيرجير”؟,1
فولي,1
“حانة,1
مانيه,1
حسيدية،,1
"العام""",1
"""المناخ",1
"الأدوية""،",1
"""معاملة",1
وطائرتين,1
"بـ""الحساسة""",1
"لإيقافها"".",1
شجاع,1
نجن,1
أعيننا،,1
يختنقون,1
مهدّدة،,1
السامة،,1
الكريهة,1
"نقي""،",1
تنفس,1
كابوس،,1
يطاق،,1
"لـ""العربية.",1
استيائها,1
كسوق,1
المناقصة,1
الشرعبوفود,1
التقىالرئيس,1
تعادلات،,1
نحب.,1
الحزينة،,1
المبهجة،,1
و389.41,1
مذهلة،,1
وإليها,1
ويمكنك,1
وورقية،,1
مستندا,1
مرهونا,1
مسيرتين.,1
"وبهجة"".",1
حرصوا,1
هارون،,1
"مان""",1
"""المفاجأة",1
السند،,1
الشعبِ,1
خريجة,1
يفتتح,1
"وصناعية"".",1
"""أجد",1
مستعدة،,1
"الجديدة"".",1
وتُستبدل,1
ستختفي,1
الوظيفة.,1
"يكون"".",1
بإدراك,1
رضاء,1
خصوماتٍ,1
يمنحون,1
غرونباوم,1
المكبرة,1
والنظارات,1
والسينمائية,1
للمقيمين،,1
وزخم,1
المتوازنة،,1
مدعومان,1
(البقاء).,1
والألم،,1
للوطن,1
القبس،,1
الرضيع.,1
بصراخ,1
السالم,1
كويتية,1
المرمى.,1
أراوخو,1
الأورغوياني,1
نزوله,1
هانسي,1
56،,1
للشفاء,1
التحول؛,1
الفقد،,1
الشوق،,1
إيريك,1
المؤجرة,1
"شركة""أجيليتي""",1
مثالٌ,1
برازيليين,1
داتافولها,1
طبياً.,1
سلوكًا”,1
لباسًا,1
“تمثيلًا,1
الغسالة.,1
دوران,1
بنقله,1
يسارعوا,1
الغسالة،,1
ليفاجآ,1
الوالدان,1
"شره""،",1
ترتاح,1
وخلوا,1
حقي,1
اخرجوا,1
والآخرة…,1
الدنيا,1
رضاك,1
"""أبي",1
150.,1
وتجسد,1
المجتمع؛,1
البركان,1
وبوقت,1
يوظفها,1
وتشريعية؟,1
البوذيين,1
بانّاكارا,1
بيكّهو,1
بوذي,1
المعونة,1
"إنجازها"".",1
سيفقدها,1
واثق,1
قسريًا،,1
وتجويعًا,1
وتدميرًا,1
تهجيرًا,1
لشركةإنفيديا،,1
2.559,1
المأساوي.,1
عانتها,1
كسوفًا,1
إنأنقرةتسعى,1
الزيات،,1
أبينادر,1
لمطالب,1
وللاستجابة,1
معركتهم,1
التوصيف،,1
باناميكس,1
غروب،,1
باناميكس،,1
12.965/2014,1
يحكمه,1
لإنه,1
جوهريين,1
غرينزبورو،,1
"بـ""إلغاء",1
بالمتة,1
"سلاماً"".",1
ويسمونها,1
"""يصنعون",1
تاسيتوس,1
وقديماً,1
والمصادر.,1
نبدأ.,1
متألمة,1
بنبرة,1
والديها,1
عملها،,1
ولاء,1
بالعميق،,1
للشمس,1
بـ10,1
الجديد”.,1
“نعم،,1
أضفت،,1
الجديد”،,1
“إذن,1
تنهدت،,1
وعبء,1
جيلها،,1
"ملاءمة"".",1
ناشطي,1
١٩٩٩,1
ساش,1
جولدمان,1
١٩٩٧،,1
بتشريعات,1
"""الحزب"".",1
الأمنيين,1
عزمنا,1
المصاعب،,1
4532,1
استيعابية,1
وإسطنبول,1
وإزميت،,1
والسخنة،,1
بالأردن،,1
والعقبة,1
وكلانغ,1
وشيكو،,1
ونانشا،,1
ونينغبو،,1
وعالمية,1
واستشهدوا,1
"بـ""الهندسة",1
تفانيهم,1
وجوك,1
وغابرييلا،,1
سوبها،,1
بخالص,1
نود,1
زاور,1
الروزمارينيك,1
يُوفر,1
فأنار,1
لهيبتها،,1
الألف،,1
المحدد،,1
سيتجاوز,1
المجمعة،,1
1160,1
1149,1
الدلم:,1
الواحة،,1
والقيروان،,1
والثليماء،,1
والمنار،,1
والرمال،,1
والندى،,1
والنفل،,1
والنسيم،,1
والرحاب،,1
السهباء،,1
والصافي،,1
“الانتهاكات”,1
تبسيطية,1
المستوردين،,1
المشمولة,1
بتفادي,1
والوصم,1
الطرفية,1
بمجموعات,1
بحق.,1
متركزة,1
للختان,1
سدير.,1
أغسطس/آب).,1
واستبدل,1
1893؛,1
بحوطة,1
عنيق,1
قراربنك,1
متقلبة,1
ستخفف,1
مراهنين,1
تُجادل,1
آمالها,1
تُعلق,1
يمثلونها,1
وأتمنى,1
نتطور,1
متفائل,1
تتبنّيان,1
مقلق,1
الجمركيين.,1
بالوسطاء,1
وحساب,1
الصحراوية,1
ويتركون,1
تُرحلهم,1
أولبرا،,1
يتوقفوا,1
يعيدونها”.,1
وخوارزمياتهم.,1
شركتين.,1
سيُقسّم,1
ميتا.,1
بخصوصية,1
والمساس,1
والميزانية.,1
بالسياسية,1
تُعزى,1
اليابانبيع,1
وترفيه,1
وتكلس,1
إحباطها.الوزير,1
"الأنفاق""",1
المستقبلية.الجرباوي,1
وانعكاسه,1
"""الفلسطيني-الإسرائيلي"":",1
الجرباوي,1
"السابع""",1
غزةفي,1
كعطلة,1
أغسطس/آب)،,1
(1,1
كاريبية,1
قُدِّمَ,1
وولفرهامبتون.,1
التزاماتهم,1
فنربخشة,1
تُبعد,1
وتشول،,1
وتزيلتال,1
تزوتزيل,1
بنشره.,1
محتشمة،,1
أعجبها,1
منتقديها،,1
لمشاريعهم.,1
برميرليغ،,1
الحطام.,1
خزانة،,1
يُحلل,1
شعارات.كما,1
2024؟,1
ماضيًا,1
ورائه,1
سيف،,1
صنفًا,1
وتواترا،,1
التسربّات,1
المنتصبة,1
واهتراء,1
بالمجمع,1
المتأهل,1
الإقصائي,1
المتأتية,1
"التلوّث""",1
"""أوقفوا",1
منظمّة,1
والتنميةِ,1
مجالَي,1
إمدادِها,1
وسلاسلِ,1
قدراتِها,1
ببناءِ,1
قامتِ,1
عشرينَ,1
"المُعقدة"".",1
قدراتهم،,1
أنثروبيك،,1
أوقيانوسيا،,1
سريدهار،,1
أبارنا,1
مستطاع,1
نسقط,1
الاستلقاء،,1
للظهر,1
وينظّم,1
الحقوق”,1
“وثيقة,1
“الإطار,1
وقرّر,1
والشفافية.,1
مكوناتِ,1
و80%,1
الرياحِ,1
الآجال،,1
طاقةِ,1
معداتِ,1
تُورِّدُ,1
أصبحتْ,1
معك,1
للقراءة,1
والفقد،,1
لتجد,1
وطنها,1
زيمبابوية,1
الزولو،,1
جندريًا,1
الجميلان،,1
وهذان,1
فعلنا,1
تواجهها،,1
عقبات،,1
أميال),1
أبينت,1
امشي,1
جيمس:,1
ريموند,1
مولتشانوف،,1
الضيق،,1
تتنافى,1
للمعاينة,1
تعفى,1
أشهرٍ.,1
وتسعةِ,1
يستغرقُ,1
ومُجهِدةً،,1
طويلةً,1
عمليَّةً,1
علاجُ,1
يحلّ,1
بأشياء.,1
"العاطفية"".",1
والارتباط،,1
ليقدم,1
يُحاكي,1
كرفيق,1
الوعاء.,1
رجلان,1
بروزًا,1
نفوذها.”,1
سيُصبح,1
“الوصول,1
لاضطراب,1
التصاعدي,1
الحالة.,1
"الإضافي"".",1
"""ستكون",1
مائلة،,1
"""ديربي""",1
ستؤثر,1
تطرفاً,1
"و500,000",1
"300,000",1
ونائماً,1
ملقياً,1
محبي,1
"والتفاهم"".",1
بالحوار,1
"تماما""",1
"""زائفة",1
كارتل,1
والمقاومة؟,1
اللونية,1
للادعاءات,1
متقبلًا,1
تضخمها,1
حذرًا،,1
الفاعلة.,1
تُطرح,1
والأميرالات,1
العسكريين.,1
وأميرال،,1
بتسريح,1
متواضعين.,1
توريق،,1
بصيغ,1
صكوك,1
للتقشير.,1
المؤكسد،,1
“شعبوي,1
“مُحافظ”,1
مُصطلحيّ,1
وانحسار,1
للركود,1
القصري,1
الإخفاء,1
جوي.,1
ليبيديف،,1
سينياكوفا,1
كاتيرينا,1
الهاتف.,1
مرتاحة.,1
المخزن،,1
فرزين،,1
وكرّر,1
ويصونون,1
يركّبون,1
المهرة,1
والمبرمجين,1
الكهربائيين,1
للمرشحين،,1
للفرز,1
والولاء,1
انتخاباتً,1
رئيسيين.,1
للتقنية,1
مقاربتي,1
قشقاي:,1
البديل”.,1
المتطرف”,1
تلاشت,1
الصفرية,1
لنيبال،,1
للإشراف,1
فصناعة,1
للتنفيذ.,1
موحّد.,1
والتصعيد,1
فالحكومة,1
الهامة،,1
بارزًا.,1
قائدًا,1
سبايك,1
وصواريخ,1
طوافة.,1
تستقل,1
جدها,1
الأجانببعد,1
تداولاتالمستثمرين,1
المعدات.,1
الأغنى،,1
الفريق؟,1
الكواليس..,1
بالآخرين,1
الأجيالَ,1
العائلاتُ,1
يجعلان,1
لعباس،,1
البولندي،,1
بياناتمكتب,1
لفنزويلا)،,1
التنديد.,1
واعتقال,1
نوربورغرينغ,1
"هايز"".",1
‬(المدربة),1
انضمام‭,1
أسسا,1
و2012,1
ساهموا,1
تشيلسي:,1
"الحيوية"".",1
بتال,1
مصور,1
انكمش,1
حددته,1
الأدب،,1
أسرته..,1
المتحول,1
للتفكير.,1
فريدين،,1
وأشرارًا,1
أبطالًا,1
فالقصص,1
سبايس,1
2023-2024,1
واستبعد,1
"الظروف"".",1
متراجعا,1
0.6584,1
ساتوروف،,1
مارات,1
الإنعاش,1
طبرق،,1
الأبيرين,1
"""استلهمت",1
التراث،,1
مدخلها,1
البتول,1
نجران،,1
الخبرة».,1
«إعلامية,1
قدراتهن.”,1
ويدعمون,1
متضامنين,1
“النسويون,1
متنامية,1
فهرنهايت),1
(81.1,1
27.3,1
السنوية،,1
باستطاعة,1
باروسو,1
وقبرص,1
هولنديًا,1
"الأجيال"".",1
معاصرة،,1
لأبرز,1
المسند,1
حِمى,1
قاعدتهم,1
وزميل,1
وطيار,1
السرب,1
ماجستاد.,1
والتعاطف”،,1
نقوش,1
غابا,1
(الونش),1
لصفوفه,1
شحاتة،,1
بقائمة,1
"""كولينز""",1
خبيرًا,1
موافقة.,1
تشينارجيك.,1
شقتها,1
غُللو،,1
ساحلها,1
مميتة,1
كُلّف,1
بحقهم.,1
لحيازة,1
واقيات,1
(垂れ):مجموعة,1
تاري,1
زرع,1
المفحوصة,1
للقوائم,1
وقيمته,1
قاسٍ.,1
الإيقاف.,1
الأساسات,1
المنظورات,1
الشفافة,1
“المعلومات,1
“أخبرتنا,1
الزيارة.,1
بداعي,1
جابوا,1
ولكنهم,1
فنتورو,1
عُثِّر,1
"والإمارات"".",1
كقلاع,1
تهمنا,1
أولوياتنا,1
تشارنفيراكول،,1
التايلاندي،,1
قالرئيس,1
الهارب.,1
ومستخدمي,1
للواقعة,1
ويكتب,1
والساق,1
لنقاشات,1
التونسية”.,1
العرعاري،,1
منالنفط,1
عقدتا,1
آنكي.,1
للمكالمة,1
والانتظار,1
"و""وان",1
بيكسل,1
تسعيره.,1
يُبطئ,1
وركر,1
كليك,1
قارات,1
تفرقوا,1
"""الدار",1
وتدير,1
بحدودٍ,1
مقيدةٌ,1
أوراقه,1
وإتلاف,1
المحاكمة.,1
تُسلم,1
بالجنون،,1
هاكيونج,1
المدانة,1
اضطرابها,1
يونيو(حزيران),1
الرادار,1
447),1
(إيه,1
رتبت,1
علوم،,1
النقابة.,1
وانضموا,1
عجيب،,1
ألماني.,1
الكازاخستانيين,1
"""بوتونغ""،",1
"أوتوموبيل""",1
"""شيري",1
اشتراكاتها،,1
"تكنولوجي""",1
بريسيجن,1
هيبين,1
"""شينزن",1
عقودا,1
الصرف.”,1
نتاجر,1
الكروي،,1
المحترفين،,1
بإنجلترا،,1
الجوائز),1
(درة,1
البريطانيين،,1
المصري)،,1
(الملك,1
إذاعية,1
بالسيطرة.,1
والزخم,1
بضعف,1
يكبرها,1
لزواجها,1
أسلافه.,1
أضعافَ,1
قتلَ,1
«القسام».,1
أنفاقَ,1
الركام,1
فغطّت,1
جبهات.,1
وجودية.,1
سيعزي,1
المتزايدين,1
للجيش.,1
وبينت,1
إيلات،,1
توعد،,1
للإضراب,1
والبقايا,1
الخردةً,1
برودبينت.,1
لأستاذة,1
بالاستلقاء,1
وتداعيات,1
لنائب,1
لـ«حماس»,1
تنصّ,1
وكلّ,1
إسرائيلَ,1
الأكيد,1
الرجلِ,1
وآخرين.,1
السنوار,1
ويحيى,1
وبكالوريوس,1
لإنقاذه,1
١٩٦٧,1
تطورها.,1
اعترافٍ,1
لناقوس,1
والثعلب,1
والنعام،,1
والفنك،,1
وبحراً،,1
براً,1
الزخم.,1
صغيراً.,1
"للسامية""،",1
كر,1
والسوائل,1
لأجسادهن,1
رضائي:,1
فيتعرف,1
بسيارتها,1
بالسداد،,1
ملتزمًا,1
داهال,1
وشيشير,1
سابكوتا,1
ديليب,1
لتمكينها,1
"""رضخت""",1
والكميات,1
المتعاملين،,1
فرعي,1
تخصص,1
مزيّفة,1
مستعيناً,1
(واع).,1
"واقعية"".",1
تُلهم,1
"""ولم",1
منالمتحف,1
سوار,1
أبراموفيتش.,1
إنفاقهم,1
"ضدهم""",1
بعلاقة,1
القربى.,1
ومستقبلهن،,1
وصحتهن,1
وحياتهن,1
أولان,1
الفطريات.,1
البكتيريا،,1
و21,1
واختبرت,1
لتورطهم,1
الغانية,1
الأحفوريات.,1
فحشدت,1
خلفتها,1
لمنظمي,1
توجا,1
باسكا,1
"إيجابيا"".",1
سيعرف,1
"للمزارعين"".",1
حمار،,1
يجرها,1
كارة,1
وينقلوها,1
خزاناتهم،,1
وجيمس,1
وسيمون,1
أسيموجلو،,1
اقتصاديين،,1
مُنحت,1
ثرواتها.,1
بتباطؤ,1
والخرسانة.,1
سحاب,1
ناطحات,1
باتور,1
والثانوي.,1
الثلاثة..,1
تلميذ،,1
لائقا,1
بوسعه,1
إراحته,1
إصابته.,1
ألبيون,1
هوف,1
برايتون,1
باليد,1
"""قوى""",1
السعوديةعبر,1
أطلقتوزارة,1
السلسلة.,1
صنعهم،,1
وقيرغيزستان,1
اعتُمد,1
فقط؟,1
“لآلئ”,1
لاقتصادات,1
كالصناعة,1
وتبادلها.,1
وبالصراع,1
بالإقصاء,1
"ومتوازن"".",1
"""عادل",1
سعيطهرانللتوصل,1
والحاسم،,1
بموقفها,1
الأضاحي,1
ذبح,1
قُدِّم,1
"محترفة"".",1
ترولس,1
بينما،,1
مزخرفة,1
نرتدي,1
مجموعتي,1
سينتي:,1
رامانوش،,1
يقاومون,1
خوارزميًا،,1
بياناتهم.,1
بوتيم،,1
وتلاعبًا,1
قاس،,1
أوزبكستان,1
الثروة،,1
لتسليمها,1
الأحمال.,1
ولجأت,1
المناعي.,1
جهازهم,1
“بيك”,1
المُحلَّى,1
علب,1
سوكوداي,1
مطهية,1
مصلحتها.,1
وستتبع,1
ستعمد,1
كولورادو,1
أوپه,1
"""متحجرات",1
مقعد.,1
نُسبوا,1
نائبهم,1
الخرج،,1
لمنافسات,1
يسجّل,1
الصادر.,1
كاراسكو,1
"بلاي"".",1
مصرة,1
بالفرص,1
شركةغوغلمن,1
سيارا,1
المنحدرات,1
تتزايد،,1
لمتلقي,1
جِسر.,1
الي,1
يعلقون,1
المُحتجون,1
فلكية,1
ودنيوية,1
ونبيلات,1
ونبلاء,1
وملكات,1
شيدها,1
للدعم.,1
متابعيهم,1
"أصولنا"".",1
لنتعلمه,1
يانكشيان,1
30.5,1
لرفضها,1
الراديو.,1
صنعن,1
ديربيشاير،,1
ديليا,1
أورام,1
دافني,1
بعضهن،,1
أسوأ؟,1
يحيضنّ,1
جل,1
راجعت,1
لــ5,1
أخماس,1
نصف،,1
المخاطر؟,1
سريري.,1
فأجد,1
منهكة,1
الليالي،,1
الرغبة.,1
خفيفًا,1
كثيفًا,1
الممزوج,1
اللبن,1
ابنتهما,1
حضورهما,1
لهما،,1
والدا,1
(أيلول)،,1
و8.7,1
بمادورو,1
حقيقيًّا,1
بيلسات,1
البلاروسي,1
نشطين,1
حدوديين,1
معبرين,1
رادوسلاف,1
سبلاش,1
إيدهينشليف,1
مُعقّد,1
(لكن),1
فعليكَ,1
حاسوب،,1
أردتَ,1
"""حاليًا،",1
هاثاواي.,1
جر,1
المحيطات.,1
وشرد,1
طائشة,1
حتفه,1
لقيّ,1
وفكريًا.,1
بصريًا،,1
أسرتني,1
الكمّ,1
وانبهرتُ,1
تمبل،,1
عشتُ,1
والنشر.,1
ببراءات,1
البرازيليين.,1
"مباراة""،",1
"""342",1
زامل,1
منصوص,1
106.1,1
التحذير،,1
للأصوات,1
الحصين،,1
الحصن,1
هاثاواي،,1
أبيل،,1
متتالياً.,1
ربعًا,1
344.1,1
اكتنازها,1
حبكة,1
هاي،,1
لجاك,1
والطبيب,1
محاصيلهم.,1
باستخدامهم,1
والسماد”,1
بنغاليين,1
مسلمين,1
مزارعين,1
وهش,1
رقيق,1
ولطيف؛,1
ينبت,1
الإفطار.,1
حيوي.,1
منالغاز,1
"الآمن""",1
"""النقل",1
مقتضبا,1
بيانا,1
علىمدينة,1
للملفات,1
استيفائهم,1
لمساندة,1
للمثول,1
وأعوان,1
غورينغ,1
هيرمان,1
عُين,1
كيلي،,1
دوغلاس,1
الكاذبة”,1
2630/2020،,1
نظرك؟,1
"""داليدا""..",1
تعليمهنّ.,1
تحشد,1
القاسية،,1
(1966-1976),1
"""جودي""،",1
82.8%,1
الطبيعيبنحو,1
بيد.,1
يدًا,1
وغرباء,1
جيران,1
أيضًا؛,1
“إنهم,1
للأفكار.,1
المتساوية,1
والفلسفة,1
وأساتذة,1
والبرلمانات,1
كاتز،,1
صفرا,1
للقاحات.,1
بالجودة,1
الْخَطَر.”,1
“تصنيع,1
بالقوائم,1
سنتها,1
و2026.,1
السيناريو.,1
تشينامانغلام:,1
وتقرير,1
الصحراويون,1
عقبة،,1
خيار؟”.,1
أذلك,1
مستحيلة،,1
ويجعلون,1
طوعي،,1
“تقول,1
بنجاب.,1
هاسيلوالا،,1
تشاه,1
ماهين,1
عيشنا”،,1
يسلبون,1
بجزئية,1
والتدريب.,1
القدرات،,1
للتعاون؛,1
والمغرب,1
الوفود،,1
ولقاءات,1
الوزيران,1
"مداره"".",1
ربحية،,1
قدرّها,1
الموقد.,1
وروضة.,1
فيضة,1
للخامات،,1
الحاملة,1
148.94,1
وإقامات,1
للتأشيرات،,1
بالمواطنين,1
استبدادي,1
مضطربة،,1
ضَمَن,1
أطباقه,1
كطريقة,1
محبًا,1
للمراعي,1
"الخضراء""",1
كيبيريزي.,1
الغاز.,1
بتسريع,1
"الشرق""،",1
27.91,1
نرجسية.,1
“لعملائهم”,1
بيكهام,1
وآشلي,1
شيتينين,1
وأنطون,1
فغاني,1
دبلن،,1
المدمجة.,1
للاستخدامات,1
لنماذج,1
1.3439,1
0.27%,1
1.1731,1
ينًا,1
بالإرشادات,1
الانشقاقات,1
إيرائي,1
غولروخ,1
وستعقد,1
للاشتعال.,1
قدّمتها,1
مكتفيةً,1
تُجرِ,1
المقاول،,1
النظرة.,1
يديم,1
"2,280,484.9",1
12.8%,1
"27,908,326.8",1
فتُقدَّر,1
"""المدرسة",1
ونادرا,1
قرأنا,1
آخرين..,1
أردنا،,1
نوفاك،,1
قسري.,1
الإفراج،,1
معتقلًا,1
863,1
بكوفيد-19؟,1
ببرلين.,1
دَّرست,1
النمسا،,1
رغبوا,1
النفع,1
فوارق,1
تمحيص,1
وقوف,1
للخبراء.,1
للفرد،,1
عموماً,1
الانسدادي.,1
وانقطاع,1
وسكري,1
الوحيدة،,1
"الدرس"".",1
العبادة,1
فضائها,1
والعقلانية،,1
للمعرفة,1
محرابا,1
للإدارةِ,1
التابعةِ,1
أحياءِ,1
والعطش.,1
هلكوا,1
مرمرة،,1
المهجورة,1
سيفريادا,1
وإشارات,1
فنك,1
أُميد,1
ليصالح,1
المتحدةالأسبوع,1
"""49%"".",1
"""57%""،",1
التفضيلات,1
ومدن،,1
الترفيه.,1
المزاح,1
العرضية,1
بطائراتها,1
"آني"".",1
"""خيمياء",1
تٌُستخدم,1
أواخرِ,1
دراساتها,1
لتتابعَ,1
غراتس,1
وحملة,1
سافرَت,1
والباكستان,1
يُطالب,1
احتج,1
فينك،,1
الرئيسَ,1
تُرصد,1
والباحثين.,1
بأكملها.”,1
العينة،,1
المنتظمون،,1
انتشارها.,1
"كونكت"".",1
بشاشة،,1
ميتا:,1
ديسبلاي,1
محذّراً,1
وتتمسك,1
المنفي،,1
للاستثمارات.,1
جاذبيتها,1
بينغ).,1
(رفض,1
وجدتهما,1
منفصلتين,1
لقطتين,1
أنشأتُ,1
مذهلة.,1
مساكنًا,1
وأقال,1
"جلوبال"".",1
لتحتضن,1
لتخصيص,1
بعهدها,1
بالوفاء,1
119990,1
256,1
وطُرح,1
تبدي,1
أسيت،,1
برامجهما.,1
يبثان,1
زالا,1
برمجيات،,1
مطور,1
وينر,1
ديف,1
الإذاعية”،,1
،”الأب,1
طورا,1
2050،,1
وسياتل.,1
ينطفئ.,1
الموتُ,1
سِلْمِيٍّ,1
مستقبلٍ,1
استفحالها،,1
فأستراليا،,1
بكندا،,1
بوزر,1
للخبراء،,1
اعتقلته,1
الجنايات.,1
للاختفاء,1
و29%,1
ريستور،,1
(1437.08,1
وفكرية.,1
بالإنجليزية,1
للاندماج,1
63.,1
لأتلتيكو,1
سودانية,1
والدي.,1
بواجبي,1
وناقلي,1
سرعته,1
(كافد)،,1
شركةمفيدعن,1
جديد”.,1
“نافذة,1
الألسن،,1
افتُتِح,1
التعرُّفُ,1
يكفيهم,1
تستخدمُ,1
معرفةِ,1
يحتاجونَ,1
إنَّهم,1
المستودعات.,1
580,1
وتحريك,1
والتخزين.,1
بالتجزئة،,1
حلقتين،,1
بنيته,1
"بدنيا"".",1
ومجهدة,1
تبادلات,1
والفاخرة,1
والشعبية,1
ستتواجد,1
لاحقًا)،,1
الشام”,1
المنبثقين,1
المؤقتين,1
المستطاع,1
أمورنا,1
لتدبير,1
متروكون,1
الدبلوماسيان,1
صحافيين,1
وأتت,1
وحجبُها,1
مُكالمةً,1
توقيعها؛,1
وُقِّعت,1
وأخبر,1
الكبرة.,1
المنهجيات,1
"""ترجمة""",1
علمية،,1
"""نسخ""",1
النَّاسِ.,1
التقاريرِ,1
بدأتْ,1
كوينينديه،,1
دقيقةً,1
عشرةَ,1
خمسَ,1
توزّع,1
وكلُّ,1
المهاترة،,1
استغراقٍ,1
كلُّ,1
القصور.,1
ممَّن,1
خصوصًا،,1
أحدًا،,1
أستثني,1
بكفاءة.,1
العملياتية،,1
كفاءتهم,1
لصقل,1
“سالم”,1
أوفى,1
بمراحل,1
بمآلاته,1
المازوشيّ،,1
تمادي,1
والدوليّة،,1
أروقة,1
المنذرة,1
إيّاه.إذا,1
ونقع,1
نكرّر,1
ومفاتيح,1
وعيها،,1
ومركّباتها،,1
معطياتها,1
واستعراض,1
تهويميٍّ,1
تفادٍ,1
أعلاه,1
وكوبين,1
احرص,1
يوروبا؟,1
كوزمولوجيا,1
معتقداك,1
وسائر,1
أُجبِرت,1
ربيعها,1
هو.,1
المتنازَع,1
المتداوَلة،,1
(آمنٍ),1
استنباط,1
فإنّي,1
الجهنّميّة،,1
والسياسة،,1
"""نصيحتي",1
والمزدوج,1
والثنائي,1
المتوازن,1
والمثالي,1
البريق,1
قدميه،,1
المسننة,1
بوخزات,1
بطنه,1
بلمسة,1
يتقدم،,1
وخدماتالاتصالات.,1
جماعي.,1
جيشها,1
نشتري,1
الإخفاق.,1
صامدًا,1
للمسه،,1
للاقتراب,1
الساقين،,1
يُبتكر,1
"""إلى",1
مُضيفًا:,1
"أمتار""،",1
يقتربوا,1
متهالكة,1
متاجر،,1
بلديين،,1
مدرسين،,1
تحدثتُ,1
"عنف"".",1
والتحقيق,1
الفيدراليين،,1
ستواصل،,1
غيلمارتن،,1
وردًّا,1
احتاجت,1
ائتمانية،,1
الاستشارة,1
المسودة,1
وأبوظبي.,1
الفاترة,1
الظفيري،,1
خلفياته,1
الوالد,1
"لـ""العربية",1
نافذتي,1
قتلها.,1
بالأحياء,1
إرتورك,1
والزلفي.,1
لأندية,1
يلو,1
الخلود،,1
الأخدود،,1
وتأهل,1
مقبول’.,1
مُرر,1
"الموصلات""",1
ضئيلًا،,1
للرقائق،,1
مستهلكي,1
السلبية—,1
—الإيجابية,1
الريفي.,1
للمدينة,1
السطحية”,1
“الجزيرة,1
جولتين,1
التوالي.ورفع,1
يهز,1
الضائع،,1
ثيو,1
المرحّلين.,1
كيوساكي،,1
"الفقير""روبرت",1
مستيقظاً,1
أبقتني,1
3.81,1
(بناء,1
تُحتسب,1
المرحلية،,1
لتوزيعات,1
للاستحقاق,1
4.145,1
4.1467,1
بأس.,1
فحسنًا؛,1
ودراساتي,1
بالأشياء.,1
ويربطون,1
بالخرافات،,1
واشتراكيون،,1
عمليون,1
ويحلل,1
القادم؟,1
"""الزعيم""",1
البرغوثي,1
مازن؟,1
الفلسطيني.تناقش,1
بالانفراد,1
"""الكارثة",1
جريء,1
اللحام،,1
"القوة""،",1
أجدادي،,1
والبشرية,1
"نيجما""",1
2025)،,1
درهماً,1
تبنِّي,1
«أوبك+»,1
لمبابي.,1
جذر,1
بالتخلي,1
"والتحريضية"".",1
المتهورة,1
"""سنلغي",1
ومكانتها,1
واللباس،,1
تقييدا,1
بحجّة,1
والرسمي,1
"النصر""،",1
"""وهم",1
"""فتح""",1
ماديًا.,1
الجيوسياسة,1
جاهلًا,1
خارجه,1
للعودة.,1
سماعه.,1
يُريدون,1
مُخصّصة,1
مُحادثي,1
التجديف.,1
لإحصاء,1
والتنحي,1
يرقى,1
دامغة,1
المرتكبة،,1
توثّق,1
ومتواصلة».,1
فإخماد,1
بسواء.,1
والفنّانين,1
وإسكاتها,1
هذا:,1
اعرفوا,1
ومُنع,1
ويبتعد,1
وسلميةً,1
هادئةً,1
أجواءً,1
بخارا,1
السلبية،,1
الزكية,1
الرائحة,1
سيفرضها,1
سقفللرسوم,1
نجحا,1
ثقتهما,1
حيوانية.,1
إثباته,1
السلمون،,1
بيض,1
صوتية،,1
المؤثرات,1
الأرابيسك.,1
ألحانها,1
هائل.,1
الهش،,1
"مضادللمسيرات""",1
"""إقامة",1
تعهدوا,1
"مستوانا""،",1
قائلين:,1
السبعينات.,1
هاجرَ,1
المنسحب:,1
رميه,1
موريسون,1
ريوفين,1
و30%.,1
الأصليات,1
و17%،,1
المتقلبة,1
والديناميكيات,1
المتشددين،,1
والمظالم,1
بشيكات,1
مدفوعاتنا,1
نسدد,1
غانم,1
المرحّبة”,1
”بالبيئة,1
يصفه,1
وتأخيرات,1
تتركني,1
إنكاري,1
"""بترا"".",1
طنًا،,1
6683,1
8380,1
بالصدارة.,1
تكراره,1
"الطريقة"".",1
"""سأخسر",1
حسابي,1
إيداعها,1
بالشيكل,1
راتبي,1
وأتلقى,1
الشيكل،,1
الشيكات.,1
تُرفَض,1
وأحتاج,1
دمرها,1
يقفان,1
صبيان,1
والتباهي,1
بإعدادها,1
يُنهي,1
سيُشير,1
"""تركز",1
تحفظًا.,1
للفنزويليين.,1
وُعد,1
فعلًا؟»,1
ميز,1
الجوانب،,1
بينآيفونوهواتف,1
الأحادية،,1
24.5,1
وضَمّ,1
باستياء,1
2019؛,1
تصدرا,1
العجين،,1
تعجن,1
مكعبات،,1
لمخلوقات,1
التمرين.,1
والاسترخاء,1
بتكرار,1
المحايد.,1
والخلفية،,1
للأموال,1
كدعم،,1
"1,388",1
"86,393",1
الخوض,1
ميونيخ.,1
"لحماس"".",1
الصهاينة,1
كيلا,1
لإرغام,1
الفلسطينيات،,1
فظيعة,1
“قلقهم,1
شجبت,1
مقصودة.,1
التكنولوجيات,1
الكهنة.,1
وتواصلها,1
ليخت،,1
ماتيس,1
تطل,1
الفرعوني,1
وثالث,1
حركت,1
التلفزة,1
وتجويع.,1
يلقاه,1
الدول؛,1
وأفغانستان.,1
وإيابًا,1
كيلوغرامًا،,1
تملأها,1
حمِّل,1
بالوفد,1
تلتقِ,1
استثماراتهم،,1
بوثائقهم,1
محتفظون,1
مستثمر،,1
ويمهد,1
"بعيد"".",1
نصراوي،,1
لتعلن,1
علىإبقاء,1
الأهليةفي,1
صمدوف.,1
ودعمًا,1
تيسيرًا,1
الفرنسي-الإيوي,1
داعش.,1
العنيف،,1
ميديابار,1
الصويان.,1
ومحافظ,1
"""حصين"".",1
النسبية.,1
موسمي.,1
العرابي,1
القصيم,1
مشيط,1
خميس,1
"بالغردقة"".",1
الملوّث,1
للهواء,1
فينيكوف،,1
الموريتانيين,1
ميلوول,1
الرئوي,1
التنفسي،,1
شقير,1
برأس,1
07:11,1
555.8,1
مسمّيات,1
خارجةٍ,1
غابةٍ,1
67%,1
تزداد،,1
63.3%,1
معيدةً,1
الحاقدة,1
قوميين،,1
الارتفاعات،,1
متطرفين,1
احتجاجها,1
"الحرية""،",1
ومؤشر,1
بالطبع),1
(مسيحية,1
واستخدامهم,1
ولعمله،,1
إزعاجاً,1
غون”,1
“نظم,1
بالشبكة،,1
و758,1
566,1
427,1
وثَّقت,1
التقييم.,1
للطرح،,1
338,1
حدودها.,1
لهذهِ,1
نِهائيَّةٍ,1
وِجهةٍ,1
يُحدَّدْ,1
المقدسات».,1
«تدنيس,1
الدين»,1
بـ«الطعن,1
منتقديه,1
بولس.,1
بالقديس,1
مقارناً,1
و«رسولي»،,1
«مبشر»,1
الكرادلة,1
لوصفه.,1
وألان,1
بونباست,1
بحوالى,1
والمطالبات,1
والثورات،,1
بالملوك،,1
اتّسم,1
نستعرض,1
بالأزواج,1
لِتنفيذِ,1
استُؤجِرُوا,1
العُمَّالِ,1
اقتُصِرَتْ,1
المعلوماتُ,1
تُشارَكْ,1
النفاياتِ،,1
موثّقة,1
بالإرادة,1
وتجاوزتها,1
داعيا,1
والأمنية,1
بالأوضاع,1
أوزبكستان.,1
ملكيتها,1
كوسكوم,1
وتشغلها,1
أوسيل،,1
والمشغليّن,1
أوزتيليكوم،,1
الرائد,1
تيسيل،,1
تشاند,1
وتحتفل,1
@100._._6,1
منشئة,1
لتشابه,1
المنظمات،,1
المحاطين,1
زمورة,1
الجارفة،,1
المرتفعات,1
المسيلة،,1
العصيبة,1
حجمًا،,1
بولفر,1
والريف,1
يتبنون,1
البدوية.,1
خاضع,1
يصونها,1
حريات,1
وتنظم,1
ويحدد,1
العربية.نت/الحدث.نت:,1
أمتعتهم,1
يتسلم,1
وأقلام,1
ورقية,1
ولحسن,1
بدلهي.,1
غاندي,1
إنديرا,1
2300,1
بتحالفها,1
توقفًا,1
"""شهد",1
توماهوك؟,1
ونحوّل,1
نتحدى,1
قضيتنا,1
نعزز,1
القيم،,1
بتبني,1
العائدة,1
والمتوسط.,1
أقرّه,1
الجماعة،,1
للنسوية.,1
المُناهضة,1
ومشروط,1
رجّحت,1
وتحملنا,1
الاستغاثة,1
وصرخات,1
نارية،,1
الجدات،,1
العكسي,1
القدرة”,1
المهمشة،,1
شديداً,1
يُظِهر,1
ونظامان”.,1
موردو,1
لهويتهم,1
كرمز,1
"الارتفاع"".",1
غروك،,1
"""روبوت",1
المغردين,1
غولان”,1
“يائير,1
أولمرت”,1
“إيهود,1
أبرزهم:,1
شخصيّات,1
الرئيسيّة,1
مَنَحَت,1
بتجنبإغلاق,1
ستيرن.,1
أولايزولا،,1
لصحةالقلب.,1
والبوليفينولات،,1
بأمل,1
متشبثةً,1
منازلها،,1
والتغلب,1
أذواقهم,1
مستعدًا,1
الأرضي.,1
استجمام,1
مزدوجين:,1
للفيدرالي،,1
القطرية.,1
عائلاتنا,1
صراخ.,1
الخافتة,1
الرضيعة,1
مخيباً.,1
أعينهما.,1
ويزيل,1
والترويج.,1
لغايات,1
مادبا,1
قيامها,1
جرمية,1
تابعوا,1
المساهمات،,1
"المواجهة"".",1
للاختيار,1
"""حان",1
"والتسويق""",1
بقبضةٍ,1
ومتناغمين،,1
هادئين,1
وآمنة،,1
"الرقمية"".",1
"و""محاولة",1
"سنوات""",1
نواجهها,1
المُسوّرة,1
بانت:,1
"التحرك"".",1
وللثقة,1
الشهر:,1
آر)،,1
ناناي.,1
ترويتسكوي،,1
المحليّ,1
التّاريخ,1
تعتيم,1
وعشائرها,1
أطوار,1
تقسيمها,1
المؤرخين,1
اصطلح,1
مسيرةَ,1
الصفة،,1
الـ95,1
أنواعها.,1
بالأشجار,1
فدانًا),1
"(44,478,969",1
فدانًا)،,1
"51,892,130",1
لأراضي,1
مهددًا,1
"""الاشتراكات",1
واستنادا,1
"السعودية""واس"".",1
بتجسيد,1
بالحيض،,1
ونجد،,1
الحجاز,1
فملك,1
الحجاز،,1
وملك,1
فسلطان,1
يتوجه,1
16.,1
الطُرز,1
وتُباع,1
باهرًا،,1
فرانسيسكو.,1
بيبان,1
625,1
(تاسي).,1
(نمو),1
25-09-2025م,1
المنعقد,1
السعوديةللخدمات,1
شركةنت,1
الغادر،,1
بتأكيد,1
تثمّن,1
وظائفها,1
الكلى،,1
ضغطا,1
إيراداتها.,1
التقوى،,1
المسفلة،,1
انخفاضا,1
الخصوم!,1
وبالغوا,1
حقّهم,1
وأنصاره,1
"الاستمرار"".",1
100،,1
قائمة),1
(شركات,1
مألوفة،,1
"""وهذه",1
للمعادن.,1
مكافحتها,1
فقضية,1
11،,1
الهيج،,1
ذاخر،,1
الأندلس،,1
الروضة،,1
المعابدة،,1
الخنساء،,1
العزيزية،,1
السنابل،,1
المرسلات،,1
الروابي،,1
"نادينا"".",1
المؤهلات,1
"""مورينيو",1
البيعة،,1
المحمدية،,1
أوزجاغداش،,1
"""تتعامل",1
ومرحلي,1
براغماتي,1
"""انفتاح",1
فاعتبر,1
الملك.,1
ببطولتي,1
الجموم.,1
بعسفان,1
الحجيلي,1
بخش,1
البوقري،,1
الحج)،,1
(شارع,1
والجفري,1
مانه,1
نجوين,1
نغوين,1
ثانه,1
بوي,1
الخريفزيارته,1
ويستهلالوزير,1
للشعّار.,1
ومكونات,1
استنساخه,1
ينتبه,1
كوستا,1
السيبراني:,1
كاراغوزوغلو،,1
ورئيسها,1
‎انتقادات,1
السهل.,1
والذكوري،,1
أقل»,1
«ولا,1
مينوس,1
أونا,1
وحّدت,1
المكثف،,1
"""كاليفورنيا-بيركلي""،",1
منحوا,1
20.9%.,1
مصرخلال,1
العامفي,1
المؤسساتيون,1
والحلول,1
هونغ،,1
تجاريًا.,1
تُبرهن,1
المُثبتة,1
ميدانيًا،,1
والاستمرارية,1
التشغيلي،,1
والطموح.,1
أمارغو).,1
دونه,1
دولسي),1
فشل.,1
الحاوية,1
أقراص,1
فسارع,1
لإحراق,1
إعلامه,1
يوجب,1
الاِستيلاءُ,1
تَمَّ,1
15.9%.,1
13.7%,1
البنوك),1
"لذلك"".",1
قوات).,1
(الأمر,1
ويلسون،,1
بوضعٍ,1
الجنسيّة,1
باللاجئين,1
المتعلّقة,1
وموردي,1
2021-2022،,1
للجوع,1
جسمه,1
لإشارات,1
مسلسل،,1
"شيوعي""",1
"و""توجه",1
"""جنون""",1
الفرنسيةبعد,1
فيالأوساط,1
تفصيلاً,1
الأثناء.,1
منعنا,1
أسرعنا,1
ضرورة.,1
ترفًا؛,1
لتمتثل,1
قرية،,1
"الأمصار"":",1
ممالك,1
الأبصار,1
"""مسالك",1
749هـ),1
(المتوفى:,1
العدوي,1
القرشي,1
بجديد,1
تُختتم,1
بحوزتهم.,1
لانعقاد,1
بالشبع،,1
يُؤدّي,1
والشبع،,1
القان،,1
ويختم,1
اللين،,1
شجر,1
لحاء,1
يؤخذ,1
ومائة،,1
وخمسين,1
دراهم,1
درهمين،,1
الدرهم,1
فمنها,1
صغار،,1
التوت،,1
بورق,1
ومعاملتهم,1
كبارا,1
ألكسندروفيتش.,1
بنائه.,1
فبدايةً،,1
ويتطلّب,1
يُضاعف,1
فألقِ,1
(معادن)،,1
شركةالتعدين,1
"قليل"".",1
غرم,1
عوضه,1
وأعطى,1
واضمحل،,1
عتق)،,1
(فإذا,1
"لـ""العربية"":",1
سحق,1
افترضت,1
٢٠١٨،,1
ودعمكم.,1
دعواتكم,1
أشكركم,1
وأريد,1
منها...,1
سيستفيق,1
النبض,1
المنيا).,1
محافطة,1
(مقسمة,1
وباستثمارات,1
ينفد.,1
"""لوبارك",1
"سابقاً""",1
الشيراتون,1
"""البوابات",1
طبقة.,1
يلمس,1
الضحكة,1
ممتزجة,1
ميزتها,1
تبرر,1
9.5%,1
"""إنتل""",1
ينتيميروف،,1
ياوندي.,1
الكاميرونية،,1
بالون,1
البتة.,1
تعرفهم,1
الجهنمية,1
وأفكارهم,1
مقولاتهم,1
بالفلاسفة،,1
بالمفكرين،,1
ويستشهدون,1
مغاير،,1
بزيّ,1
السوشيالية,1
المنصّات,1
قياداتهم,1
مختلف؛,1
للفندق،,1
"كونكورد""،",1
وقدرتهم,1
بالترحيب,1
"""ستحتاج",1
فيلر:,1
شخصية.,1
ينقلون,1
صحفيو,1
اجتياح,1
منفصل”،,1
أو”,1
“تعمل,1
اعترفوا,1
وبمواجهتهم,1
المذكورين.,1
ومجتمعاته.,1
بالنهر،,1
(110.8,1
متحفظة,1
97.9,1
“مبتذل”,1
وانتزاع,1
و2021,1
خفضها,1
ونزيهة.,1
الجورجيين،,1
نسبيا.,1
فتورها,1
الطقوس,1
أرياف,1
جنوبيون,1
كوريون,1
"الماندرين"".",1
هابياريمانا,1
جوفينال,1
الرواندي,1
باغتيال,1
ووصفات,1
بالمسلسلات،,1
وذبح,1
لقرية،,1
"الأداء"".",1
وتمايلت,1
عاصفًا,1
سهلا,1
بالإطارات.,1
نقيًا,1
554,1
وبورابازار,1
الألفاظ,1
يكفلها,1
حرياته,1
لاحتياجاته,1
ورده,1
مروان،,1
تصوير.,1
وارتباطات,1
علوش,1
للوائح,1
وتبلغه,1
ويسهل,1
تقويم,1
وتحويله,1
والزوجة،,1
(1973–1994),1
موطنهم.,1
أجبرتْ,1
شرعت،,1
متجاورة،,1
الازدحام,1
وثراء,1
المقالة.,1
بحرمة,1
المواطن،,1
المُحتمل,1
وجهوا,1
وصوفيا،,1
فلورنسيا,1
ابنتاه،,1
"""ضمان",1
ويضار,1
المزيدَ,1
تتطلبُ,1
المتناميةُ,1
فصناعاتُها,1
المتناقض,1
موقفَها,1
بوضوحٍ,1
حقولِ,1
باستغلالِ,1
الصينِ,1
اهتمامَ,1
ويفاقم,1
التجديدات,1
"""ينطبق",1
"الأخير""،",1
"""بإمكان",1
الاستقلالُ,1
تحتاجهُ,1
موردٍ,1
أهمَّ,1
والاستعمارِ،,1
الطويلِ,1
لتاريخِ,1
الرئيسيُّ,1
المُروِّجُ,1
تُصوِّرَ,1
طويلةِ,1
رغبتِها,1
تناقضٍ,1
الأحفوريِّ،,1
الوقودِ,1
والمزيدَ,1
للاستعباد,1
التصويرات,1
بدخلٍ,1
والتركيبات,1
رسومها,1
وشرط,1
الملحوظة,1
الأسفل.,1
565.4,1
الكبير.,1
بيبان،,1
أبريل/نيسان.,1
تاجران,1
الماليةُ,1
والسيادةُ,1
الذاتيُّ,1
و250,1
ميغاوات،,1
باور،,1
إنفينتي,1
والخيانة.,1
وأريف,1
"""الحدث""",1
"لـ""العربية""/",1
505,1
وتتواصل,1
ثابتًا.,1
المحررة،,1
الهند).,1
(نالسا,1
كفلتها,1
جنسيًا؛,1
"""بإنصاف""،",1
بالتصيد,1
وإطلاقها,1
"للكتب"".",1
معالجتها،,1
القاعدية,1
النقائص,1
نتجاوز,1
بالتطوير,1
ستُظهر,1
أمورهم.,1
وديناميكية,1
والمصاعب,1
لأبناء,1
بالتفتيش.,1
مدججين,1
هيلمان،,1
أولًا.,1
لأهدافهم.,1
لغاتهم,1
محافظتهم,1
اللغويين،,1
للنشطاء,1
االسلسلة,1
بالإبقاء,1
ستارت),1
(نيو,1
وتجاربهم,1
الطلابي,1
مؤكدٍ,1
ستسلط,1
النظامية.,1
الروما،,1
للحريات,1
ووصفوه,1
بالفيتامينات,1
والمساحيق,1
للأقراص,1
للفرد.,1
المؤكدين,1
ميديازونا,1
المستقلّة,1
"مضى"".",1
واليوريا,1
يُمكّنهم,1
ومسؤول.,1
لمعاقبة,1
للموسيقى:,1
تستثنِ,1
والتيارات,1
"جارة"".",1
"""مناطق",1
وصراعاتها,1
أزماتها,1
"السياسية""،",1
"""الرئاسة",1
للمراكز.,1
وتدريبها،,1
والتقني،,1
وتجهيزها,1
عائلاتهن.,1
لمشاركتها,1
غرفهن,1
أخريات,1
مجتمعي.,1
ومردود,1
والقيمة,1
احتفلات,1
زاروا,1
"للمقاومة""،",1
ونواب,1
عسيري،,1
عواض,1
خوجة،,1
الكحيمي،,1
الجزائرلاستغلال,1
ضخمفي,1
لسفراء,1
"الجنوبية""،",1
"و""الضاحية",1
"لـ""عرقلتها""",1
بُثت,1
لمنشآت,1
رف,1
لحلول,1
لينوكس,1
العينات.,1
"""فوبوس-جرونت",1
الحوادث.,1
لوقوع,1
الأسيجة،,1
وتسلق,1
خطرة،,1
حُظِرت,1
يقيِّد,1
لفارمان,1
كلتيهما,1
لفيروز,1
نسختين,1
[للقائمة],1
شاركته,1
لاختلاف,1
أولا:,1
فاخر،,1
حورس”،,1
كومنز،,1
سوبيدي،,1
وتقاعس,1
الشبك,1
مين،,1
سكوهِيغان,1
الطائفي,1
افتح,1
سلطوية,1
فتنتفض,1
خيبات,1
تطلقها,1
المترابطة،,1
البضاعة.,1
لحزم,1
«التنظيمية».,1
الجماهيرية,1
كشفه.,1
هولندا.,1
متابعين,1
كلثوم،,1
لبو,1
تنصفانها.”,1
"لـ""المجتمع",1
وستستضيف,1
جويال,1
بتسمم,1
ووفيات,1
لاعتلال,1
السكون”,1
أحقيته,1
أرمن.,1
أكاديميين,1
مراسلاته,1
الدولة”،,1
و“مشاركة,1
الأرمن”,1
“بالتواصل,1
والدوري،,1
"باريزيان"":",1
والمواهب.,1
أنفقتها,1
لإنستغرام,1
واستنفاد,1
تصطاد,1
يتجاهلها.,1
ويوي”،,1
المخطوطة,1
وانتشال,1
والرضع,1
تُعنى,1
أعدّتها,1
ممولي,1
الخيرية،,1
"الأوروبي""",1
"الكافي.""",1
تُحمَ,1
ضدك,1
قابلًا,1
دمّر,1
لتقاليد,1
محونا.,1
قيمتنا,1
وتحدي,1
النمط:,1
الخليل,1
وإحضارهم,1
وتفاؤل,1
"""معقدة""",1
نجري,1
"بيضاء"".",1
حرّكت,1
تموّل,1
منصف,1
"الأمان""",1
"""ديون",1
بيئاتهم,1
"""أوبك""",1
حصتنا,1
العراقي:,1
دولار..,1
درجات،,1
7.8,1
قوّته,1
المدمّر,1
غورخا,1
مؤثراً,1
استفادةالإصدارات,1
الطواري،,1
د.عصام,1
"للاستشارات""،",1
"""نيوبري",1
وفير,1
واستراتيجي,1
وبقيّة,1
الحريّة,1
ونضالات,1
تقديراتها,1
"""تعميم",1
الاستيطاني,1
بنضال,1
عالميّة,1
تضامنات,1
-مقابل,1
16520,1
لتفاجئ,1
زميلها,1
هددها,1
وأوقفت,1
204,1
8.2,1
74.5%,1
مطالباتهم.,1
وسيقرر,1
للسد,1
التصريف,1
أسئلة.,1
المقترضون,1
السياديةبمنطقة,1
"1997"".",1
واجهته,1
مشابهاً,1
فستواجه,1
نقداً,1
واستثمرنا,1
سحبنا,1
عملات،,1
"""بدون",1
مترجم:,1
النمطية.,1
التساؤل,1
للقوة،,1
استعراضا,1
(12شهراً).,1
10100,1
وشقيقات.,1
وبنات،,1
أمهات،,1
النساء:,1
المنتظرين,1
بتويتر)،,1
“إكس”,1
الخبر.,1
صحح,1
عراقجيتوجه,1
أنوزير,1
أرضهم.,1
أوروغواي،,1
تظاهر,1
تخبر,1
“الامتثال”,1
مشطبًا,1
بمقدم,1
مزاعمه,1
مدننا,1
المعاكس،,1
أزلنا,1
رافقتُ,1
لاستعمال,1
بالقراءة,1
التحطم,1
للغرق,1
أوروبياً,1
التآزر.,1
وبهجة,1
بالتنوع,1
ولائم,1
السوداء”,1
لاسال,1
ريكس,1
الخشبية)،,1
السيقان,1
(المشي,1
جمبي”,1
“الموكو,1
سوزا,1
دراجون,1
وجلين,1
ودّعت,1
"""يويفا""",1
لي...سيبدو,1
باكتشافات,1
والمؤيدون,1
ثلاثياته,1
والحوادث,1
الجنائية.,1
الاحتكاك,1
القضائي،,1
الاستكشافية,1
التعدينيةمشاري,1
لشركةالبوصلة,1
المهجرين,1
رمضان.,1
"""الألماني""،",1
شعبية،,1
كمطربة,1
الإسترلينية،,1
الجنيهات,1
1970.,1
ليجدوا,1
بالاغتصاب.,1
يحتجزن,1
وجمعيهن,1
الرضع،,1
والفتيات،,1
الباكستانيين،,1
اختزالها,1
العضلات،,1
وكتلة,1
"""ميسير""",1
والمساعدة،,1
بالتوجيه,1
يضاهيه.,1
هيكل،,1
4-0.,1
مكبات,1
تُنتَج,1
أطنان,1
وستراقب,1
الشدائد.,1
كاستشاري,1
شاهدتها,1
بشركاء,1
اللاحق,1
الهبوط،,1
سييرا,1
بمدربه,1
استنجد,1
سفرهم.,1
صودرت,1
محاصرين،,1
العِلاقة,1
الكونغو،,1
وغابات,1
والإنترنت.,1
تسليمهم,1
أفغان،,1
مهول,1
تقتحم,1
واستراتيجيًا,1
يُخبِئُهُ,1
ملجأ،,1
بصلاحيات,1
يُجريون,1
حُرِمت,1
تتجول,1
يُحرق.,1
بأسيرين,1
الحراسة,1
النوبة.,1
1959،,1
البوليفي,1
احتجاجي,1
أغانيها,1
الهندوسية،,1
يُصور,1
الهندوسي,1
كحافز,1
تكونًا,1
والفورية.,1
كالرعاية,1
الشخصَ,1
بالتعقيد,1
"""بوسكي""،",1
لتمنيت,1
أخرى؟,1
أراسله,1
الفندق،,1
خروجي,1
سيطلب,1
البطلمي.,1
ماغنا،,1
محفوراً,1
نفقاً,1
مفردتها,1
قضتها,1
ونعرف,1
الصبرة.,1
انجريست,1
المليارديرإيلون,1
عدن،,1
اليمنعلى,1
المتمردونالحوثيون,1
مجراها,1
منابعها,1
البراهمابوترا,1
الهيدرولوجيا,1
شوبير.,1
وتحركت,1
سالم.,1
النجدة,1
"الموظفين"".",1
للإعصار،,1
مسلمون،,1
بالمونديال.,1
18.,1
لإصداره،,1
وسيتمكن,1
حساباتهم،,1
والإجابة,1
"اسأل""",1
"""استوديو",1
قولهم،,1
بوسكيتس.,1
وأبان:,1
ريكلمي,1
موتهم,1
والحكماء,1
الفنانين،,1
قبلي:,1
ماسكمراسم,1
إنستجرام.,1
للجمهور،,1
لهنود,1
كورنر،,1
النطق.,1
لإيلون,1
شركةنيورالينك،,1
“علاوة”.,1
صُنِّف,1
ميانماري،,1
أجرهم,1
وحدّة,1
تواترًا,1
عواصف,1
ميانماري,1
أضيف,1
يكسبون,1
التنظيم],1
الشر,1
دُمر,1
للمشتبه,1
مجددا،,1
بمنظومة,1
استثناءات،,1
معقدًا,1
معارضون,1
الشهادات.,1
جمهوريت,1
دعاية؟,1
أفكارك,1
"خطيرة""",1
"""جرائم",1
ومر,1
الأسفل,1
"سلاح""",1
"""صفقات",1
الوظيفي.,1
السلوكي.,1
النطق,1
والتدخلات,1
المحرومة،,1
وأسرهم,1
والأساليب,1
التشابك,1
نايكون,1
موثقة،,1
بها”،,1
نحلم,1
ممتلكاتهم,1
باعوا,1
المدمنين,1
1596،,1
فورونتسوف.,1
للكنيسة,1
الكاهن,1
مسيحي,1
236.2,1
تُمول,1
طارئ،,1
لمتحدث,1
لآلة,1
والجنود؛,1
بالأموال,1
أمدت,1
تعبرها,1
والتأمل.,1
والبراءة،,1
والضعف,1
النعومة,1
المختارة,1
الباستيل،,1
ألواني,1
تتوقعوا,1
نستكشف.,1
الحاسوب.,1
والتفكير،,1
نريده،,1
امتلكنا,1
العشبة,1
استدانوا,1
والصعود،,1
عاماً).,1
للناشئات,1
وسونغ,1
وري,1
تريفور,1
واستراتيجيًا.,1
بارز،,1
1923,1
‎صحيفة,1
ترَ,1
أُعدت,1
قطاعغزة،,1
لوزان,1
سلاحه،,1
استعداد.,1
المؤسساتية,1
وتوجيه,1
"الخليجية""",1
النعيم،,1
"لـ""شركة",1
منصاتهم.,1
الأستراليين,1
الاشتراطات.,1
اختصاصها,1
والبلديات,1
الأمانات,1
منشآتهم،,1
فعاليته.,1
ساعة)،,1
"إنفستور""،",1
محدثة,1
الكمومية,1
المُتقدم,1
وتستخدم,1
الاحتيال،,1
وتمارس,1
كلماتها،,1
كطرود,1
كشحنات,1
وستتعامل,1
فستُطبق,1
كهدايا,1
فالطرود,1
طرودًا,1
النيجيرية،,1
اليقينيات,1
سيبقى.,1
[غير,1
بمصادرة,1
المنطقة.”,1
عززتم,1
و”[م]زعمتم,1
كان”,1
القادمة…,1
“[ح]تى,1
سخرت,1
الشماشرجي,1
وجيهان,1
السقاوأحمد,1
بطولةأحمد,1
السينمائي.,1
"وأحمد""،",1
المقال.,1
انضباطًا,1
لملعب,1
زيارتهم,1
وإدارته،,1
أظهروه,1
قدماً.,1
دُمّرت،,1
"أبدًا"".",1
يستمعون,1
حالتهم,1
"""""لم",1
"الهام"".",1
"""المؤتمر",1
وأردفت,1
الغجرية.,1
القانونية],1
وعالميًا،,1
به”.,1
“تأثير,1
حياته”,1
“أفتر,1
روتينية.,1
وعثر,1
صباحاً.,1
"""شارلوت-دوغلاس""",1
الأمور؟,1
أين؟,1
حزبه.,1
نيروبي,1
وابتكاراتهم،,1
استقلاليتهم,1
صارمًا،,1
يتعطل,1
عواطفهم.,1
كوارتاس،,1
ليان,1
شاملين،,1
موضوعيين,1
إنقاذه.,1
البلاط،,1
ينكسر,1
السطح،,1
وحيدًا،,1
كفدية.,1
7.488,1
باكستانية،,1
4.278,1
عشوائية.,1
وتطويره؟,1
(55,1
223.52,1
139.7,1
عراقية,1
تنفذه,1
85.3,1
88.3,1
108.8,1
109.2,1
صغار.,1
ذكور,1
99.5,1
العراقيةعقدًا,1
شركةنفط,1
النشطين,1
هيغليغ,1
يوان،,1
للصدارة،,1
الواهنة,1
مركزين,1
"سرية"".",1
"""رصد",1
أعلنتالحكومة,1
26%،,1
لتُصبح,1
سيتكرر,1
ويُرجّح,1
استمرّت,1
بالتّحديّات,1
التقاه،,1
زيلينسكيقبل,1
وأوبئة,1
المعدومة،,1
والبارد،,1
العاصف,1
المتأخر،,1
“الوقت,1
بيرج:,1
ومؤكدة,1
“سوكار”,1
دخلا,1
لتكرير,1
أولًا”.,1
صوفيا,1
سُجِّلت,1
“بصماتهم,1
رُحِّلَت,1
مشتقة,1
“ميان”,1
“ميا”,1
يستمد,1
التأثيل،,1
"الغربية""",1
"""عبر",1
ويوثق,1
ولغتهم,1
سيدعم,1
تنسقه,1
كاتاليست,1
يائسًا”.,1
المستعرة,1
والجدري,1
التيفوس,1
توقّعاتهم،,1
ترضي,1
الجميلة”,1
“الصّور,1
موجودين,1
التّصريح,1
معارضتها؟,1
متصفحها,1
«الفاو»،,1
خوزستان,1
حاد»,1
بـ«نقص,1
مهدَّدون,1
[الشباب],1
بالاحترام,1
البارسي,1
بمتناوله،,1
غريبة.,1
لنزاع,1
ضلت,1
ويرجى,1
لمصادرة,1
الدم:,1
لأبل,1
آفاقي,1
أخطرت,1
وتحرر,1
بالتحري,1
برميلا,1
والأثر,1
شعوبهم.,1
تعزّز,1
ولهما,1
بكامله،,1
المقسومة،,1
الدرة،,1
لمذكرة,1
تشانج,1
خلط,1
الشرعتوجه,1
أنالرئيس,1
واستهدفت،,1
شديدا,1
توترا,1
تحييده؛,1
فتزداد,1
مخطّطاتها،,1
براغماتية,1
وعدّلت,1
للمراعي.,1
تستخدمها.,1
بدايةً،,1
بيوتها.,1
القواقع,1
كتبنا,1
وكتبنا،,1
مكتباتنا,1
تُدمّر,1
إنساني؟,1
والأسطورة,1
آخرا,1
طريقة.,1
معيبة,1
وحدهما,1
التّلفزيوني,1
وأثبتوا,1
مدققو,1
الكهرومائية.,1
(1964-1985)،,1
للخبير،,1
أونلاين,1
إيوي-,1
هكتار),1
(25.5,1
مو,1
382.43,1
دُمرت,1
يوميةً,1
غراماتٍ,1
ليتوافق,1
"""عددًا",1
المستأجر،,1
السكنيوتنظيم,1
والمناخ,1
بتراث,1
أحيوا,1
دانت,1
ستحظر,1
تستحقه,1
البطلة,1
لشعوره,1
لغوغل،,1
احتكارية,1
لكبح,1
دومبويا,1
مريَما,1
يُمكِّن,1
الإطلاق..,1
سنحققه,1
بالدقيقتين,1
نونيز,1
و65،,1
مرماه,1
إستيف,1
ماكسيم,1
5-1،,1
المنضوية,1
لإستونيا,1
طارئ,1
للأمر،,1
استجابته,1
"القدرات""",1
فاعتُقلت,1
»،,1
دروا,1
خوشتاريا،,1
إليني,1
النهرية,1
بيئتهم,1
وإيقاعاتهم,1
للتجار,1
المرورية.,1
الازدحامات,1
القادمين،,1
ونسبة,1
وإعفاءات,1
مبيعًا,1
حضرية،,1
والقارب,1
مؤقتة.,1
جيجيانغ,1
الغذاءِ.,1
ونقصِ,1
والفيضاناتِ,1
الجفافِ,1
تواجهُ,1
المناخِ،,1
بيرام،,1
وورلد”,1
“ساوث,1
والمكيفات,1
"""نستهدف",1
مسجونة.,1
بدورها؛,1
والفلك,1
والعلوم،,1
والمعلوماتية،,1
والأحياء،,1
والكيمياء،,1
الرياضيات،,1
العزلة.,1
لجاذبية,1
واقعياً,1
ويعزو,1
طريقه.,1
يحصد,1
والإنجليزية,1
والإعلام،,1
والطبخ,1
وبتنقل,1
"""إقرار",1
ريجو,1
1763,1
القيصرة,1
تغطيها.,1
اعتياديًا,1
الأول.“,1
خفر,1
بمؤسستنا,1
”يتم,1
الضغوط.,1
"بـ""الدب""",1
مضادة،,1
يتأخر،,1
والمواصفات.,1
والفيزياء,1
درّبنا,1
بالمنظار.,1
الهلالي,1
إسبانيول,1
غارسيا،,1
العشوائي،,1
مُرشِّحًا,1
2010.,1
والتعافي.,1
الاستفزاز،,1
للعري,1
كموضوع,1
الأنثوي,1
الجسد,1
صفع,1
"التنقيح""،",1
فسنسمح,1
وأفرجوا,1
وتكليف,1
لثنائية,1
قاده,1
عرضها.,1
وساعدتُ,1
ذهبتُ,1
يُلغى,1
تجريمه,1
0.4%،,1
صناعي.,1
مديرها,1
بيثيل،,1
ونحصد,1
سنفوز,1
وألمًا,1
دمارًا,1
“ميليسا”،,1
كورونا.,1
والكمامات،,1
19.6,1
خوادمها,1
وتخزن,1
المحظور،,1
التنموية.,1
إفراط,1
المحيطات،,1
"نفسها.""",1
صلاتها,1
1976.,1
التوضيح,1
كراينا,1
وبيلا,1
دولينيسكا,1
يُلاحظ,1
سلوفينيا،,1
المزارعين،,1
سيتيح,1
روستوف،,1
سليوسار،,1
يوري,1
وإرادتنا,1
وامتنانا،,1
التآزر,1
بهجتنا،,1
سلبنا,1
وفقدانًا،,1
وأُجبرت,1
هُجِّرَت,1
مقصود،,1
أصلحت,1
عزَّز,1
مجردة.,1
لليابان,1
سفري,1
تعبيرهم.,1
"اللبنانيين""،",1
"""نصر",1
روماني,1
والتوظيف،,1
وإتقان,1
وممن,1
وبوسافي،,1
وتشميعه،,1
العدوى.,1
باشتراطات,1
عظيم!,1
وميكرونيزيا.,1
وبالاو,1
باللوحات,1
يُعجب,1
مضحك؟”,1
طرد،,1
557,1
رونغ،,1
لياو,1
للبريدفي,1
مقطوعًا,1
عِفرين،,1
1900،,1
"""غالفستون""",1
بواشنطن،,1
الترحّب,1
لبديل,1
انفتح,1
تعمق,1
"""القرار",1
وسيتّخذ,1
"الأوروبية""",1
"الإجباري""،",1
سنة)،,1
الرشد,1
"الأمر""،",1
نتباحث,1
بالواقعة.,1
بوشناف,1
خميسي,1
مفروضا,1
والعاطفة.,1
والجسد،,1
التقاليد،,1
كبطلة,1
استُقبلت,1
رُبى,1
السابقبشار,1
توفيق,1
الطفل،,1
سري.,1
سربوا,1
1906،,1
وزلزال,1
الإنزيمات,1
وحيويتهم.,1
المعدةيساعد,1
خاطئاً.,1
المالديف،,1
منتجعات,1
الصحيح.,1
للأمور,1
وتصحيحاً,1
وتوضيحاً,1
"متعاون"".",1
الدعائي:,1
والتشيكية،,1
الهدف.,1
الحدية,1
النسائية،,1
"مصر""،",1
"""نايت",1
"""إيفوري",1
الفقي،,1
"لوت"".",1
أوكسانا,1
"""ناقشنا",1
سليوسار:,1
الأميركيةبسبب,1
كوروم,1
الباسكية,1
كيركاعترف,1
بقتلهتشارلي,1
كالصخر.,1
راكدًا,1
تُحلل,1
الزمالة,1
برمنغهام،,1
والماجستير,1
درم،,1
للشطرنج،,1
نشبت,1
يبرهن,1
الصيني-العربي,1
وأنشأ,1
والنقل؛,1
والجفاف؛,1
نينغشيا,1
وبروكفيلد,1
بلاك,1
إبداعية.,1
فأركز,1
فداناً،,1
"بروبرتيز""",1
"""ريدكون",1
"""جولدن",1
وقيود,1
والتجهيزات,1
وبرية,1
واللوجستيات.,1
الدبلومات,1
القانونيين،,1
الأيتام,1
"""الإطار",1
رويبي،,1
فتيحة,1
الفكرية‎,1
للمحاسبين,1
"إنتركونتيننتال""،",1
"ونفسية.""",1
يرافقه,1
والتشرد,1
الشَّارع،,1
فتجد,1
"""الإشكال",1
والمؤهلة؛,1
المستقرة،,1
والتشريعية,1
بمزاياها,1
أي…,1
الحقيقةإن,1
تينة…,1
وإدارية.,1
مقسماً,1
قراءة،,1
بالقرف.,1
أريدها،,1
بالنظافة,1
واحترامها.,1
مؤسساتنا،,1
استقاء,1
ناشدت,1
والتسليم،,1
فالمطور,1
التسعير؛,1
شكري،,1
نوع؟,1
المميزات,1
مواطنوها,1
ليتلافى,1
الضرر.”,1
يختلفُ,1
خارجِ,1
حُجبت,1
ويُذكر,1
الطواري,1
لافتاً،,1
القاتمة،,1
زيلينسكي:,1
تفعله..,1
ستُحاسب,1
والمستشارة,1
يعيدني,1
وعلاقتي،,1
محيطي،,1
فيلم،,1
زنزانته,1
منتيشفيلي,1
زوراب,1
609,1
477,1
تعادلات.,1
مقبل,1
بحدسي.,1
أثق,1
الجمال،,1
بمكتب,1
ابنته.,1
بورود,1
وماسك,1
المستهدفين.,1
ينشرها،,1
ميداني,1
الستينات.,1
زوَّدت,1
المقدسة،,1
لعالم,1
متمايزين،,1
استراتيجيين,1
عمودين,1
ومغزى,1
إستراتيجية.,1
ترفًا،,1
يشجعهم,1
المعدن،,1
يستخدمونه.,1
وبعضهن,1
المراهقات،,1
المفصلي.,1
مجهود,1
مرهقة،,1
**الشخصية,1
بالركض.,1
متعجلاً,1
بالخريطة،,1
مسترشدًا,1
وركضت,1
للأسطول,1
النياندرتال,1
الموستيرية,1
"""ليفالوا""",1
وسكاكين,1
فئوس,1
مواقع،,1
القديسين,1
فتزامن,1
المسيحية،,1
فشيئًا,1
"المغافلة"".",1
"بـ""أسلوب",1
السوارفي,1
منسرقة,1
مرتكبة,1
أوشوالا,1
أسيسات,1
أفريقية,1
والحائزة,1
حرّة.,1
فلسطينيّة,1
وشاق,1
"صعودية"".",1
ويستباك,1
جورنال.,1
سوقية.,1
وسنة,1
التشخيص،,1
أوليا,1
أوكلاند.,1
وإرادته.,1
"نستسلم""،",1
"""سيادتنا",1
إدريس،,1
(الثاني,1
الأموات,1
الهالو),1
(الأول,1
منافساته,1
بهجته،,1
اجتماعياته،,1
ساحاته،,1
فعالياته،,1
الغفيرة،,1
روعته,1
شئت,1
"ستحدث"".",1
أموراً,1
أنشأتها،,1
"تحدث""",1
"القضائي"".",1
بالإدلاء,1
مسير,1
اُعتبر,1
مغرقاً,1
مدخلاً,1
نهار,1
ورفاهية,1
وكرامته،,1
المتاح.,1
الصحية؛,1
بالسكريات,1
وأُجريت,1
للأسباب,1
كاكو,1
والعين،,1
الكلاسيكو،,1
الخامسة،,1
جولته,1
أطرافها،,1
يمكننك,1
فويسز:,1
النكهات.,1
والكزبرة,1
النعناع,1
بماء,1
لدخولها,1
وحليب,1
سلالًا,1
الكهربائية؟,1
خاصًا.,1
كلِّ,1
مساءَ,1
جاهدًا,1
اليمينية،,1
توجهاته,1
القاضي.,1
281،,1
الأسريّ,1
«الجنة».,1
لتأخذها,1
«الجحيم»,1
ولتنقذ,1
والبنادق»،,1
«القنابل,1
معقولة»,1
«آلية,1
ترومان,1
1945،,1
بلحظة,1
يُذكّرنا,1
مجهوداتك؟,1
وحُكِم,1
اعتُقِل,1
الأراضي”,1
“استرداد,1
خافت,1
أفعلها”,1
“قالوا,1
مرخّصة,1
وجناحه,1
طلبتها,1
الحقيقيين.,1
ثياو,1
بونا,1
للسنغال،,1
٥٠٪،,1
١٥-١٧,1
تلاعبيّة,1
هجمة,1
قرصنة،,1
يصنّف,1
سينمائيتها,1
1701،,1
الدبلوماسيون,1
للتّحميل.,1
(1.2,1
متزايد؛,1
فعليًا.,1
18%],1
تحدثًا,1
[ثاني,1
الزرمية,1
لمقاومتهم,1
4.23,1
30.08,1
الإزالة.,1
"(الدواء)"".",1
تتناولوه,1
تايلينول...,1
باراسيتامول,1
"""أسيتامينوفين""",1
والإثنين،,1
انشغاله,1
يعرب,1
(5%),1
والجدول,1
لمحضر,1
لنفط,1
إساءةً,1
شعرها،,1
ثقافتي,1
والبتر,1
لدوبريه.,1
للمعارض,1
وسيُضاعف,1
الطبقة،,1
الحلق،,1
خفيفا,1
وتهيجا,1
ودموع,1
والعطس,1
(الزكام),1
إضعافا,1
المواسم،,1
عدوى,1
دكا.,1
205,1
تشوه,1
الاستبدادي،,1
التخريبية,1
الخطب,1
باحتياطيات,1
متوجهاً,1
الصباحية,1
تفوته,1
ساريًا.,1
ناتاشا,1
المنتظم،,1
دقة،,1
قولهم,1
وتعقيداتها,1
“رويترز”,1
العام؛,1
للبلدين,1
الخنزير.,1
يأكلون,1
السنية,1
عائلتنا,1
للحوكمة,1
مستشاراً,1
والقيادية،,1
إسطنبول.,1
محدد،,1
1973,1
وظروفها.,1
يُراعى,1
للمخالفات,1
وقودًا,1
عظيمًا,1
المأساة.,1
صمتُ,1
وبروفات,1
أجرينا,1
المشاهد.,1
ونانسي,1
طريقته.,1
يعرفني,1
بالتأكيد.,1
عسكرية”،,1
علي”.,1
“بن,1
اكتسبها,1
أُدرج,1
مرتاح,1
"""كذبة،",1
نفيه,1
بالاغتصاب،,1
حكيمي،,1
ستعترف.,1
الإحدى,1
أوروبا..,1
وثقل,1
حذو,1
تحذو,1
طبعًا،,1
أستقبل,1
التقديم،,1
التخمير,1
"""أرحب",1
غيابًا,1
سنواجه,1
طرق..,1
فني؛,1
السريالية,1
“الأولى”.,1
للوفاتين,1
المعاني,1
أمادو،,1
وفئة,1
"الروزنامة""",1
"""بسبب",1
للألف,1
الزوجي،,1
تاونسند,1
"الضمير"".",1
متّحدون,1
التوقيع،,1
بمنشأة,1
لمحطة,1
المغذية,1
إطارية,1
دمتم,1
المستقبل..,1
أصحابه,1
يُرهق,1
واستدامة..,1
"""مُشعّ""،",1
"""محترق""",1
والمنصة،,1
لتوازن,1
وتسرّبًا,1
بالمغرب،,1
لوديي،,1
سينغ،,1
راجناث,1
شغفها,1
للطلبات,1
المصابين،,1
بالسكري,1
وستون,1
"الشديدة""",1
"""معارضتها",1
للإعاشة,1
“تتعارض,1
الصينيةاليوم,1
عبَّرتوزارة,1
"متبادلة"".",1
ثقوا,1
بسويسرا.,1
كاراكاس),1
(مطار,1
فيلاسكيز,1
يندري,1
273,1
فيملكون,1
المتطرف”.,1
“متعاونًا,1
للإمبريالية,1
النبيلة,1
اليسار”,1
إدامة,1
والمثقفين,1
وتُمحى,1
راقصة,1
تبادلوا,1
كارولينا،,1
بلارا,1
"وتركيا"".",1
مصانع،,1
الحالية؟.,1
ببدائل,1
لأوبتيموس,1
«حماس».,1
إسلامية،,1
بنتنياهو.,1
هواجس,1
الإعجاب،,1
فنزويليين,1
وحس,1
واسمهم,1
ثقافتهم,1
المرويّة،,1
ورواياتهم,1
"و2,300",1
"2,100",1
بموافقتها,1
الوفاة،,1
"""شارلوت-ميكلينبورغ""",1
624,1
عطلا,1
المقابلات.,1
يراقبون,1
للمشرفين,1
"7,500",1
6.9,1
برازيليين،,1
"لايف""،",1
"يوتيوب""",1
الصلاة.,1
عوض,1
تربوية،,1
الدريدي،,1
الأجزاء.,1
للملايين,1
وفرصةً,1
والأمطار.,1
شياتورا،,1
المضربين,1
والإمساك.,1
والانتفاخ,1
المعدة.,1
“تخطيطهم,1
والمدافع,1
اُعتُقل,1
المستدام.,1
ودولي،,1
طموحة،,1
فالسوق,1
براسينغ,1
فلامينغو,1
الإكوادوري،,1
كيتو,1
الياقوتية.,1
وجوام,1
بنجلادش,1
الماسية،,1
بالميراس,1
وانخراطها,1
الإنترنت:,1
جيوسياسيتان,1
نقطتا,1
"لاستكشافه"".",1
حياتك.,1
وتعيش,1
عملك،,1
"""فستغير",1
والديها.,1
لربحية,1
ليورو،,1
جانكوا،,1
والرحمة.,1
العاطفة,1
بتلاشي,1
"""ويسترن",1
"""ميكرون""،",1
"نتووركس""،",1
"""أريستا",1
تجمدت,1
يومنا،,1
الأسباب؛,1
مفقودة،,1
والتراخيص.,1
لمخالفتهما,1
الأزبكية,1
التحاليل,1
ومعمل,1
العلاجية،,1
عوادالمتخصص,1
مجدداًمركز,1
عالمك,1
تخبرينا,1
توقعت.,1
وتأثيرات,1
ومنشئو,1
ردها،,1
التشيكيون،,1
عكسنا,1
الألمان،,1
الإمداد.,1
الصدمات:,1
شجعني.,1
"ديسك"".",1
"و""سان",1
"""سيجيت""،",1
"ديجيتال""،",1
نطاقها,1
(2014),1
(2005)،,1
(1994)،,1
التوازن”.,1
مركزنا،,1
الهيكلة،,1
استثماراتهما,1
أرباحهما,1
مطارد,1
وحقوقنا,1
البلاتينية),1
تاريخنا,1
نتعرف,1
تعلمنا,1
فالتعرف,1
(1800,1
للفدان،,1
(800,1
و280,1
قدروا,1
لأهاليهن,1
دخلهن,1
ليُرسلن,1
المستطاع،,1
هيئةالطيرانالمدني,1
بالشؤون,1
زايلر،,1
ويختص,1
أقسام،,1
مشؤومة.,1
وتعقيدها،,1
للمعلوماتية،,1
برأيك,1
ودياً,1
زارني,1
ألفين,1
243.4,1
33.7%,1
العاصفة.,1
تحصى,1
الأسى,1
وُسم,1
المكشوفة,1
المكتظة،,1
وجهًا,1
زرتُه,1
للفدان”.,1
1456.,1
الحوفي,1
الإدريسي,1
بغلقها.,1
وخلّفت,1
1.1%.,1
"الخاص"".",1
وشانغهاي,1
وسيمنس,1
"""اتفاقيات",1
"وكربلاء""،",1
و450,1
البصرة،,1
للبتّ,1
برونزيات,1
للبنات,1
بإنجاب,1
جيرانها.,1
معالجتنا,1
تعاملنا,1
نافع,1
"""باغرام""،",1
وتأثرت,1
يغيّروا,1
ثلاثة),1
صفرية.,1
المرجّح,1
بنداء,1
التنظيمية»)،,1
(«العضوية,1
النقابية,1
يجتمعان.,1
سيضع,1
وقّعوا,1
ستيفانيك,1
إليز,1
والنائبة,1
جمهوريًا،,1
حدث.,1
ليُعدّنا,1
الموضوعة،,1
ببحر,1
بهلوي,1
لسلالة,1
الغريبة.,1
أوزيل)،,1
(اختار,1
الزهيري,1
للأجندات,1
ردًّا,1
وبنين,1
بشباب,1
الاحتياج,1
40480,1
3374,1
4337,1
5783,1
ملحقا,1
إلغائه,1
المشرعين،,1
ويرغب,1
"""بوليتكو""",1
"""ردًا",1
ولوّحوا,1
"أنتويرب"":",1
دونكير،,1
وملموس.,1
"إعلامية""،",1
"غروسي"".",1
إسرائيل!,1
بعده,1
صهيوني،,1
الصلف,1
فالديمقراطيون,1
معزولة؟»،,1
«كيف,1
مقالاً,1
«الإيكونوميست»,1
(الناتو)،,1
وانحياز,1
بالكراهية,1
المدافعة,1
والتقوى.,1
للإيمان,1
كاختبارٍ,1
طاعةً,1
بابنه,1
للتضحية,1
واستعداده,1
النبي,1
التضحية”،,1
الأضحى،,1
وماتوا,1
مؤهلة.,1
إمكاناتها,1
"صقله"".",1
129.3,1
145.69,1
للأصل,1
ضروريًا”.,1
جاز,1
"الكراهية""،",1
"""مسكونيّة",1
المجازر،,1
وهول,1
جَرَّاء,1
يَئِنّ,1
أمميًّا،,1
أكَّد,1
فَعَّالاً،,1
إيجابيًّا,1
حراكًا,1
وتدين,1
وتسيء,1
لأيديولوجيا,1
وتروّج,1
التهريب،,1
38.5%,1
معاناتهنّ.,1
يُلتفت,1
كفاح,1
الْخَطَر,1
تُغطى,1
لواندا،,1
جيني.,1
تاوباو.كوم,1
منصتا,1
مسبق،,1
"الجنوب""",1
حققوها.,1
"شركة""دار",1
لتجاوزات,1
عاصم,1
لشبونة.,1
سبورتينج,1
هاج,1
تن,1
لإريك,1
خلفا,1
كين.,1
والأخ,1
الأخ,1
تخوضها,1
تمجّد,1
وسكن,1
اتجار,1
تُخفي,1
فالمصالحة,1
البطارية.,1
لعمر,1
البطارية،,1
مكانته,1
رسّخ,1
ماكسقد,1
أنهاتف,1
تتشاور,1
صديقة،,1
تشغيلية،,1
"بيشة""",1
"""مصنع",1
ديسانتيس،,1
ووك:,1
صريح؛,1
والرابع.,1
ووصولاً,1
بمباريات,1
بالإثارة,1
سيعيش,1
إيه.في.إس,1
3-صفر,1
مريحا,1
تشككهم,1
الاشتراكية”.,1
“لبناء,1
وعُرضت,1
المهاجع،,1
259,1
264,1
زنة,1
شكارة,1
وشاح,1
بالتطبيقات,1
2628/2022,1
وسنعدلها,1
"تُنسى""،",1
"""تجربة",1
كراهان,1
مكتباتهم,1
اليهود.,1
سابقًا:,1
"""ندعم",1
واعدة؛,1
للحفر,1
"اللاعبين"".",1
"""وثائق",1
متهما,1
متجنس,1
ماليزي,1
فاكوندو,1
ستتحملها,1
حنفي,1
لشبابنا.,1
منحك,1
والكلمات،,1
وشكرًا,1
العربية:,1
لحنها,1
جنيها.,1
برمته.,1
واشتداد,1
المغمس.,1
للعراق،,1
واستكمال,1
"""روساتوم"".",1
ليخاتشوف،,1
شوداكوف,1
السيبرانيّة.,1
مذكّرة,1
سلبيّة،,1
“ديمومو”,1
الرّسمي,1
الثّاني،,1
الشّعبيّة،,1
الري،,1
كيدو,1
يرتادون,1
"8,000",1
بوابتهم,1
٢١.,1
منقرضة,1
والمهددة,1
الميتة,1
٣٠٠٠,1
٥٢٣,1
للإنسانية,1
ولحماية,1
المقلق,1
بالسوريين.,1
وبلجيكا،,1
والنمسا,1
"""آمنة""،",1
يلي.,1
نُلقي,1
الموضة.,1
ومناسبات,1
جدوله,1
المميّزة،,1
يتصلون,1
آلتها,1
الروسيإلى,1
وارداتالنفط,1
ولتنمية,1
والعوائق.,1
تبتز,1
عبرهجوم,1
إنترناشونال,1
"""عاصف",1
وصباح,1
تحذيراته,1
(إيداع),1
والمقيدين,1
انتقاداته.,1
فيه”,1
“شخصًا,1
أيامٍ,1
دُعِي,1
التقاعدي,1
فالمعاش,1
الدخل”,1
بـ”تآكل,1
"قليلًا"".",1
"""خطيرة",1
أقدّر,1
الوعي”,1
معلنًا,1
عليهما”،,1
ويدوس,1
والسنة,1
“يتعارض,1
مولانا,1
لبنان-,1
-بعد,1
اسكتلندا.,1
ميل)،,1
"1,126",1
مسيرةٍ,1
وتألّفت,1
"مستمر""",1
بأعياد,1
آخذ,1
وبرز,1
سترتفع،,1
نسجت,1
سورينام,1
الدومينيكان؛,1
المزري,1
والإكسير,1
مستخلصات,1
الموكلة،,1
"للإعلان""",1
بالخوف.,1
أخرج؛,1
جيوسياسية.,1
تغطية،,1
يغيران,1
سيناريوهان,1
الحالية».,1
دعمنا,1
«نعمل,1
بظاهرة,1
وسعة,1
يشكلان,1
"""النهار""،",1
"""الصورة""",1
مخترقة،,1
مسروقة,1
للباحثين،,1
وشيك،,1
تأكيداتدمشقبأن,1
السجون.,1
2025),1
(أغسطس,1
مسحاً,1
والفقر..,1
كيلومتر،,1
أقرته,1
تعنت,1
إيطاليًا,1
متخصصًا,1
آهوم,1
يستهلكه,1
موطنه,1
هاتفًا,1
انتظروا,1
"الإنذار"".",1
الأمتعة،,1
ياسين.ومن,1
بالشيخ,1
كاشفاً,1
خيانة,1
متحدثاً,1
مسموماً،,1
ويجزم,1
السلام.الداية,1
إيهود,1
"عمار""،",1
وفشلنا,1
مستوانا,1
"""موفيستار""",1
2025).,1
(سبتمبر,1
مانحة,1
والروسية.,1
وأعدت,1
البؤر,1
بالتهجيروالتشريد.,1
المصحوب,1
والروهينغا,1
وحضرت,1
متزوجا,1
زكريا,1
المعلنة.,1
طائرته،,1
تهدّئ,1
خلّابة,1
التّقليديّة,1
بتّمويل,1
السّلعة،,1
لاكانديلاريا،,1
لميدان,1
معمرة,1
مطاط,1
ويجبر,1
للقاح,1
حاجتها,1
متتالي،,1
لفيروس,1
والاثنين,1
صحافي:,1
والنواب,1
يُلاحظ.,1
تنظير,1
اكتشافه,1
اكتشافه.,1
ناشونال,1
داكال,1
مورناو.,1
الخضر،,1
فالرجل,1
مهمتنا.,1
الاقتضاء،,1
نحتفظ,1
بخبرات,1
ومختلف,1
وورشة,1
١٩٧٧.,1
عذراء,1
١٧٠٨,1
كاركاكاس,1
مكتظ,1
بالألقاب,1
الحافلة,1
مواسمه,1
صاحبه،,1
نباتي,1
عاما)،,1
ورافق,1
وإقامته,1
الباكستانية،,1
تحصيل,1
طوالًا,1
سنينًا,1
كغيره,1
وأضرموا,1
اقتحمه,1
ديلي،,1
ألون,1
لإيسو.,1
لتمثيله,1
استخدامًا،,1
أودنى,1
إصداراتها,1
نظارة,1
رُصدت,1
أخطر،,1
فالوضع,1
والتقاعدية,1
الثّقافيّة,1
الهويّة,1
المتضررين،,1
لسائقي,1
ويسافر,1
جوي،,1
بامتلاكها,1
بالاستيراد،,1
أقاربهم.,1
‏من,1
وخاطبوا,1
والمعاني,1
كبائعة,1
"عليه"".",1
"""أنه",1
ضمنه,1
للفصيل,1
تقييماً,1
يُبذل,1
جهداً,1
أوهيل؛,1
تُخاطب,1
فئة؟,1
يُركّز,1
مستشارين,1
مُوجّهٍ,1
كمرشحٍ,1
أزراره،,1
العجوز,1
تمثلونه؟»,1
يُسألون:,1
سيجيبون,1
بخطاب,1
الـ80,1
(أراك),1
خنداب,1
هوجِمَت,1
دقلو,1
حمدان,1
وقوّات,1
البرهان,1
البشر.,1
المتلألئة،,1
المسجونين.,1
وتلوا,1
الطبول،,1
جانبيًا:,1
تدميرها,1
وتنذرهم,1
لمنشورات,1
الإخفاقات,1
متأثر,1
وتُلهمهم.,1
نزلت,1
2.76,1
9.1%,1
"""ريبل""",1
والصادرات،,1
تنتهي.,1
"بدأ""،",1
"""متفائل",1
الـ3.,1
شاكرة,1
الجرافيكي.,1
والتصميم,1
الأميركيةبما,1
النقاب.,1
المسلمات,1
للبرهان,1
تايوان),1
وايل,1
بلو,1
(تايتشونغ,1
كوي,1
نيسان/,1
جُمعت,1
413,1
وأذرعها,1
حوّلتها,1
تقريراً,1
الإنسان”.,1
“حرية,1
تفتقده,1
أُظهر,1
165.5,1
والأرقام,1
سوقها,1
تايلاند),1
سكولارز,1
آيغان,1
(كلية,1
سراثونجفيان,1
ونونغروتاي,1
إيران),1
خاتون,1
بإدراجهم,1
بشمول,1
الشبع.,1
(بام,1
جعفري,1
ومرضية,1
المحرمة,1
مستعارة،,1
"والجمعة"".",1
والزيارات,1
"""فيسبوك"":",1
للمرحلة،,1
الجولاني”،,1
“أبو,1
يصنّفون,1
مختومة,1
أوكشن,1
هيرتيج,1
فايننشال,1
بوكيمون,1
غايمرز,1
سافي,1
الوساطة،,1
أبدته,1
"""المثمر""",1
الخليفي،,1
ثمَّن,1
للمشروعات،,1
النباتي”.,1
“حاجتنا,1
كوردفا,1
عواقبها-,1
التأثير،,1
لايسبب,1
"شخص"".",1
للتجنيد,1
"""يخضع",1
مجهول.,1
“اختبار,1
طهيه,1
تحميره,1
(إرنا)،,1
المُغذّية,1
الأرض»،,1
«قطعة,1
الحويزة،,1
يتهدد,1
التصحر.,1
الوردي,1
الفلامنغو,1
يقصدها,1
وباختيجان,1
جاز-موريان,1
وتقف,1
لمقطع,1
المناظر،,1
بنغازي,1
الناجي,1
”لقد,1
الأمنَ,1
يحققّ,1
المحُتل,1
أصبحَ,1
بتدميرِ,1
الأوروبية..,1
السّيطرة,1
حذفها,1
الإعجابات,1
التّعليقات.”,1
للبوتات,1
بالتهاب,1
وكتب:,1
وتترك,1
يتسلل,1
المُطلقة,1
الإمارات.,1
ملاذًا.,1
ووفر,1
احتضنه,1
كنف,1
كُلََّه,1
شبابه,1
وُلِد,1
دُرِست,1
القارب“.,1
بالضحايا,1
والابتسام،,1
للتوقف،,1
"أهدافها"".",1
لرغبات,1
شيرر.,1
وفابيو,1
ماردنبورو,1
فيتزر,1
موستانغ,1
بوكسينغ،,1
كيك,1
ماراثون،,1
يجرون,1
لتهدئته,1
وتخديره,1
رئوي,1
وانهالت,1
محاضرتها,1
شركةميتانحو,1
المساهمون.,1
المبقاة,1
ديزاين)بتاريخ,1
(ماربل,1
"الرخام""",1
الإماراتي.,1
وجماهيرية,1
دولا,1
"قوية""",1
"""إرادة",1
الألترا)،,1
(و256,1
بسيادتها,1
مرحة,1
مقرّباً,1
وياسمين.,1
لداليدا,1
وصديق,1
الصعب.,1
لتقاسم,1
وزميلات,1
ومرشدات،,1
تحدياتها,1
جدير,1
ومتطوعين،,1
مقررات,1
متشددة”,1
الأنمي،,1
معجبي,1
كروبوت,1
سُوّق,1
تشجيعهم,1
أولولية,1
تعليمهن,1
لتزويج,1
بالتكييفات،,1
والمزودة,1
المشطبة,1
محيي,1
برفقتها,1
ورضيعها,1
مرحين,1
وأسراراً.,1
والمزاح،,1
بالضحك,1
والسيئ،,1
الخير،,1
تخدعك,1
فالبرامج,1
البرمجيات،,1
غريبةٌ,1
بالمكسيك,1
ستُطبق,1
المنسوجات,1
تعريفات,1
الضالة،,1
وبناهم,1
الإنزال,1
فالطبيعة,1
السائد،,1
ركبت,1
"""المحرجة""",1
"منتشرة""",1
"""ترند",1
روسي-,1
فيتمثل,1
والتواصل.,1
وماسنجر,1
للزعامة,1
سيكسر,1
فذاك,1
زعامتها.,1
يقوِّض,1
ستقاوم,1
الأوروبيين.,1
ستمارس,1
والقبيح.,1
فالي,1
بمون,1
بجرانيت,1
بيتسبرج,1
متكافئة.,1
ريفورما,1
وريدي,1
كونيكتاس,1
جدد،,1
فبالرغم,1
بطاينة،,1
والليبتين,1
الغريلين,1
بالسعادة)،,1
(هرمون,1
لؤي,1
العقار:,1
حقوقه.,1
وهانوفر.,1
القطاراتبين,1
حُولتمسارات,1
"""27",1
للضريبة,1
والصحة.,1
التقشف,1
أنيسيت,1
ترفيهيّة,1
وأمور,1
يُخاطب,1
كرديّ,1
إنديانا.,1
ومصنعها,1
أمامهم،,1
ويحدقون,1
فترة.,1
نتنقل,1
استخدامها.,1
الإضاءة،,1
لمهام,1
جسامة.,1
ثمانيات,1
متانته,1
"لها""،",1
أخضر,1
ضوءا,1
"""الصمت",1
وأقاربه,1
تخلّف,1
التبعيةِ,1
السيطرةِ,1
وسوقِ,1
الصينيةِ,1
الشركاتِ,1
هيمنةُ,1
والمستهدفات,1
"""منتدى",1
الثاني/نوفمبر,1
مُصرّح,1
حثّ,1
السقوط.,1
بعجلتين,1
مشاية,1
بعصا,1
ممسكين,1
مطروحاً:,1
مشرعين,1
تهديداتها,1
بدولتنا,1
نثمّن,1
"""العربية"":",1
لوباء,1
مُجرَّدُ,1
أمْ,1
"""استهدفت",1
للجيش:,1
السيروتونين,1
مخططات..,1
ثورتِها,1
عمَّا,1
ويتساءلُ,1
المتبادلة؛,1
الجيرة,1
والفقيرات.,1
والجنسية,1
تكلفتهم,1
بشريي,1
آليين,1
"و""بوسطن",1
الاحتكاري,1
السكارى.,1
“اللائقة”,1
كوينكاس,1
جثته،,1
"تلتصق""",1
مقلية,1
بيضة,1
النقدية.ورحب,1
لدعوة,1
"أنفسهم"".وانضم",1
"""أُعدموا",1
"معلنة""",1
بادرينو,1
والمرارة.,1
الحلاوة,1
المفقود،,1
المالكتين.,1
العائلتين,1
لكلٍّ,1
والمصير,1
المتين,1
المصيري,1
لمرتبة,1
حضريَّةً,1
ضاحيةً,1
(460,1
7.65,1
مبلغُ,1
توفَّرَ,1
بالاحتياطات,1
لوسيان,1
"التزايد"".",1
"""أجين",1
كيلدوف،,1
الخاصِّ,1
لِبرنامجِها,1
لإندونيسيا,1
الأمريكيَّةُ,1
الوكالةُ,1
طمر,1
والتمادي,1
إنّي,1
حلّ،,1
المترتّبة,1
والأثمان,1
الغمرة,1
فني،,1
وفحصِ,1
التَّوعيةِ,1
لِأجلِ,1
روبيَّةٍ،,1
مليونَ,1
ضاحيةٍ,1
تلقَّتْ,1
(حيثُ,1
سرّت,1
واستثماري,1
الجاذبة,1
تطلع,1
بريانت,1
بالاستماع،,1
الاختراع.,1
بالملكية,1
"""أكسيوس""",1
إلى...,1
والمستمرّ،,1
المتمادي,1
المازوشيّ,1
موضوعيّةٌ,1
تحين,1
الرمال،,1
بالنفاق،,1
المجتمعية”,1
“القيم,1
قربى,1
عائلات،,1
اليورو.,1
مستقرةقائمة,1
مشتركعملة,1
"التقنية""،",1
"""أؤكد،",1
تدارك,1
الوخيم؛,1
المعّرضون,1
الحاد،,1
خافت.,1
المضاءة,1
بالرئاسة،,1
ووزّعها,1
صمّمها,1
لطيفة،,1
سوبيانتو,1
المرشّح,1
موكلتها،,1
راشيل-فلور,1
المدعية،,1
للأطراف,1
جسده.,1
وكدمات,1
القفص,1
وإصابته,1
فنية،,1
والقسوة،,1
والتنسيقية.,1
بالطيران،,1
1992.,1
الماعز,1
واجبي,1
ذهني,1
يضيق,1
"الروسي""،",1
بشرائهم,1
ويتعلق,1
"""عقدنا",1
إيه.بي.سي,1
ثون،,1
هويتهما،,1
مطلع،,1
طالته,1
بإحساس,1
الشيء.,1
معتدل،,1
الرجال”،,1
وتدافع,1
وإنقاذ,1
ممتدة,1
بمقالنا,1
واتهمونا,1
“ذهبنا,1
الاصطناعيجيمينيالخاص,1
زونيف،,1
بافِل,1
متحدثه,1
تور،,1
الرد،,1
ستنعكس,1
"""الأولى",1
الاصطناعي“,1
والأعوام,1
معيّنة،,1
الهيكلة,1
بصياغة,1
نحوَ,1
(مجدداً),1
وسيقولون,1
"الأشكال""،",1
أشهر...,1
نسلمها,1
"""تريدنا",1
لصحافيين,1
متجدد,1
الأفغانيات.,1
ونهارًا،,1
أعيشه,1
أدعاء,1
لاسترداد,1
أطَّرَت,1
أمرهم.,1
المغلوبين,1
الإجتماعي،,1
الشريفة.,1
"و""الحدث""",1
قناتي,1
استُبعد,1
تكميم,1
ظواهر,1
قوائمها,1
٢٠١٧,1
بوتين.,1
"موسكو""",1
كلاعبين,1
الحتمية,1
صغري.,1
والنباتات،,1
والأشجار،,1
فتنتني,1
كالمكانة,1
امتيازاتٍ,1
فنشأتُ,1
والمهمشة.,1
لعملها,1
لتأجيج,1
وصوماليون,1
أخبر،,1
اسمنا.,1
بركاني,1
للمهارات,1
الأطفال”.,1
مرادفتها,1
المؤكسد.,1
النّفس.,1
لصديق,1
قلبه,1
لوكاس,1
المعاناة،,1
"المغرب""،",1
الفلاحي,1
"""القرض",1
بالدار,1
98.473،,1
جونزاليس.,1
وجونزاليز,1
"هيلث""",1
معنوياً،,1
المتصارعة,1
تحددت,1
والتأثير،,1
والرأسمالية،,1
والقُطرية،,1
والجمهوريات،,1
الملكيات,1
وستينياته،,1
الماضى,1
ضروريًا.,1
وفقط,1
مؤتمرها,1
للتعليم.,1
ومنصف,1
يضعها.,1
يُقررها,1
بالمراسيم،,1
استيلاءه,1
وتراثك؟,1
بهويتك,1
تجربتك،,1
بالفطرة,1
رفاعي,1
(2016),1
باطل,1
ورام,1
اعتزامها,1
الراهنِ،,1
القوائمُ:,1
المقالِ،,1
كتابةِ,1
لحظةِ,1
وشفافيّة.,1
الرّسميّة,1
التّقارير,1
أمل:,1
"""هايبريون""",1
وسماعات,1
ومثير,1
اقتُرح,1
لكينيدي,1
نظاراتها,1
"""كونكت""",1
سنتينل-2أ.,1
الأوروبية/كوبرنيكوس,1
للثورة.,1
الوريث,1
ومفاهيمك,1
شهاداتك,1
معًا؟,1
توتّر،,1
صحافية.,1
ندوات,1
وفوداً,1
المتصدر.,1
مؤجلة،,1
وأهدر,1
تطبيقُ,1
المُتوقَّعِ,1
كورغوكو,1
الموردة,1
مروّعة.,1
والاتّجار,1
السّلاح,1
اختطافهم,1
بخوارزميات,1
طفت,1
"على""تيك",1
بشأنالاستحواذ,1
بأصولهم,1
معادٍ,1
والتأطير,1
الحمود,1
المدنيالشيخ,1
رئيسالطيران,1
"داعش""",1
"""صدَّرت",1
"التكفيري""",1
"""مصدر",1
والنعوت,1
التوصيفات,1
مُكثِرًا,1
والنباتية.,1
وآرائه,1
بأسلوبه,1
وعُرف,1
التواصلية,1
أغضب,1
مقابلها،,1
اعتنق,1
كانشوكين,1
إسعافه،,1
الأهل,1
صاخبة.,1
مغشيًا,1
أليمة،,1
فاجعة,1
أمبو،,1
الرمد,1
مؤشّر,1
صنّفوا,1
بالدنمارك,1
"""آرهوس""",1
"مباشر"".",1
والمرتبطة,1
"مقابل"".",1
"""تطبيع",1
تيلي,1
كوش,1
بورساك,1
أوتشبوشماك,1
بيريميتش,1
إليش,1
باليش,1
جوباديا,1
الأمامية.,1
(بموافقته),1
والمتاخمة,1
لجمعها”.,1
فاي،,1
“التطبيق,1
وأسرته,1
لعروسه,1
لإفريقيا,1
الإندماج,1
نهجية,1
ومتطلباته.,1
والتحديث,1
–وكل,1
القويز,1
التويجري،,1
المميزين,1
متينة.,1
استلهمت,1
والمعنى.,1
بذلوها,1
عرضوا,1
السحيمي،,1
جماز,1
الانعزال,1
"(702,200",1
ومكافآت,1
"والدمام"".",1
مصنعان,1
شتا,1
صاروخية,1
"جنائية""",1
"الجماعية""",1
"""متواطئ",1
"شو""",1
كارلسون,1
تاكر,1
الرّقميّة،,1
الإلكترونيّ،,1
التّحوّل,1
بالخلافات,1
إسلامية»،,1
«حركة,1
الثالث:,1
عموما.,1
الانفاق,1
اليات,1
عموما،,1
هـ،,1
1352,1
1934,1
الإضافية).,1
للبيئة.”,1
هيمنته.,1
اثبتت,1
الآلة,1
غيتسومارك,1
مثلبيل,1
مقصودًا,1
ويقصد,1
بالعلامات,1
يفرون,1
تؤيده.,1
لمدرجات,1
بالنتيجة,1
الرهيب,1
ويساندهم.,1
يزيدكم,1
بالإخوان,1
وارتباطكم,1
صحيحاً،,1
فأجبته:,1
المربح.,1
أتمتة,1
مساعدًا,1
الاصطناعيبيربليكسيتييوم,1
قانونيين,1
.الفاعلين,1
وحاسمة,1
باختبار,1
المناسبتين.,1
بأسبوع,1
أغسطس”,1
اُحْتُفِل,1
بدروه،,1
يكملوا,1
العصاميين,1
بقصص,1
والرجوع,1
الاسكان,1
"""أكواباور",1
حرّ.,1
متعمَّدة,1
ضروريّة,1
صدفةً،,1
أهملت,1
(2000-2013)،,1
أشدود،,1
(“سوكار”)،,1
للتنقيب،,1
"الجليدية"".",1
أوزجيليك,1
قدرية,1
البروفيسورة,1
للنور.,1
كحارسات,1
ينهضن,1
والحكمة؛,1
وسمعة,1
أسرية،,1
ونجا,1
المواصفات.,1
"""فيفو""،",1
ومراجعتها.,1
المطبوعة،,1
المحايدين,1
للشهود,1
والأجوبة.,1
للأسئلة,1
ومتواصل,1
(ذلك)،,1
وبرفضها,1
تجرّها,1
بعرباتها,1
"الإطلاق""،",1
"""الأميش،",1
بجد”.,1
اعتراضها.,1
التبديل.,1
تشتريها,1
العليا؟”،,1
للمناصب,1
4.6%،,1
أرجعه,1
201.7,1
و6.3%,1
خفي,1
رودريجيز،,1
اجتماعية.,1
115.6%,1
لفرنساارتفاعًا,1
سجّلتالديون,1
شاه،,1
(العاصمة)،,1
كشركاء,1
تنميهم,1
شتاتها,1
"رومانيا"".",1
لاحظناه,1
الشرقية-,1
بادعاء,1
واكتفت,1
بالمسافة,1
النوبية,1
بإنتاجهما.,1
احتفاظاً,1
إنتاجهما,1
لغزة.,1
التالى»,1
الأصلح,1
كمبعوث,1
يخدعك,1
"الحقيقية""،",1
"""يتصرف",1
ويُعرّفونها,1
واستطلاعات,1
لنيكولاس,1
ساحقًا,1
المرتكزات,1
5.9%.,1
لوائحه,1
لاعتقل,1
"""إيتا"".",1
"و""بروسلز""،",1
"و""أوستريا""",1
"""سويس""",1
"""لوفتهانزا""،",1
وجراراتهم,1
مشارف,1
نامتيرونغ,1
الفلكي.,1
والتوثيق,1
هواة,1
مدرسية,1
والبرتقال.,1
والعنب,1
والكيوي,1
واليقطين,1
والقرع,1
والفاصوليا,1
متنوعة:,1
الإمدادات،,1
كإزالة,1
المجوهرات.,1
مرتدية,1
بطرسبرغ،,1
بسانت,1
باليتا,1
الراقصة,1
والجزر.,1
والنبيذ,1
"المستقبلية""،",1
"""المخاطرة",1
قيرغيزستان،,1
(المستضيفة)،,1
من:,1
المتأهلة,1
"مجهولة"".",1
ولتفادي,1
ويُعاقب,1
الإجرامية،,1
مخططاتهم,1
الرقميين،,1
التفتيش.,1
نِقَاط,1
لمرافقة,1
"""كابح""",1
للنجاح؟,1
الفن”,1
نمطية,1
كشخصية,1
“عقدين,1
سيادي,1
وتعاونها.,1
الممتدة،,1
منصةسناب,1
لميزة,1
للتخزين,1
كيفو،,1
باشومبي،,1
ليوجين,1
والعقارات،,1
والعلّيات,1
وانزلاقها,1
وجمال,1
بروعة,1
تعليمًا,1
فيُشكّل,1
انقضائها,1
حينذاك,1
وجهاتهم.,1
غيّروا,1
الخارج؛,1
الانسحاب.,1
رفضن,1
لكنهن,1
منهن،,1
ضُربت,1
عالق,1
لأتجول,1
تفكر،,1
والمواقف.,1
لتوجيهنا,1
لخمس,1
تمديدها,1
ودميتري,1
السابقان,1
الرئيسان,1
(春水堂).,1
شانغ,1
رئيسمجلس,1
العلمية”,1
“الاشتراكية,1
والواجهات.,1
والتحليل,1
كالمقارنات,1
والتحول،,1
و48.05,1
"العربي""",1
"و""العقاري",1
"التجاري""",1
"و""أبوظبي",1
"البركة""،",1
"و""بنك",1
"المتحد""",1
"و""المصرف",1
سياحيين,1
كمرشدين,1
الإعداد,1
"كتفي""،",1
كان،,1
لحارس,1
واستقال,1
ماء.,1
يسحقه,1
الثبات،,1
بهلوانية,1
والجري,1
"بمهارة""،",1
مُولّدة؟,1
والأنوثة,1
“طريقتنا,1
تقييم).,1
(أداة,1
الرباعي,1
ومصفوفة,1
الإسلامية-,1
الصهيوني؟!*أستاذ,1
للجبروت,1
باهرة:,1
والسودان-,1
وسورية,1
وتسلم،,1
ينشئ,1
يحرر,1
نكرانها:,1
خصوصيتهم”،,1
لإعدادات,1
أضعف،,1
والمراسلة،,1
أدناه:,1
لخلافته.,1
ريوبامبا,1
تنطلقُ,1
حمولتُها,1
شاحنةً,1
شاهدَتْ,1
الحُرَّةُ”،,1
“إسميرالداس,1
مجموعةِ,1
مُنسِّقةُ,1
بوسّو،,1
جوفانا,1
ووحداتها,1
لتطلعات,1
مزعجاً.,1
ضجيجه,1
والثلاثاء.,1
و72,1
"لتُظهره""",1
"""الجمود""،",1
المصغر،,1
المتنازعة,1
الغابات)،,1
عدلت,1
حارسه,1
الخضراوات:,1
للأفلام،,1
بالوفاة،,1
والبرمجيات,1
ثلاثينات,1
والمُرشِّحاتِ.,1
والإمداداتِ,1
مُحمَّلةً,1
لأطفالي,1
بالرسوبيات.,1
الجوي؛,1
الرش,1
المسمومة,1
الكوكا,1
الذهب؛,1
بالزئبق,1
تطرد,1
الوحشية:,1
ميلًا)،,1
الهضبة,1
(87,1
المسوحات,1
الميثاق.,1
النخب.,1
ألغام,1
أفواج,1
فرقه,1
زمنها,1
كاميرا،,1
نسبيًا؛,1
مهيئة,1
ويتفاعل,1
ويُنجز,1
مهامًا,1
ويُؤدي,1
إجمالاً.,1
مُحسّنة،,1
بديناميكيات,1
لأوبتيموس.,1
لدفعها.,1
اكتسبَ,1
للدولةِ،,1
التابعةُ,1
كيه”,1
المحليةُ,1
منصَّةُ,1
طوَّرتْهُ,1
الوطنيَّ,1
المراسلةِ,1
للحادث:,1
بالتفاهمات,1
"الديمقراطية""",1
أكتورك،,1
اتهمالمتحدث,1
منفجرة,1
وذخائر,1
أغفلت,1
الشاحنات،,1
لمستودع,1
وأرفقت,1
السُّلطاتِ.,1
حُرٍّ,1
وتُسلِّمُها,1
وبحثهِ،,1
ومُكالماتهِ,1
المستخدمِ,1
رسائلِ,1
بجميعِ,1
تحتفظُ,1
مُراقبةٍ,1
آلةَ,1
سمعةَ,1
القائل:,1
تسمع,1
و2011.,1
1975,1
نوتردام,1
كروك,1
جوشي,1
ومادهاف,1
كوين,1
جيسون,1
الأنقسام,1
1890.,1
للكتاب,1
الكنوز,1
سباقٌ,1
للقصة:,1
كفنانين,1
وبرزوا,1
لقطعها,1
ومئات,1
معاناتهم,1
بجزء,1
لأضع,1
الرحلة:,1
دوافعه,1
متعذر,1
الحاويات.,1
معلّقة,1
شوارعها,1
سيرك,1
خطيئة”,1
“رمي,1
الأميرال,1
الفضائح،,1
الشرائح،,1
القبلية.,1
كمتمرّد,1
كمجرم,1
الشرقاوي,1
لأدهم,1
بالمؤتمر،,1
كوستا،,1
‎المؤسسات,1
أسماؤهم,1
للعمق,1
هوليوود.,1
الارتجالية،,1
كوميديين,1
طليقة,1
ندا,1
بسيدة,1
يجمعه,1
سراً،,1
مطرب,1
وقبيل,1
"""يتمنى",1
للعربية.نت/الحدث.نت،,1
عبدالواحد،,1
ناحيته،,1
73.20%,1
حصلا,1
فوزهما،,1
حقين,1
بإهدار,1
محتواهم.,1
"يوتيوب""،",1
"""تسوّق",1
الربح،,1
للصدأ،,1
التجمع.,1
والحق,1
الحقوق،,1
انفصالهما,1
مقربون,1
صريح،,1
يعلنه,1
لتنتشر,1
"طبعا""،",1
"""بحبها",1
بمداعبتها,1
مقتنعًا,1
المحمي،,1
وقمت,1
23.7%,1
9.49,1
مصاريف,1
الصادرات»،,1
«البنك,1
نيفين,1
نتعلمه,1
ونسأل,1
ألمنا,1
نتقبل,1
تقودنا,1
قوتنا،,1
تأثيرنا,1
الإلهي»,1
«النصر,1
التضاؤل,1
امتيازًا،,1
اكتشاف،,1
منصة،,1
سحابي,1
المُلِحّة,1
نبّه,1
كمتحف.,1
وافتتاحه,1
تجهيزه,1
لمتحف,1
حولته,1
بطلاً,1
أذى.,1
مهملة.,1
مُخصّص,1
والمستخدمين,1
المُنشئين,1
مُولّدة,1
لميتا،,1
"ذلك""،",1
"""وحتّى",1
مقدور,1
صمّاء،,1
حجارة,1
مليونا,1
"""فيفا"".",1
بالليزر,1
حيفا»،,1
و«حيفا,1
والمقيمين.,1
وحزم،,1
وستتصدى,1
الإرهابية،,1
بالمرصاد,1
كالحرب,1
وغامرة.,1
المراقبين.,1
للمخالفات،,1
أهمها:,1
المرخصين,1
امتثال,1
ستتبعها,1
لتتخلف,1
07:07,1
553.9,1
3سنوات.,1
فالمختبرات,1
إلزامياً,1
الثلاجة,1
تأجيله،,1
"بأكملها"".",1
وللمنطقة,1
وللإسرائيليين,1
سلاحهم,1
أسرانا.,1
"""لأننا",1
"التجدد"".",1
0-2,1
قاريا,1
البندقية),1
تيتيان,1
خُطَّةُ,1
التحتيةِ,1
سيطرةٌ,1
الحقيقةِ,1
هوَ,1
بعينِها,1
تطبيقاتٍ,1
وكأنَّهُ,1
بالسبب.,1
وصدمهم,1
بإلغائهما,1
حفلتين,1
يحي,1
وتأنٍ,1
(خ.د):,1
سنولي,1
وجدران,1
تخليدًا,1
يمينها.,1
فاسو),1
نتيجته,1
جريمتنا؟,1
باستمرار:,1
وعائلتي,1
تذليل,1
إنرجيز،,1
بيولوجية.,1
فالصدمات,1
ضخامة,1
باهتمامٍ.,1
الحكوماتُ,1
تدرسُها,1
إنسانًا,1
العصور.,1
غربيين,1
للسلالم,1
السياسيات،,1
ترهيبهم,1
الموزمبيقيين,1
"و""تكوين",1
"الصناعية""",1
والجيش.,1
الدولية”,1
و”منظمة,1
ووتش”,1
“هيومن,1
فمتى؟”,1
بكتابات,1
وببساطة,1
عموده,1
بشراسة.,1
سنبدأ,1
ذاكرة.,1
والباتوكية،,1
الأفريقي),1
(الرقص,1
الجونغو,1
يحفر,1
والتكاثر,1
"""ممارسة",1
قويات,1
فاعلات,1
"واليوم"".",1
بالأمس,1
الحصرية:,1
عبدالقادر,1
للأكسدة,1
الميلاتونين,1
يصاحبها,1
بالخطر،,1
تُنذِرُ,1
الساعة),1
(٢١٥,1
١٣٠,1
وتعذيبهم,1
مدارسهم،,1
والمشاورات,1
"النفط"".",1
أوروبيةاضطرابات,1
عدةمطارات,1
لترقية,1
الرقاقات.,1
فردية),1
(بدلاً,1
حواسيب,1
(7.2-10.8,1
2000-3000,1
بحياتها،,1
بسكين,1
طعنها,1
"آجر""،",1
بقطعة,1
"""عمد",1
مخدرات.,1
مبلغاً,1
"قوي"".",1
موثوقة.,1
للضغط،,1
عالميًا:,1
بناءِ,1
وأصل,1
تعقّب,1
للأفراد.,1
الشاقّة,1
وبيئات,1
التعاقدية….,1
واللزوجة,1
والاهتزاز,1
لاسلكيا،,1
مليغرام،,1
ووزنه,1
جسيم,1
فتصل,1
وتاريخه”.,1
وهويته,1
انعكاسٌ,1
القانون».,1
بالإطار,1
أجنحة.,1
كالطائر,1
وتوغو،,1
الغابون،,1
"""باهتمام",1
موتسويدى,1
دونكير,1
تتحدث.,1
حلفاء،,1
يتوقون,1
المحركة,1
بالتضخم،,1
مندمجة,1
والاحتجاز،,1
بالرفض،,1
ليُواجَهوا,1
سارية،,1
يُستفاد,1
والشمس،,1
للقمر,1
72%.,1
ماكموردو,1
القطبية,1
27%.,1
وفيجي,1
تونغا,1
وقلّل,1
الاختلال,1
العاري.,1
الفوتوغرافي,1
الاستفزازية,1
وحاجتي,1
الشامل.,1
لخامنئي،,1
بفتوى,1
منخرطاً,1
ويتكوف،,1
لتحقيقها,1
ارتكبوها.,1
اللغة؟,1
قواميس,1
يبطئ,1
وإطارات,1
بضحايا,1
المراسلون,1
المبتدئون,1
للمتهم,1
4880,1
فاشتراه,1
طرقا,1
المريحة،,1
التحصن,1
انتصارنا,1
وجمعها,1
بمعالجتها,1
ستجد,1
بورياتيا,1
المغذّية,1
توازني,1
تفقدني,1
أرقص,1
المعمدانية،,1
يبكون,1
للفردوسي,1
الشاهنامه”,1
“نساء,1
إيران”،,1
مندهشة:,1
"""المغذيات"".",1
الثلاثية،,1
الكولستيرول,1
والأنثوسيانين،,1
الريسفيراترول,1
العنب،,1
استجاب,1
قزح,1
قوس,1
“بزوغ,1
لبت,1
"""مُقدَّمًا""،",1
"قليلا"".",1
والتحميل,1
نفطنا,1
"""اخترنا",1
توقّف,1
"""كمؤسسة""",1
اتصالات،,1
أجريا,1
ونبضات,1
ركضي،,1
الشعبي”،,1
بطفرة,1
مشهدالصادرات,1
جديدة؟,1
ترغبين,1
رحلتك,1
أباسكال.,1
لليمين,1
جيورجيا,1
لشتا.,1
لـ8,1
"سعودية""",1
غيره.,1
بدورتها,1
توغو.,1
لومي،,1
كمًّا,1
الأصناف،,1
تغيّراتٍ,1
راكبًا.,1
أخبارهم,1
وتمددِه,1
"الكونية""",1
"""البقايا",1
للرجولة,1
باشا”,1
و”حكيم,1
الناس”،,1
“سيد,1
البطل”،,1
“فهد,1
فصوّرت,1
يُزعزع,1
تَعدُ,1
لينام,1
وفره,1
لمكان,1
واضمحلال,1
وضعهما,1
صغيرتين,1
ملعقتين,1
والشراكات.,1
انتخاباتٍ,1
857.9,1
والمشرقيّة,1
بالمطابخ,1
متأثرةً,1
وكيفًا،,1
سينتي.,1
عرقيتان,1
للتسوية،,1
بفترتين,1
ميت,1
"هجين"".",1
وتسجيلها,1
بتعقيمها,1
ليلزم,1
الحيوان،,1
المستوردون,1
للحج,1
لتقديمه.,1
سحره,1
يُفقده,1
العريقة.,1
ذروات,1
التلفازَ،,1
الرف,1
وضعته,1
الرديفة,1
ومنصاعاً,1
مطيعاً,1
كانت.,1
الدهشة..,1
بريقها,1
وفقدت,1
أصابها,1
لضباط,1
(1.3,1
بمنحة,1
قُدِّمت,1
الماشية)،,1
بالأغنام,1
يضحّي,1
بمصالحها,1
129,1
ومنازلهم،,1
مكاتبهم,1
ذعر,1
سيلهيت,1
خولنا,1
ميمينسينغ,1
نارسيغندي,1
المحايد,1
50.3,1
والهواء.,1
عنه..,1
ستراقب,1
ليبو,1
كعلامة,1
"""باناميكس""",1
غروبأنها,1
إعلانسيتي,1
وحياتي,1
ومهنتي،,1
وحيواناتي,1
للأماكن,1
(قصتي),1
هيستوريا,1
يوري،,1
والتكافل,1
والتقوى,1
الطاعة,1
وإقصاءها,1
فوريا,1
وقفا,1
تزعمته,1
المستوي»,1
«رفيع,1
الدولى,1
التسريب.,1
تُمحَى,1
الفوريَّة,1
سُبُلَ,1
شاهدَ,1
الانتقاد.,1
وأبواباً,1
أصواتاً,1
لتعرف,1
كهربائيةً,1
تولّدا,1
والثالثة،,1
النوويتين,1
محطتيها,1
المضطهدة,1
تتماهى,1
والمُستَعمَر،,1
المِستعمْرِ,1
نشاهد,1
فصولها,1
حساني،,1
الجزائر),1
(637,1
الهواة,1
والفلسطينى,1
مستويات،,1
يحصر,1
والسياسات،,1
بالتوجهات,1
المناضلة“،,1
”إذاعة,1
1956:,1
الليبرالي.,1
"أيديولوجيته""",1
كفاءته,1
يسخّر,1
المتطرف..,1
"""فوربس""،",1
تباعدوا,1
لجمجمةعمرها,1
زيلينسكي؟,1
السوق..,1
خالتي،,1
جالول،,1
وخصوصيته,1
لغتنا.,1
الدونغانية،,1
تحدثي,1
"الخدمات"".",1
بالتضخم,1
فشلنا,1
السابق؟,1
استثمره,1
بنظرة,1
للتحولات,1
حكوماته،,1
إشراقاً,1
شركةالعاصمة,1
المُستمر.,1
متعةٌ,1
ومألوفٍ,1
دافئٍ,1
مشروبٍ,1
ولتناول,1
السيروتونين،,1
يظلوا,1
الرفض،,1
المعلمين.,1
الامتحانية،,1
السنتين,1
تنظيمي،,1
الختام،,1
للولاية,1
"""الآلية",1
"وحماس"".",1
كايرات,1
الوصم,1
الاقتحامية،,1
وانتحال,1
التهديدات،,1
أفريقيا؛,1
وعموم,1
الزميلات,1
أجريتها,1
كشفتْه,1
محليًا:,1
والفندقية,1
بتوسع,1
الإداريةبلغت,1
وسميتها,1
ولأصدقائي,1
ومارينا,1
وشاليهات,1
فيلات,1
نفذته.,1
والاستثمارات,1
الشاذلي.,1
المصريسميح,1
قالها,1
نعمة...,1
“لائتلاف,1
للغات،,1
تُحرّك,1
مُجرّمة,1
مجلساً,1
الأحداث؟,1
"""شريف""",1
*من,1
“انظروا!,1
مألوفة:,1
هويّته,1
مواردًا,1
تتطلّب,1
وبالتّأكيد,1
الشّرقيّة”،,1
“الأسواق,1
وتأثيرها،,1
مزدوجًا,1
ديمقراطية”.,1
اللهجة،,1
"مشروع"".",1
يفسدوا,1
لقمة،,1
للازدهار.,1
أديرت,1
٢٠٥٠،,1
٦٣٪,1
٥٦٪,1
ستزداد,1
أوخدم.,1
عبيد,1
هجراتٍ,1
ويوصمون,1
لمجتمعاتهم.,1
ومفيدة,1
توجيهية,1
تطلعاتهم,1
6.3%،,1
"ماك""",1
"""فريدي",1
بريدي.,1
بطابع,1
كرمته,1
بالقراءة.,1
مداركي,1
وقتي,1
استغللت,1
"والدبلوماسية"".",1
"""حلاً",1
"سيتابع""",1
"""الاتحاد",1
"""الأمم",1
طعم,1
الناسُ,1
يقولُ,1
والترفيهية,1
والشفاف,1
الأوسمة,1
التذرع,1
للحكم،,1
بعملتها,1
الجنوبيةلا,1
بأنكوريا,1
فدية.,1
شيوعًا،,1
"""بيتكوم""",1
متحذرين:,1
معسكرين,1
6.26%,1
للنجاة،,1
مُجبرًا,1
الممنهجة.,1
البنغاليين”,1
120.12,1
الجملة،,1
مساعدة.,1
مناشير,1
براون.,1
الحرب”,1
“تكاليف,1
اغتصابًا.,1
الجنسِ،,1
زوجتَكَ,1
أجبرتَ,1
القانونَ,1
فصاعدًا،,1
لـ56%.,1
لمساهمة,1
المنجزات,1
شهراً.,1
القصص“.,1
صدق,1
يشك,1
”رغم,1
سوتافيجن,1
بموسكو,1
بسمان,1
روبيوإيران،,1
الحاجة),1
تعدُ,1
تعليمٍ,1
كينونتهم,1
يتلاعبون,1
والسلاح،,1
والتحاصص,1
تمريغ,1
يمعنون,1
السياسيّة،,1
بغالبيّة,1
أسافله،,1
(ترفًا).,1
"أقوى""",1
"""فريقًا",1
معترفًا,1
وافقه,1
أجسادهن.,1
مناطق،,1
والتعقّل,1
الوطنيّة,1
الأوصاف,1
وجملة,1
والصغر،,1
والانبطاح,1
والمذلّة,1
والمهانة,1
المقت,1
تصحّ,1
تلاعبًا,1
والحريّة،,1
وسيادتهم,1
واستقلالهم,1
وجمهوريّتهم,1
ودولتهم,1
ويطلقون,1
قائمة؛,1
انضموا,1
الشمالي.,1
كلبهما,1
للعضّ,1
أقوالهما,1
وزوجته،,1
للمحليين،عصام,1
وإحضار,1
بالعلمين,1
والتنديد.,1
الاستهجان,1
النظر،,1
والدراية,1
والتبصّر,1
"""اعتقل",1
ماوي.,1
كاهولوي,1
202،,1
النحل.,1
كوميدية,1
الدبابير,1
دبور”،,1
“السيد,1
رشيق,1
مسن,1
طفلته,1
مجيء,1
الحجاج,1
لأشقائه,1
(말벌),1
(2026)،,1
الأوسكار,1
لجوائز,1
أعضائها.,1
جامعيا,1
أستاذا,1
إنترناشيونال)،,1
(بن,1
الفرع,1
ويترأس,1
دائما.,1
المتقاعدين،,1
يعينهم,1
تضامني,1
"الأوكرانية"".",1
سيفاستوبول،,1
روابطَ,1
ثمرةَ,1
شاحنةٍ,1
حُمولةِ,1
(19.6,1
وتناول,1
2183.55,1
109592,1
6.4%,1
التعاملات،,1
2.13%,1
المشفرات,1
"""بيتكوين""،",1
ألترا.,1
للانعكاس،,1
الجوائز.,1
"والعنف"".",1
ويقتحم,1
وايدن،,1
أمسِّ,1
لِمُساعدةِ,1
ووقتَهم,1
وطاقتَهم،,1
بيوتَهم،,1
قدَّموا,1
وجيرانٌ,1
ثقافيُّونَ،,1
ومُديرونَ,1
ومُترجِمونَ،,1
مُعلِّمونَ،,1
طويلٍ,1
نُسِجَتْ,1
2011؟في,1
والبنزين.,1
للديزل,1
مضاعفًا.,1
واجبًا,1
التمويه،,1
الخط،,1
طروادة،,1
أحصنة,1
يفرج,1
السبيل.,1
تخلية,1
"جديدة.""",1
قمماً,1
"""الاستثمار",1
خوري:,1
جرس،,1
بغطاءٍ,1
المطهو,1
العجل,1
ولحم,1
التقليدي)،,1
البوسني,1
(حساء,1
بيغوفا,1
حساء,1
(تشيفابي),1
بطبق,1
وأدواته.,1
الثورة.قصص,1
يُروَ,1
موفق,1
الواحدُ,1
البَرميلُ,1
الكتالوجات,1
حُذف,1
هضمية,1
ومشكلات,1
التخسيس،,1
بذلك!,1
فأخبرني,1
مُربكًا,1
بنقرتين,1
الإضافة،,1
وبلوغه,1
أقاليمها,1
محشوة,1
السارما,1
يترنح,1
"هدف""",1
"""تقاتل",1
"ورق""،",1
"""نمر",1
"سوشال""",1
فبعدما,1
يصلا,1
وردي,1
لحلم,1
وتتحوّل,1
سعودية،,1
التأشيرة،,1
البطولي,1
النفطِ.,1
يقربُ,1
المحفظة،,1
"""بدت",1
الشَّأن,1
والألواح,1
التدوير،,1
كاريبي.,1
كشعب,1
والجذور,1
أنفسنا،,1
نفقد,1
تغمرنا,1
مثيراً,1
الثمانيني،,1
البديهي,1
يتجاوزون,1
استخدامالهواتف,1
"تريدينغ"":",1
"""إكس",1
ماندريس،,1
"و""ميتابلانيت""",1
سايلور،,1
لمايكل,1
"""ستراتيجي""",1
يتلاشى,1
"""نزاهته""،",1
ليبي,1
"""إطلاقاً""",1
ساركوزيأنه,1
العقابية،,1
بالتمهيد,1
يتعود,1
قائما,1
والحقوقية,1
للمضادات,1
ومبشرة،,1
وينقض,1
ويفتحه,1
بباب,1
سيارته..,1
وتصرف,1
الحشائش،,1
فاجأه,1
موقفا,1
"حلب"".",1
دمجقسدضمن,1
"""تفسّر",1
"مؤثرة"".",1
الأنفاس،,1
"قائلًا:""ارتكبتم",1
بذلك؟,1
براء,1
كمبوديا”.,1
“ذلك,1
الجنوب؟,1
يهدأ..,1
العروض.,1
ستُحددها,1
والإسناد,1
سيُحفز,1
جانباً,1
ستسدد,1
"عشرة"".",1
والملبس,1
نبيلة،,1
وتطعن,1
تتركز,1
(اليسار)،,1
صقر,1
الجدوى!,1
فسيصاب,1
تسوية،,1
إدراكاً,1
بالبيانات،,1
"سياسي""",1
"""وقف",1
البنغلادشيون,1
"الخطيئة""!",1
فصححوا,1
قررتم,1
خطيئة,1
التمرير,1
النسيج،,1
بإتقان,1
قرب؛,1
أعمالكِ,1
قلتِه،,1
وصواريخ.,1
للتحذير,1
الإنذارات,1
فُعّلت,1
47.4,1
45.5,1
كميته.”,1
مايملكونه,1
المستعدين,1
بحاجته،,1
لادن,1
المحليّة.,1
الأصليّ,1
وسلّط,1
كالنّار,1
أنيتا,1
المغنيّة,1
التّصوير,1
لكواليس,1
ضائعًا،,1
دراسيًا,1
لوجبة,1
محترمًا,1
متشرد,1
لكينكاس،,1
العلامتين.,1
"""سرا""",1
لخلافة,1
“ايسو”,1
منتشرًا،,1
للإنجيل،,1
واهتماماً,1
وتحكماً،,1
دقةً،,1
عينيها،,1
وتعصيب,1
بتقييدها,1
حديثها.,1
فواصلت,1
للتشافيزية،,1
سعودياً,1
الأوحد,1
التزوير,1
احدى,1
‎اتحاد,1
أساسيا،,1
ودخول,1
للدفاع،,1
التطعيم,1
“فاشلات”,1
ملمحين,1
ازدرائي،,1
(フェミニストおばさん),1
النسويات”,1
“العمات,1
ويعارضن,1
والمحافظون,1
المتحاملون,1
والمودعين.,1
والمصرف,1
الدولة؟,1
مرئي,1
ثقافته،,1
بلغته،,1
بالكامل—,1
لمكانٍ,1
أنتمي,1
وإجمالًا،,1
الشريطية,1
والرموز,1
بالملح.,1
ودعما,1
اللدود.,1
بسنوات,1
باستقطاب,1
هواية,1
حياتهما,1
للانتحار،,1
محاولاتهما,1
بشجاعة,1
وشاباً,1
المافيا.,1
بتركيبة,1
مشبّهًا,1
متعددين،,1
مترامية,1
إحالته,1
لمراجعته،,1
"أسابيع""",1
وسيُرفع,1
لميكروبيوم,1
فستتهيأ,1
للتوتر،,1
بنوم,1
اقترن,1
وتُؤثر,1
مُثبتة,1
بال.,1
اللثة.,1
تسوسالأسنانوالتهابات,1
ضرورياً,1
والميادين,1
وتُقرع,1
أجراس,1
تدق,1
بوقفة,1
رئاسياً,1
الصينشهد,1
الدولةفي,1
تاون.,1
ودبلوماسيين,1
وضباط,1
صحفيين،,1
ووسطى,1
الغامض,1
والمستقبل,1
الصريحة،,1
ودعوتها,1
فيروز.,1
قلوبهم,1
الشامخة,1
المعزون,1
نمطي,1
مُهمّشةً,1
فجوات،,1
والموارد.,1
الغير.,1
بالتوسّع,1
الورطة,1
والمخرج,1
جيرانها،,1
خطره,1
وحجمها,1
للأبد،,1
بقائها,1
الفتاح،,1
بينهمالناشط,1
السجناء،,1
والابتعاد.,1
برغبتها,1
يعلوه,1
امتعاض,1
يصوران,1
ستراي,1
كيدي,1
وثائقيان,1
فيلمان,1
أنهاهما,1
الموسمين,1
آب/أغسطس,1
"الزناد""التي",1
انقضاءمهلة,1
ض.,1
بالعر,1
لسطوة,1
مخالفة،,1
مغبة,1
يخافون,1
الديوانية،,1
أبلغني,1
لكلتا,1
مجلسي,1
تجتمع,1
تحويلية،,1
ليقتلهم,1
يفر,1
جسدها،,1
مسددًا,1
بسكين،,1
فهاجمها,1
وتوباجو.,1
ديفينثالير,1
ينحدر،,1
نيهامر,1
المنيا،,1
سمالوط،,1
تصادمبين,1
وقعحادث,1
العربية...,1
أوطاننا,1
وأشعل,1
واهتزاز,1
فغياب,1
ومفرح،,1
موجب,1
جوابي,1
تهديداته،,1
مشاجرة,1
ونشبت,1
"""أسوس""",1
بوكس,1
لجهازي,1
"هدوء"".",1
وحدنا,1
السجادة,1
سببين،,1
فأوضحت,1
للفيلم،,1
غيابها,1
يشددان,1
البيئيان،,1
المبدآن,1
خايباس”،,1
يوديث,1
فيأوروباخلال,1
"""بي.بي.سي"".",1
وفينشلي,1
وينغيت,1
الإسعاف.,1
الصالحة،,1
"بالتنوع"".",1
ونصفهم,1
نوظفهم,1
"""100%",1
وأحضر,1
للشاب.,1
غاضب,1
كتحذير,1
لنص,1
ارتكاناً,1
عاصمته,1
استمرت،,1
مشتبهين,1
التشابه.,1
فالمساواة,1
لنا؟,1
ذاته:,1
لنطرح,1
لنعود,1
غيرنا،,1
ينجزها,1
مستهلكين,1
حدّين،,1
كالي،,1
“دعوا,1
والمتواجدين,1
لتأشيرات,1
"مورغان""،",1
"إنسايدر""",1
عقائدي،,1
عودتها.,1
رمزت,1
بالإعياء,1
الروحي.,1
مختلفة؛,1
لعاطفة,1
لكيان,1
والقاضي,1
1947،,1
والصادر,1
بالإعلام,1
لفتني,1
للمحاكمة,1
واتهامه,1
استجواب,1
المدفوعات.,1
الأصليين؛,1
"13,894,600",1
جوياني,1
غاباتنا.”,1
نلعبه,1
والدور,1
“[سأدعم,1
وافتراءاتكم.,1
أكاذيبكم,1
يشهدون,1
والإبداعية.,1
مضاعفًا,1
يُستثمر,1
"ومبسطة"".",1
سيتشوان:,1
داس،,1
كالي,1
بيكاش,1
بناتهن,1
تزويج,1
البرتقال.,1
تمائم,1
تماثيلها,1
و«روايتها».,1
و«رؤيتها»,1
وإدراكه,1
مستلهمة,1
عمرانية،,1
مفاهيمياً,1
السعودية»,1
«الهوية,1
68.1,1
جهاز،,1
77.5,1
أسباباً,1
مضمنة,1
غيره،,1
زرقاء.”,1
“طفلتنا,1
والدي:,1
طفلة،,1
عَثرتُ,1
المشاركة.,1
تاريخهم,1
استقلاليتها,1
ترسمها,1
إنجاح,1
المترونوم,1
ميلان:,1
ألبرتيني،,1
ديميتريو,1
مركزه،,1
لعبوا,1
الارتكاز،,1
وسواها.,1
وعسير,1
والعلا,1
معمار,1
"ديمقراطية""",1
"""مدن",1
انغمس,1
دراسيّة,1
أكسبه,1
تفانيه,1
والإعلامية.,1
ملفًا,1
"و""تويتر""،",1
“مرآة,1
ناشد,1
الإيجارفي,1
0.03,1
غربيمدينة,1
العيارة,1
تجددت,1
لوكارا،,1
اكتشفتها,1
والجوهرة،,1
ليسقط,1
متناوله،,1
تُغسل,1
الأول؛,1
الغسيل,1
منشر,1
لتجف,1
المغسولة,1
2407,1
3948,1
"المستقبلية"".",1
جامداً،,1
"""صحيح",1
شيوان،,1
الضعف.,1
التفهم,1
الفيروس،,1
مخاوفي,1
رسائلي,1
المشحونة,1
ستذهب,1
منافسيها.,1
العددي،,1
بالأجساد,1
جواهر,1
وقُطعت,1
(621,1
3106,1
"""كولينان""",1
الإعانات,1
وبفشل,1
"""إلبايس"".",1
إشبيلية)،,1
فرونتيرا,1
ومورون,1
قادس),1
قاعدتي,1
أسلافه,1
وتراقب,1
فيمصراختبارًا,1
٢٥.٩,1
السريلانكيين،,1
لمحنة,1
الرئاسيين,1
مقصد,1
لمضاعفات,1
أودينيزي,1
“أنتايتلد”,1
القادمة:,1
يمكنكم,1
61%,1
يراجعها,1
"الدسائس""،",1
"""مواصفات",1
علّم,1
"المتعمدة""،",1
"""المحاذاة",1
توضيحًا,1
إستيفانيا,1
دايانا,1
وتكامل,1
“طلاب,1
التطبيقية،,1
بالكلية,1
2018-19,1
والقرفة,1
ويُغلى,1
سميكًا,1
والاتصالية,1
والمبرمجون,1
ويستشرف,1
القلوب.,1
أبكت,1
وعويل،,1
والفرح,1
الزغاريد,1
علت,1
7500,1
الزوج،,1
تغيب,1
خلفيات,1
ومرسى,1
السخنة,1
كم،,1
والبضائع,1
لقطار,1
وريكارد.,1
استنفد,1
فاليس,1
باديا,1
تمركزها,1
السمهوري,1
التمييز”,1
باريش،,1
جانيكي,1
المتخصّصين.,1
آراؤه,1
6654.28,1
10.1,1
اند,1
المصريةزيادة,1
نقلتهم,1
الأدب؟,1
ألهمك,1
أوج,1
"""54%""",1
العرابي.,1
الحكمةبالساحل,1
بمدينةرأس,1
ومرونة.,1
مراحل:,1
واحتواء,1
إحداها.,1
السباعي.,1
وناهد,1
فؤاد،,1
بيومي,1
الباقي،,1
والضحك.,1
والقاهرة,1
عائلتين,1
"الأفاضل""،",1
"""السادة",1
**أعمل,1
جعلهم,1
الإيواء.,1
والمصابيح,1
التنظيف،,1
النظافة،,1
ومستلزمات,1
الميداني،,1
أنتهز,1
فكنتُ,1
المجمعات,1
كيلوواط-ساعات,1
المرافق،,1
2035,1
والإشرافي,1
الرقابي,1
وفاعلية,1
التخطيطية,1
غايته,1
مبرر،,1
تفريطه,1
استشاط,1
والقارية،,1
للهلال,1
يعتذر,1
التنازلي،,1
اللعبة”،,1
“لتبدأ,1
والنصر.,1
لتنقل,1
الملائكة,1
ومساندتها،,1
لمشكلتها,1
باللاعبة،,1
"""للإنصاف،",1
"بالتوتر""،",1
توندولييه:,1
(ديسمبر),1
مبشراً،,1
تلقائيا,1
ونتج,1
لطوابير,1
سودانية،,1
نهبت,1
كرات,1
هسيو,1
اليهودية”،,1
“نوبل,1
جينيسيس,1
لحصوله,1
مؤتمراً,1
تسريحات,1
791,1
السياقات،,1
لمعظمها,1
“الأصلية”،,1
يغض,1
شرعيته،,1
المطلب،,1
الخسائر.,1
روالبندي,1
فصيل,1
والإسرائيلي،,1
للجانبين,1
وبضمانات,1
"الموضوع"".",1
للمركبات.,1
الزائدة،,1
المتهالكة،,1
قاتلة,1
"الأفضل"".",1
وأبحث,1
تضحياتهما،,1
قراري,1
قطاعٍ,1
يُرسّخ,1
نوكيا،,1
"بالمشاركة"".",1
ومصادق,1
المسحوبة,1
مطلعًا,1
وُجه,1
يدرب,1
أمعن,1
أكوابًا,1
بحياته.,1
ساعدته,1
ممارسته,1
"""مدمرة""",1
والموقع,1
وتفاعلاته,1
للمشروبات,1
تقهقر,1
الحصري,1
إقالتها.,1
ودعوته,1
باول،,1
لرئيسه,1
صوتي..,1
لمشتركي,1
وتعويضات,1
الإرشادات.,1
سيتلقى,1
مُسبق».,1
«منع,1
وتمسّك,1
الصخرة،,1
وصفيّ,1
بقوة.,1
وارد,1
“صفا”،,1
إدماجهم,1
العقلي,1
ويوظفهم,1
"الدقيقة""،",1
"""الموائع",1
"روسيا""",1
الأوروبية:,1
والرصاص.,1
القذائف,1
المنفى”,1
"الائتماني"".",1
"""فيتش",1
يتسع,1
سيفرينوفسكي,1
لسيلفا،,1
للهجوم.,1
بونغا,1
"المحتلة"".",1
يافا,1
أدردش,1
ونشره,1
بتحريره,1
لمنتدى,1
لكتاب,1
475.79,1
3941,1
13.4%,1
"""إيثريوم""",1
ساغاينغ.,1
وكاشين,1
وكاريني,1
للمراسلات,1
للمقدمة,1
صميمها،,1
سيثي:,1
المؤهلة،,1
ونصحت,1
وجينولوجي،,1
للبدائل،,1
المواطنيين.,1
المعبأة,1
ومقرات,1
راع،,1
المنفلت،,1
يرحمه”.,1
“ملصق,1
البنزينحتى,1
علىتصدير,1
بجملة:,1
يحبه,1
ملصقًا,1
أعتقد.,1
كاحلي,1
100٪،,1
وسأقولها,1
أتعافى,1
ألكاراز:,1
والفتيات.,1
والإساءة,1
المتوقَّع,1
التدريبِ,1
بيروقراطي,1
محاصرين,1
جيلجيت-بلتستان,1
الباكستان،,1
كأسماء,1
تُدفع,1
وذي,1
ميسان,1
مجنون)،,1
وحقل,1
القرنة,1
والزبير,1
(الرميلة,1
المكمني,1
وتوجيهها,1
وتصفيتها,1
"والعالم"".",1
وعلاقاتنا,1
شؤوننا,1
بنفسه،,1
رائعة“.,1
بالكاحل،,1
بورسودان,1
"داخلها"".",1
بحدّ,1
"""رفع",1
تصلباً,1
إمالة,1
يشرحوا,1
والغرباء،,1
والزملاء,1
أضف,1
واحتفظوا,1
القارب،,1
وإمداداتهم,1
طعامهم,1
وتُقام,1
قار،,1
روستافيلي”،,1
“شارع,1
رصدوه.,1
"الأمانة""",1
"""مستوى",1
استغرابهم,1
معربين,1
"بأنفسهم""،",1
الألماني:,1
بلجنة,1
سميث،,1
29.6%,1
10.27,1
32.69%,1
11.34,1
1.069,1
وأسَرته،,1
قضاه,1
عمرٍ,1
ويظن,1
كاهله،,1
يوقظه،,1
منبهٍ,1
صباحاته,1
وطمأنينة،,1
يخيّل,1
تقاعده،,1
ويتسلم,1
الفلفل.,1
ورذاذ,1
خراطيم,1
لتتصدى,1
"عن""النهار""الكويتية",1
66.17,1
62.64,1
وتقاطعات,1
يتبدّد,1
الجيري،,1
المكانة،,1
وتتعاظم,1
اختلالًا؛,1
وشراكاتها,1
مسيرتها.,1
تنطفئ,1
يتآكل,1
تُشعره,1
تتسلل,1
لتنكشف,1
"""والداي",1
غو:,1
متهالك,1
إلحاحاً؛,1
"ملموسة"".",1
أفعالا,1
"""كلمات",1
ليقول,1
بينهافرنساوبريطانيا،,1
وشردت,1
مُثُل,1
عرّف,1
بالألفاظ،,1
البيانو,1
عزف,1
والإخلاص،,1
للتشاؤم,1
السُلَّم,1
الأجناس,1
الذهبي”,1
“العصر,1
"زوكمان""",1
"""ضريبة",1
"""مقاومة""",1
(1975-1990),1
بالغذاء.,1
مخالفةً,1
لضررها,1
"لهما"".",1
انسحابي,1
ليمنحاني,1
ضحيا,1
متطوع،,1
متخطين,1
لليونسكو،,1
زائر،,1
مبكرًا،,1
عددٌ,1
لتشارك,1
تعاونياً,1
أدعى,1
وضعفهم,1
كواندت,1
للتدقيق.,1
لنظرة,1
تُبالغ,1
"""الدراسة",1
والسلبية,1
تصويري,1
“يعكس,1
الالكتروني,1
أخبرنا,1
حلها.,1
بالمشكلة،,1
المُخصص,1
"الهدوء""",1
مُعلن،,1
للمصابين,1
كأذرع,1
وسابا,1
ملاحظاتهم,1
يقبلان,1
يطعن,1
33.5%،,1
فوزاً,1
سجلاً,1
ومناولة,1
وويوان,1
كرنفال,1
وانتقائية”,1
“معبرة,1
مساهماته,1
ولماذا؟”,1
بالسؤال,1
وتحيزاته،,1
ستمدد,1
‘الحقيقة'،,1
الكينونة,1
والضوء.”,1
التمعن,1
حجتهم,1
"مشاعري"".",1
دعم،,1
النفسي.,1
أحتاجه,1
محاولاتي,1
باليأس.,1
بالعزلة,1
"""شعرت",1
للابتعاد,1
تلبيتها,1
القياسيان,1
كحكومة,1
أليكسندر,1
وقاضي,1
المنصة،,1
تطارده.,1
مبيعات.,1
و9.82,1
مشتريات،,1
10.91,1
1.092,1
الجابر,1
الخالق,1
وولاء,1
السعدني،,1
السميع,1
عليوة،,1
الضو,1
مجلى,1
وسعيد,1
"أقوى"".",1
حان.,1
لجسمك,1
القصص.“,1
خجولة,1
”أردت,1
باسكو.,1
وإيرينا,1
بريلوفا،,1
وأولها,1
لوبيسكو،,1
دوديتش,1
فاليا,1
عجائبي,1
مُطرزة:,1
عوالـم,1
مروية,1
بجيوشه,1
"الجمركية""،",1
مدفوع,1
البنكي،,1
متصبغ,1
يَفِدونَ,1
إم23.,1
تقدُّم,1
"""ستارغيت""،",1
بعينه.,1
وقوتنا,1
سنأخذ,1
الشتوي,1
رياضيين,1
سماح,1
للإدراج،,1
توقعوا,1
"""الرؤساء",1
مخالف.,1
طاردة,1
للناشطين،,1
الناشطين،,1
لطمس,1
والشتائم,1
بالسباب,1
يُغرق,1
والأصوات,1
المثقفين,1
والإشاعات,1
الأكاذيب,1
وتخطيط,1
عفوي،,1
نظّمتها,1
واحرزت,1
سباقا,1
وخضت,1
اتقبل,1
"القبول""،",1
"""صعبة",1
"""الهزيمة",1
أولمبيادي,1
منصوصاً,1
الضريبية،,1
والمدفوعات,1
الوثيقة،,1
يمازح,1
"تضررًا"".",1
وسيدفعون.,1
وبالنسب,1
بالعروبة,1
العبد؟”,1
لذاك,1
يزوجون,1
وخافتة,1
لتعليقاتٍ,1
ويتعرض,1
انحرافٍ,1
شعرها,1
تغط,1
الآداب،,1
لمهسا,1
"النتائج"".",1
وانتظروا,1
تحقيقٍ,1
"ومشارِطًا""،",1
"""شحاذًا",1
منفصمًا،,1
المسلح،,1
الحزبي،,1
الشيعة،,1
ولشريحة,1
تشكِّل,1
بوتشكا,1
وأوديشا،,1
وبيهار,1
البنجال,1
وناديه,1
عواقبها”،,1
يتنقلون،,1
للخلفاء,1
تدرّج,1
لوجدنا,1
وأصوليته,1
إرهابه,1
انبعاثه,1
تبيئة,1
الثانية:,1
858.37,1
والمطاعم,1
قصة.,1
المطبوع،,1
أتيح,1
جديدتين،,1
حالتين,1
"الوعائية"".",1
افتتاحية,1
"""سناب""،",1
و48.22,1
48.08,1
للمدربين,1
ممتن,1
يتحقق،,1
فكأس,1
كالسعودية،,1
يحفزني,1
يحفزه,1
المحطات.,1
"آتوم""،",1
بالعراق،,1
السبحة,1
انفرطت,1
تصعيده,1
والصدمة,1
ويتتبع,1
بالتعادل.,1
للزمالك,1
لتفوق,1
والزمالك،,1
والمحكمة،,1
مشتريها.,1
الصاروخي,1
سعتهم,1
"الذكريات""",1
"""باقات",1
وتُقدّم,1
منصتها،,1
"""ذكرى""",1
حفظوا,1
اقتناعاً,1
يعدل,1
2.08%.,1
"""تشوجاي""",1
نيكاي.,1
لمكاسب,1
2.42%,1
اقتصادها.,1
الكمية،,1
وملهمة,1
للشركاء,1
ضيافة,1
دان،,1
فيتنامي,1
مدرس,1
حلت,1
الانتهاكات.,1
أحزابًا,1
"القانونية""،",1
سنلتزم,1
الاستئناف،,1
سنتوجه,1
رفضتها،,1
بدراستها،,1
الطعون،,1
وسنقدمها,1
ورودها،,1
بتحليلها,1
البرلمان:,1
وخطرًا,1
باهظًا,1
بالسلطة،,1
الأمثل.,1
بالفواكه,1
فيعتبر,1
مُسجَّل,1
الكتب»,1
«التفتيش,1
وجدول,1
وقوائم,1
هاتفية،,1
تركة,1
الـ16،,1
نقاتل,1
المناورات،,1
"وضيوفنا"".",1
الدنماركيين,1
"""الشرطة",1
سبور,1
وأضنة,1
السلوفيني,1
ماريبور,1
ليخوض,1
أقدامهم.,1
الغرف،,1
تُركوا,1
يعدموا,1
تأييدها.,1
أقلّه,1
"الدول""",1
"و""إجماع",1
"الأعضاء""",1
"""ضمانات",1
للقادة,1
جروحًا,1
يصارعون,1
الوقت)،,1
"""القادة",1
غرامات.,1
بالألمنيوم،,1
استُبدل,1
(جنوب).,1
"""تفشي""",1
عازياً,1
لإبطاء,1
7.1162,1
سوكر,1
فالكون,1
ترانزستوراتها,1
وكفاءةً,1
بروين,1
كيفين,1
والثلاثية،,1
والحادية,1
بوليسيتش,1
وكريستيان,1
ساليمايكيرس,1
"بالطالبات"".",1
بالأعلى,1
"""لدي",1
"الدراسي؟""،",1
المدرسة؟,1
يفعلن,1
"""العرايس",1
البولندية.,1
خفية.,1
والصّين.,1
التّجاريّين,1
سنويًّا,1
وإفريقيا,1
التّجارة,1
متوسّط,1
والنوع,1
شدتها,1
فتخيلوا,1
24.9%،,1
"المستدام""",1
التعاون..,1
"""السياحة",1
الحصار”,1
“الطلاب,1
60.,1
يخبأه,1
أقف,1
تركته،,1
الحكاية؟,1
احتفالية،,1
"لـ""العربية.نت""و""الحدث.نت""،",1
التوم،,1
الصرب,1
صربيا؛,1
وتطبيقها,1
الجنوب)،,1
(أحدهما,1
موقعين,1
المتحدةإذا,1
معالولايات,1
أون،,1
ومنافذ,1
نيكول،,1
"إيجابية"".",1
وبقائهم,1
"""تُظهر",1
والبكاء,1
والأكل،,1
والشرب،,1
والغناء،,1
والرقص،,1
والابتسام,1
صغره)،,1
(مهما,1
ونُحَب،,1
نُحِب,1
نستحق,1
نظيفة،,1
حذفها.,1
بحياتهم.,1
بالتضحية,1
"الإسرائيليين""،",1
"""الرهائن",1
بالتهديد.,1
حولها،,1
أحدها،,1
السؤال.,1
ميراث,1
التركات,1
ورثة,1
"""فورسا""",1
للاستثمار.,1
وفرنسا،,1
واتساب.,1
مسموحًا,1
وتحدّت.,1
تساؤلات،,1
علّمت،,1
وفقراته,1
وأغانيه,1
الصدمة.,1
أجده,1
التجريدي,1
لنظم,1
كارد،,1
المركزيمذكرة,1
وقعمصرف,1
للعملاء.,1
ومتعة,1
"والفلسطينيين"".",1
"""حَلّ",1
زمنيًّا,1
حَلِّ,1
أقرَّت,1
استماع.,1
ميير،,1
اليوميّة.,1
يتحدّثونها,1
الفولغا,1
و”الخيانة”,1
بالدولة”,1
و”التشهير,1
“التخريب”,1
المبالية,1
الجانبية،,1
لصحيفةِ,1
والماليةِ,1
الاقتصادِ,1
معهدِ,1
الاقتصاديِّينَ,1
كبيرُ,1
صرَّحَ,1
اللحظية،,1
الإيجابيات,1
عديد,1
سيجذب,1
يصرون,1
للمستفيدين.,1
تمديدها،,1
ستنتهي,1
ثيون،,1
تُهيمنُ,1
استراتيجيًا.”,1
نكونَ,1
استهلاكية،,1
دولةَ,1
فسنظلُّ,1
تصميمِ,1
فهمِ,1
التصنيعِ,1
استفادةُ,1
واقتصرتْ,1
البلدينِ،,1
نقلٌ,1
يكنْ,1
الإندونيسيةِ,1
“كومباس”,1
أنواعها,1
منفتحون,1
الاستحواذات،,1
لحدٍّ,1
المُبكِّرةِ,1
تطوُّرِها,1
مَراحلِ,1
المنطقةِ،,1
المحليةَ,1
الصناعةَ,1
تَكْبَحَ,1
المخاوفُ,1
تتزايدُ,1
أسواقِ,1
التجاريةُ,1
العلاماتُ,1
وفضيتين.,1
منعطفا,1
وتشكّل,1
الفنلندية,1
ببرونزية,1
1983,1
هلسنكي,1
والتجنيد,1
استوائي.,1
بمناخ,1
بالرياح,1
ويتأثر,1
وثقافته.,1
بالاخيشيفا,1
بصمتهم,1
"محليين"".",1
رافعة,1
الإنشاء.,1
لإنتاجه,1
اختراع،,1
ببراءة,1
مسجّل,1
تعيقهم,1
مهمشين,1
الأصليون,1
واقتادتهم,1
تام.,1
لتبليسي,1
المنشود.,1
للأفكار,1
قاسيًا.,1
شديدًا،,1
البداية.”,1
يُثبت,1
"الترفيهية"".",1
"""ناو",1
ستسند,1
وبموجبه,1
وتوقيعه,1
يبيّن,1
الإذاعي.,1
ترويها,1
روكيت“,1
”بيتي,1
أتابعها,1
ثرواتهم.,1
الميزانية،,1
والإنتاج.,1
باللوائح,1
السابع.,1
ماكلارين,1
نوريس،,1
تاركاً,1
تسونودا,1
ويوكي,1
لوسون,1
ليام,1
أنتونيلي,1
كيمي,1
"الـ""سي",1
بتريوس،,1
غورليك،,1
أكين,1
عدّد,1
نفايات.,1
أطفالهن,1
ونجاة,1
نجاتهن,1
عمّان,1
وُقّعت,1
والتز,1
لصبي,1
الاضطهاد.,1
لجأتا,1
الضرر،,1
وزعيمة,1
وليوبولدو,1
ليستر,1
دبره,1
والجوانب,1
"""تختار",1
سترسلها,1
جنسانيًا,1
ويجعله,1
جاذبيته,1
حبهم,1
والمهتمين,1
والأكاديميين,1
أبعاده,1
الندوة,1
السّن.,1
الصّيني،,1
اليوميّة,1
محرّمًا,1
يقرّون,1
"""مكافأة""",1
مؤلفون,1
الدعاوى,1
اعتماده.,1
الروسي-الصيني,1
"""تداول"".",1
0.75,1
69.2,1
أشتاق,1
الإسرائيلية”.,1
حقوقه،,1
ويحرم,1
“يتعرض,1
الخصوص:,1
فستختار,1
باك،,1
المنطقية,1
منتج.,1
إغواء,1
المُتصارعة,1
المُتنافرة,1
والإهانة,1
وفائق,1
عربيتين,1
الشرسة,1
تنتهى,1
عريضا,1
طيفا,1
والأدوار،,1
وفنانون،,1
حجزت,1
يدّعون,1
وفنانون,1
الرصين,1
والتبليغ,1
الذباب،,1
العقيمة,1
مشاركتها،,1
فالمواطن,1
أمَّا,1
"و""ميديكيد"".",1
"""ميديكير""",1
ميزانيتي,1
محاكمة.,1
مقيدة،,1
بطلقات,1
الميدانيين,1
"الدروز""",1
"و""يحمي",1
بأسعارٍ,1
سياراتٍ,1
توفيرِ,1
انتقالَ,1
تُسهِّلُ,1
فكانت،,1
للنساء..,1
أسنان,1
(51.75,1
104سم,1
"ترهيبنا""،",1
شجعان,1
أظهرنا,1
"و""لقد",1
"الأوروبي""،",1
الوهم.,1
جنوني.,1
فاتورتهما,1
نقلوه,1
الموقد,1
رطب,1
رماد,1
تفوح,1
التسويقية،,1
“متاحة”.,1
الكهربائيةِ.,1
العالميةِ,1
وإدماجِ,1
القطاعِ،,1
فُرَصِ,1
وخلقِ,1
معقولةٍ,1
"""القاسم",1
"بقواعدنا""،",1
والمتهم,1
بمحكمة,1
المعارضات,1
شيء..,1
ستتحكم,1
غامضاً,1
منكوبة.,1
والغذائية,1
ولحقوق,1
المسكن,1
"الجنائية""إلى",1
"""الإجراءات",1
بإعادةمشروع,1
أسهماً,1
برونزيات)...,1
فقطر,1
و9,1
قانونية”.,1
سيواجهون,1
ينتهكون,1
“المسجلين,1
"المدرسية"".",1
وتعميم,1
"""بوضع",1
تبون،,1
المجيد,1
"""الاكتفاء""",1
"والمولدوفية"".",1
للحكومتين,1
تروق,1
والاستيعاب,1
“طالما,1
تبرئته،,1
للاستطلاع.,1
والمسير,1
الشحيل,1
مروحي,1
133.5,1
15.2,1
"شات""",1
طلالاستثماره,1
عززالأمير,1
منزليًا,1
لديك.,1
المُفضّلين,1
لمُنسّق,1
434,1
وأحصت,1
377,1
بـ0.6%,1
2.5%،,1
"ضدها"".",1
بالبراءة.,1
البنغلادشي.,1
978,1
774,1
واحتياطياتهم,1
الضروريات,1
​​الراتب,1
لاقتراح,1
ضرورية؛,1
تظن,1
لنطاقِ,1
بالنظرَ,1
والأنساب,1
بوراسا,1
ماندينكا،,1
وباجا،,1
وجولا،,1
فولاني,1
دُمِّر.,1
شقيقتي،,1
التعنت,1
الكلام.,1
وفقاعات,1
تسلسلات,1
وآمالهم,1
اختفوا,1
بويلي,1
ويحصد,1
وليفربول,1
مسيئًا,1
ومنهجية.,1
دُربت,1
كحلوى,1
بالتمور,1
ويُصحب,1
بخلط,1
يُحضّر,1
اتصالاتِ,1
القوائمُ،,1
تُغطِّيها,1
للخدماتِ,1
الواسعِ,1
لتنحرف,1
النزول،,1
"""صالون""",1
المتزوجين,1
أفراها,1
التّقارير،,1
"""العربية"".",1
اليمنيةصنعاء،,1
بأسواق,1
"السوري.""",1
"أعلم"".",1
جيدا,1
توتنهام).,1
واضحين,1
":""كنا",1
وكلارك,1
تسجيلا,1
الإلغاء،,1
الغامبي,1
اللجنة،,1
الفنون؟,1
كعاصمة,1
يمهّد,1
وعدالة،,1
نضجاً,1
تهمّل,1
الأطعمة—,1
—تستخدم,1
سماكًة,1
وتتفحم,1
تشتعل,1
وتسقط,1
دواس,1
ينحدرن,1
والمعارضين.,1
التضخمخلال,1
ارتفاعمعدل,1
حمايتها؟,1
وهاري,1
روني,1
وواين,1
شيرر,1
للمسابقة,1
التاريخيين,1
الهدافين,1
أجويرو،,1
سيرخيو,1
محطما,1
"""الأتمتة",1
كورو,1
باماكو,1
ميلا),1
(420,1
679,1
باندياجارا,1
(2024)،,1
محددًا،,1
الطبيعي”.,1
“التزمت,1
آنذاك:,1
إنقاذهن.,1
القريبين,1
توفين,1
مشطر,1
ووكالاتِ,1
التجاريةِ,1
العلاماتِ,1
التعاونِ,1
استمرُّوا,1
المُسيَّسينَ،,1
للمُدوِّنينَ,1
شهيرةً,1
منصَّةً,1
ظلَّ,1
"كارير"".",1
"التجارية""",1
تكييف،,1
عقدي,1
"""هانوفر",1
يُقام,1
وستعدل,1
خرامبيد,1
التشجير,1
الخصوصيّة,1
يبحثوا,1
والمطوّرين,1
الصّنعيّ،,1
للّذكاء,1
مخصّصة,1
للتكنولوجيات,1
بالأطر,1
مُحبط،,1
ضغطه,1
جيرارد،,1
متوترا،,1
الإعلانِ,1
المقدر,1
وأسرتك,1
07:01,1
67.13,1
0.67%,1
والأسرة،,1
سانوغو,1
دجينبا,1
ديارا,1
الانتقاد,1
قانونين,1
بالصراعات,1
لصلاحياتها,1
والبطانيات,1
والقهوة,1
فرضها.,1
بتمزيق,1
الملثمون,1
يهتفون,1
"توافرها"".",1
والتحديثات,1
وستُقدم,1
واستعمال,1
الكهرباء؛,1
مثلاً،,1
بك.,1
ينسجها,1
محسوسة،,1
قانوني؛,1
تتوارثه,1
السلميين.,1
بـ24,1
ييلسوارام،,1
براثيبادو،,1
نواحي,1
أندرا,1
ونوفمبر/تشرين,1
أقامه,1
ناديلا،,1
ساتيا,1
تفريقهم,1
أمبو,1
نُقلوا,1
نوبيّو,1
الآن.”,1
الأرثوذكس.,1
سكاني,1
والجدران.,1
صادمةلسيدة,1
"ذاكرته"".",1
وداعمة,1
بدّد,1
الدخان.,1
يغطيها,1
العلن،,1
تُتَّخذ,1
وبقرارات,1
والكفاءة،,1
وبحكم,1
بالشفافية،,1
وجاجامبيتا.,1
سانكهافارام،,1
كيرلامبودي،,1
غانديبالّي،,1
التوزيعية،,1
المشي.,1
الأوائل،,1
وأتباعه,1
بوذا,1
“كانكاما”,1
المشي”،,1
“التأمل,1
"الدول"".",1
المعدّلات,1
وتداركت,1
مُختلفة،,1
وطفلها.,1
لإنقاذها,1
مولودهاعلى,1
إعياء,1
الشّباب.,1
الطّبيّة،,1
السّن,1
المصمّمة,1
وبعكس,1
بغضّ,1
منها!,1
الهزيع,1
الكينزي.,1
التوزيعية,1
الاختلالات،,1
فكينز,1
الكينزي،,1
لفكر,1
الدخل.,1
ومحدودي,1
مريح،,1
كطعام,1
زخماً,1
المشؤوم.,1
تذكيرٌ,1
النيبالية،,1
وسانخامول,1
ضاحتي,1
أغضان,1
كالأعلام,1
الشيعي.,1
يضيء,1
الحائط،,1
ولحافي,1
لسريري,1
أتوّق,1
وتوغلت,1
"صحيفة""الشرق",1
منأى,1
شكري.,1
الأفران,1
ومتصدر,1
يالوفا.,1
تشينارجك,1
"""غُللو""،",1
باسمها,1
توت،,1
غُل,1
المهم،,1
المتعنت,1
وتسعين,1
وستين,1
الغيابِ,1
النَّوعَ,1
لتسليطها,1
أصواتهم،,1
للتفاعل,1
٣٠٠,1
سيمكن,1
كأسلوب,1
قادني,1
لأجسد,1
اللونية،,1
والدرجة,1
والقيمة،,1
والهيئة،,1
2025-2031.,1
أموروسو,1
مينغو،,1
الرئاسيَّةِ.,1
والأوامرِ,1
بفعلِ,1
استُدعُوا,1
لِلكارثةِ،,1
الأيامِ,1
الحكوميِّينَ,1
والمسؤولينَ,1
بِالوُزراءِ,1
تَعِجُّ,1
المنطقةَ,1
المُجتمعِ,1
قائدةِ,1
لِبوني،,1
مألوفٌ,1
48.20,1
التعمير,1
الإخبارية.,1
سكانه.,1
بأزمات,1
الجوارين,1
التجريبي،,1
سينيكا,1
كعاداته,1
"ميل""البريطانية.",1
"نشرته""ديلي",1
"حاسماً""",1
"""خيطاً",1
بالمعبد,1
وهولندا.,1
الأمثلة،,1
لكوكبنا,1
بنفسه.,1
أجهزته,1
لمدافعي,1
بتحسّن,1
تبشر,1
والأقل,1
الأبطأ,1
أروبا.,1
رومان،,1
كيب,1
بثته,1
وطرحها,1
للمزايدة,1
و48.02,1
47.92,1
وتفقد,1
المفوضين,1
نوابه,1
ديرا,1
تال:,1
ميان,1
صرر,1
القوات.,1
المولدوفيين,1
ألفاًَ,1
276,1
بأصواتهم.,1
1.59,1
(18:00,1
أيد,1
الجميل.,1
226%,1
نشطة.,1
1502,1
و596,1
85%،,1
الموساد،,1
لتسللِ,1
مبررة.,1
وردودها,1
اندهاشهم,1
الطالبات،,1
بورسعيد،,1
الطالبات-،,1
تتحفظ,1
الشمسية”.,1
سينقلون,1
6:30,1
2023),1
الحائزة,1
محمدي,1
نرجس,1
أقنعت,1
الجرباوي:,1
النقابات،,1
المنفيين.,1
والرقمي,1
بارد,1
فالشتاء,1
المتسارعة.,1
لرفضه,1
"و""غبي""",1
"""أحمق""",1
تُزيّن,1
بطبقتين،,1
يغلب,1
المناطق:,1
خاماتها,1
فلفتت,1
البسام،,1
ريم,1
الملفقة،,1
للتعديلات,1
936.7,1
78.32,1
الروسيةخلال,1
فيالميزانية,1
3844,1
3814.91,1
والعباءات,1
للثريات،,1
بالزري,1
المزخرفة,1
القيلانية,1
العباءات,1
زاهية،,1
أثوابًا,1
ارتدت,1
بالذهب،,1
مطرزة,1
ارتدين,1
الثريات,1
فالنساء,1
الاجتماعية؛,1
والزخارف.,1
لرخصة,1
المتأخر,1
ومنها:,1
المتداولين،,1
شراءً,1
اللندنية,1
سيزور,1
للمواعدة.,1
تعاطفًا,1
المكتسب،,1
الإيدز/فيروس,1
بمعرفة,1
ممتاز.”,1
بارزة”,1
“محطة,1
لغيرهن.,1
التبشير,1
الأصليين)،,1
قُتِل,1
(حيث,1
ترودو,1
(أوراوارد,1
تاكاهشي,1
وهانا,1
والصين),1
جيانجدا,1
(ووهان,1
شوانغ,1
ووانج,1
ماكنمارا,1
هولي,1
الوافد،,1
ولتسهيل,1
"قائداً"".",1
تأخير.,1
رسائل،,1
بلادنا.,1
نائيةٍ,1
قريةٍ,1
محكمة،,1
مستشفى،,1
وصحتهنّ,1
وأمنهنّ,1
لصون,1
إلزاميّة،,1
الأرشيفات,1
الكاثوليك،,1
الكهنة,1
تباطأت,1
ويُظهر,1
الـتي,1
حالاتها,1
"الأسوأ"".",1
ووفيات،,1
صادي,1
المتساقطة,1
دابلام,1
التيم،,1
بالهوية.,1
المتطور,1
ستستأنف,1
ذاكرته,1
"""سناب""",1
مدفوعة،,1
المرصوفة,1
أنتيفا,1
مضافة.,1
"""متاهة""",1
3.5%.,1
الإنتربنك,1
“ولتسخير,1
اللّغات,1
مفضّلةً,1
التّحدث,1
النمط،,1
تلعبه,1
ألمانية،,1
للإسمنت,1
وفجوات,1
بالحوالات,1
إنعملة,1
الطباع،,1
طلال,1
دجالو,1
يضحك,1
طبياً,1
يثقفنا,1
بهارفارد،,1
للبشرية.,1
تزيين,1
أدرجت,1
مترامية.,1
تتلوى,1
الدراجات،,1
تحفّها,1
بالحجارة،,1
تلوم,1
نتنياهومنتصف,1
الوزراءبنيامين,1
"إسبرطة""",1
"""سوبر",1
برعام،,1
"ذخائر""",1
أدانته,1
1.9%.,1
جاهلة,1
السيبرانية.,1
(المسيّرات)،,1
المَوائِلِ.,1
التلوُّثِ,1
نتيجةَ,1
أعدادِ,1
الديموغرافي”،,1
“الجهاد,1
يوصفون,1
البلوغ.,1
"والمراهقين""،",1
لانسيت,1
لمئات,1
مخصص.,1
للحيوان,1
لتاكيوتشي،,1
مستقرّة.,1
مزدهرة,1
العاتية،,1
صان,1
مشترياتها,1
دفعتك,1
