Term,Frequency
yang,22176
dan,17553
di,12945
untuk,8199
pada,6627
dengan,6580
ini,6107
dalam,5801
dari,5765
bahwa,4906
tidak,3674
mereka,3673
telah,3218
tahun,3039
akan,2935
oleh,2782
tersebut,2516
lebih,2494
terhadap,2336
sebagai,2100
ke,2033
secara,1915
negara,1858
menjadi,1832
atau,1747
seperti,1683
karena,1679
saya,1629
adalah,1579
dapat,1513
menurut,1491
selama,1460
saat,1452
hari,1413
juga,1389
dia,1387
"ini,",1349
hal,1297
setelah,1222
antara,1213
bagi,1204
para,1196
beberapa,1180
satu,1159
perusahaan,1150
besar,1124
namun,1117
presiden,1097
ia,1073
menyatakan,1060
melalui,1059
ada,1040
orang,975
banyak,972
sekitar,968
bulan,950
mengenai,929
atas,927
mencapai,920
"itu,",914
israel,907
baru,905
ketika,893
hanya,889
sebuah,880
meskipun,877
menunjukkan,857
sehingga,846
menekankan,834
signifikan,833
dua,807
tersebut.,803
pemerintah,802
kembali,794
hingga,786
penting,780
sangat,778
amerika,772
sebesar,772
meningkatkan,768
termasuk,756
kepada,752
wilayah,747
apa,733
terjadi,730
merupakan,729
tentang,713
masyarakat,712
ini.,711
"tersebut,",688
"namun,",687
memiliki,685
pasar,681
bertujuan,673
kota,661
menteri,659
memberikan,642
–,641
as,638
masa,636
melakukan,634
luar,632
kami,629
mana,628
warga,628
mengalami,619
masih,616
sedang,616
saudi,613
peningkatan,609
selain,604
jika,599
sejak,597
negara-negara,596
seorang,595
salah,587
berbagai,586
kita,585
harus,585
juta,580
arab,580
upaya,580
sementara,577
pertama,564
itu,563
tiongkok,562
internasional,561
tindakan,559
menghadapi,551
tetap,549
trump,549
sama,533
waktu,527
dunia,525
mungkin,525
tanpa,523
emmanuel,516
tanggal,516
seluruh,513
sistem,512
setiap,509
bagian,507
iran,505
harga,504
terus,503
semua,501
perjanjian,499
media,497
keamanan,495
laporan,495
dilakukan,491
mereka.,489
proyek,486
mengungkapkan,486
menyebabkan,485
menyoroti,482
sumber,480
sebelum,479
investasi,475
baru-baru,474
serta,472
dibandingkan,472
kedua,471
serangan,471
data,470
palestina,470
ekonomi,465
anda,465
kali,463
teknologi,463
mesir,459
masalah,456
semakin,455
menyusul,445
tingkat,444
paling,444
air,443
sektor,443
mengumumkan,439
miliar,438
baik,426
diri,425
awal,423
membuat,422
utama,422
kerja,420
menggunakan,420
rumah,420
jumlah,419
belum,417
industri,416
tiga,415
mulai,409
sebagian,409
hak,409
penurunan,408
keputusan,407
bahasa,407
pihak,406
terkait,400
rusia,400
tujuan,398
global,397
dampak,394
politik,394
konflik,394
tempat,392
militer,389
lain,388
meningkat,385
terutama,385
eropa,382
perempuan,380
pernyataan,375
lingkungan,374
dewan,373
rencana,372
berdasarkan,371
hubungan,370
kelompok,368
minyak,366
negeri,365
melawan,365
mendukung,365
nasional,364
bawah,362
bersama,359
sebelumnya,358
kesehatan,356
proses,354
bisa,352
pusat,349
energi,347
berada,347
layanan,347
berlangsung,346
pemain,345
umum,344
otoritas,343
platform,342
tim,340
inisiatif,339
perang,339
hukum,337
saham,336
dukungan,335
undang-undang,333
membantu,333
kebijakan,333
"mereka,",332
bukan,330
bahkan,329
suriah,329
sering,329
partai,328
tantangan,326
bagaimana,325
khususnya,323
pertandingan,322
keuangan,321
biaya,320
mencakup,320
pertemuan,320
potensi,319
anggota,318
sosial,317
organisasi,316
situasi,316
kenaikan,316
informasi,315
mendapatkan,314
daya,314
mencatat,312
perdagangan,309
kementerian,309
listrik,308
perdana,307
mendorong,307
minggu,307
perubahan,305
bank,303
per,303
donald,301
kini,299
pbb,298
pun,297
rasa,295
sanksi,293
total,290
pertumbuhan,288
kondisi,286
akhir,286
program,286
anak,285
depan,285
komunitas,284
afrika,283
mengambil,283
produksi,282
pemimpin,282
peran,282
sudah,281
memungkinkan,280
nilai,279
gaza,279
persen,279
pernah,279
serikat,279
hidup,278
terlibat,277
bidang,276
real,275
menerima,274
tinggi,274
melibatkan,273
digunakan,270
musim,270
suku,269
tanah,268
tengah,268
cara,266
bekerja,265
terdapat,265
individu,265
pemerintahan,264
jalur,261
diperkirakan,259
kantor,258
senjata,258
memastikan,257
jangka,256
langsung,256
manusia,254
apakah,254
"lalu,",253
keluarga,252
menimbulkan,250
menandai,250
mengatasi,250
orang-orang,249
menawarkan,248
lima,247
posisi,246
luas,244
periode,244
menarik,244
kemungkinan,243
kekhawatiran,242
tekanan,242
lainnya,241
empat,240
budaya,238
mengurangi,237
meningkatnya,236
suara,236
hasil,235
krisis,235
ibu,234
pejabat,233
investor,233
ai,233
berita,232
hampir,232
ruang,232
kesepakatan,232
kemampuan,231
pengguna,231
maupun,231
liga,231
bantuan,231
operasi,230
kehidupan,230
kecerdasan,230
pembangunan,229
menciptakan,229
tinggal,229
resmi,228
pekerja,228
mengakibatkan,227
perjalanan,226
inggris,226
pentingnya,225
peluang,225
kawasan,224
menghasilkan,224
penelitian,224
video,223
lokal,223
dana,223
sejarah,222
kemudian,222
lagi,222
permintaan,221
kecil,221
digital,221
kekuatan,220
emas,219
ancaman,219
"2024,",219
federal,219
kekerasan,218
solusi,218
segera,217
selatan,217
aplikasi,216
akibat,215
mempertahankan,214
strategi,214
pasukan,214
jawab,213
terletak,212
korea,212
mantan,212
melaporkan,211
menemukan,211
adanya,211
muda,211
pelanggaran,210
risiko,210
sesuai,209
langkah,209
mengingat,209
"tahun,",208
memanfaatkan,208
berpotensi,208
menjaga,207
membangun,207
barat,207
mata,207
penggunaan,206
tetapi,206
mengubah,206
kerajaan,205
"terakhir,",205
"2025,",205
badan,205
peraturan,204
sedikit,204
bunga,203
ekspor,203
perdamaian,203
melihat,203
cepat,202
"sebelumnya,",201
jelas,201
perlu,201
perangkat,200
jauh,199
berhasil,199
memperkuat,198
publik,198
memerlukan,198
dianggap,197
sepanjang,196
agar,196
timur,195
kemajuan,195
irak,195
mencari,195
udara,194
menuju,194
alat,194
asing,194
tenaga,193
uang,193
pekerjaan,193
khusus,192
mencegah,192
mengakui,192
kasus,192
melindungi,192
nuklir,191
penerapan,191
menegaskan,191
mengatakan,191
jalan,190
memicu,190
tak,189
penuh,186
buatan,186
melampaui,186
"israel,",186
dekat,186
perkembangan,185
sedangkan,185
indeks,185
lalu,184
berdampak,183
muncul,183
mencerminkan,182
pengalaman,182
ingin,181
dimulai,181
menerapkan,181
lanjut,181
jaringan,181
asasi,180
infrastruktur,179
berusia,178
lama,178
sipil,178
mendesak,177
penghargaan,177
kemenangan,177
konten,177
model,176
ahli,176
produk,176
generasi,175
fasilitas,175
jerman,175
aktivitas,175
kepala,175
"sama,",174
rakyat,174
jurnalis,174
terbesar,174
surat,173
menghentikan,173
berwenang,173
perlindungan,172
membawa,172
mendapat,172
poin,172
kuat,171
pengembangan,171
india,171
berbicara,171
tertentu,170
memenuhi,170
bahan,169
new,169
"2023,",169
karya,169
turun,169
memberi,169
tambahan,169
gagal,168
mempunyai,168
turki,168
masuk,168
"sebaliknya,",167
dibuat,167
lebanon,166
pengakuan,166
korban,166
mewakili,166
menyelesaikan,165
majelis,165
bandara,165
perekonomian,165
pengungsi,165
penduduk,164
pendidikan,164
akses,164
universitas,163
"mesir,",162
berasal,161
acara,161
berencana,161
pendekatan,161
pelatih,160
menggarisbawahi,160
memilih,160
terakhir,160
memulai,160
akhirnya,160
menampilkan,160
teh,159
tahun.,159
menolak,159
sebelumnya.,159
kalangan,159
"tiongkok,",158
anak-anak,158
gol,158
fokus,157
kepentingan,157
sendiri,156
terbaru,155
bentuk,155
uni,155
protes,155
global.,155
"saudi,",155
enam,154
republik,154
meminta,154
diskusi,154
gerakan,153
ketiga,153
bola,153
naik,152
dilaporkan,151
angka,151
kurang,151
konteks,151
memahami,151
lokasi,150
kerangka,150
"iran,",150
membentuk,149
"global,",149
strategis,149
—,149
berkontribusi,149
laut,149
israel.,148
situs,148
insiden,147
asal,147
melanjutkan,147
pemilu,147
peringkat,147
biasa,147
dolar,146
praktik,146
memperingatkan,146
tertinggi,145
pilihan,145
perusahaan-perusahaan,144
menggambarkan,144
ketegangan,143
menargetkan,143
meninggalkan,143
disebabkan,143
negara.,142
makanan,142
sekolah,142
sudan,142
pertanyaan,142
panjang,141
hamas,141
"negara,",141
kurangnya,141
"saya,",141
"signifikan,",140
pendapatan,140
dikenal,140
al,140
kebutuhan,140
lembaga,139
berupaya,139
film,139
perkiraan,139
titik,139
berpartisipasi,139
komite,139
mengikuti,138
terlihat,138
penerbangan,138
kematian,138
menanggapi,138
pertahanan,138
kampanye,138
"menyatakan,",138
keuntungan,138
piala,138
prancis,137
gedung,137
netanyahu,137
daerah,137
"internasional,",136
pengadilan,136
gaza.,136
alasan,136
sepak,135
kata,135
"gaza,",135
utara,135
wawancara,135
terkena,134
mampu,134
kehilangan,133
tahu,133
september,133
stabilitas,132
ukraina,132
tradisional,132
sewa,132
mengeluarkan,132
berfungsi,132
palestina.,132
"besar,",131
mengembangkan,131
seni,131
konferensi,131
tarif,131
jam,131
bergantung,130
penjualan,130
memainkan,130
10,130
30,130
"as,",129
gas,129
berarti,129
"baru,",128
nama,128
"palestina,",128
memperkirakan,128
bertanggung,128
15,128
spanyol,127
mengklaim,127
sekaligus,127
kabar,127
kendaraan,127
iphone,126
perhatian,126
diperlukan,126
dilansir,126
mempertimbangkan,125
dunia.,125
wanita,125
asia,124
pajak,124
"lain,",124
tangan,124
"inggris,",124
kemanusiaan,124
hak-hak,124
pound,123
studi,123
memperoleh,123
"dunia,",123
lainnya.,123
tanggung,123
terbaik,123
internasional.,123
kapasitas,123
tiktok,123
klub,123
percaya,122
terkenal,122
ribuan,122
negosiasi,122
narasi,122
tuduhan,121
keras,121
membuka,121
penutupan,121
12,120
senilai,120
mengamankan,119
berkembang,119
sikap,119
juli,119
manfaat,119
sejalan,119
efektif,119
"lainnya,",119
of,118
mengakhiri,118
selalu,118
berbeda,118
pabrik,118
dirinya,118
impor,117
pengaruh,117
buku,117
entitas,117
pasokan,117
rezim,117
oktober,116
pemilihan,116
putih,116
daripada,116
saja,116
seiring,115
merasa,115
aset,115
identitas,115
2025.,115
membahas,114
berbagi,114
langkah-langkah,114
keselamatan,114
keadaan,114
menghindari,114
daftar,114
diplomatik,114
meter,114
tren,114
peristiwa,114
perbatasan,113
kejadian,113
peringatan,113
cukup,113
"eropa,",112
berkelanjutan,112
menandatangani,112
baru.,112
meraih,112
pesawat,112
menuntut,112
regional,112
setidaknya,112
desember,111
komitmen,111
berbasis,111
rendah,111
hukuman,111
kesulitan,111
sekedar,111
meski,111
melebihi,111
kebebasan,111
kepercayaan,111
ketua,111
terbuka,110
pribadi,110
kontrak,110
"sosial,",110
membatasi,110
bukanlah,110
"suriah,",110
diberikan,109
menyebutkan,109
seseorang,109
visi,109
menentang,109
skala,109
internet,109
brasil,108
sepenuhnya,108
pembangkit,108
biasanya,108
departemen,108
memperluas,108
malam,107
menurunkan,107
standar,107
dimana,107
dokumen,107
tujuh,107
"ekonomi,",107
depan.,107
aktivis,106
serupa,106
sambil,106
aktif,106
sendiri.,106
20,106
melanggar,105
tentara,105
the,105
provinsi,105
tampaknya,105
masing-masing,105
"pbb,",105
17,104
venezuela,104
rudal,104
kekurangan,104
bertahan,104
tahanan,104
signifikan.,104
sakit,104
mencetak,104
kendali,104
profesional,104
dirancang,104
menjelaskan,103
memimpin,103
menyatakan:,103
komunikasi,103
dasar,103
"september,",103
kekayaan,103
berjumlah,103
tiongkok.,103
25,103
gencatan,103
agustus,103
didukung,102
bertemu,102
kejahatan,102
1,102
bisnis,102
tahunan,102
memandang,102
faktor,102
online,102
pengumuman,102
menentukan,102
menjadikan,102
mempengaruhi,101
gambar,101
pembatasan,101
memutuskan,101
alam,101
batas,101
mengajukan,101
apple,101
ulang,101
beroperasi,101
mekanisme,100
"hari,",100
sekali,100
"selatan,",100
bermain,100
bin,100
usia,99
inflasi,99
izin,99
mentah,99
januari,99
delapan,99
utang,99
pembunuhan,99
banjir,98
sulit,98
reformasi,98
transaksi,98
berfokus,98
ratusan,98
panas,98
tahap,98
memenangkan,97
besar.,97
yakin,97
pesan,97
bangladesh,97
sebenarnya,97
juru,97
menambahkan,97
siapa,97
penyelidikan,97
dimulainya,97
komersial,97
keterlibatan,96
usd,96
reserve,96
buruk,96
pengawasan,96
parlemen,96
sayap,95
maroko,95
mendalam,95
tepat,95
perbedaan,95
direktur,95
pertanian,95
memperkenalkan,95
mengetahui,95
dekade,95
ceo,95
"minggu,",94
kolaborasi,94
bergabung,94
lapangan,94
iklim,94
saluran,94
sentral,94
bicara,94
partisipasi,93
berat,93
2025,93
barang,93
lahan,93
kerugian,93
meluncurkan,93
"amerika,",93
2024.,93
perjuangan,93
berpendapat,93
keadilan,93
balik,93
mengklarifikasi,93
milik,92
menyampaikan,92
positif,92
berubah,92
estat,92
jenderal,92
-,92
pengunjuk,92
segala,92
polisi,92
wakil,92
persaingan,92
pendukung,91
gangguan,91
unit,91
mengatur,91
perlunya,91
bersifat,91
kesenjangan,91
mudah,91
pakistan,91
mobil,91
kapal,90
ribu,90
unik,90
kompetisi,90
peneliti,90
mengelola,90
menyadari,90
menyerukan,89
properti,89
disebut,89
oposisi,89
komponen,89
lain.,89
juni,89
menangani,89
fitur,89
mendatang,89
obligasi,89
perwakilan,89
angkatan,89
pembelian,89
parah,89
saya.,89
"rusia,",89
"politik,",89
sungai,89
memegang,89
kesempatan,88
tuan,88
warisan,88
konsumsi,88
populasi,88
diterbitkan,88
gelar,88
"serikat,",88
kunjungan,88
"senin,",88
18,88
aman,88
satu-satunya,88
lanskap,88
kisah,88
peralatan,87
kinerja,87
perumahan,87
berlaku,87
penjara,87
yaitu,87
aspek,87
2024,87
berakhir,87
ditemukan,87
kegagalan,87
suatu,87
seringkali,87
dihadapi,87
"kemudian,",86
reuters.,86
menjadikannya,86
perancis,86
pembayaran,86
mengizinkan,86
tepi,86
visa,86
babak,86
"lebanon,",86
awalnya,86
berusaha,86
kalinya,86
lalu.,86
harapan,85
teluk,85
kerusakan,85
menetapkan,85
sesi,85
mengumpulkan,85
foto,85
menjamin,85
pelatihan,85
"negeri,",85
kepemimpinan,84
cerita,84
ditetapkan,84
diambil,84
perintah,84
drone,84
hizbullah,84
raja,84
keseimbangan,84
"barat,",83
tubuh,83
"orang,",83
bintang,83
pembebasan,83
asosiasi,83
pencapaian,83
"juli,",83
tua,83
mematuhi,83
negaranya,82
mengantisipasi,82
didorong,82
pers,82
terlepas,82
sekarang,82
rata-rata,82
setengah,82
memfasilitasi,82
pria,81
kuwait,81
sesuatu,81
sosial.,81
hari.,81
transformasi,81
bencana,81
benjamin,81
antar,81
komisi,81
jenis,81
modal,81
bea,80
mengapa,80
badai,80
21,80
medis,80
sepuluh,80
ketergantungan,80
50,80
aku,80
mencoba,80
terlalu,80
menjual,80
membeli,80
kegiatan,80
tidur,80
desa,80
menyediakan,80
tugas,79
beragam,79
"depan,",79
datang,79
"trump,",79
"misalnya,",79
penulis,79
pengiriman,79
pinjaman,79
menderita,78
ilegal,78
dipimpin,78
tapi,78
finansial,78
boleh,78
ekspektasi,78
berjalan,78
"2022,",78
pengurangan,78
menyaksikan,78
beban,78
maret,78
memasuki,77
terkemuka,77
perdebatan,77
bukti,77
klaim,77
layar,77
metode,77
"miliar,",77
puncak,77
dicapai,77
pembuat,77
mengabaikan,77
mempromosikan,77
riyal,77
siap,76
negeri.,76
"tinggi,",76
tersedia,76
kualitas,76
riyadh,76
berbahaya,76
de,76
sampai,76
saling,76
beralih,76
medali,76
menghancurkan,76
november,76
produsen,76
status,76
momen,75
menonjol,75
kehadiran,75
versi,75
kuartal,75
siswa,75
sekadar,75
pekan,75
populer,75
mengonsumsi,75
persetujuan,75
terakhir.,75
qatar,75
as.,75
sifat,75
pemilik,75
lokal.,75
keluar,75
kekuasaan,75
komprehensif,75
terdiri,75
teknis,74
afghanistan,74
bersamaan,74
mohamed,74
penyakit,74
robot,74
anggaran,74
"sendiri,",74
menguntungkan,74
"menambahkan,",74
manufaktur,74
surya,74
mengungkap,74
"selasa,",74
semuanya,74
york,74
menambah,73
pembentukan,73
barel,73
kenyataan,73
menempatkan,73
"""saya",73
"nasional,",73
prosedur,73
swasta,73
fakta,73
mendirikan,73
berlanjut,72
serikat.,72
mengenakan,72
permasalahan,72
persyaratan,72
"utara,",72
postingan,72
migran,72
kebakaran,72
desain,72
menuduh,72
konsumen,72
menyetujui,72
"digital,",72
tuntutan,72
kekalahan,72
bakar,71
penangkapan,71
laki-laki,71
"agustus,",71
pola,71
benar-benar,71
berkomitmen,71
mitra,71
sasaran,71
100,71
serangkaian,71
kulit,71
pemahaman,71
menit,70
kepemilikan,70
ditahan,70
"pemerintah,",70
adil,70
memaksa,70
kota-kota,70
penyelesaian,70
pernikahan,70
kompleks,70
pembicara,70
cedera,70
menghilangkan,70
ditutup,70
alternatif,70
miliar.,70
el,70
sejumlah,70
urusan,70
pembiayaan,69
ahmed,69
eksekutif,69
pakar,69
melarang,69
target,69
berinvestasi,69
dijadwalkan,69
nyata,69
mengganggu,69
tanggapan,69
ditandai,69
bendungan,69
berulang,69
teheran,69
internal,69
diadakan,68
terbatas,68
tumbuh,68
3,68
kaya,68
pantai,68
itu.,68
"tanggapan,",68
13,68
april,68
masyarakat.,67
manchester,67
"budaya,",67
kandidat,67
ekonomi.,67
jutaan,67
mendatang.,67
larangan,67
sisi,67
penawaran,67
eropa.,67
kontribusi,67
paris,67
diharapkan,67
"""kami",67
pemungutan,66
saudi.,66
mengadakan,66
tata,66
begitu,66
ketat,66
ketentuan,66
rekor,66
siber,66
resolusi,66
"hukum,",66
struktur,66
menyebut,66
"jumat,",66
alami,66
sekretaris,66
diperhatikan,66
kesadaran,66
14,66
jaminan,66
jabatan,65
putaran,65
statistik,65
maka,65
agama,65
kesalahan,65
teknik,65
pemeriksaan,65
"kedua,",65
al-ahly,65
abad,65
bersenjata,65
"perusahaan,",65
perlawanan,65
diumumkan,65
2023.,65
fiskal,65
pemerintah.,65
madrid,65
sampah,65
suriah.,65
politik.,64
pemuda,64
pandangan,64
diterapkan,64
perluasan,64
dirilis,64
aliran,64
membayar,64
menjalani,64
menghubungkan,64
elektronik,64
nepal,64
"lagi,",63
keberhasilan,63
pemulihan,63
washington,63
ditujukan,63
24,63
menunggu,63
"manusia,",63
perawatan,63
"waktu,",63
dialog,63
reaksi,63
"akibatnya,",63
kilometer,63
transisi,63
jepang,63
ponsel,63
"demikian,",63
akun,62
dikeluarkan,62
sama.,62
"poin,",62
direksi,62
"arab,",62
penderitaan,62
perselisihan,62
keunggulan,62
konsep,62
memproduksi,62
manusia.,62
"2021,",62
pengelolaan,62
8,62
keempat,62
iran.,61
distrik,61
antaranya,61
darurat,61
pun.,61
"penting,",61
melemahkan,61
aljazair,61
pemegang,61
menjabat,61
perspektif,61
google,61
proyek-proyek,61
berbeda.,61
"lokal,",61
islam,61
mengandalkan,61
volume,61
petugas,61
jarak,61
pangeran,61
tokoh,61
komentar,61
mengidentifikasi,61
mengancam,61
kedaulatan,61
arah,60
terus-menerus,60
menutup,60
pariwisata,60
olahraga,60
rantai,60
kompensasi,60
revolusi,60
stabil,60
kemitraan,60
triliun,60
analis,60
"jerman,",60
barang-barang,60
kereta,60
pendanaan,60
upacara,60
sang,60
artikel,60
minat,60
senin,60
melarikan,60
ketahanan,59
tinggi.,59
garis,59
menjelang,59
"keamanan,",59
melainkan,59
institusi,59
proposal,59
menyerang,59
rusia.,59
barcelona,59
4,59
keseluruhan,59
"meningkat,",59
lintas,59
amerika.,59
kurdi,59
setara,59
independen,59
perak,59
pendapat,59
toko,59
tradisi,59
kritik,59
berhenti,59
menulis,59
"india,",59
selaras,59
hewan,59
hakim,58
temuan,58
penolakan,58
gelombang,58
kaum,58
mesir.,58
seputar,58
bersejarah,58
berkisar,58
tegas,58
dicatat,58
"menekankan,",58
mayoritas,58
seniman,58
domestik,58
"air,",58
usaha,58
5,58
bebas,58
kolektif,58
negatif,58
menghabiskan,58
"masyarakat,",58
mengunjungi,58
pelecehan,58
cadangan,58
nasional.,58
skenario,58
diikuti,57
juara,57
meninggal,57
dikenakan,57
menantang,57
nyawa,57
"oktober,",57
sah,57
hati,57
rekan,57
zona,57
menyambut,57
"kota,",57
menyarankan,57
demokrat,57
hilangnya,57
sembilan,57
pembaruan,57
"turki,",57
musk,57
suhu,57
abdel,57
bahaya,57
manajemen,56
isu,56
disebutkan,56
pukul,56
putra,56
musik,56
penilaian,56
bergengsi,56
mineral,56
pidato,56
contoh,56
logam,56
sejauh,56
menganggap,56
penundaan,56
"saja,",56
selatan.,56
menangkap,56
mahasiswa,56
delegasi,56
ditangkap,56
terpaksa,56
2,55
percakapan,55
"riyal,",55
takut,55
jarang,55
minggu.,55
rancangan,55
tertentu.,55
kelas,55
remaja,55
"teknologi,",55
dibangun,55
luas.,55
diberi,55
mengendalikan,55
palsu,55
"kami,",55
didirikan,55
menang,55
tercatat,55
melancarkan,55
belajar,55
mengirimkan,55
"australia,",55
moneter,54
kurdistan,54
meluas,54
tangga,54
16,54
merasakan,54
membutuhkan,54
penumpang,54
2023,54
final,54
forum,54
saudara,54
jatuh,54
demi,54
terbukti,54
pendirian,54
40,54
melaksanakan,54
"brasil,",54
relatif,54
trump.,54
euro,54
khawatir,54
abu,54
"perempuan,",54
menerbitkan,54
usulan,54
mengawasi,54
11,54
konsekuensi,54
perundingan,54
houthi,53
"afrika,",53
efek,53
memang,53
sebanyak,53
berakhirnya,53
benua,53
pasti,53
menghadiri,53
analisis,53
pulau,53
gagasan,53
7,53
rincian,53
penting.,53
lipat,53
topik,53
kanan,53
bangunan,53
minuman,53
bergerak,53
menandakan,53
hutan,53
catatan,53
mengkritik,53
sekelompok,53
pipa,53
ketidakpastian,52
dimaksudkan,52
diakui,52
mendekati,52
belanja,52
india.,52
penyebab,52
bertahun-tahun,52
damai,52
melonjak,52
demonstrasi,52
api,52
terkadang,52
digambarkan,52
gubernur,52
"bertahun-tahun,",52
bernilai,52
tiba,52
berbahasa,52
mendasar,52
"mendatang,",52
orang.,52
canggih,52
mirip,52
pembicaraan,52
"tertentu,",52
"perancis,",52
argentina,52
makan,52
distribusi,52
x,52
misi,52
lukisan,52
konsisten,52
level,52
transportasi,52
web,52
sudut,52
perilaku,52
jiwa,52
bersih,52
investigasi,52
bersaing,51
ton,51
terendah,51
mesin,51
pelanggan,51
persatuan,51
integrasi,51
hujan,51
setempat,51
permohonan,51
pembukaan,51
muhammad,51
mengeksplorasi,51
kemarahan,51
"sipil,",51
kami.,51
hadir,51
mei,51
keinginan,51
tertarik,51
diketahui,51
menilai,51
gaya,51
"pertama,",51
belakang,50
pembuatan,50
waktu.,50
mohammed,50
fisik,50
demokrasi,50
danau,50
mengarah,50
pedoman,50
memasukkan,50
memantau,50
menjalankan,50
pernyataannya,50
memberlakukan,50
ramah,50
olimpiade,50
lahir,50
mengakses,50
penghentian,50
"kanada,",50
survei,50
batu,50
inti,50
"2019,",50
turnamen,50
chip,50
harian,50
(sekitar,50
pengembang,49
area,49
kewarganegaraan,49
uea,49
"pendidikan,",49
tujuannya,49
"terjadi,",49
poin.,49
berkurangnya,49
hitam,49
estate,49
"publik,",49
diluncurkan,49
penggemar,49
dihasilkan,49
berkolaborasi,49
"khusus,",49
penasihat,49
isu-isu,49
23,49
mengejutkan,49
kita.,49
keterampilan,49
28,49
kaki,49
"luas,",49
2022,49
realitas,49
menghambat,49
kecuali,49
"irak,",49
inovasi,49
"kesehatan,",49
dampaknya,48
federasi,48
"tengah,",48
ali,48
terjadi.,48
"kerja,",48
penindasan,48
berjuang,48
perkotaan,48
pelabuhan,48
fenomena,48
praktis,48
membatalkan,48
hukum.,48
elon,48
peluncuran,48
tonggak,48
2026.,48
melintasi,48
berisiko,48
era,47
membuatnya,47
penarikan,47
menyelamatkan,47
mengharuskan,47
ekonom,47
afrika.,47
dinamika,47
diberlakukan,47
teman,47
selasa,47
adat,47
italia,47
berkumpul,47
mengindikasikan,47
truk,47
utamanya,47
merusak,47
rentan,47
"malam,",47
efisiensi,47
membagikan,47
tentu,47
teratas,47
telepon,46
barat.,46
minum,46
hanyalah,46
keduanya,46
samping,46
transparansi,46
lebanon.,46
memperburuk,46
champions,46
70,46
australia,46
penyimpanan,46
ekspansi,46
pintu,46
kesuksesan,46
komitmennya,46
kunci,46
prioritas,46
hassan,46
ketakutan,46
hong,46
jadi,46
denda,46
tampak,46
jumat,46
biasa.,46
"menegaskan,",46
60,45
tewas,45
februari,45
deklarasi,45
bersiap,45
besar-besaran,45
"spanyol,",45
penghapusan,45
obat,45
pergi,45
terbarukan,45
raksasa,45
angin,45
niat,45
dipandang,45
muslim,45
hambatan,45
memulihkan,45
pedesaan,45
"sudan,",45
aktor,45
menambahkan:,45
memerangi,45
istilah,45
jurnalisme,45
instagram,45
meta,45
permainan,45
menyebar,45
interaksi,45
26,45
kontrol,45
skor,45
kongres,45
diselenggarakan,44
berlangsung.,44
pakaian,44
menunda,44
mengingatkan,44
menghormati,44
"prancis,",44
respons,44
lapisan,44
peserta,44
menghalangi,44
lonjakan,44
timnya,44
halaman,44
pertukaran,44
kelola,44
mengalahkan,44
"sabtu,",44
"ukraina,",44
"anda,",44
ruu,44
seruan,44
genosida,44
darah,44
eksplorasi,44
keyakinan,43
kedutaan,43
merayakan,43
kesejahteraan,43
ditandatangani,43
menceritakan,43
nuklir.,43
pidatonya,43
persiapan,43
pengeluaran,43
edisi,43
29,43
koalisi,43
22,43
"kecil,",43
lembaga-lembaga,43
fase,43
dominasi,43
senior,43
warna,43
wacana,43
migrasi,43
"pun,",43
"baik,",43
prinsip-prinsip,43
kuat.,43
"kuat,",43
membunuh,43
sekutu,43
belas,43
posisinya,43
pemilih,43
diajukan,43
pbb.,43
kiri,43
"tiktok,",43
karyawan,43
pasar.,43
inggris.,43
berharap,43
menyebarkan,43
ada.,42
abdul,42
dikembangkan,42
menghapus,42
kepatuhan,42
perusahaan.,42
menyumbang,42
disampaikan,42
berharga,42
maduro,42
pemukiman,42
menggantikan,42
kembalinya,42
puluhan,42
memuji,42
pendiri,42
bursa,42
memprioritaskan,42
perbaikan,42
kejuaraan,42
staf,42
pemadaman,42
massal,42
inovatif,42
taliban,42
menahan,42
"listrik,",42
ilmiah,42
duta,42
lawan,42
publik.,42
baik.,42
penampilan,42
basis,42
berjanji,42
mengadopsi,41
diterima,41
menjanjikan,41
operasional,41
"jepang,",41
"keseluruhan,",41
penahanan,41
mengusulkan,41
berdiri,41
lagu,41
semangat,41
pengacara,41
pandang,41
kasih,41
museum,41
yaman,41
bertentangan,41
agenda,41
pengetahuan,41
"juni,",41
serius,41
sektor-sektor,41
bilateral,41
om:,41
kayu,41
transfer,41
indikator,41
pengambilan,41
membela,41
penemuan,41
duduk,41
masuknya,40
dibentuk,40
plastik,40
permukaan,40
bertahap,40
berkelanjutan.,40
"keuangan,",40
penerbitan,40
dr.,40
"ada,",40
atom,40
ukraina.,40
kalah,40
kemampuannya,40
meksiko,40
youtube,40
baterai,40
konstruksi,40
pandemi,40
bernama,40
janji,40
ditimbulkan,40
melanda,40
vietnam,40
pagi,40
"hidup,",40
"mengatakan,",40
puluh,40
imbalan,40
hidup.,40
arus,40
aksi,40
keseluruhan.,40
dokter,40
sebagaimana,40
ekosistem,40
beijing,40
6,40
ballon,40
prinsip,40
aliansi,40
city,40
pindah,40
turki.,40
tragis,40
dimiliki,40
perencanaan,40
sederhana,40
maya,40
penyebaran,40
berlebihan,39
meningkat.,39
bumi,39
ikan,39
spesifik,39
modern,39
grup,39
cenderung,39
perminyakan,39
opini,39
"umum,",39
berperan,39
elemen,39
terdaftar,39
mengandung,39
otomatis,39
inilah,39
"bulan,",39
berturut-turut,39
dagang,39
"2018,",39
mempercepat,39
merah,39
kelangsungan,39
pasca,39
setuju,39
nasib,39
"pakistan,",39
pribumi,39
latihan,39
imigrasi,39
maskapai,39
membebaskan,39
didasarkan,39
"ai,",39
prospek,39
dembele,39
pertambangan,39
melepaskan,38
terjadinya,38
"kamis,",38
"2020,",38
asing.,38
mengintegrasikan,38
(usd,38
kredit,38
kekacauan,38
pupuk,38
mati,38
9,38
"pasar,",38
sana,38
pengawas,38
faktor-faktor,38
"buatan,",38
80,38
paruh,38
menurun,38
aturan,38
emisi,38
melewati,38
riyal.,38
perasaan,38
hadiah,38
jantung,38
sehari-hari,38
pasal,38
dilarang,38
sensitif,38
menjawab,38
membaca,38
semacam,38
pendek,38
karbon,38
panggilan,38
terkini,38
lagi.,38
dikirim,38
"york,",38
pedagang,38
abbas,38
stasiun,38
gambaran,38
gender,37
tampil,37
"industri,",37
pesat,37
intervensi,37
calon,37
"riyadh,",37
"data,",37
menekan,37
pesisir,37
intelijen,37
pengaturan,37
ilmuwan,37
kubik,37
konstitusi,37
nilai-nilai,37
penipuan,37
air.,37
gula,37
pemberontakan,37
liverpool,37
seksual,37
keturunan,37
pengunjung,37
"rabu,",37
umat,37
perpustakaan,37
ditentukan,37
"militer,",37
punya,37
portugal,37
aspirasi,37
september.,37
27,37
pangkalan,37
penegakan,37
akar,37
banyaknya,37
"kita,",36
dibutuhkan,36
"pertanian,",36
kamar,36
mewujudkan,36
"biasa,",36
menyerahkan,36
jalanan,36
"rumah,",36
panggung,36
membantah,36
"sana,",36
tetangga,36
company,36
kritis,36
dituduh,36
digital.,36
wawasan,36
ukuran,36
"pribadi,",36
berkat,36
syarat,36
betapa,36
beliau,36
berjalannya,36
panjang.,36
perseroan,36
menampung,36
kolonial,36
fungsi,36
"awal,",36
bertepatan,36
pembagian,36
yordania,36
siklus,35
rahasia,35
kegubernuran,35
dialami,35
"asing,",35
agen,35
mahkota,35
peta,35
kursi,35
obat-obatan,35
mendominasi,35
manajer,35
al-ittihad,35
abdullah,35
cuaca,35
dikaitkan,35
pro,35
"jelas,",35
"berbeda,",35
menyimpan,35
la,35
denmark,35
pelajar,35
mengamati,35
kewajiban,35
kategori,35
privasi,35
"sekolah,",35
telekomunikasi,35
nomor,35
memposting,35
kamis,35
etnis,35
“tidak,35
mengkonfirmasi,35
direncanakan,35
berkuasa,35
kebudayaan,35
diplomasi,35
tesla,35
"perang,",35
korupsi,35
diduga,35
somalia,35
putus,35
solidaritas,35
hal-hal,35
limbah,35
"lama,",35
invasi,35
tempur,35
efektif.,35
tahun-tahun,35
menduduki,35
akuntabilitas,35
uranium,35
kamp,35
oktober.,35
pertamanya,35
landasan,35
yunani,35
"juta,",34
tukar,34
iklan,34
gram,34
tangkapan,34
keuangan.,34
akurat,34
"jurnalis,",34
kuno,34
kelemahan,34
bunuh,34
kecepatan,34
vaksin,34
suasana,34
dikelola,34
agung,34
pula,34
seharusnya,34
pengangguran,34
menengah,34
pencegahan,34
pdb,34
bermanfaat,34
19,34
batasan,34
instrumen,34
"media,",34
hilang,34
menempati,34
"dekade,",34
meja,34
perpanjangan,34
radio,34
tersebar,34
bulanan,34
kalsium,34
pihak-pihak,34
struktural,34
lemak,34
niatnya,34
latar,34
terlebih,34
buatan.,34
mengalihkan,34
pertengahan,34
mengacu,34
utusan,34
intelektual,34
darat,34
opsi,34
2022.,34
mencabut,34
terluka,34
membayangkan,34
gaji,34
31,34
simbol,34
sertifikat,34
matahari,34
pengungkapan,34
menjajaki,34
500,34
"aljazair,",33
pemenang,33
pound.,33
"kembali,",33
kenangan,33
kreatif,33
mengungsi,33
lunak,33
besarnya,33
psikologis,33
online.,33
pasangan,33
otak,33
menikmati,33
insinyur,33
seri,33
pesaing,33
podcast,33
menguasai,33
laporan.,33
terhubung,33
menghidupkan,33
oracle,33
disetujui,33
semen,33
imbal,33
pengobatan,33
kelaparan,33
serial,33
seminggu,33
facebook,33
bertindak,33
berhadapan,33
kembali.,33
kerja.,33
mengecam,33
eksklusif,33
"mei,",33
cukai,33
ini?,33
arab.,33
"venezuela,",33
diperoleh,33
taiwan,33
uji,33
ethiopia,33
al-sharaa,33
sidang,33
“kami,33
mauritania,33
pendaftaran,33
bulan.,33
geopolitik,33
arsenal,33
mahkamah,33
mengutuk,33
mempelajari,33
pengunduran,33
pencabutan,33
pelaku,33
news,32
tanda,32
diskriminasi,32
ikut,32
"utama,",32
setahun,32
mengalir,32
berkonsentrasi,32
pemantauan,32
keprihatinan,32
ilmu,32
2030.,32
sabtu,32
al-nasr,32
ditanya,32
portofolio,32
belah,32
jatuhnya,32
dingin,32
perannya,32
20%,32
"emas,",32
mendokumentasikan,32
:,32
diproyeksikan,32
2030,32
perpecahan,32
unggul,32
merek,32
"lingkungan,",32
menggabungkan,32
berikut,32
jaksa,32
demokratik,32
gadis,32
beradaptasi,32
pangan,32
penambangan,32
bentrokan,32
yamal,32
kelayakan,32
tertinggal,32
"perdamaian,",32
tanda-tanda,32
selamat,32
artis,32
kriminal,32
menikah,32
merilis,32
langsung.,32
maju,32
kata-kata,32
tadawul,32
dipenuhi,31
kamera,31
azerbaijan,31
"awalnya,",31
sentimen,31
"investasi,",31
regulasi,31
"perdagangan,",31
tunai,31
“saya,31
kuda,31
"senjata,",31
"maroko,",31
perairan,31
kairo,31
"putih,",31
diproduksi,31
dividen,31
episode,31
pergeseran,31
mendanai,31
kimia,31
diusulkan,31
pulang,31
administrasi,31
tarik,31
"cepat,",31
bermaksud,31
d'or,31
taktik,31
ekspresi,31
"laporan,",31
teori,31
saja.,31
pendudukan,31
ladang,31
pemrosesan,31
"berlangsung,",31
sana.,31
berisi,31
persenjataan,31
bendera,31
ktt,31
keberadaan,31
profesor,31
menyesuaikan,31
ketidakadilan,31
merugikan,31
"tradisional,",31
and,31
sangatlah,31
pengusaha,30
2026,30
polandia,30
legislatif,30
"nyata,",30
pintar,30
terjebak,30
brutal,30
200,30
penetapan,30
"muda,",30
menyeluruh,30
guna,30
indonesia,30
kebenaran,30
dpa.,30
"panjang,",30
sebelah,30
otonomi,30
libya,30
"lanjut,",30
paksa,30
promosi,30
rutin,30
pemangku,30
mempersiapkan,30
penyedia,30
ue,30
troika,30
rumit,30
citra,30
teks,30
mengejar,30
ai.,30
"diri,",30
brasil.,30
rute,30
"hizbullah,",30
mengimpor,30
kebangkitan,30
tv,30
menjatuhkan,30
pemilu.,30
prestasi,30
suara-suara,30
dibagikan,30
dini,30
retorika,30
mobilisasi,30
dibebaskan,30
united,30
paket,30
dilengkapi,30
sahamnya,29
sengaja,29
hijau,29
kota.,29
memperpanjang,29
lee,29
susu,29
atlet,29
kelima,29
potensial,29
faisal,29
menghadirkan,29
membahayakan,29
perbankan,29
"konflik,",29
"desember,",29
premier,29
menantikan,29
merespons,29
"online,",29
materi,29
"aman,",29
mengaktifkan,29
miliarder,29
itulah,29
terima,29
bekas,29
penerimaan,29
membenarkan,29
penambahan,29
laju,29
"november,",29
kebencian,29
keamanan.,29
bias,29
tradisional.,29
sukses,29
jamaika,29
"2030,",29
karat,29
"tanah,",29
katanya.,29
vladimir,29
alih,29
geografis,29
"kali,",29
stadion,29
starlink,29
"timur,",29
festival,29
kontroversial,29
berinteraksi,29
arti,29
putri,29
memperbaiki,29
menegakkan,29
gabungan,29
bersatu,29
sedikitnya,29
chatbot,28
"ini.""",28
singkat,28
nyata.,28
venezuela.,28
pergerakan,28
majalah,28
"nuklir,",28
moral,28
",",28
berlokasi,28
televisi,28
lingkungan.,28
asli,28
eksternal,28
ketidakstabilan,28
mengangkut,28
konfrontasi,28
selesai,28
terlibat.,28
mengarahkan,28
tiba-tiba,28
mewajibkan,28
"barcelona,",28
pikiran,28
"uea,",28
antisipasi,28
diakses,28
kelahiran,28
terpilih,28
karibia,28
persentase,28
25%,28
resmi.,28
kendala,28
meringankan,28
400,28
reuters,28
agustus.,28
"dolar,",28
malaysia,28
proyeksi,28
pengungsian,28
militer.,28
farmasi,28
"pertandingan,",28
jelas.,28
dimasukkan,28
menyelidiki,28
historis,28
lepas,28
emosional,28
mengundurkan,28
panel,28
pencari,28
ide,28
koordinasi,28
taman,28
dibawa,28
ilegal.,28
pemasaran,28
2020,28
menyatukan,28
dipengaruhi,28
perserikatan,28
wisatawan,28
menaikkan,28
"akhirnya,",28
ambisius,28
kehancuran,28
mengintensifkan,28
lamine,28
jadwal,28
akuisisi,28
munculnya,27
lama.,27
menutupi,27
ringan,27
integral,27
"kekerasan,",27
"buruk,",27
striker,27
pengujian,27
meyakinkan,27
sipil.,27
peradilan,27
tenang,27
gratis,27
(ai),27
layak,27
"energi,",27
terduga,27
"keluarga,",27
2019.,27
umum.,27
meninjau,27
"adil,",27
diplomat,27
ousmane,27
kriteria,27
menekankan:,27
rekan-rekan,27
utama.,27
sensor,27
visual,27
berakar,27
tingginya,27
300,27
perdamaian.,27
pengendalian,27
melayani,27
arahan,27
pimpinan,27
"rendah,",27
kontroversi,27
london,27
saksi,27
kapan,27
"pagi,",27
mental,27
sini,27
kesetaraan,27
rekening,27
diaspora,27
penandatanganan,27
kong,27
eksploitasi,27
disajikan,27
"maret,",27
konflik.,27
reputasi,27
"yaman,",27
salman,27
meminimalkan,27
perayaan,27
gurun,27
protokol,27
permusuhan,27
institut,27
ibrahim,27
ekstensif,27
kepulauan,27
ikatan,27
mulia,27
utara.,27
mandiri,27
"2026,",27
merebut,27
dijatuhkan,27
terkait.,27
hubungannya,27
menghargai,27
ayah,26
hiburan,26
keahlian,26
bom,26
rekonstruksi,26
baja,26
sistematis,26
pemikiran,26
nigeria,26
algoritma,26
ditawarkan,26
berpengaruh,26
bytedance,26
"menjelaskan,",26
"bank,",26
mendefinisikan,26
menguraikan,26
mengorbankan,26
pembela,26
2019,26
kadar,26
max,26
pemberitahuan,26
"regional,",26
kerentanan,26
"bisnis,",26
melacak,26
tokoh-tokoh,26
anggap,26
diungkapkan,26
runtuhnya,26
amazon,26
los,26
deportasi,26
600,26
rohingya,26
menyebutnya,26
pemasok,26
da,26
"individu,",26
kisah-kisah,26
lolos,26
dijual,26
karakter,26
bersalah,26
sehat,26
"tidak,",26
insentif,26
ganda,26
china,26
arsitektur,26
mengerikan,26
rasio,26
merujuk,26
spesies,26
gelandang,26
siang,26
manipulasi,26
diri.,26
imigran,26
teknologi.,26
menyederhanakan,26
"qatar,",26
memakan,26
pemboman,26
mengembalikan,26
hancur,26
agresi,26
dilihat,26
"reuters,",26
anjing,26
miliaran,26
memikirkan,26
pos,26
sastra,26
lanjut.,26
topan,26
penonton,26
amandemen,25
hidangan,25
"saham,",25
pengecualian,25
masing-masing.,25
persepsi,25
"pemilu,",25
penyiksaan,25
kompetitif,25
disarankan,25
tersangka,25
pakistan.,25
petani,25
"bangladesh,",25
1.000,25
selandia,25
implikasi,25
klip,25
emosi,25
kapten,25
diperdagangkan,25
melambangkan,25
1%,25
lakukan,25
terasa,25
saint-germain,25
upayanya,25
ledakan,25
asisten,25
"hamas,",25
diubah,25
kecelakaan,25
rendah.,25
belanda,25
melukis,25
kongo,25
"sekarang,",25
"pound,",25
araqchi,25
sengit,25
anda?,25
diperlukan.,25
"sejarah,",25
terbatasnya,25
berlin,25
berani,25
guru,25
bank-bank,25
membiarkan,25
coba,25
pinggiran,25
terjemahan,25
parah.,25
optimisme,25
absen,25
berkaitan,25
pembatalan,25
talenta,25
penyalahgunaan,25
cocok,25
dugaan,25
daun,25
"berlanjut,",25
bergulat,25
integritas,25
siaran,25
nvidia,25
game,25
izin.,25
"berkelanjutan,",25
kartu,25
mengeksploitasi,25
"bunga,",25
komputasi,25
adegan,25
penciptaan,25
memajukan,25
mendengarkan,25
for,25
penyesuaian,25
menyembunyikan,25
berikutnya.,25
tengah.,25
satelit,25
detail,25
"dan,",25
saran,25
gempa,24
tekad,24
faksi,24
dilaksanakan,24
kemerdekaan,24
york.,24
"argentina,",24
kudeta,24
international,24
merencanakan,24
daging,24
industri.,24
"januari,",24
berskala,24
"ilegal,",24
berhubungan,24
berhati-hati,24
melatih,24
kanker,24
kebingungan,24
"afghanistan,",24
memengaruhi,24
mengutip,24
tambang,24
setempat.,24
nelayan,24
luka,24
ditunjuk,24
tajam,24
berlian,24
diantisipasi,24
justru,24
kerjasama,24
sehubungan,24
mengukur,24
50%,24
banding,24
"komersial,",24
maroko.,24
terbunuh,24
seluler,24
street,24
pengguna.,24
pengisian,24
wall,24
regional.,24
35,24
aman.,24
menstabilkan,24
keluarganya,24
dilanjutkan,24
pribadi.,24
patut,24
pohon,24
walikota,24
"langsung,",24
bitcoin,24
serat,24
pemeliharaan,24
2021.,24
ingat,24
garda,24
kedua.,24
memblokir,24
menjangkau,24
kepresidenan,24
pembelajaran,24
kecil.,24
pelaksanaan,24
manuver,24
emirat,24
kebiasaan,24
putin,24
90,24
"sayangnya,",24
sisa,24
profil,24
dipublikasikan,24
45,24
moskow,24
dibunuh,24
norwegia,24
hektar,24
rival,24
berhak,24
kazakhstan,24
komputer,24
seluas,24
persegi,24
rumput,24
bahrain,24
ceko,24
dilakukan.,23
wisata,23
"terkait,",23
relevan,23
asam,23
roma,23
wajah,23
perlakuan,23
mark,23
selasa.,23
jasa,23
asuransi,23
demikian,23
litium,23
cinta,23
messi,23
"cedera,",23
menyelenggarakan,23
merinci,23
performa,23
merekomendasikan,23
"makanan,",23
"anak-anak,",23
fox,23
menginspirasi,23
kuba,23
kelompok-kelompok,23
umm,23
angkasa,23
fluktuasi,23
tenggara,23
jumlahnya,23
berikutnya,23
kripto,23
pertempuran,23
lihat,23
nicolás,23
pikir,23
klasemen,23
mengaku,23
kompleksitas,23
dataran,23
kasus-kasus,23
suaka,23
penghancuran,23
pertandingan.,23
bangsa-bangsa,23
10%,23
berpikir,23
komik,23
namanya,23
lantai,23
benih,23
diperkenalkan,23
kawasan.,23
pertanggungjawaban,23
"khususnya,",23
usus,23
tawaran,23
abdulaziz,23
implementasi,23
memeriksa,23
sinyal,23
burkina,23
cepat.,23
persediaan,23
kesiapan,23
penyerang,23
operasinya,23
ras,23
budaya.,23
mengonfirmasi,23
microsoft,23
"teluk,",23
bashar,23
nenek,23
sheikh,23
saham-saham,23
dorongan,23
gonzález,23
berawak,23
defisit,23
lembah,23
france,23
bertanya,23
"anak,",23
mempertanyakan,23
pelindung,23
fifa,23
gugur,23
gereja,23
king,23
diselesaikan,23
mengerahkan,23
divisi,23
tayyip,23
bersama.,23
recep,23
krusial,23
memasok,23
rekaman,23
"resmi,",22
anda.,22
berpusat,22
diam,22
10.000,22
dar,22
mendiang,22
&,22
"""tidak",22
kreativitas,22
suara.,22
"informasi,",22
nasionalis,22
"mencatat,",22
agence,22
pemberontak,22
pezeshkian,22
trauma,22
memikul,22
jalan-jalan,22
"iklim,",22
"madrid,",22
kegembiraan,22
maaf,22
menerjemahkan,22
"berikutnya,",22
istanbul,22
milisi,22
menyuarakan,22
kamis.,22
meniru,22
nil,22
"estat,",22
saham.,22
wajar,22
"tunisia,",22
prancis.,22
memadai,22
teroris,22
150,22
politisi,22
istimewa,22
intens,22
2018,22
konsultasi,22
"2015,",22
rilis,22
melakukannya,22
teman-teman,22
penjaga,22
tuhan,22
massa,22
diabaikan,22
minyak.,22
nasrallah,22
perempuan.,22
selanjutnya,22
teratur,22
paparan,22
tunisia,22
sukarelawan,22
semata-mata,22
peralihan,22
ditunjukkan,22
nutrisi,22
"meksiko,",22
puncaknya,22
rumah.,22
dewasa,22
upaya-upaya,22
kekeringan,22
ini:,22
hangat,22
penyanyi,22
jeddah,22
semikonduktor,22
bek,22
membuktikan,22
somaliland,22
cabang,22
"kerajaan,",22
disertai,22
seekor,22
kacamata,22
tema,22
saat-saat,22
kedatangan,22
"modern,",22
pendiriannya,22
menyentuh,22
koneksi,22
pegunungan,22
penegak,22
jet,22
jejak,22
medis.,22
pemotongan,22
alih-alih,22
penyediaan,22
tatanan,22
erat,22
dukungannya,22
wajib,22
"pengungsi,",22
"medis,",22
balistik,22
afghanistan.,22
dinyatakan,22
memerintahkan,22
personel,22
"daya,",22
bensin,21
tahunnya,21
zelensky,21
kemarin,21
energi.,21
kerajaan.,21
selisih,21
ben,21
2.000,21
spanyol.,21
menurunnya,21
pemberian,21
hadapi,21
berkomunikasi,21
cakupan,21
latin,21
minoritas,21
umumnya,21
lambat,21
lsm,21
terburuk,21
yahudi,21
keluarga.,21
narkoba,21
outlet,21
sehari-hari.,21
lapangan.,21
berbahaya.,21
dengannya,21
memperdalam,21
tel,21
legitimasi,21
laga,21
rekomendasi,21
ambang,21
"suara,",21
zamalek,21
senang,21
berapa,21
perunggu,21
curah,21
kancah,21
"stabil,",21
karyanya,21
efektivitas,21
ideologi,21
"perak,",21
cat,21
sisanya,21
mahmoud,21
"pengguna,",21
perempat,21
operator,21
beredar,21
mengakuisisi,21
berdampingan,21
nasihat,21
"asia,",21
kode,21
formal,21
"""jika",21
muda.,21
sehari,21
fokusnya,21
"bahwa,",21
perolehan,21
drama,21
gudang,21
kisaran,21
memperingati,21
tersisa,21
pengikut,21
kritikus,21
dolar.,21
terbuat,21
dibatasi,21
ekstremis,21
memamerkan,21
terpisah,21
ketujuh,21
laboratorium,21
dibuka,21
serupa.,21
jembatan,21
"tambahan,",21
bersikeras,21
pengamat,21
pameran,21
bunga.,21
mempersulit,21
algoritme,21
sebut,21
bertugas,21
musuh,21
penganiayaan,21
investasi.,21
seimbang,21
penanganan,21
kelangkaan,21
dibahas,21
menyelaraskan,21
sore,21
simbolis,21
pidana,21
mau,21
menyiapkan,21
diatur,21
elit,21
dipindahkan,21
diyakini,21
peperangan,21
penuntut,21
residensial,21
penjelasan,21
kesaksian,20
suplemen,20
imbang,20
seoul,20
markas,20
tergantung,20
riyadh.,20
"elektronik,",20
feminis,20
kemiskinan,20
tunjangan,20
penyerahan,20
mengekang,20
separuh,20
2017,20
liar,20
menanggung,20
biru,20
agresif,20
laba,20
ikhwanul,20
"terbarukan,",20
pengembalian,20
nuklirnya,20
logistik,20
"ketat,",20
agency,20
listrik.,20
menyiratkan,20
kapitalisasi,20
cm,20
individu.,20
teguh,20
mate,20
"islam,",20
"infrastruktur,",20
jam.,20
menyusun,20
sandera,20
xi,20
"teheran,",20
"city,",20
"swasta,",20
"persen,",20
ditolak,20
"tangga,",20
"berkata,",20
pelonggaran,20
perlambatan,20
mengevaluasi,20
terbarunya,20
awal.,20
"nigeria,",20
"saint-germain,",20
mengalokasikan,20
jawaban,20
"korupsi,",20
qassem,20
diizinkan,20
cermat,20
tenggelam,20
pengerahan,20
gugatan,20
mengangkat,20
penyiaran,20
gejala,20
menurutnya.,20
dasarnya,20
netanyahu.,20
anak.,20
penekanan,20
kontemporer,20
mengekspor,20
ekstrem,20
bakteri,20
kesehatan.,20
lubang,20
keprihatinannya,20
diminta,20
juli.,20
100.000,20
sdf,20
sudan.,20
"pemerintahan,",20
nato,20
"eksternal,",20
dipicu,20
jumat.,20
langka,20
tes,20
buku-buku,20
nilainya,20
negaranya.,20
jangkauan,20
dijatuhi,20
memburuk,20
medan,20
dulunya,20
"kenyataannya,",20
pelaporan,20
penerima,20
terbang,20
menyukai,20
menavigasi,20
dipilih,20
keenam,20
pensiun,20
malah,20
ciri,20
macron,20
keragaman,20
financial,20
bervariasi,20
praktik-praktik,20
terdepan,20
rabu,19
biro,19
marco,19
jajak,19
"jalan,",19
keagamaan,19
penangguhan,19
perusahaannya,19
membungkam,19
keterlibatannya,19
armada,19
mendapati,19
verifikasi,19
terbarukan.,19
menyalahkan,19
"korea,",19
tamu,19
dakwaan,19
hadapan,19
hari-hari,19
terbatas.,19
produktivitas,19
lengkap,19
kirk,19
deepfake,19
norma-norma,19
padat,19
jawab.,19
"wilayah,",19
kemunduran,19
mengkhawatirkan,19
mengisi,19
mentransfer,19
kamu,19
(spa).,19
"sanksi,",19
mempekerjakan,19
mahal,19
blok,19
atletico,19
2015,19
modern.,19
berkepanjangan,19
peduli,19
keraguan,19
skema,19
ketinggian,19
"london,",19
senjata.,19
sekali.,19
dikatakan,19
berlanjut.,19
"agama,",19
jendela,19
dikutip,19
kadang-kadang,19
keluhan,19
senegal,19
pembenaran,19
associated,19
sosok,19
percepatan,19
penjual,19
menyajikan,19
benar,19
mendeteksi,19
ditambahkan,19
bosnia,19
usai,19
penghitungan,19
menyimpulkan,19
bruto,19
"amazon,",19
momentum,19
berturut-turut.,19
panduan,19
menanyakan,19
kopi,19
malam.,19
polusi,19
chelsea,19
kedalaman,19
intensif,19
menjalin,19
upah,19
desalinasi,19
diam-diam,19
angka-angka,19
dipenjara,19
suci,19
berukuran,19
ditempatkan,19
west,19
mengundang,19
mengesankan,19
evolusi,19
mengekspresikan,19
"minyak,",19
ketidakpuasan,19
mimpi,19
pembantaian,19
"meta,",19
pengayaan,19
menenangkan,19
investor.,19
menganjurkan,19
"bahasa,",19
aparat,19
university,19
mengirim,19
didedikasikan,19
kemanusiaan.,19
dekade.,19
memperlihatkan,19
kualifikasi,19
mundur,19
inter,19
terancam,19
pukulan,19
tantangan.,19
persen.,19
pembuangan,19
tipis,19
mendengar,19
kehadirannya,19
"news,",19
benda,19
ditulis,19
sebulan,19
restoran,19
"uang,",19
irak.,19
guyana,19
tanaman,19
rahman,19
khartoum,18
ditargetkan,18
"tepat,",18
mali,18
senator,18
ambil,18
diversifikasi,18
setimnya,18
front,18
konservatif,18
corina,18
senat,18
campur,18
pemirsa,18
pasien,18
isolasi,18
menginformasikan,18
"vietnam,",18
lionel,18
penyewa,18
maritim,18
kosong,18
komersial.,18
terhenti,18
besi,18
“,18
bepergian,18
berjudul,18
keinginannya,18
"netanyahu,",18
waktunya,18
panitia,18
mandat,18
"keadilan,",18
pencarian,18
memitigasi,18
75,18
impian,18
memperbarui,18
observatorium,18
in,18
dipaksa,18
"bersama,",18
"google,",18
referensi,18
membedakan,18
machado,18
menganalisis,18
khas,18
mematikan,18
tragedi,18
optimus,18
dalamnya,18
erdogan,18
mengaitkan,18
pengaruhnya,18
penyeberangan,18
"indonesia,",18
"penelitian,",18
al-assad,18
ibunya,18
kapal-kapal,18
damai.,18
burung,18
sinar,18
tembakan,18
sayuran,18
umur,18
perindustrian,18
dokumentasi,18
raouche,18
angeles,18
xiaomi,18
keberlanjutan,18
"laut,",18
bakat,18
diperburuk,18
tambahnya.,18
48,18
meletus,18
megawatt,18
tenis,18
martabat,18
3.000,18
ditampilkan,18
sepatu,18
pemberlakuan,18
inspeksi,18
ruangan,18
timbul,18
demonstran,18
luis,18
abadi,18
times,18
"strategis,",18
"setempat,",18
menghubungi,18
"alam,",18
menyeimbangkan,18
"selanjutnya,",18
pengaduan,18
melestarikan,18
2027.,18
diamati,18
berdirinya,18
"senegal,",18
tersedia.,18
zat,18
raya,18
terowongan,18
administratif,18
"dilakukan,",18
hati-hati,18
perdagangan.,18
30%,18
pembeli,18
perbandingan,18
eskalasi,18
berjangka,18
rencananya,18
mendiskusikan,18
bertahun-tahun.,18
"darah,",18
fed,18
"tinggal,",18
"fisik,",18
individu-individu,18
pahlawan,18
konsumen.,17
terampil,17
penembakan,17
diterjemahkan,17
"dampak,",17
stres,17
"yordania,",17
aluminium,17
"terbuka,",17
tambah,17
dilatih,17
sungguh,17
pesanan,17
seberapa,17
bangladesh.,17
georgia,17
berangkat,17
"ketiga,",17
konspirasi,17
pendingin,17
memadai.,17
likuiditas,17
penjahat,17
dihargai,17
sejarah.,17
kedelapan,17
pemberitaan,17
argumen,17
bangsa,17
menginginkan,17
balapan,17
menewaskan,17
"transparansi,",17
daur,17
berkompetisi,17
"2016,",17
sadar,17
perang.,17
daily,17
pertimbangan,17
"katanya,",17
"pengadilan,",17
niger,17
rsf,17
kesedihan,17
terinspirasi,17
lemah,17
"""ini",17
kuil,17
hamas.,17
diragukan,17
papan,17
"instagram,",17
pencatatan,17
development,17
mengkaji,17
kotak,17
pertunjukan,17
super,17
"presiden,",17
kehakiman,17
"terkenal,",17
berupa,17
berkembang.,17
kognitif,17
substansial,17
bila,17
pengolahan,17
pemanfaatan,17
cerah,17
hibah,17
merdeka,17
"perekonomian,",17
suka,17
frustrasi,17
pemerkosaan,17
persahabatan,17
"""the",17
"intinya,",17
sengketa,17
terbaru.,17
diangkut,17
pahit,17
finis,17
putih.,17
modifikasi,17
"keras,",17
gelas,17
"seni,",17
pembekuan,17
"usia,",17
alokasi,17
mendaftarkan,17
induk,17
"terbatas,",17
"demokrat,",17
menunjuk,17
asap,17
iklim.,17
"nuklirnya,",17
pemerintahannya,17
são,17
kekaisaran,17
membentang,17
sarana,17
kepadanya,17
pemadam,17
terungkap,17
"pengawasan,",17
"berturut-turut,",17
65,17
perikanan,17
ketidakmampuan,17
dialokasikan,17
ditambah,17
batas-batas,17
tepat.,17
san,17
"pendek,",17
edmundo,17
ekstraksi,17
kekerasan.,17
alat-alat,17
pendidikan.,17
diinginkan,17
menara,17
koridor,17
trinidad,17
harapannya,17
mengisyaratkan,17
paspor,17
sanksi.,17
jauh.,17
lulus,17
nobel,17
kontak,17
nota,17
"pembangunan,",17
diposting,17
konvensi,17
urutan,17
meksiko.,17
tambahan.,17
terdakwa,17
nyaman,17
menginvestasikan,16
irigasi,16
kenal,16
menyenangkan,16
transparan,16
dihadapkan,16
berpenghasilan,16
permanen,16
rambut,16
"dingin,",16
pani,16
otoriter,16
dinar,16
membersihkan,16
senin.,16
penyelundupan,16
berlangganan,16
"aktif,",16
diserahkan,16
dinamis,16
ritual,16
terkejut,16
akumulasi,16
"canggih,",16
"bumi,",16
berkurang,16
melemahnya,16
dekat.,16
memadukan,16
farhan,16
berpindah,16
buah,16
dihentikan,16
dimensi,16
"kemarin,",16
(yang,16
"kasus,",16
pengoperasian,16
set,16
bimbingan,16
dikuasai,16
2015.,16
produk-produk,16
berekspresi,16
bangga,16
kering,16
terpencil,16
timnas,16
kiper,16
berjalan.,16
"parah,",16
megawatt.,16
spekulasi,16
keluarga-keluarga,16
seolah-olah,16
pemanis,16
cerdas,16
"houthi,",16
"april,",16
"pekerjaan,",16
kombinasi,16
rapuh,16
"kematian,",16
zaman,16
"penuh,",16
menganut,16
berat.,16
konsentrasi,16
istri,16
segar,16
"konstruksi,",16
virus,16
perpindahan,16
partainya,16
menyumbangkan,16
misinformasi,16
pemberdayaan,16
"federal,",16
slogan,16
benzema,16
kekejaman,16
"pangan,",16
sebabnya,16
pelepasan,16
inspirasi,16
ambisi,16
dibatalkan,16
kolesterol,16
kebanggaan,16
"parlemen,",16
besok,16
alibaba,16
"gender,",16
"tangan,",16
berujung,16
ronaldo,16
hasilnya,16
bisakah,16
ii,16
wikimedia,16
"facebook,",16
karakteristik,16
ucapan,16
sah.,16
"terlibat,",16
mediator,16
dihukum,16
berafiliasi,16
gender.,16
kanada,16
"oposisi,",16
sepertinya,16
cangkir,16
maría,16
penduduknya,16
startup,16
padang,16
terhitung,16
sekutunya,16
influencer,16
logika,16
"positif,",16
kecaman,16
mengerjakan,16
perlahan,16
penyelenggara,16
pengalamannya,16
"film,",16
rasanya,16
dikumpulkan,16
lingkaran,16
"universitas,",16
"somalia,",16
"unik,",16
ujian,16
tiada,16
publikasi,16
fattah,16
berkualitas,16
rekannya,16
check-in,16
wewenang,16
mengecewakan,16
"ghana,",16
pelajaran,16
aktivisme,16
sepakat,16
mil,16
variasi,16
grand,16
kali.,16
melaju,15
perburuan,15
sri,15
pertanian.,15
pemecatan,15
beli,15
internet.,15
tugas-tugas,15
"kalinya,",15
propaganda,15
memproses,15
karir,15
"kazakhstan,",15
ketiga.,15
"pula,",15
komandan,15
seperempat,15
faksi-faksi,15
ayahnya,15
artistik,15
memberinya,15
adalah:,15
terintegrasi,15
"norwegia,",15
kelelahan,15
"latin,",15
"dasar,",15
kedokteran,15
favorit,15
diabetes,15
saydnaya,15
"reserve,",15
700,15
yen,15
"jauh,",15
membalikkan,15
school,15
"kini,",15
digantikan,15
2021,15
"surya,",15
desember.,15
utama:,15
sempurna,15
menipu,15
33,15
center,15
libur,15
"group,",15
penampungan,15
absennya,15
profesi,15
47,15
terisolasi,15
"api,",15
aneksasi,15
football,15
"palsu,",15
gejolak,15
nominasi,15
disinformasi,15
bidang-bidang,15
persidangan,15
mengamanatkan,15
"perumahan,",15
ujung,15
250,15
jaguar,15
land,15
group,15
kerabat,15
a,15
android,15
"2017,",15
james,15
"diharapkan,",15
human,15
non-proliferasi,15
treasury,15
mengenal,15
"panas,",15
timur.,15
80%,15
eur,15
"ulang,",15
tiket,15
diperkaya,15
mendiversifikasi,15
didanai,15
"datang,",15
apartemen,15
press,15
khaled,15
yuan,15
dideportasi,15
terpadu,15
apel,15
51,15
paralel,15
"company,",15
disesuaikan,15
mars,15
jus,15
alam.,15
serangan-serangan,15
kejam,15
"efektif,",15
swasta.,15
kesepahaman,15
penyandang,15
berspesialisasi,15
wilayah.,15
menyesatkan,15
(pdb),15
bayern,15
memposisikan,15
memotivasi,15
akal,15
"berkembang,",15
berkata:,15
kehamilan,15
"berbahaya,",15
memberdayakan,15
arabiya.net,15
label,15
lawannya,15
karier,15
stabil.,15
terorganisir,15
"pendapatan,",15
"penyewa,",15
keanekaragaman,15
dinding,15
jeddah.,15
meluasnya,15
"menurutnya,",15
berdiskusi,15
z,15
kristen,15
lula,15
humanoid,15
dikendalikan,15
mengucapkan,15
material,15
memaksakan,15
british,15
situasinya,15
preseden,15
belgia,15
setia,15
national,15
2020.,15
menggagalkan,15
"menteri,",15
bermigrasi,15
diperluas,15
"perunggu,",15
penggerebekan,15
"pekerja,",15
memperlakukan,15
dosis,15
kontraktor,15
kematian.,15
mencalonkan,15
durasi,15
juta),15
"tidur,",15
levitt,15
"salman,",15
metrik,15
"investor,",15
eksplisit,15
terkikisnya,15
nepal.,15
tubuh.,15
pengabaian,15
"seimbang,",15
grosir,15
komposisi,15
roda,15
"berlebihan,",15
organisasi-organisasi,15
konektivitas,15
meliputi,15
"diplomatik,",15
rinci,15
efisien,15
"diperlukan,",15
sebanding,15
prediksi,15
disepakati,15
john,15
"harga,",15
"musik,",15
tangguh,15
menggambarkannya,15
kolaboratif,15
kunjungannya,15
restrukturisasi,15
myanmar,15
soviet,15
.,15
"stabilitas,",15
tender,15
peninjauan,15
menyalurkan,15
"pernyataannya,",15
dibuang,15
liputan,15
terorisme,15
marah,15
seraya,15
"meter,",15
meneliti,15
arsip,15
34,15
kepergian,15
"polisi,",14
volodymyr,14
membantunya,14
ceyhan,14
"geopolitik,",14
derajat,14
mengimbangi,14
mustahil,14
populer.,14
"teknis,",14
akademis,14
artinya,14
kompetisi.,14
mengomentari,14
penutup,14
160,14
"paksa,",14
dampak.,14
formula,14
"udara,",14
serius.,14
mengungguli,14
perebutan,14
pengasingan,14
keselarasan,14
tunggal,14
pelapor,14
masakan,14
platform.,14
penyelamatan,14
"liverpool,",14
puisi,14
dibagi,14
rabu.,14
tulang,14
membebani,14
"2,5",14
ketat.,14
kenyamanan,14
menjelajahi,14
pelanggar,14
"yang,",14
sepenuhnya.,14
menumbuhkan,14
sulit.,14
pencaharian,14
kawah,14
dilanda,14
preferensi,14
gambar-gambar,14
tertanam,14
"microsoft,",14
"konsumen,",14
“di,14
"sehari-hari,",14
metodologi,14
memperlambat,14
jiwa.,14
"independen,",14
sinema,14
terbuka.,14
data.,14
etika,14
keperluan,14
agama.,14
embargo,14
aspek-aspek,14
dilakukannya,14
rapat,14
mewah,14
terkoordinasi,14
rumor,14
khalayak,14
"bytedance,",14
misteri,14
“mekanisme,14
dicabut,14
segmen,14
sampel,14
amnesty,14
"kekuasaan,",14
kerajinan,14
"ton,",14
rekan-rekannya,14
milan,14
ragu,14
“jika,14
sosialis,14
"kepentingan,",14
"sisi,",14
robotika,14
lari,14
perlombaan,14
sukarela,14
"berakhir,",14
tahan,14
diserang,14
halus,14
dubai,14
representasi,14
lokakarya,14
"italia,",14
arkeologi,14
satunya,14
$1,14
mengatakan:,14
klien,14
"sementara,",14
mengulangi,14
pengingat,14
dipertimbangkan,14
"apple,",14
indikasi,14
unsur,14
murah,14
"""perusahaan",14
keesokan,14
mediterania,14
produksinya,14
"kongo,",14
pantas,14
berkembangnya,14
viral,14
pencernaan,14
menyangkal,14
penutur,14
ritel,14
gerbang,14
dinas,14
potret,14
media.,14
busquets,14
hormat,14
tablet,14
eksportir,14
diadopsi,14
dirham,14
eksternal.,14
menghina,14
mengganti,14
pengalihan,14
"kawasan,",14
juni.,14
jenazah,14
penargetan,14
pengemudi,14
bioskop,14
"artinya,",14
kekhawatirannya,14
ghana,14
"belgia,",14
"penerbangan,",14
"kelaparan,",14
"terbaru,",14
steve,14
36,14
interpretasi,14
korporasi,14
"faktor,",14
dahulu,14
dipahami,14
imajinasi,14
"portugal,",14
dramatis,14
konfirmasi,14
"covid-19,",14
inklusif,14
beracun,14
dungan,14
menafsirkan,14
meredakan,14
"ya,",14
"2011,",14
damaskus,14
blair,14
direktorat,14
tantangannya,14
"tua,",14
lembut,14
saing,14
inspektur,14
memindahkan,14
carlos,14
"benar,",14
pemisahan,14
pelestarian,14
juta.,14
kumpulan,14
pujian,14
"kertas,",14
terikat,14
bertambah,14
ditentukan.,14
campuran,14
memecahkan,14
masjid,14
joe,14
memusatkan,14
sempat,14
menyasar,14
kontribusinya,14
dipasang,14
cairan,14
seberang,14
sel,14
menit.,14
sepihak,14
nasser,14
buruk.,14
"kuwait,",14
unjuk,14
institute,14
"sakit,",14
berubah.,14
ofensif,14
kim,14
"kairo,",14
thailand,14
sifatnya,13
hotel,13
menerus,13
atas.,13
hitungan,13
klub.,13
"jawab,",13
terbanyak,13
roti,13
bertambahnya,13
amir,13
"protes,",13
"tersedia,",13
2016,13
konfederasi,13
jepang.,13
ke-80,13
tea,13
seksual.,13
alami.,13
pengganti,13
kesembilan,13
membanjiri,13
terdekat,13
"kebijakan,",13
43,13
motor,13
atlantik,13
kazakhstan.,13
rupee,13
dikonsumsi,13
pentagon,13
dijelaskan,13
dapur,13
strategis.,13
jinping,13
komunitas.,13
gen,13
france-presse.,13
bangkit,13
memperjelas,13
"dekat,",13
jerman.,13
evakuasi,13
tombol,13
skuad,13
spiritual,13
meminum,13
"yamal,",13
"impor,",13
aljazair.,13
“negara,13
menggunakannya,13
jujur,13
mengusir,13
erdoğan,13
terobosan,13
"otoritas,",13
meteorologi,13
konsensus,13
"atas,",13
kesediaan,13
tertinggi.,13
hancurnya,13
terlihat.,13
harga.,13
menyerah,13
kebuntuan,13
ketersediaan,13
michael,13
"ditutup,",13
henti,13
planet,13
keyakinannya,13
perlengkapan,13
koleksi,13
perbincangan,13
leher,13
"sulit,",13
pulih,13
tokyo,13
dihadiri,13
tetangganya,13
ketidakseimbangan,13
darah.,13
sumur,13
penunjukan,13
podium,13
kecemasan,13
"tenang,",13
keberanian,13
menurutnya,13
memisahkan,13
berkecepatan,13
"merah,",13
margin,13
rutinitas,13
diwajibkan,13
dilindungi,13
"produksi,",13
jelas:,13
press.,13
kamboja,13
"singkat,",13
persoalan,13
dinobatkan,13
porsi,13
"kubik,",13
teh.,13
uefa,13
"jam,",13
menempatkannya,13
federal.,13
pangsa,13
isyarat,13
akankah,13
"platform,",13
diuraikan,13
teheran.,13
asteroid,13
memungkinkannya,13
darfur,13
mengutamakan,13
melukai,13
menganggapnya,13
disiplin,13
mingguan,13
"pedesaan,",13
tertunda,13
baku,13
penyelundup,13
"maduro,",13
diperintahkan,13
pemogokan,13
"sungai,",13
merangsang,13
fritz,13
diawasi,13
120,13
keputusannya,13
"penjara,",13
"ketakutan,",13
mengevakuasi,13
menggali,13
fundamental,13
birokrasi,13
tempo,13
tumpahan,13
500.000,13
berlari,13
lelah,13
dipandu,13
spesialis,13
"menulis,",13
normalisasi,13
demokratis,13
ethiopia.,13
fiksi,13
karya-karya,13
menimpa,13
dahsyat,13
tindakannya,13
"ceko,",13
perjalanannya,13
kenyataan.,13
tang,13
menghukum,13
"kuba,",13
vance,13
keterbukaan,13
al-hilal,13
"penumpang,",13
meremehkan,13
fitur-fitur,13
"pernyataan,",13
seseorang.,13
berterima,13
dibiarkan,13
"semikonduktor,",13
pengajuan,13
kelebihan,13
sekuritas,13
gunung,13
tindakan-tindakan,13
"alternatif,",13
mediasi,13
indah,13
terjatuh,13
perekrutan,13
"pertahanan,",13
"intelektual,",13
menangguhkan,13
pejuang,13
puri,13
motivasi,13
kathmandu,13
dhabi,13
leluhur,13
yoruba,13
tur,13
item,13
diberitahu,13
ujarnya.,13
"menarik,",13
ide-ide,13
yoon,13
rekayasa,13
rupa,13
membicarakan,13
kaca,13
eksperimen,13
"polandia,",13
mendalam.,13
kebanyakan,13
kelanjutan,13
politiknya,13
pengepungan,13
"komunitas,",13
crystal,13
mempertemukan,13
fakultas,13
pertama.,13
semenanjung,13
es,13
makanan.,13
bersekolah,13
orascom,13
piramida,13
desa-desa,13
asupan,13
60%,13
ketenangan,13
belakangan,13
vietnam.,13
do,13
berpidato,13
komprehensif.,13
manis,13
penjara.,13
diundang,13
zaki,13
terjangkau,13
dimanfaatkan,13
cahaya,13
tantangan-tantangan,13
hilang.,13
"identitas,",13
pencurian,13
menjunjung,13
pengorbanan,13
konservasi,13
"memadai,",13
disimpan,13
hidupnya,13
normal,13
“ini,13
bloomberg,13
"al-ahly,",13
boneka,13
alcaraz,13
pesepakbola,13
kejelasan,13
permintaan.,12
nay,12
dampaknya.,12
bagasi,12
"tim,",12
konsultan,12
tulisan,12
banjir.,12
disahkan,12
"sewa,",12
menetap,12
memprediksi,12
institusional,12
mike,12
pencetak,12
kejutan,12
mendarat,12
to,12
15%,12
perancis.,12
rumah-rumah,12
charlie,12
"rusak,",12
dibayar,12
caracas,12
druze,12
berlaku.,12
positif.,12
keterbatasan,12
sempit,12
menembak,12
"proyek,",12
undangan,12
blanc,12
november.,12
merekrut,12
elektronik.,12
"dini,",12
menghapuskan,12
skandal,12
diselidiki,12
hizbullah.,12
"sektor,",12
terkonsentrasi,12
"jiwa,",12
52,12
"banjir,",12
keberatan,12
kertas,12
mengajar,12
twitter,12
milei,12
tatar,12
rubio,12
teknis.,12
penerjemahan,12
"rumit,",12
"berkuasa,",12
gelap,12
memperhatikan,12
(dpa).,12
pesan-pesan,12
pemukim,12
antonio,12
guterres,12
"tahunnya,",12
"qassem,",12
terulang,12
$350,12
selesainya,12
dipercaya,12
fleksibilitas,12
filter,12
bersedia,12
rekonsiliasi,12
diwarnai,12
bahan-bahan,12
texas,12
"dembélé,",12
keberangkatan,12
"komprehensif,",12
4%,12
mengakar,12
luka-luka.,12
"aktivis,",12
berlalu,12
kuwait.,12
"taiwan,",12
aviv,12
menggulingkan,12
penyampaian,12
diatasi,12
"times,",12
anaknya,12
dibenarkan,12
dirasakan,12
maksimum,12
pemandangan,12
"sepenuhnya,",12
minimum,12
dasar.,12
liga.,12
"darurat,",12
rusak,12
dikritik,12
"internal,",12
investasinya,12
rights,12
berkas,12
bulgaria,12
tenda,12
pendukungnya,12
"pemain,",12
komisaris,12
pemalsuan,12
menonton,12
populis,12
"jeddah,",12
tony,12
"bloomberg,",12
menyulitkan,12
rumahnya,12
merevisi,12
pasti.,12
jari,12
mencaplok,12
"belakang,",12
penghalang,12
praktis.,12
kenya,12
enggan,12
penyerapan,12
pelacakan,12
"kurdi,",12
tertutup,12
merenggut,12
pengenalan,12
makna,12
barunya,12
darurat.,12
dipromosikan,12
tomahawk,12
kacang,12
sejati,12
warganya,12
"penulis,",12
volatilitas,12
"kolombia,",12
memuat,12
keterlambatan,12
"tubuh,",12
kordofan,12
diperkuat,12
melengkapi,12
cacat,12
pemesanan,12
tim.,12
bandara-bandara,12
dinilai,12
kurikulum,12
“kita,12
mencatatkan,12
mengupayakan,12
tunduk,12
gagal.,12
memorandum,12
saya:,12
"faktanya,",12
gemini,12
mayor,12
aziz,12
memasang,12
tindak,12
sistemik,12
atap,12
tidaklah,12
memburuknya,12
"1967,",12
beserta,12
server,12
usul,12
ratus,12
penghargaan.,12
terlarang,12
antarmuka,12
lulusan,12
"damai,",12
keindahan,12
fleksibel,12
barcelona.,12
supremasi,12
efisien.,12
kegembiraannya,12
"2010,",12
ahli.,12
perbatasan.,12
penghasilan,12
sendirian,12
istrinya,12
genetik,12
"saya.""",12
mongolia,12
membina,12
memperebutkan,12
"kenya,",12
yerusalem,12
membakar,12
perwira,12
javier,12
"2009,",12
bersekutu,12
"gas,",12
2028.,12
(ina).,12
lemari,12
aset-aset,12
jaring,12
pengaman,12
memunculkan,12
popularitas,12
sumber-sumber,12
investment,12
gabriel,12
memori,12
kolektif.,12
tigray,12
portland,12
pendorong,12
"belanda,",12
pertarungan,12
instruksi,12
film-film,12
penguasa,12
bertanya-tanya,12
"1,5",12
general,12
harta,12
54,12
presentasi,12
dokumenter,12
diprakarsai,12
segi,12
"suaminya,",12
proporsi,12
"washington,",12
sebenarnya.,12
kolombia,12
100%,12
"negaranya,",12
cook,12
pengadaan,12
ankara,12
putusan,12
"inflasi,",12
membongkar,12
"perhatian,",12
merevitalisasi,12
terdeteksi,12
whatsapp,12
2011,12
merah.,12
karim,12
seni.,12
sambutannya,12
diantaranya,12
"terbarunya,",12
kaitannya,12
menggambar,12
kantong,12
non-minyak,12
palace,12
ternyata,12
kehidupan.,12
yaman.,12
memaksimalkan,12
mohammad,12
esu,12
"salah,",12
"dimulai,",12
konvensional,12
tweet,12
tanah.,12
mencuri,12
"logistik,",12
"kong,",12
berwarna,11
pegawai,11
email,11
kenyataannya,11
asa,11
"seksual,",11
assad,11
garam,11
anggapan,11
pembaca,11
membandingkan,11
dioperasikan,11
buah-buahan,11
"tekanan,",11
tembok,11
peradaban,11
slogan-slogan,11
fisik.,11
i̇mamoğlu,11
"terbaik,",11
manusiawi,11
american,11
minimal,11
topik-topik,11
dilipat,11
power,11
penyembuhan,11
journal,11
"serius,",11
berbakat,11
memanipulasi,11
legenda,11
mengikat,11
penalti,11
beirut,11
sekitarnya.,11
mencolok,11
sejarahnya.,11
membuang,11
sehat.,11
reproduksi,11
"rezim,",11
liat,11
keluarnya,11
"2013,",11
superstar,11
"menit,",11
first,11
lutut,11
"kepercayaan,",11
jazeera,11
charles,11
"efisien,",11
keterwakilan,11
persimpangan,11
dikerahkan,11
pengambilalihan,11
silver,11
"hasilnya,",11
penggunaannya,11
68,11
menyalakan,11
skeptis,11
advokasi,11
"penghargaan,",11
barak,11
pilot,11
keruntuhan,11
merevolusi,11
menghasut,11
"hutan,",11
memelihara,11
wartawan,11
"drone,",11
"dibebaskan,",11
"mendalam,",11
suami,11
al-nassr,11
"klub,",11
puing-puing,11
langganan,11
watch,11
evaluasi,11
memerintah,11
penerbit,11
obesitas,11
disengaja,11
"niger,",11
5%,11
udara.,11
feed,11
memakai,11
"mobil,",11
nawaf,11
ton.,11
grafis,11
miliar),11
tulus,11
penyerangan,11
shiva,11
memecah,11
"kanan,",11
keputusasaan,11
deteksi,11
jurcic,11
beirut.,11
tinjauan,11
"""sangat",11
5.000,11
masuk.,11
lengan,11
"siswa,",11
anggotanya,11
bubble,11
pemindahan,11
"transportasi,",11
komoditas,11
masalah-masalah,11
"kesetaraan,",11
"diterima,",11
pendidik,11
mengenali,11
infeksi,11
bertukar,11
maksimal,11
dekatnya,11
ashraf,11
jabatannya,11
jerome,11
"biaya,",11
portal,11
mitranya,11
awan,11
puas,11
"obat-obatan,",11
”,11
tbc,11
informasi.,11
manual,11
diperebutkan,11
diimpor,11
dpr,11
"euro,",11
"populer,",11
seragam,11
diplomatik.,11
kyiv,11
shanghai,11
"0,8%",11
mendistribusikan,11
rehabilitasi,11
"musk,",11
database,11
cloud,11
canggih.,11
kesalahpahaman,11
jahat,11
"0,6%,",11
"pertambangan,",11
yayasan,11
semi,11
otomotif,11
diperiksa,11
"serupa,",11
moldova,11
debutnya,11
world,11
"berlaku,",11
"laki-laki,",11
suaranya,11
"generasi,",11
berpengalaman,11
al-qaradawi,11
pesat.,11
hunian,11
cadang,11
"daerah,",11
dijadikan,11
berkulit,11
mostafa,11
"0,6%",11
cetak,11
qatar.,11
balasan,11
"tewas,",11
pengawasan.,11
"malaysia,",11
frustrasinya,11
biaya.,11
"migran,",11
kritis.,11
judul,11
"emosional,",11
terang-terangan,11
amorim,11
renaissance,11
syekh,11
pelarangan,11
dilema,11
pihaknya,11
istirahat,11
cruz,11
tuanya,11
pembalasan,11
merangkum,11
"hitam,",11
pengeboran,11
jual,11
diidentifikasi,11
proporsional,11
"kementerian,",11
sains,11
nuklirnya.,11
hipotek,11
"faso,",11
alexander,11
"inovasi,",11
lini,11
"berhasil,",11
menginstruksikan,11
serangannya,11
bertenaga,11
"seluler,",11
drastis,11
anak-anak.,11
stephen,11
hafez,11
jalan.,11
"paraguay,",11
prosesnya,11
"manufaktur,",11
"pariwisata,",11
veteran,11
"tahanan,",11
del,11
"operasional,",11
terfokus,11
pembangunan.,11
red,11
terusan,11
"al-ittihad,",11
pekerja.,11
bahasa-bahasa,11
gates,11
kilometer.,11
"sini,",11
memutus,11
disukai,11
akhir.,11
reporter,11
pedesaan.,11
cara-cara,11
katz,11
$10,11
romawi,11
visibilitas,11
teluk.,11
hegseth,11
membekukan,11
penampilannya,11
"batas,",11
"ilmiah,",11
"angin,",11
"silva,",11
"oracle,",11
"kaya,",11
inisiatif-inisiatif,11
panas.,11
corporation,11
menangis,11
"ethiopia,",11
seks,11
"nepal,",11
pembongkaran,11
diceritakan,11
washington.,11
"0,3%",11
mengorganisir,11
kesimpulan,11
maduro.,11
penguatan,11
"adat,",11
mendidik,11
merenungkan,11
"1,2",11
kilogram,11
pengumpulan,11
berpuncak,11
perahu,11
×,11
transgender,11
kemudian.,11
benteng,11
rosemary,11
informal,11
lisensi,11
berwenang.,11
esensi,11
terpengaruh,11
melewatkan,11
menyedihkan,11
tahunnya.,11
terbiasa,11
dikirimkan,11
hulu,11
ganja,11
"""saudi",11
bebas.,11
tom,11
bandara.,11
pawai,11
sebaiknya,11
"kemanusiaan,",11
(iaea),11
pribadinya,11
buruh,11
"sah,",11
kesalahannya,11
"hilang,",11
assam,11
"perlindungan,",11
seharga,11
virtual,11
"finansial,",11
joseph,11
"gambar,",11
"terpenting,",11
"hati,",11
membawanya,11
gambarkan,10
biayanya,10
"video,",10
ketinggalan,10
"timnya,",10
buku.,10
"maju,",10
wilayah-wilayah,10
openai,10
44,10
"contoh,",10
"kiri,",10
"pengetahuan,",10
bersembunyi,10
meresmikan,10
top,10
balkan,10
penduduk.,10
setan,10
"massal,",10
api.,10
menyusup,10
ketertiban,10
ketenagakerjaan,10
euro.,10
mengharapkan,10
mendedikasikan,10
"pasokan,",10
menghemat,10
diwawancarai,10
krisis.,10
beijing.,10
"pengasingan,",10
"lapangan,",10
pembawa,10
morgan,10
bereaksi,10
frekuensi,10
oslo,10
jurnalis.,10
peluru,10
berintegrasi,10
"biasanya,",10
"guterres,",10
49,10
jajaran,10
kalau,10
gandum,10
bandar,10
keadilan.,10
telegram,10
membayangi,10
lutein,10
keterangan,10
"undang-undang,",10
bersenjata.,10
nikkei,10
berbulan-bulan,10
"peringatan,",10
sektor.,10
mendalami,10
geopolitik.,10
oposisi.,10
kemudahan,10
tiktok.,10
perkawinan,10
kandang,10
diarahkan,10
al-din,10
komposit,10
bersamaan.,10
sekunder,10
merelokasi,10
berpenduduk,10
sen,10
kontradiksi,10
"konten,",10
aktor-aktor,10
lara,10
uang.,10
"1990-an,",10
kelaparan.,10
berbuat,10
kehati-hatian,10
"somaliland,",10
"sen,",10
(dengan,10
lucu,10
dominika,10
port,10
"beirut,",10
fahd,10
responden,10
dihormati,10
"dilarang,",10
keliru,10
"bola,",10
ons,10
toko-toko,10
50.000,10
mempertaruhkan,10
"ditentukan,",10
dihapus,10
perpaduan,10
"ini,”",10
2017.,10
ghf,10
pensiunan,10
beragam.,10
"2007,",10
dibuktikan,10
nada,10
panen,10
sarjana,10
memobilisasi,10
20.000,10
perut,10
"menjawab,",10
berikut:,10
“untuk,10
"terkini,",10
gerakan-gerakan,10
monopoli,10
terpenting,10
berpartisipasi.,10
pagi.,10
khusus.,10
optimismenya,10
optus,10
"lemah,",10
menyamakan,10
didominasi,10
"tenggara,",10
gedung-gedung,10
mengincar,10
sekolah.,10
kisahnya,10
ditangani,10
90%,10
pembakaran,10
yurt,10
"sejarahnya,",10
fbi,10
pecahnya,10
dicetak,10
diperpanjang,10
"pidatonya,",10
dikecualikan,10
pengungsi.,10
katakan,10
"penduduk,",10
kamp-kamp,10
ahmad,10
tahrir,10
spotify,10
"kebebasan,",10
"hijau,",10
akhir-akhir,10
"damaskus,",10
menyakitkan,10
memperketat,10
keputusan.,10
subur,10
“apakah,10
us,10
taylor,10
menyimpang,10
memasak,10
subjek,10
eksekusi,10
"alami,",10
badan-badan,10
bernegosiasi,10
kekagumannya,10
madrid.,10
camilan,10
streaming,10
bisnis.,10
"pers,",10
"jantung,",10
"kehidupan,",10
dedikasinya,10
oman,10
ditunda,10
penyelidik,10
"mali,",10
patah,10
"libya,",10
minatnya,10
peristiwa-peristiwa,10
"bakar,",10
metropolitan,10
berniat,10
"peralatan,",10
2%,10
sutradara,10
diisi,10
bersama-sama,10
batuan,10
lebat,10
"layanan,",10
kemajuan.,10
komplikasi,10
"internet,",10
"terbesar,",10
41,10
uruguay,10
guncangan,10
naeem,10
sindikat,10
bumi.,10
isis,10
bertajuk,10
diperbolehkan,10
"nvidia,",10
totalnya,10
independen.,10
"hancur,",10
koordinator,10
"berjalan,",10
"utang,",10
perekonomian.,10
penyewa.,10
mengobati,10
salam,10
"begitu,",10
ketertarikan,10
"1,4",10
bolsonaro,10
rio,10
"sehat,",10
kunyit,10
negosiasi.,10
ghani,10
"""kita",10
kiev,10
permata,10
otot,10
pendapat.,10
"keberlanjutan,",10
ujaran,10
segalanya,10
salat,10
memperhitungkan,10
tabrakan,10
tewas.,10
ditugaskan,10
tipe,10
noor,10
las,10
"kesepakatan,",10
ziad,10
memulangkan,10
mode,10
file,10
$30,10
januari.,10
mengubahnya,10
40%,10
intelektual.,10
mencatat:,10
koresponden,10
biden,10
intensitas,10
amazigh,10
syiah,10
bermula,10
petisi,10
akp,10
narapidana,10
3-0,10
pengajaran,10
lachlan,10
perhiasan,10
pon,10
swiss,10
"penyelidikan,",10
kargo,10
"disetujui,",10
"rakyat,",10
bab,10
"terduga,",10
seumur,10
*dikutip,10
safi,10
bertekad,10
fotovoltaik,10
kepedulian,10
ekspor.,10
ditafsirkan,10
fasis,10
"rencana,",10
kelembagaan,10
blokade,10
pasokan.,10
keringanan,10
subsidi,10
degradasi,10
kolonialisme,10
"tersebut.""",10
terapi,10
enrique,10
penerjemah,10
"2014,",10
penggunanya,10
"messi,",10
140,10
"jamaika,",10
riset,10
lokasinya,10
steel,10
klasik,10
nour,10
60.000,10
nampaknya,10
laut.,10
slovenia,10
periklanan,10
armenia,10
tertua,10
mengenang,10
diabaikan.,10
diandalkan,10
massoud,10
apalagi,10
ternama,10
prime,10
maria,10
demografi,10
dinar.,10
"denmark,",10
apple.,10
tercapai.,10
paul,10
terkendali,10
al-qaeda,9
bayi,9
haji,9
permukiman,9
akademisi,9
sela-sela,9
"d'or,",9
tertulis,9
newcastle,9
hutang,9
rubel,9
tolok,9
youssef,9
alex,9
pertambangan.,9
saf,9
tabungan,9
dirinya.,9
adat.,9
kumulatif,9
"utamanya,",9
nubia,9
bentuk-bentuk,9
"sederhana,",9
"sains,",9
kursus,9
miliar).,9
dinikmati,9
marc,9
gigi,9
"kemiskinan,",9
lisan,9
liburan,9
“partai”,9
nikel,9
f-35,9
semesta,9
sekilas,9
fisika,9
alternatif.,9
sewa.,9
"harapan,",9
airlines,9
ditahan.,9
kecenderungan,9
badan.,9
netral,9
david,9
dirayakan,9
jeda,9
"pajak,",9
2014,9
penggulingan,9
health,9
"uranium,",9
unit-unit,9
"selesai,",9
"telepon,",9
estat.,9
berkekuatan,9
"dia,",9
robert,9
"dalamnya,",9
membubarkan,9
gerhana,9
wilayahnya,9
"emosi,",9
etiopia,9
stok,9
membujuk,9
sesama,9
saad,9
tidur.,9
mengajarkan,9
beruang,9
"ditahan,",9
berakhir.,9
"""untuk",9
regulator,9
kelestarian,9
rentan.,9
penting:,9
afc,9
apresiasi,9
pelayanan,9
memadamkan,9
kemakmuran,9
wali,9
"kimia,",9
"2001,",9
"demokrasi,",9
masalahnya,9
al-tatari,9
reruntuhan,9
"seseorang,",9
protein,9
smartphone,9
george,9
"mars,",9
presisi,9
berlindung,9
partisipasinya,9
kemenangan.,9
sensitif.,9
champions.,9
sementara.,9
"mauritania,",9
al-sudani,9
kampung,9
menguntungkan.,9
catur,9
ditelusuri,9
kendo,9
hidupnya.,9
berbeda-beda,9
informatika,9
munich,9
"kompleks,",9
maksud,9
dicurigai,9
comey,9
otak.,9
senyawa,9
macam,9
"mengerikan,",9
pemblokiran,9
(seperti,9
85,9
kabinet,9
tropis,9
putranya,9
beragama,9
"kamerun,",9
tutupan,9
bagram,9
"liga,",9
"narkoba,",9
keengganan,9
grande,9
350,9
balkon,9
kepolisian,9
berduka,9
domain,9
dikeluarkannya,9
corrales,9
heathrow,9
covid-19,9
memecat,9
"pertamanya,",9
"peraturan,",9
berkurang.,9
"menurun,",9
solutions,9
energy,9
menjauhkan,9
"rahasia,",9
"chili,",9
digariskan,9
kewaspadaan,9
"terkemuka,",9
kesamaan,9
deir,9
stabilisasi,9
antusiasme,9
terkuat,9
jangan,9
"2028,",9
tercemar,9
profesional.,9
faso,9
"teh,",9
ini;,9
collins,9
dijalankan,9
iaea,9
poros,9
mengesahkan,9
"bencana,",9
norma,9
perkosaan,9
lampu,9
otonom,9
korea.,9
penempatan,9
kehutanan,9
karibia.,9
hayati,9
pelaksana,9
hidrogen,9
terungkap.,9
lambatnya,9
"belakangan,",9
generasi.,9
bangun,9
times.,9
diusir,9
ue.,9
kebijaksanaan,9
"dalam,",9
penentuan,9
finansial.,9
mourinho,9
"ekstrem,",9
nama-nama,9
komentarnya,9
"triliun,",9
tepatnya,9
inci).,9
menelan,9
berdedikasi,9
berdurasi,9
diatasi.,9
mari,9
meneriakkan,9
penuh.,9
gigawatt,9
ketidakpercayaan,9
hilir,9
patriarki,9
"konstitusi,",9
doktrin,9
pakai,9
kamerun,9
silva,9
"""x"",",9
"al-nasr,",9
prospektus,9
gelang,9
digunakan.,9
obrolan,9
menanggapinya,9
"perjanjian,",9
penjabat,9
tradisionalnya,9
gizi,9
cuka,9
importir,9
memperjuangkan,9
ditetapkan.,9
kasar,9
meter.,9
"bebas,",9
mengejek,9
e-commerce,9
diciptakan,9
didokumentasikan,9
"kuno,",9
kebrutalan,9
"diusulkan,",9
partai-partai,9
berhasil.,9
suez,9
kuota,9
"bangsa-bangsa,",9
smotrich,9
diperlakukan,9
infiltrasi,9
800,9
8.000,9
agensi,9
larry,9
sini.,9
dirawat,9
"meluas,",9
kediaman,9
mayat,9
memupuk,9
ajaran,9
cerita-cerita,9
psikologis.,9
pengamatan,9
vinicius,9
mauritania.,9
hati.,9
"portland,",9
beryl,9
terbentuk,9
"ue,",9
perlucutan,9
"pro,",9
teater,9
sekolah-sekolah,9
"mati,",9
"youtube,",9
protes.,9
penyair,9
lebar,9
tariq,9
tercepat,9
bot,9
"caracas,",9
55,9
meliput,9
42,9
standard,9
meragukan,9
“mereka,9
boeing,9
pon.,9
"profesional,",9
penyintas,9
terhambat,9
pemicu,9
batang,9
barel.,9
memperparah,9
mereka.”,9
moderat,9
paraguay,9
"roma,",9
khan,9
berurusan,9
tampilan,9
otoritarianisme,9
daratan,9
"pengungsian,",9
ternak,9
"nato,",9
"myanmar,",9
sawit,9
mengecualikan,9
bus,9
merefleksikan,9
diperuntukkan,9
"siber,",9
nirlaba,9
altman,9
"0,1%,",9
bermotif,9
persegi.,9
rover,9
"gratis,",9
keheningan,9
perhitungan,9
"tantangan,",9
menyempurnakan,9
berlebihan.,9
"$1,5",9
disoroti,9
“the,9
melemah,9
"ekspektasi,",9
170,9
kuatnya,9
glasial,9
dijuluki,9
dibeli,9
identifikasi,9
disabilitas,9
datang.,9
berkonsultasi,9
pemohon,9
ilustrasi,9
"organisasi,",9
nasionalnya,9
android.,9
dalam.,9
gbt,9
soal,9
momen-momen,9
saudi-prancis,9
ini.”,9
hilal,9
elite,9
pusat-pusat,9
penebangan,9
bercerita,9
prosesor,9
"fasher,",9
terbagi,9
diraih,9
pendek.,9
disusul,9
bingkai,9
"dibangun,",9
melanggengkan,9
brazil,9
cne,9
mengesampingkan,9
2011.,9
empati,9
adil.,9
"lawannya,",9
dioksida,9
ciri-ciri,9
opec+,9
pernapasan,9
pemainnya,9
punggung,9
demokrasi.,9
city.,9
"bangunan,",9
penggabungan,9
rupert,9
"lee,",9
pemerintahan.,9
uu,9
pembersihan,9
bersikap,9
amer,9
"youssef,",9
dijamin,9
metabolisme,9
ounce,9
semifinal,9
"sekutunya,",9
ranah,9
merawat,9
"karibia,",9
"cinta,",9
mendeklarasikan,9
diunggah,9
mencemari,9
"ekspor,",9
pokok,9
koreksi,9
murdoch,9
menonaktifkan,9
aktris,9
mendukungnya,9
mulut,9
nyeri,9
dedikasi,9
"assad,",9
store,9
samudera,9
pendatang,9
"makan,",9
cita-cita,9
bloomberg.,9
bencana.,9
penghinaan,9
"perjalanan,",9
format,9
"pintar,",9
“hal,9
keras.,9
pandangannya,9
klausul,9
sekitarnya,9
segelintir,9
saeed,9
bocor,9
universal,9
pengeboman,9
tercapai,9
37,9
kebijakan.,9
bulan-bulan,9
mengikis,9
mempercayai,9
kredibilitas,9
el-sisi,9
arafat,9
yasser,9
phobos,8
"rubio,",8
penghasil,8
presenter,8
tanduk,8
"terluka,",8
"taliban,",8
audio,8
mengelilingi,8
km,8
sahel,8
"twitter,",8
cekoslowakia,8
"paris,",8
"kesulitan,",8
kerusuhan,8
kediktatoran,8
pembukaannya,8
meloloskan,8
fotografi,8
hewan.,8
liar.,8
terbakar,8
"risiko,",8
editorial,8
terdampar,8
terendam,8
sambutan,8
christian,8
sedemikian,8
foto:,8
"melakukannya,",8
"wilayahnya,",8
"lipat,",8
ikonik,8
modi,8
perkebunan,8
donor,8
doha,8
selesai.,8
"cerdas,",8
museum.,8
temukan,8
"teratur,",8
urrutia,8
qasim,8
neneknya,8
mengemis,8
terbebani,8
kanak-kanak,8
"seniman,",8
aborigin,8
patung,8
ke-21.,8
"cerita,",8
wafa,8
cipta,8
konglomerat,8
adik,8
kekayaannya,8
menelusuri,8
simpanan,8
sepertiga,8
sociedad,8
kesediaannya,8
kubu,8
pernyataannya.,8
"4,5",8
siswa.,8
"juta),",8
"medali,",8
memperumit,8
"beragam,",8
herzegovina,8
parahnya,8
vaksin.,8
sibuk,8
seringnya,8
mengoperasikan,8
perpajakan,8
legendaris,8
"visa,",8
perhotelan,8
registrasi,8
kakek,8
arena,8
imf,8
"kurdistan,",8
penerbangan.,8
"ironisnya,",8
"2005,",8
senegaranya,8
memburuk.,8
saingan,8
varian,8
geografi,8
berdaulat,8
instagram.,8
dihabiskan,8
spionase,8
d.,8
"sukses,",8
menyertakan,8
1967.,8
korps,8
"keuntungan,",8
hashem,8
pengikutnya,8
lokalisasi,8
bara,8
"hotel,",8
ditanggung,8
"2006,",8
sara,8
walid,8
terluka.,8
uangnya,8
menghitung,8
"umur,",8
artefak,8
timbal,8
"jadi,",8
merata,8
gmt,8
kekecewaan,8
prasangka,8
nasabah,8
bawang,8
st.,8
"3,5",8
berkata,8
meminjam,8
cair,8
terbaik.,8
pasar-pasar,8
penolakannya,8
temu,8
dipuji,8
kutipan,8
dikontrol,8
"perlawanan,",8
kivu,8
militan,8
ahly,8
umpan,8
dilancarkan,8
meletakkan,8
luiz,8
(di,8
polisi.,8
dmitry,8
kopenhagen,8
partikel,8
squalene,8
kamus,8
"""dar",8
universitas.,8
mutakhir,8
penculikan,8
asumsi,8
bill,8
membingungkan,8
ounce.,8
penghilangan,8
risikonya,8
rapuh.,8
poster,8
ditinjau,8
"bagram,",8
jawabannya,8
fatal.,8
ditegakkan,8
jenazahnya,8
sambungan,8
sampah.,8
perubahan.,8
maya.,8
taruhan,8
berpegang,8
meninggalnya,8
"bolivia,",8
astronomi,8
"kekeringan,",8
$14,8
"""serangan",8
kriket,8
"krisis,",8
berpendapatan,8
sirkuit,8
"normal,",8
"ringan,",8
patungan,8
delhi,8
limited,8
intermediate,8
ketidakpedulian,8
moyang,8
"dana,",8
"penipuan,",8
ekstradisi,8
disiarkan,8
kemandirian,8
kurdi.,8
"pertumbuhan,",8
hussein,8
daerah-daerah,8
perumahan.,8
kesan,8
lakukan.,8
somalia.,8
uniknya,8
ginjal.,8
jair,8
"ahmadi,",8
"domestik,",8
"ahli,",8
memberantas,8
penerapannya,8
mengoordinasikan,8
sub-sahara,8
dimainkan,8
nomaden,8
muka,8
pengertian,8
"2008,",8
"peneliti,",8
terhormat,8
indonesia.,8
nafkah,8
seniman.,8
"yunani,",8
memudahkan,8
"sekali,",8
"berabad-abad,",8
"oman,",8
jantung.,8
tersembunyi,8
referendum,8
association,8
2%.,8
"terus-menerus,",8
melumpuhkan,8
penambang,8
mengunggah,8
tikus,8
tendangan,8
berumur,8
berikan,8
"bentuk,",8
bereksperimen,8
estate.,8
triliun.,8
ditekankan,8
intim,8
peradangan,8
"tanggapannya,",8
pembuka,8
memantapkan,8
"dennis,",8
$100,8
kebohongan,8
mencegahnya,8
"pendapat,",8
logis,8
pekerjaan.,8
disiapkan,8
naim,8
makam,8
wang,8
ramai,8
matematika,8
society,8
32,8
kesiapannya,8
"kebakaran,",8
pompa,8
angkanya,8
perguruan,8
beasiswa,8
tariknya,8
gembira,8
"khartoum,",8
studio,8
transmisi,8
65%,8
menempuh,8
"mata,",8
infrastruktur.,8
"nikaragua,",8
"inklusif,",8
butuhkan,8
"perbaikan,",8
"barel,",8
langit,8
bernyanyi,8
pertambahan,8
"2000,",8
app,8
arkeolog,8
neraca,8
osama,8
istilah-istilah,8
gletser,8
mengisolasi,8
memalukan,8
ekologi,8
terkini.,8
mengebom,8
capital,8
budak,8
diajarkan,8
gunakan,8
konflik-konflik,8
dangkal,8
atmosfer,8
benak,8
aneh,8
santo,8
penyitaan,8
detik,8
contoh-contoh,8
menembus,8
brian,8
badui,8
pembalap,8
menanamkan,8
"robot,",8
kegagalannya,8
organ,8
"mental,",8
"akurat,",8
muslimin,8
pencernaan.,8
anonim,8
2016.,8
anti,8
uber,8
"rasa,",8
"historis,",8
"mengesankan,",8
didakwa,8
"arsenal,",8
melupakan,8
harapan.,8
mengkriminalisasi,8
thomas,8
"sistemik,",8
desainer,8
filosofi,8
"diketahui,",8
dr,8
mengekstraksi,8
diplomatiknya,8
cina,8
sarah,8
terakhirnya,8
membalas,8
"2,",8
kabel,8
"1,3",8
dituangkan,8
didengar,8
central,8
"zucman,",8
terduga.,8
dikelilingi,8
gelembung,8
shabab,8
gawang,8
kerahasiaan,8
penggalian,8
kedekatan,8
dipamerkan,8
al-arabiya.net,8
iii,8
"persegi,",8
“dengan,8
hemat,8
lusinan,8
“solusi,8
mengaburkan,8
ketergantungannya,8
"feminis,",8
bobot,8
klub-klub,8
menegosiasikan,8
properti.,8
park,8
"(ai),",8
"rentan,",8
diego,8
"$4,5",8
dialihkan,8
konsesi,8
inovasi.,8
tepung,8
buntu,8
penjajah,8
mendesak.,8
demografis,8
sirkulasi,8
“apa,8
keberagaman,8
buenos,8
"tadawul""",8
"2,4",8
miami,8
cucu,8
terkaya,8
"lahir,",8
deutsche,8
rafael,8
daerah.,8
"eksploitasi,",8
ismail,8
menyerap,8
madagaskar,8
rangka,8
pertiga,8
women,8
membangkitkan,8
islam.,8
foto-foto,8
"mengejutkan,",8
"kathmandu,",8
menghibur,8
generatif,8
manager,8
cristiano,8
pertahanan.,8
"ellison,",8
diduduki,8
"teman,",8
ditangguhkan,8
kronis,8
penyelenggaraan,8
kecurangan,8
japan,8
"genosida,",8
"berekspresi,",8
sarapan,8
"al-sharaa,",8
"azerbaijan,",8
"perkotaan,",8
berkuasa.,8
audiens,8
tinggal.,8
tangan.,8
kolaborasinya,8
"mesin,",8
mendeportasi,8
represif,8
diselamatkan,8
juta).,8
junior,8
genosida.,8
revolusioner,8
diintegrasikan,8
inggris),8
alarm,8
mental.,8
membuahkan,8
berabad-abad,8
rentang,8
diterapkan.,8
keaslian,8
1.200,8
melakukannya.,8
63,8
dini.,8
alaa,8
"mendukung,",8
menemui,8
panci,8
elemen-elemen,8
merendahkan,8
dilaporkan.,8
powell,8
pembuluh,8
mmk,8
domestik.,8
berperang,8
"cukup,",8
memproyeksikan,8
statusnya,8
asuhan,8
fasher,8
berkesempatan,8
diwakili,8
destinasi,8
"kemerdekaan,",8
900,8
tercermin,8
masyarakatnya,8
5-2,8
perantara,8
sepeda,8
asa.,8
"kadang-kadang,",8
komando,8
xabi,8
menyamai,8
laurent,8
pemberi,8
penitipan,8
halnya,8
witkoff,8
transaksi.,8
"17,",8
francisco,8
kebocoran,8
"al-assad,",8
pencemaran,8
"penjualan,",8
berkali-kali,8
keduanya.,8
komunis,8
diakibatkan,8
sabtu.,8
pembangkang,8
fasilitasi,8
perburuhan,8
hierarki,8
nurani,8
wasit,8
terpanjang,8
mengatasinya.,8
sarkozy,8
dibayangkan,8
"champions,",8
sabar,8
menyewa,8
kemauan,8
kira-kira,8
meredam,8
bergema,8
dalamnya.,8
ukur,8
fasilitas-fasilitas,8
dikonfirmasi,8
andrew,8
ekstrim,8
korupsi.,8
hamil,8
akademi,8
operasional.,8
depresiasi,8
dipekerjakan,8
ingatan,8
pembangkitan,8
utuh,8
bertabrakan,8
"kritis,",8
refleksi,8
bbc,8
terselesaikan,8
"moskow,",8
swedia,8
disetujui.,8
180,8
(bank,8
mempersenjatai,8
terpecah,8
menembakkan,8
ramadan,8
"georgia,",8
resminya,8
gadis-gadis,8
nigeria.,8
kedudukan,8
"buku,",8
berkomentar,8
"kehancuran,",8
"bagian,",8
penelitian.,8
memikat,8
md,8
hana,8
benar.,8
"ii,",8
inklusi,8
masoud,8
melontarkan,8
"bertahap,",8
aplikasi.,8
kebijakannya,8
akrilik,8
kekecewaannya,8
ramuan,8
pertemuannya,8
"bayi,",7
foundation,7
nick,7
bertanding,7
kertas.,7
"university,",7
udaranya,7
penyelamat,7
ijazah,7
dimulai.,7
seluruhnya,7
singkat.,7
"teknik,",7
pernikahan.,7
le,7
"aplikasi,",7
"pinjaman,",7
othman,7
ditemani,7
"ke-20,",7
75%,7
novel,7
kafe,7
"sekitarnya,",7
sederhana.,7
berkapasitas,7
sosialnya,7
menerangi,7
uea.,7
kehangatan,7
samsung,7
"sendirian,",7
gamal,7
"pendukung,",7
mencegat,7
"2012,",7
massal.,7
95,7
tema-tema,7
"populasi,",7
kane,7
sari,7
kasta,7
terang,7
"(jerman,",7
dipelopori,7
klubnya,7
mendadak,7
italia.,7
alonso,7
florida,7
spanduk,7
provinsi.,7
kasihnya,7
"pembelian,",7
sorotan,7
brentford,7
"struktural,",7
bertuliskan,7
kami.”,7
terbentuknya,7
kekaguman,7
2010,7
deras,7
"yahudi,",7
kremlin,7
kosong.,7
ajaib,7
"mengklarifikasi,",7
monaco,7
berguna,7
"tambahnya,",7
memperkaya,7
"penurunan,",7
ekonominya.,7
“teh,7
atlas,7
skeptisisme,7
prasyarat,7
"dua,",7
kalender,7
sewenang-wenang,7
larut,7
kr:,7
"perbatasan,",7
kebebasan.,7
diaktifkan,7
stoxx,7
melissa,7
luas:,7
"olahraga,",7
penggemarnya,7
kepentingan.,7
lanka,7
kemenangannya,7
semoga,7
2007,7
2008,7
"penahanan,",7
kedok,7
college,7
miran,7
"bilateral,",7
"lambat,",7
"kelola,",7
"berbicara,",7
pedang,7
"produk,",7
"0,2%",7
gu,7
ahmadi,7
fosil,7
stereotip,7
kesatuan,7
merancang,7
"lsm,",7
tempat-tempat,7
keempat.,7
chp,7
"dipenjara,",7
layanan.,7
"1989,",7
"baja,",7
berargumentasi,7
ukurannya,7
angkutan,7
$100.000,7
berpisah,7
menormalisasi,7
acuan,7
"terpisah,",7
sciences,7
euthanasia,7
kejaksaan,7
pirapora,7
"pembunuhan,",7
"kebenaran,",7
"dembele,",7
relokasi,7
"pengiriman,",7
"""deklarasi",7
beroperasi.,7
bentuknya,7
menodai,7
tadi,7
"1990an,",7
wilayahnya.,7
pengadilan.,7
pemantau,7
lilin,7
bidang.,7
mandi,7
domba,7
"pengacara,",7
cerita.,7
"paten,",7
terwujud.,7
62,7
30-an,7
"berita,",7
berkala,7
"united,",7
obama,7
pengkritik,7
diseduh,7
"bahrain,",7
"mudah,",7
khayalan,7
no.,7
berhaluan,7
as),7
"peserta,",7
musiman,7
saraf,7
"kejahatan,",7
"atlantik,",7
dinamis.,7
egx,7
kohesi,7
"kelima,",7
offline.,7
fitch,7
menonjol.,7
georgian,7
habis,7
privasi.,7
etis,7
230.000,7
“bahkan,7
ortodoks,7
sensus,7
johnson,7
"0,4%",7
"sentral,",7
"1948,",7
perjuangannya,7
berbayar,7
kebijakan-kebijakan,7
keluarganya.,7
thermal,7
kekosongan,7
lelucon,7
"namanya,",7
antioksidan,7
cintai.,7
indikator-indikator,7
"capital,",7
"satelit,",7
menelepon,7
politiknya.,7
"singkatnya,",7
tangga.,7
realistis,7
"bersama-sama,",7
"murdoch,",7
"jabatannya,",7
tegang,7
ketidakhadiran,7
keharmonisan,7
terminal,7
bukannya,7
kuno.,7
"lelah,",7
"susu,",7
"rudal,",7
"""anda",7
bermerek,7
entitas-entitas,7
2035.,7
berkoordinasi,7
keranjang,7
badr,7
pro-pemerintah,7
kandungan,7
masyarakatnya.,7
14%,7
pelancong,7
"pernikahan,",7
tadinya,7
kontraksi,7
keputusan-keputusan,7
industrial,7
argentina.,7
mandiri.,7
bank.,7
seberat,7
gram.,7
dulu,7
diam.,7
diangkat,7
samadov,7
"ikan,",7
"bahaya,",7
afiliasi,7
"mengungkapkan,",7
setibanya,7
"sumber,",7
39,7
berekspresi.,7
managing,7
digelar,7
yerba,7
keajaiban,7
lain:,7
"buah-buahan,",7
inr,7
deforestasi,7
ditingkatkan,7
inácio,7
kuning,7
helium,7
bermunculan,7
fadel,7
lain;,7
quo,7
depannya.,7
adopsi,7
meninggal.,7
"aset,",7
karyawan.,7
keuntungan.,7
ditangkap.,7
inflasi.,7
terulangnya,7
letak,7
"kristen,",7
unesco,7
"politis,",7
penyeimbang,7
biksu,7
diriku,7
"badai,",7
mempresentasikan,7
susunan,7
"remaja,",7
pengkhianatan,7
signifikansi,7
menyerbu,7
secangkir,7
"sambutannya,",7
tobago,7
penjualan.,7
belarusia,7
stock,7
carolyn,7
"pesat,",7
news.,7
triwulanan,7
ilusi,7
mitos,7
nasa,7
67,7
permanen.,7
phk,7
memandangnya,7
hiburan.,7
intimidasi,7
bulu,7
yanbian,7
pulau-pulau,7
"uruguay,",7
"baterai,",7
gilirannya,7
yakni,7
tercapainya,7
senjata-senjata,7
kontraknya,7
temui,7
warga.,7
ransomware,7
kevorkova,7
bermimpi,7
mendorongnya,7
situasi.,7
"zamalek,",7
didesak,7
objek,7
paulo,7
risiko.,7
relevan.,7
jurnal,7
pembelaan,7
"masa,",7
"migrasi,",7
"televisi,",7
kanselir,7
pengembang.,7
stimulus,7
"direncanakan,",7
berkshire,7
maret.,7
generator,7
artileri,7
"bantuan,",7
tercinta,7
"goma,",7
$400,7
international.,7
"anggota,",7
sahara,7
"angeles,",7
multilateral,7
1%.,7
galeri,7
memverifikasi,7
mahir,7
"relevan,",7
"mereka.""",7
membandingkannya,7
dihitung,7
dilaksanakan.,7
al-saqqa,7
kesehatannya,7
menanam,7
toleransi,7
kanal,7
"otomatis,",7
“dia,7
mossad,7
ramadhan,7
terverifikasi,7
perkotaan.,7
"austria,",7
kepemilikannya,7
"persahabatan,",7
meracuni,7
nasaf,7
aktivasi,7
didefinisikan,7
sejarawan,7
terkenal.,7
"sampah,",7
kompleks.,7
reaksinya,7
biometrik,7
relawan,7
teritorial,7
kontras,7
menatap,7
ryder,7
mewarisi,7
dihilangkan,7
kontributor,7
partisipan,7
"dilaksanakan,",7
berjalan-jalan,7
disurvei,7
"viral,",7
"kesempatan,",7
kemurahan,7
mengadvokasi,7
pantai.,7
"2,7%",7
ditolak.,7
runtuh.,7
"berwenang,",7
migrasi.,7
unsur-unsur,7
kroasia,7
ketegangan.,7
dikembalikan,7
kamal,7
bulat,7
radikal,7
saatnya,7
dijanjikan,7
mengira,7
memandu,7
"final,",7
punah,7
jose,7
kemerosotan,7
hipotetis,7
mengontrol,7
kepadatan,7
"peru,",7
"raya,",7
mahal.,7
pm,7
repatriasi,7
diedit,7
blog,7
globalnya.,7
lanjutan,7
"panama,",7
(imf),7
luar.,7
"pon,",7
berkinerja,7
kesinambungan,7
universitas-universitas,7
"mungkin,",7
stabilitas.,7
bundel,7
pergelangan,7
hasil.,7
manfaatnya,7
senjatanya,7
stigma,7
"berkurang,",7
"karyanya,",7
"kanvas,",7
miskin,7
moskow.,7
"detik,",7
"santos,",7
ekspornya,7
kelembapan,7
"1994,",7
emas.,7
"i,",7
elizabeth,7
2-1,7
bersamanya,7
mil),7
mempublikasikan,7
penodaan,7
harganya,7
terkesan,7
diterima.,7
musim.,7
buruknya,7
"""dia",7
al-khorayef,7
perpesanan,7
percobaan,7
misalnya,7
daya.,7
militernya,7
"ketika,",7
"angkasa,",7
ritme,7
said,7
dikejutkan,7
diskon,7
vida,7
"kesedihan,",7
arthur,7
anjlok,7
membagi,7
melihatnya,7
der,7
"punjab,",7
"miami,",7
perampasan,7
meresahkan,7
"diterbitkan,",7
yonhap.,7
"tajam,",7
diktator,7
cukup.,7
juan,7
klinik,7
suram,7
pribumi.,7
entah,7
"0,3%,",7
servis,7
bit,7
belahan,7
"akademisi,",7
"menangis,",7
mozambik,7
2000,7
pengampunan,7
durov,7
brent,7
menguji,7
optimal,7
gangguan.,7
eceran,7
definisi,7
von,7
"maya,",7
"otomotif,",7
"california,",7
"kelelahan,",7
"opini,",7
1.500,7
adaptasi,7
pendinginan,7
"esmeraldas,",7
pkk,7
eksodus,7
revisi,7
gas.,7
diklaim,7
dewa,7
didampingi,7
kariernya,7
"muncul,",7
ekstra,7
"tembaga,",7
"etnis,",7
pemberantasan,7
setelahnya.,7
konversi,7
alasannya,7
icj,7
3%.,7
ibadah,7
postur,7
bola.,7
"bertahan,",7
nol,7
diumumkan.,7
terenkripsi,7
ke-20,7
fund,7
didenda,7
padanya,7
terkepung,7
diturunkan,7
oman.,7
bergejolak,7
"musim,",7
40.000,7
menantang.,7
"untungnya,",7
persaudaraan,7
california-los,7
"permanen,",7
cengkeh,7
penulisan,7
"kelompok,",7
"batu,",7
kerap,7
brussels,7
$6,7
perunggu.,7
rekonsiliasi.,7
abadi.,7
"penyiksaan,",7
"dinar,",7
jagung,7
pecah,7
"berbulan-bulan,",7
palestina.”,7
rwanda,7
shorouk,7
matang,7
180.000,7
"sandera,",7
impor.,7
menaruh,7
alpukat,7
suaminya,7
"swiss,",7
"singapura,",7
saluran-saluran,7
kelalaian,7
nyawa.,7
setinggi,7
perwujudan,7
(nama,7
apapun,7
debut,7
sistematis.,7
sabotase,7
perundang-undangan,7
84,7
merekam,7
ikon,7
"statistik,",7
menyuntikkan,7
"jelasnya,",7
verstappen,7
"henti,",7
muzaffargarh,7
m.,7
berlisensi,7
"whatsapp,",7
buletin,7
kapasitasnya,7
kairo.,7
"0,2%,",7
"penyimpanan,",7
beranggotakan,7
"luka-luka,",7
"pembayaran,",7
langsungnya,7
"kemajuan,",7
redaksi,7
"darfur,",7
cerdas.,7
"dasarnya,",7
mengabadikan,7
yordania.,7
"komputer,",7
diminum,7
emirates,7
"keluarganya,",7
palet,7
kajian,7
big,7
4.000,7
mars.,7
"yerusalem,",7
meluas.,7
darinya,7
hebat,7
versus,7
"mengungsi,",7
7.000,7
literasi,7
kontemporer.,7
sketsa,7
mengibarkan,7
menarik.,7
samir,7
paralimpiade,7
"sekuler,",6
$300,6
acv,6
final.,6
tenggat,6
gambia,6
ganti,6
catalan,6
dialek,6
"tertinggi,",6
"situasi,",6
itamar,6
"terselesaikan,",6
madbouly,6
pilihan.,6
kualitatif,6
surplus,6
berlanjutnya,6
"reformasi,",6
$5,6
"pergi,",6
pemanasan,6
bunganya,6
familiar,6
"3,7",6
"""semua",6
strateginya,6
$2,6
$500,6
implisit,6
disambut,6
waspada,6
"perubahan,",6
editor,6
"kolonial,",6
"0,5%",6
"(dpa),",6
menghilang,6
sandera.,6
"alexandria,",6
frasa,6
"keempat,",6
un,6
"neneknya,",6
"2,9%",6
habitat,6
2009,6
santos,6
umur.,6
jamaika.,6
tersingkirnya,6
"center,",6
"terampil,",6
"intensif,",6
bayangkan,6
"sastra,",6
jelas-jelas,6
"arabiya.net,",6
(sebelumnya,6
20%.,6
"teater,",6
"atau,",6
"""namun,",6
"masalah,",6
amunisi,6
yakini,6
kewenangan,6
kendaraannya,6
kehidupannya,6
kekuatan.,6
public,6
terus-menerus.,6
vertikal,6
"swedia,",6
penghormatan,6
tehnya,6
kuburan,6
jack,6
keandalan,6
tepuk,6
selebriti,6
perempuannya,6
berfungsinya,6
pepohonan,6
golf,6
legal,6
“meskipun,6
konsekuensinya,6
pemusnahan,6
produksi.,6
fasih,6
bermitra,6
menyita,6
terbentang,6
syuting,6
"praktiknya,",6
geologi,6
poor's,6
"melanjutkan,",6
liberal,6
post,6
israel?,6
moral.,6
"urrutia,",6
"minoritas,",6
"""mekanisme",6
kabarnya,6
besar-besaran.,6
"pengangguran,",6
"machado,",6
haaland,6
"ketegangan,",6
bermasalah,6
"uganda,",6
"keselamatan,",6
"sebenarnya,",6
merebus,6
[…],6
verbal,6
draf,6
publiknya,6
pengorganisasian,6
(kira-kira,6
nyaris,6
chris,6
baltik,6
guardiola,6
selanjutnya.,6
membeberkan,6
botol,6
construction,6
penggembala,6
jessica,6
2.,6
"spot,",6
salem,6
menstruasi,6
188,6
"mewah,",6
"kehilangan,",6
"peluang,",6
agak,6
ditransfer,6
timnya.,6
assad.,6
berdarah,6
aborsi,6
paris.,6
hamad,6
"tugas,",6
"segar,",6
corona,6
"berubah,",6
a.s.,6
icc,6
warraq,6
ham,6
beruntung,6
perjalanan.,6
"nama,",6
jorge,6
presiden.,6
kolega,6
"tarif,",6
kucing,6
"unit,",6
7%,6
residensi,6
pragmatis,6
khyber,6
gejala-gejala,6
sayang,6
melahirkan,6
autisme.,6
"2029,",6
kedekatannya,6
"tahunan,",6
melunasi,6
dirahasiakan.,6
muslimin.,6
terhadapnya.,6
"lengkap,",6
murni,6
parlemen.,6
linguistik,6
hugo,6
"komunikasi,",6
transportasi.,6
pemenuhan,6
menggusur,6
"besok,",6
"kelembagaan,",6
kreasi,6
bengali,6
rangkaian,6
ursula,6
anggaran.,6
auckland,6
diperbarui,6
fn:,6
tersebut?,6
undang-undang.,6
nicolas,6
2018.,6
"assam,",6
inovatif.,6
delcy,6
index,6
resolusi-resolusi,6
"madagaskar,",6
kotanya.,6
kepadanya.,6
pilar,6
iuran,6
"menguntungkan,",6
"total,",6
kemunculan,6
dekatnya.,6
mengungsi.,6
syariah,6
"tinah,",6
kolam,6
kepuasan,6
visual.,6
bakar.,6
konvensional.,6
merayakannya,6
"kerugian,",6
leyen,6
organisasinya,6
manufaktur.,6
"2%,",6
starmer,6
j.d.,6
lavrov,6
penumpang.,6
berbahan,6
klasifikasi,6
turut,6
"pemuda,",6
53,6
berkualitas.,6
gigawatt.,6
memodernisasi,6
kepergiannya,6
"ibunya,",6
commons,6
lake,6
ditegaskan,6
mendesaknya,6
"pejabat,",6
wikipedia,6
"""hal",6
terpilihnya,6
kehabisan,6
lupa,6
tajam.,6
"indeks,",6
masalah.,6
"belajar,",6
alamat,6
melucuti,6
akuntansi,6
"etis,",6
"kesadaran,",6
"kepala,",6
caroline,6
diambil.,6
"kegembiraan,",6
without,6
borders,6
"telegram,",6
ambisiusnya,6
satupun,6
pasarnya,6
opec,6
pecahan,6
lancar,6
ibnu,6
rasisme,6
rakyatnya,6
berdasar,6
spektrum,6
mengasuh,6
dominan,6
"institusional,",6
tepian,6
petenis,6
terjual,6
drone.,6
sistem.,6
bertenor,6
1989,6
khella,6
pelukis,6
pemerasan,6
persen),6
kuantitas,6
"bendungan,",6
disertakan,6
meledak,6
film.,6
rummenigge,6
jalanan.,6
"martabat,",6
administrasi.,6
"pelatihan,",6
sam,6
organik,6
penggambaran,6
berpikiran,6
kashmir,6
"ketenagakerjaan,",6
digitalisasi,6
nyaman.,6
rambut.,6
"hongaria,",6
"al-shaibani,",6
"tetangga,",6
antónio,6
april.,6
kushner,6
kylian,6
gol.,6
kepuasannya,6
kosta,6
camp,6
peretasan,6
memprovokasi,6
lingkup,6
lautan,6
dirusak,6
salinan,6
psikolog,6
risiko-risiko,6
penayangan,6
kebenaran.,6
sidi,6
"phobos,",6
fregat,6
berpakaian,6
wh:,6
optimis,6
"istrinya,",6
atlético,6
menuai,6
jejaring,6
penyesalan,6
koleksinya,6
rak,6
dikategorikan,6
"ancaman,",6
70%,6
lapis,6
3%,6
menjauh,6
kelancaran,6
"gading,",6
"lebih,",6
zuckerberg,6
"berlin,",6
implementasinya,6
ghana.,6
mengepung,6
kegelisahan,6
semester,6
"penonton,",6
"pelecehan,",6
implikasinya,6
"0,9%,",6
berabad-abad.,6
800.000,6
"musuh,",6
pergi.,6
pihak.,6
hasina,6
hegemoni,6
augmented,6
"mendasar,",6
keringat,6
kain,6
huruf,6
svrzo,6
"megawatt,",6
diketahui.,6
menguatkan,6
“tetapi,6
penghubung,6
teko,6
mata-mata,6
penduduknya.,6
"rumput,",6
cemerlang,6
merehabilitasi,6
1.300,6
"bandara,",6
kolonial.,6
terdekat.,6
menteri.,6
melenyapkan,6
terdengar,6
akomodasi,6
"0,1%",6
kakek-nenek,6
kinerjanya,6
pengecekan,6
martin,6
keanggotaan,6
capai,6
ditanggapi,6
akrab,6
tagihan,6
aroma,6
"sanaa,",6
"hasina,",6
dilahirkan,6
"dengannya,",6
patroli,6
ketidaknyamanan,6
pkr,6
diubah.,6
penyempurnaan,6
pelabelan,6
kubik.,6
pidana.,6
"ons,",6
57,6
sharif,6
rumit.,6
ringkasan,6
membimbing,6
brooks,6
"muslimin,",6
"rabbani,",6
globalnya,6
adam,6
disalahartikan,6
portugal.,6
kevin,6
jared,6
rustaveli,6
lewis,6
"banyak,",6
direkrut,6
memprihatinkan,6
dikucilkan,6
ekstrem.,6
lipat.,6
"penindasan,",6
omar,6
menyembuhkan,6
deskripsi,6
diandalkan.,6
diukur,6
menyinggung,6
instalasi,6
memohon,6
direvisi,6
tembak,6
platform-platform,6
pangan.,6
mula,6
filipina,6
penetrasi,6
"masuk,",6
labu,6
waller,6
produk.,6
tekstil,6
"bersih,",6
tarian,6
prakiraan,6
"paulo,",6
dipastikan,6
rodríguez,6
saleh,6
berkepanjangan.,6
humor,6
"suram,",6
fajar,6
exchange,6
"perkiraan,",6
peperangan.,6
saint,6
komunitas-komunitas,6
berdekatan,6
74,6
"michigan,",6
ma'aden,6
dibesarkan,6
"bermain,",6
"1,5%",6
bukunya,6
padanya.,6
pemicu”,6
al-sham,6
"benzema,",6
berbaris,6
"ali,",6
lahir.,6
"ounce,",6
rahbani,6
gaun,6
benfica,6
melegitimasi,6
kantor-kantor,6
kotamadya,6
open,6
barrack,6
lambung,6
pohon-pohon,6
tahanan.,6
35%,6
"sensitif,",6
masukan,6
joão,6
sinilah,6
"depresi,",6
ketidakpatuhan,6
diperbaiki,6
daniel,6
telur,6
demam,6
"kuning,",6
"pihak,",6
dekriminalisasi,6
selera,6
melangkah,6
kaitan,6
jude,6
"dilaporkan,",6
memboikot,6
kemacetan,6
"administrasi,",6
dipecat,6
hutan.,6
pergolakan,6
bersyukur,6
retensi,6
(dari,6
"pezeshkian,",6
"hiburan,",6
"gol,",6
pionir,6
"negara,”",6
terbaiknya,6
"tercatat,",6
"tahun),",6
director,6
diam-diam.,6
"kompetitif,",6
sinematik,6
"chad,",6
thame,6
rima,6
pelanggaran.,6
"social,",6
nasdaq,6
kanada.,6
"keputusan,",6
kedamaian,6
sentuhan,6
menggalang,6
diamnya,6
larijani,6
komunikasi.,6
"sistematis,",6
mengajak,6
"podcast,",6
menggantinya,6
paulo.,6
industrialisasi,6
surya.,6
rintisan,6
1-1,6
105,6
ati,6
"tahu,",6
faktanya,6
truth,6
kebahagiaan,6
israel-palestina,6
menepis,6
dianut,6
oregon,6
"berpendapat,",6
penjelajah,6
penghuni,6
dieksploitasi,6
"sayuran,",6
"kepemimpinan,",6
pechat,6
andalan,6
terselesaikan.,6
bayar,6
profitabilitas,6
"plastik,",6
mubarak,6
"nil,",6
"tokyo,",6
"bulanan,",6
terampil.,6
terjalin,6
ditinggalkan,6
pete,6
"masjid,",6
"texas,",6
"wanita,",6
sweida,6
berjarak,6
merdeka.,6
"perangkat,",6
terhadapnya,6
yurisdiksi,6
turbin,6
disediakan,6
"ingatan,",6
berpura-pura,6
hantu,6
angin.,6
bijaksana,6
pv,6
"akuntabilitas,",6
informal.,6
"resminya,",6
verse,6
"pikiran,",6
gcc,6
"journal,",6
peminjam,6
lindung,6
dikemukakan,6
serbia,6
röpke,6
logistik.,6
syarat-syarat,6
teman-temannya,6
didistribusikan,6
"gagal,",6
pemasangan,6
diakhirinya,6
sloboden,6
"""perang",6
dream,6
berketerampilan,6
harmonis,6
tanggap,6
13%,6
mengecat,6
estonia,6
tim-tim,6
putrinya,6
"puluhan,",6
pertanyaannya,6
disponsori,6
unit.,6
"2003,",6
"farhan,",6
pengaktifan,6
38,6
klinis,6
kekebalan,6
makkah,6
tarif.,6
diakhiri,6
"muhammad,",6
(baik,6
"sasaran,",6
basah,6
melelahkan,6
"farmasi,",6
padahal,6
penindasan.,6
ruben,6
"""apakah",6
tidak.,6
"serbia,",6
kennedy,6
(…),6
pers.,6
expo,6
palsu.,6
"zaki,",6
diadili,6
bengkel,6
gambarannya,6
80%.,6
saud,6
melemparkan,6
holding,6
titanium,6
"uzbekistan,",6
bagus,6
"(prancis,",6
amnesti,6
safa,6
ziarah,6
"kritik,",6
“pemerintah,6
kekuatan-kekuatan,6
“hadiah,6
kabul,6
panti,6
rendahnya,6
benda-benda,6
diet,6
saint-germain.,6
msci,6
20-an,6
paten,6
menopang,6
dihindari,6
swiss.,6
maju.,6
keberhasilannya,6
"puncak,",6
syura,6
penelusuran,6
"ketidakpastian,",6
al-shaibani,6
pembubaran,6
"starlink,",6
rumania,6
palestina”,6
narkoba.,6
"standar,",6
meramalkan,6
penerapannya.,6
"50%,",6
segera.,6
"praktis,",6
makmur,6
art,6
makalah,6
beralasan,6
"mematikan,",6
pemakzulan,6
istana,6
"kemenangan,",6
taktis,6
mengklasifikasikan,6
"pribumi,",6
kontes,6
"jalanan,",6
guinea,6
"thailand,",6
penuhnya,6
urgensi,6
issam,6
"terpadu,",6
sekembalinya,6
felipe,6
marwan,6
"kopi,",6
"solidaritas,",6
youtube.,6
dewasa.,6
marseille,6
buffett,6
pariwisata.,6
menyerupai,6
marginal,6
penggeledahan,6
"inovatif,",6
terciptanya,6
saliba,6
trofi,6
mudah.,6
"harinya,",6
pengambil,6
balas,6
30%.,6
william,6
pavel,6
“deklarasi,6
menurun.,6
"muslim,",6
mengoptimalkan,6
dembélé,6
terhenti.,6
"tesla,",6
fgm,6
normal.,6
"universal,",6
"dirham,",6
300.000,6
dipasok,6
penurunan.,6
arabiya.net/al,6
pengasingan.,6
memarian,6
(om):,6
genting,6
"""riyadh",6
pep,6
corp,6
menugaskan,6
"tiba,",6
2005,6
memberontak,6
milimeter,6
dell,6
lewat,6
mustafa,6
busa,6
rasakan,6
pasifik,6
sasaran.,6
iman,6
nuansa,6
hongaria,6
terwujud,6
(mou),6
independensi,6
karpet,6
"benin,",6
"adalah,",6
kreatif.,6
"mentah,",6
kepanikan,6
pemutaran,6
ke-19,6
"3,8%",6
sendiri:,6
tertundanya,6
omid,6
dukungan.,6
lobi,6
pop,6
muatan,6
petro,6
rna:,6
"pelanggan,",6
kerumunan,6
motif,6
penghidupan,6
"slovenia,",6
"dahulu,",6
niger.,6
tc:,6
katolik,6
paksa.,6
jae-myung,6
"arafat,",6
dibarengi,6
memesan,6
dicap,6
terorisme.,6
makhluk,6
gvir,6
karun,6
"masing-masing,",6
"šutar,",6
diharapkan.,6
burnley,6
"""jalan",6
pelari,6
berarti.,6
tengah-tengah,6
ekstremisme,6
"taif,",6
ditembak,6
diselesaikan.,6
"persen),",6
kilang,6
rock,6
nazi,6
aamir,6
penguasaan,6
lembar,5
"tertutup,",5
prosesnya.,5
"asa,",5
"ekstremis,",5
pemikir,5
pengusiran,5
non,5
penyimpangan,5
"3,3%",5
"pelanggaran,",5
"pemukiman,",5
non-pemerintah,5
58,5
henti-hentinya,5
mei.,5
"republik,",5
"senior,",5
penipu,5
"feminisme,",5
swasembada,5
mekong,5
al-arabiya/al-hadath,5
"dominika,",5
"penyakit,",5
permasalahannya,5
"raouche,",5
ke-13,5
langka.,5
makar,5
"putranya,",5
"tekad,",5
"ras,",5
kampus,5
ditulis.,5
"pakaian,",5
"brussels,",5
"segera,",5
dianiaya,5
pembayaran.,5
perubahan-perubahan,5
jabatannya.,5
bagian.,5
understanding,5
6%,5
konten.,5
membiayai,5
memihak,5
(foto,5
"pengembang,",5
"doha,",5
“bagaimana,5
"terdesentralisasi,",5
"jadwal,",5
"petani,",5
pyramids,5
mengosongkan,5
37%,5
"1990,",5
hukuman.,5
30.000,5
"dialog,",5
pertemuan-pertemuan,5
pejabat.,5
hindu,5
timpalannya,5
j.,5
tulis,5
tylenol,5
didiagnosis,5
"konteks,",5
kostum,5
"dirilis,",5
salju,5
"saydnaya,",5
peledak,5
(gcc),5
"berani,",5
milenium,5
"hal,",5
sydney,5
terkemuka.,5
rami,5
roshen,5
pengatur,5
"tertindas,",5
"melimpah,",5
menemani,5
druze.,5
jalannya,5
bali,5
runtuh,5
"revolusi,",5
multibahasa,5
feminisme,5
horor,5
plan,5
kebangsaan,5
hayan,5
schumer,5
negara.”,5
kabul.,5
acak,5
pembacaan,5
kalori,5
"dibuat,",5
"salam,",5
penurun,5
penanaman,5
melekat,5
"visual,",5
"desa,",5
zat-zat,5
“jihad,5
janji-janji,5
longsor,5
maha,5
"kritikus,",5
morrissey,5
sky,5
tekstur,5
sedih,5
dipadukan,5
"barang,",5
mendasar.,5
"""orang",5
menghantui,5
"isfahan,",5
amati,5
"privasi,",5
santiago,5
biji,5
terminologi,5
keretakan,5
diinginkan.,5
baik-baik,5
ottoman.,5
angsuran,5
750,5
biologis,5
“sebagian,5
"asli,",5
1967,5
yurt.,5
roket,5
angkasa.,5
fesyen,5
cuplikan,5
"kenaikan,",5
bertaruh,5
"tangguh,",5
otentik,5
kekuasaan.,5
“satu,5
menumpuk,5
menaiki,5
dipenuhi.,5
pelantikan,5
terpuruk,5
maret):,5
menggandakan,5
ulama,5
pemerintahannya.,5
howard,5
bangunan-bangunan,5
pendudukan.,5
kepraktisan,5
"belas,",5
neuralink,5
dipresentasikan,5
"baik,”",5
pager,5
menindaklanjuti,5
"khawatir,",5
18%,5
dialirkan,5
olahraga.,5
"ujian,",5
"kilometer,",5
"prestasi,",5
setuju.,5
putih”,5
mobilitas,5
diblokir,5
"gilirannya,",5
ultra-tipis,5
protagonis,5
"1985,",5
"4,8",5
"gigawatt,",5
"miliar),",5
kasat,5
neutrino,5
64,5
berkendara,5
"aerospace,",5
“a,5
"aleppo,",5
demiliterisasi,5
rosatom,5
biologi,5
terputus,5
rusaknya,5
"4,5%",5
"habis,",5
bnp,5
ideal,5
"bitcoin,",5
ruang-ruang,5
homo,5
pengeras,5
pencalonan,5
"ramai,",5
hayoun,5
spekulatif,5
selat,5
sanaa,5
jaringan.,5
"ritel,",5
"bensin,",5
pelakunya,5
"(somo),",5
isi,5
*,5
nitrogen,5
"fosfat,",5
"sdf,",5
kripto.,5
berorientasi,5
mengemukakan,5
sendirian.,5
"benda,",5
kas,5
plaza,5
real-time,5
1988.,5
tor,5
tadawul.,5
mengkonsolidasikan,5
konsistensi,5
naiknya,5
"chelsea,",5
mustahil.,5
jeffrey,5
"pembatasan,",5
bambu,5
(pmi),5
"al-riyadh,",5
berasumsi,5
amin,5
fashion,5
multi-pemangku,5
"vance,",5
8%,5
goresan,5
"linen,",5
kitab,5
"marah,",5
josé,5
resep,5
sms,5
dilontarkan,5
"nasrallah,",5
diasingkan,5
"arsitektur,",5
menuduhnya,5
"fifa,",5
buka,5
"1980-an,",5
inci,5
dicapai.,5
diekspor,5
nations,5
segitiga,5
rasa.,5
unicorn,5
miliki,5
belarus,5
direkomendasikan,5
kiriman,5
80.000,5
tersebut:,5
riil,5
"pasti,",5
kepekaan,5
sinner,5
sesudah,5
melompat,5
modal.,5
medvedev,5
dikesampingkan,5
pisau,5
"angola,",5
s&p,5
eid,5
berlabuh,5
konvoi,5
trotoar,5
"diinginkan,",5
kazakh,5
pinggir,5
rusia-tiongkok,5
"(misalnya,",5
on,5
lain-lain.,5
chief,5
secercah,5
suram.,5
benua.,5
"berpikir,",5
bellingham,5
"konsultasi,",5
palestina;,5
2.500,5
berpihak,5
"kontemporer,",5
menyatu,5
kelas.,5
penjara-penjara,5
arzu,5
"moneter,",5
"diantaranya,",5
"perbandingan,",5
"hamil,",5
sekalipun,5
kebisingan,5
kepemimpinannya,5
marginalisasi,5
"hati-hati,",5
"nilai,",5
peraih,5
putin.,5
"15%,",5
memukul,5
15.000,5
awalnya.,5
kasusnya,5
datangnya,5
"kapal,",5
"geografi,",5
"dubai,",5
"pendudukan,",5
rial,5
kenegaraan,5
cedera.,5
sawiris,5
penganut,5
"semifinal,",5
ketebalan,5
terberat,5
uskup,5
mengobarkan,5
"sánchez,",5
ti,5
bazaar,5
omri,5
pankreas.,5
rusak.,5
ketidaktahuan,5
dihentikan.,5
dibayangi,5
darat.,5
tekan,5
ditarik,5
united.,5
nyanyian,5
rintangan,5
friedrich,5
pengamanan,5
nadezhda,5
1974,5
bahasa.,5
desakan,5
jaraknya,5
"klik,",5
terlama,5
ligamen,5
"dampaknya,",5
tangguh.,5
tbilisi,5
"pendahulunya,",5
al-ali,5
membocorkan,5
kebetulan,5
"al-din,",5
identitas.,5
"diantisipasi,",5
mousa,5
meritokrasi,5
egypt,5
tegas.,5
tesla.,5
mereka:,5
reality,5
"sebagian,",5
dibayarkan,5
penggantian,5
"$2,3",5
cobaan,5
3-1,5
hernandez,5
kouta,5
energinya,5
"direksi,",5
merindukan,5
"orang-orang,",5
sesungguhnya,5
kerumitan,5
menlu,5
gerai,5
pengecer,5
revolusi.,5
besar:,5
"qashghai,",5
berlalu.,5
"terkendali,",5
pengantar,5
"lanka,",5
minoritas.,5
"hayoun,",5
bangladesh”,5
sesuai.,5
terstruktur,5
unhcr,5
lompat,5
darinya.,5
diagnostik,5
pemulangan,5
mengartikulasikan,5
lockdown,5
utilitas,5
nikmat,5
unik.,5
formulir,5
"politiknya,",5
pendistribusian,5
libya.,5
supermarket,5
2006,5
"x,",5
solar,5
"jarang,",5
dikepung,5
setahun.,5
france-presse,5
valuta,5
riwayat,5
"bersatu,",5
"salvador,",5
"1,",5
"dinamis,",5
berevolusi,5
kompatibilitas,5
kematiannya.,5
"terdaftar,",5
"empati,",5
perpisahan,5
"baginya,",5
ancaman.,5
"foundation,",5
macbook,5
bayang-bayang,5
"barunya,",5
alberto,5
dipanggil,5
fantasi,5
desainnya,5
knock,5
brigade,5
inklusivitas,5
"berdampingan,",5
sarma,5
270,5
“sangat,5
benang,5
jahitan,5
adnoc,5
12%,5
california,5
aktif.,5
gantung,5
arizona,5
"diperkaya,",5
goma,5
erling,5
menyiarkan,5
"rika,",5
barack,5
sweilem,5
"keheningan,",5
baru:,5
lagu-lagu,5
genre,5
mesin.,5
tal,5
condong,5
"cipta,",5
isinya,5
debu,5
"5,6%",5
"partai,",5
berlayar,5
ketenaran,5
perkataan,5
afp,5
karya-karyanya,5
el-din,5
khartoum.,5
sakit.,5
kebanggaannya,5
"optus,",5
faktor.,5
rasial,5
dua.,5
kental,5
bilang,5
"semen,",5
tugasnya,5
"kabul,",5
biden.,5
"diperbarui,",5
helikopter,5
plafon,5
berbeda-beda.,5
aoun,5
"6-3,",5
reporters,5
aswan,5
gpt,5
"menyebar,",5
dicirikan,5
mengajari,5
penglihatan,5
dicari,5
cc,5
cederanya,5
"""solusi",5
petrokimia,5
"pemboman,",5
"benua,",5
$40,5
104,5
penyelidikan.,5
"pesan,",5
"kebudayaan,",5
"erdogan,",5
contohnya,5
ketimpangan,5
vegetasi,5
golden,5
somo,5
sekutunya.,5
"serangan,",5
cerminan,5
"sul,",5
kecintaannya,5
saksikan,5
minta,5
facebook.,5
"sawiris,",5
$9,5
"kuda,",5
ungkapan,5
"adaptasi,",5
berselisih,5
kru,5
"""hespress"".",5
memerankan,5
bahaya.,5
"mandiri,",5
isp,5
"terorisme,",5
chiapas,5
menyalahgunakan,5
pertumbuhan.,5
diiringi,5
"penerjemahan,",5
"""apa",5
terbesarnya.,5
jelasnya.,5
"aluminium,",5
seminggu.,5
pertimbangkan,5
"mahasiswa,",5
"persetujuan,",5
kasus.,5
"luxor,",5
warren,5
pemutusan,5
"abbas,",5
makan.,5
"kredit,",5
$16,5
"menengah,",5
psikologi,5
pesaingnya,5
jesuit,5
"jr.,",5
zenica,5
eksekutif.,5
peroleh,5
jesus,5
"penutupnya,",5
antariksa,5
masker,5
muara,5
tetangganya.,5
reservoir,5
"istanbul,",5
120.000,5
unicef,5
"memburuk,",5
korban.,5
karabakh,5
renaisans,5
mempermalukan,5
"lanjutnya,",5
ayatollah,5
"z,",5
ledak,5
86,5
esmeraldas,5
mediterania.,5
"gram,",5
perabotan,5
(,5
bangku,5
pertahanannya,5
"vaksin,",5
akhirnya.,5
"""ejar""",5
"kompetisi,",5
memompa,5
liter,5
anjing-anjing,5
penampungan.,5
echo,5
otomatisasi,5
"tercapai,",5
perak.,5
"kami.""",5
arang,5
jeruji,5
pernikahannya,5
syukur,5
belaka.,5
pemeliharaan.,5
radar,5
"sensor,",5
south,5
"jenewa,",5
revitalisasi,5
"properti,",5
utamanya.,5
ceritanya,5
menguat,5
peraturan.,5
sungai-sungai,5
dipertahankan,5
"hujan,",5
salah.,5
abad.,5
musik.,5
akuntabilitas.,5
internal.,5
business,5
aires,5
pekerjaannya,5
"lake,",5
ain,5
"amer,",5
mengikutinya,5
martir,5
signifikansinya,5
251,5
"0,9%",5
memancarkan,5
cement,5
"etiopia,",5
71,5
aksesibilitas,5
garansi,5
perintis,5
bull,5
robot-robot,5
"karbon,",5
dingin.,5
"dokter,",5
stagnasi,5
konstitusional,5
avenue,5
juri,5
sebaliknya.,5
proyek.,5
"langka,",5
"m,",5
193,5
dihormati.,5
"tablet,",5
"artistik,",5
tautan,5
mendinginkan,5
kamera.,5
interkontinental,5
proksi,5
lemah.,5
"pelaku,",5
payung,5
diwujudkan,5
tabung,5
bilateral.,5
kehormatan,5
spesifikasi,5
sukarela.,5
permainan.,5
administratif.,5
"terjangkau,",5
penjadwalan,5
uganda,5
tua.,5
kemiripan,5
menggantikannya,5
asia.,5
assist,5
"kekuatan,",5
park.,5
dianugerahi,5
kependudukan,5
lazim,5
norris,5
mempersempit,5
piastri,5
tersisa.,5
bantuan.,5
"ganda,",5
bersih.,5
anas,5
dilarikan,5
hidung,5
"152,4",5
"izin,",5
kontroversial.,5
"pemberontakan,",5
(oecd),5
difasilitasi,5
"mineral,",5
"beroperasi,",5
"permainan,",5
hammack,5
sisa-sisa,5
dapatkah,5
tenang.,5
etika.,5
72,5
grealish,5
pengucilan,5
"estate,",5
islamabad,5
intrusi,5
$50,5
tisu,5
eddie,5
dewan.,5
kesopanan,5
menindas,5
seluler.,5
59,5
melipatgandakan,5
memotong,5
interior,5
berlapis,5
"pendanaan,",5
bayer,5
monarki,5
abstrak,5
ilmiah.,5
"1,7%",5
negara;,5
"berpartisipasi,",5
"besar-besaran,",5
sampingan,5
tertuju,5
pengasuhan,5
ibu.,5
berkunjung,5
pabrik.,5
bergegas,5
alinma,5
keakuratan,5
ayman,5
"pun.""",5
"baru.""",5
“suara,5
tekanan.,5
400.000,5
literatur,5
bertransformasi,5
prevalensi,5
panik,5
1.400,5
program-program,5
“la,5
kesempatan.,5
batas.,5
profesionalnya,5
i,5
setengahnya,5
nilai.,5
66,5
cacing,5
roma.,5
"penerjemah,",5
ba,5
universal.,5
mengepalai,5
slovakia,5
"diangkat,",5
patriot,5
ala,5
bungee,5
dikalahkan,5
goldman,5
"kedokteran,",5
beton,5
sukuk,5
sirkus,5
"minuman,",5
jamur,5
“dan,5
phobos-grunt,5
coelho,5
"gejolak,",5
"""para",5
nominal,5
organ.,5
2-0,5
menghadap,5
aula,5
khotbah,5
menyaring,5
nanti,5
"presisi,",5
dihancurkan,5
pukat,5
perakitan,5
pembalasan.,5
granite,5
"suaka,",5
kabut,5
vitinha,5
"aviv,",5
aleppo,5
perangkat.,5
berbondong-bondong,5
kesulitan.,5
perlu.,5
150.000,5
sosio-ekonomi,5
menjelajah,5
nil.,5
2014.,5
goma.,5
keir,5
kesabaran,5
miliknya,5
diingat,5
memprotes,5
dekrit,5
ekuador,5
omega-6,5
nasionalisme,5
sertifikasi,5
leonardo,5
reserve.,5
"jenderal,",5
menjahit,5
"bersenjata,",5
holdings,5
manifestasi,5
"rock,",5
novo,5
kepulangan,5
hadapi.,5
"menyakitkan,",5
memberkati,5
semua.,5
"rabat,",5
“perang,5
institusi-institusi,5
bukankah,5
pendidikannya.,5
"1991,",5
divestasi,5
"integrasi,",5
polarisasi,5
latin.,5
damaskus.,5
petroecuador,5
kepastian,5
arogansi,5
kanan.,5
anthony,5
5%.,5
berbanding,5
"hewan,",5
dibanjiri,5
"kejam,",5
muasal,5
cengkih,5
mengolah,5
melonjaknya,5
"pemasaran,",5
ha,5
tank,5
sepekan,5
terjerumus,5
memo,5
simulasi,5
(ftc),5
m23,5
perjanjian-perjanjian,5
"korban,",5
digali,5
"perdebatan,",5
diakuisisi,5
“rencana,5
"3,9",5
lokasi.,5
"kering,",5
"brazil,",5
"rover,",5
gelap.,5
"pupuk,",5
2027,5
irlandia,5
ipad,5
mitigasi,5
andal,5
"virtual,",5
$12,5
asli.,5
paha,5
eksploitasi.,5
99,5
"guru,",5
"an,",5
samba,5
"topik,",5
mengering,5
keseriusan,5
2007.,5
antrean,5
“upaya,5
"torkham,",5
kantornya,5
serangan.,5
"tiba-tiba,",5
saldo,5
ajang,5
austria.,5
yatim,5
dibongkar,5
142,5
sumber.,5
nikaragua,5
valuasi,5
pengantin,5
“serangan,5
rakyat.,5
dibingkai,5
130,5
"tunggal,",5
asad,5
sejenak,5
kerendahan,5
menyesuaikannya,5
"$2,5",5
oksigen,5
fc,5
notifikasi,5
"pabrik,",5
keterkejutan,5
diinvestasikan,5
kardiovaskular,5
ketahanan.,5
narendra,5
pasifik.,5
88,5
mural,5
"tobago,",5
paradoks,5
koin,5
"2,5%",5
hukumannya,5
harap,5
model-model,5
“saat,5
"maksimal,",5
"deepfake,",5
“kekuatan,5
disita,5
tui,5
copa,5
kuncinya,5
antarklub,5
mengawali,5
qashghai,5
hambatan-hambatan,5
"witkoff,",5
"""blok",5
"nasional""",5
dihiasi,5
"kewarganegaraan,",5
praktisi,5
"rwanda,",5
tunggu,5
mengkategorikan,5
perhatian.,5
"diubah,",5
huawei,5
sektarian,5
lemak.,5
"pencegahan,",5
dow,5
jones,5
average,5
predator,5
"pemeliharaan,",5
semikonduktor.,5
deposan,5
kecewa,5
gold,5
mereka?,5
"terlihat,",5
"serat,",5
"langit,",5
katanya,5
menguras,5
proyeknya,5
sesak,5
filipina.,5
berbunyi:,5
litigasi,5
17.000,5
"sewenang-wenang,",5
berbatasan,5
"didirikan,",5
lamaran,5
“langkah-langkah,5
menang.,5
commercial,5
kalimat,5
diklasifikasikan,5
rowe,5
"layar,",5
tekankan,5
tentangan,5
bluesky,5
peretas,5
tengkorak,5
"wisatawan,",5
lancar.,5
"warga,",5
"unicef,",5
termuda,5
pengundian,5
2025-2026,5
usia.,5
klik,5
memanggil,5
61,5
dipelajari,5
"sesuatu,",5
"berkepanjangan,",5
"pencernaan,",5
kredensial,5
penjajahan,5
finlandia,5
"modal,",5
otomatis.,5
"februari,",5
nato.,5
browser,5
"powell,",5
"karirnya,",5
dimaksud,5
"bekerja,",5
gustavo,5
"pengakuan,",5
memilukan,5
"40%,",5
moneter.,5
sistemnya,5
audit,5
"indah,",5
menyenangkan.,5
mulia.,5
perlindungan.,5
azerbaijan.,5
"kelas,",5
mengedepankan,5
bossi,5
dia.,5
lansia,5
"5,6",5
richter,5
190.000,5
"persia,",5
busquets.,5
gesekan,5
kotor,5
bersalah.,5
andriy,5
“tindakan,5
union,5
"irlandia,",5
buddha,5
kong.,5
musetti,5
tanta,5
salama,5
pesta,5
membutuhkan.,5
tahun).,5
“semua,5
apartheid,5
cerah.,5
romani,5
membingkai,5
hiv,5
"seoul,",5
menghuni,5
bersinar,5
minggunya,5
kehebatan,5
kuliah,5
al-wahda,5
46,5
carolina,5
franc,5
kapitalis,5
terlatih,5
"bagaimanapun,",5
pajak.,5
"kongres,",5
sedikit.,5
(setara,5
"""dalam",5
"valley,",5
debat,5
bangsanya,5
kongo.,5
ketentuan-ketentuan,5
terfragmentasi,5
pateh,5
"buntu,",5
"""mereka",5
"sore,",5
genom,5
"diaspora,",5
"amazigh,",5
dialaminya,5
"terjemahan,",5
"3,5%",5
merobohkan,5
35.000,5
teknisi,5
kebakaran.,5
jilbab,5
peace,5
network,5
markets,5
"perusahaannya,",5
story,5
"pembiayaan,",5
dieksekusi,5
produktif.,5
memuaskan,5
"bersalah,",5
"grossi,",5
keluaran,5
komputer.,5
jensen,5
erosi,5
lemahnya,5
menghidupi,5
bintang-bintang,5
"dewan,",5
atletik,5
persembunyian,5
aplikasi-aplikasi,5
dikurangi,5
malu,5
pengelola,5
"miskin,",5
harry,5
interaktif,5
keistimewaan,5
"munich,",5
petunjuk,5
menggerakkan,5
phishing,5
nasionalnya.,5
chat,5
siri,5
menghirup,5
dibatalkan.,5
stasiun-stasiun,5
hamburg,5
"discord,",5
"lunak,",5
realisasi,5
blackrock,5
politis,5
sergei,5
perhatikan,5
implan,5
terungkapnya,5
"institusi,",5
kakak,5
fondasi,5
2012,5
kesuksesannya,5
fatal,5
pertanyaan-pertanyaan,5
mengharukan,5
kerinduan,5
represi,5
penjangkauan,5
tutup,5
spiritualitas,5
que,5
"arah,",5
budayanya.,5
"kamboja,",5
absolut,5
pelayaran,5
lembaran,5
sabuk,5
terburu-buru,5
thani,5
konser,5
kolumnis,5
akurasi,5
memutarbalikkan,5
teka-teki,5
dirujuk,5
lawan.,5
"""secara",5
tihama,5
alphabet,5
mekah,5
cakrawala,5
"rooney,",5
myanmar.,5
tergabung,5
piagam,5
dennis,5
menjembatani,5
"kami,”",5
strategisnya,5
grossi,5
sistemik.,5
"1%,",5
"seminggu,",5
merangkul,5
terancam.,5
alun-alun,5
kematiannya,5
gulf,5
mengirimkannya,5
dusit,5
terumbu,4
beta,4
silicon,4
services,4
"fund,",4
"amerika.""",4
hani,4
"4%,",4
"2,9%.",4
schneider,4
22%,4
destruktif,4
mematahkan,4
substansi,4
tarique,4
pemenang.,4
akurat.,4
mengimbau,4
hitam.,4
monumen,4
menyelundupkan,4
diuji,4
house,4
lingkar,4
dioptimalkan,4
"a.s.,",4
"bisa,",4
mengunci,4
"reproduksi,",4
penafsiran,4
"negara.""",4
"mual,",4
"otentik,",4
"zaitun,",4
terisolasi.,4
saya;,4
dicopot,4
"dukungannya,",4
kepribadian,4
kelamin,4
"gambia,",4
"""arab",4
"mozambik,",4
dani,4
"gmt,",4
wadah,4
simbolis.,4
halim,4
filsuf,4
"kacang-kacangan,",4
"keenam,",4
dipersembahkan,4
"pendirinya,",4
prix,4
perkembangannya.,4
"sekitar,",4
seperti:,4
tinh,4
mengasingkan,4
tali,4
"konkrit,",4
baba,4
"membaca,",4
2029.,4
"shanghai,",4
"sarajevo,",4
peru,4
"netral,",4
tag,4
"simbolis,",4
"fordow,",4
sebastien,4
madagaskar.,4
menantu,4
blogger,4
kemungkinannya,4
gastos,4
burqa,4
"ayahnya,",4
"terorganisir,",4
electric,4
lutnick,4
"kain,",4
magnet,4
mendekriminalisasi,4
meratifikasi,4
epstein,4
"predator,",4
"penangkapan,",4
dahsyat.,4
“orang,4
memudar,4
"isis,",4
seluk-beluk,4
tersenyum,4
pro-eropa,4
penuntutan,4
kariernya.,4
otomotif.,4
unrwa,4
lucy,4
ligt,4
rabat,4
(sekarang,4
"benfica,",4
ayvalik,4
membanggakan,4
visa.,4
dipersonalisasi,4
"openai,",4
albert,4
"badan,",4
faktor:,4
uruguay.,4
simeone,4
dekolonisasi,4
benin,4
geybullayeva,4
listriknya,4
tercatat.,4
"0,2%.",4
prefektur,4
dikomunikasikan,4
“akan,4
$450,4
ancam,4
pelaksanaannya.,4
akademik,4
karang,4
"pemimpin,",4
berbaring,4
egas,4
(dan,4
mata.,4
gerilya,4
guatemala,4
pesatnya,4
populernya,4
dinasti,4
diklarifikasi,4
"peradilan,",4
common,4
tenggara.,4
"fatima,",4
wajar.,4
kasihan,4
"1,8",4
"2004,",4
federico,4
"sesak,",4
"hukum.""",4
"terwujud,",4
ditandatangani.,4
"bidang,",4
"telekomunikasi,",4
semburan,4
keagamaan.,4
"negatif,",4
pemompaan,4
s-400,4
"dagang,",4
"pemerintahannya,",4
yunis,4
tass.,4
oliver,4
chuck,4
"oregon,",4
beri,4
besar;,4
•,4
jawabnya,4
proaktif,4
"legislatif,",4
derrick,4
"konvensional,",4
"klasemen,",4
bertahan.,4
bersandar,4
manusiawi.,4
spam,4
"tiga,",4
diperkirakan.,4
lelaki,4
gwang,4
surga,4
"kebencian,",4
penundaan.,4
narkotika,4
gaza.”,4
"karyawan,",4
skrining,4
dipercepat,4
ferreira,4
"periklanan,",4
kampanyenya,4
negosiator,4
urmia,4
kobaran,4
"football,",4
yogurt,4
bermakna,4
klasemen.,4
pokok.,4
"kunjungannya,",4
desa.,4
komentar-komentar,4
darfur.,4
memprakarsai,4
menjamu,4
kumuh,4
sampaikan,4
"$2,8",4
carter,4
deepseek,4
naungan,4
fans,4
"""ya,",4
kita?,4
(lng),4
"kallas,",4
“selama,4
zakat,4
1980an,4
"jasa,",4
pembunuh,4
lubna,4
llm,4
arabiya,4
berminggu-minggu,4
"0,7%,",4
duo,4
xinhua,4
mw,4
"kirk,",4
"hadir,",4
diperparah,4
group.,4
"ditolak,",4
berbalik,4
geng,4
pembayar,4
ron,4
"larijani,",4
"rinci,",4
kaspia,4
kubis,4
"selamat,",4
optimal.,4
asaad,4
(11,4
purba,4
jitu,4
karbala,4
van,4
sa,4
"ibu,",4
"keduanya,",4
"abdulaziz,",4
dimuat,4
ketidaksepakatan,4
kontainer,4
anime,4
tingkatan,4
225,4
dhaka,4
lengkapnya,4
panjangnya,4
"1,5%,",4
kejam.,4
kilatan,4
saudaranya,4
komitmennya.,4
aman”,4
sejuk,4
airnya,4
"15,9",4
"keahlian,",4
bersubsidi,4
"mendidih,",4
berkeliaran,4
kerapuhan,4
longsor.,4
membekali,4
"bangsa,",4
jati,4
mendukung.,4
awami,4
afc.,4
cyber,4
"inci),",4
modernisasi,4
"co.,",4
ekologis,4
victoria,4
tebal,4
"runtuh,",4
"""phobos""",4
rangkuman,4
$70,4
cryptocurrency,4
kuala,4
"setimnya,",4
bentang,4
bersemangat,4
natal,4
digantung,4
"tegas,",4
"persatuan,",4
dicabut.,4
dunia”,4
“pembunuhan,4
mempercayakan,4
metafora,4
menayangkan,4
matahari.,4
laksamana,4
al-ettifaq,4
1990an.,4
perlahan-lahan,4
perilakunya,4
bijih,4
"terisolasi,",4
"anehnya,",4
jp,4
phd,4
negara:,4
115,4
24.000,4
riad,4
finalis,4
terperinci,4
"algoritmik,",4
"sejujurnya,",4
karara,4
h-1b,4
"lópez,",4
naskah,4
acwa,4
"penulisnya,",4
neom,4
zionis,4
"diambil,",4
arts,4
menjuarai,4
dimenangkan,4
berjaya,4
seiman,4
"hayati,",4
sederhana:,4
biasa:,4
panglima,4
teknologinya,4
lunak.,4
rutin.,4
"biden,",4
57%,4
"tahun.""",4
masa-masa,4
"sengaja,",4
disalurkan,4
kemewahan,4
kebaikan,4
keharusan.,4
"al-hadath.net,",4
suarez,4
"moral,",4
starter,4
jatah,4
nader,4
“anak,4
laki-lakinya,4
"penduduknya,",4
menyeberang,4
feminin,4
"percakapan,",4
muncul:,4
harris,4
nippon,4
diperingati,4
aden,4
autentik,4
al-assad.,4
"""tujuan",4
"raja,",4
halaman.,4
terorganisir.,4
"baku,",4
pertentangan,4
membesarkan,4
ambiguitas,4
digerakkan,4
sun,4
pikiran.,4
kontinental,4
"operasinya,",4
economic,4
"menyesatkan,",4
al-akhdood,4
karyawannya,4
pilihannya,4
o'byrne,4
disaring,4
"diumumkan,",4
interaksinya,4
pembaharuan,4
merger,4
"putri,",4
menyemangati,4
"moderat,",4
"zuckerberg,",4
penerus,4
kurdistan.,4
meydan,4
cintai,4
"terakhirnya,",4
tahapan,4
"hadath.net,",4
telinga,4
casing,4
mewawancarai,4
presentasinya,4
rmb,4
kirk.,4
filip,4
"herzegovina,",4
melebih-lebihkan,4
"stagnasi,",4
sesekali,4
"kacau,",4
pengiklan,4
tawa,4
"lokasi,",4
"pencurian,",4
"kotanya,",4
suci.,4
penunjukannya,4
penonton.,4
lazim.,4
"optik,",4
pengembara,4
3000,4
lelah.,4
identitasnya.,4
rumput.,4
waduk,4
tahun:,4
kegunaan,4
"""banjir",4
tercanggih,4
"eksekutif,",4
berharga.,4
"unrwa,",4
“gerakan,4
berseru:,4
terselubung,4
pelarian,4
memusuhi,4
besar”,4
"lembaga,",4
al-shuhail,4
"eksklusif,",4
dikerjakan,4
tunisia.,4
"diskusi,",4
praperadilan,4
demokrat.,4
"karena,",4
"paralel,",4
ceko.,4
binatang,4
"juga,",4
mendobrak,4
dihadirkan,4
eksklusi,4
"manis,",4
pablo,4
(who),4
devisa,4
"narasi,",4
"""konferensi",4
"filosofis,",4
jahat.,4
aramco,4
meneruskan,4
angola,4
mengomunikasikan,4
kehancuran.,4
"nanti,",4
perkeretaapian,4
perlukan,4
15%.,4
"hak,",4
"otak,",4
"berulang-ulang,",4
berkonspirasi,4
"""saat",4
perbuatan,4
terpadu.,4
etnis.,4
melambat,4
misinya,4
bocah,4
"berlari,",4
lisa,4
robotik,4
ori,4
"terhadapnya,",4
"es,",4
sainz,4
merampas,4
kosmetik,4
diungkapkan.,4
istimewa.,4
"tradisi,",4
"diskriminasi,",4
cuti,4
mengagung-agungkan,4
suap,4
"adams,",4
kegigihan,4
"wajar,",4
pengiriman.,4
ayam,4
basel,4
selamanya,4
tulus.,4
kecukupan,4
"mota,",4
"pharos,",4
play,4
"kouta,",4
garmen,4
"piala,",4
ekstraktif,4
mette,4
“siapa,4
francesco,4
"digulingkan,",4
instagram-nya,4
amal,4
punjab,4
82,4
"menjabat,",4
julukan,4
snapchat,4
"punah,",4
kelainan,4
somaliland.,4
interogasi,4
riasan,4
"sibuk,",4
"10%,",4
diakses.,4
pelembab,4
"demokratis,",4
"0,3%.",4
we,4
"memanas,",4
kirinya,4
"permusuhan,",4
dahulu.,4
seninya,4
"filipina,",4
chun,4
"dicapai,",4
komentator,4
berdiri.,4
"liar,",4
satwa,4
keharusan,4
realisme,4
280,4
berakibat,4
difokuskan,4
"material,",4
dianggarkan,4
berbincang,4
"5%,",4
segan-segan,4
demikian.,4
tahun-ke-tahun,4
"besi,",4
topix,4
"sosialnya,",4
tumpang,4
"teks,",4
"gmt),",4
sulaman,4
"burung,",4
shui,4
memodifikasi,4
"pengamat,",4
mangkuk,4
13.000,4
"zaman,",4
mengekspos,4
olahan,4
"pelabuhan,",4
abdel-rahman,4
subkomite,4
li,4
sepi,4
itu;,4
terwakili,4
lansia.,4
"england,",4
polandia.,4
mengerti,4
pengrajin,4
aslinya.,4
leluhur.,4
dagangan,4
kesepakatan.,4
hibrida,4
mongol,4
qena,4
kronis.,4
ritel.,4
peradilan.,4
pemakaman,4
menolaknya.,4
kendalinya,4
"meiran,",4
terpesona,4
"iklan,",4
dipublikasikan.,4
biji-bijian,4
teringat,4
"nyawa,",4
65.000,4
opsional.,4
(rsf),4
silikon,4
pemrogram,4
diperbaiki.,4
"akal,",4
"epstein,",4
“kamu,4
"saf,",4
"mendesak,",4
membaik,4
"administratif,",4
brutal.,4
"""negara",4
mencolok.,4
intinya.,4
"biasa.""",4
keunikan,4
dilarang.,4
intersepsi,4
menggembirakan,4
kaya.,4
mendukungnya.,4
"tv,",4
"bervariasi,",4
magister,4
silsilah,4
menjualnya,4
medhat,4
dialog.,4
kenaikannya,4
"aqaba,",4
diagnosis,4
"suez,",4
"peradangan,",4
sekelas,4
"berbakat,",4
oneplus,4
ke-18,4
menyerahkannya,4
facto,4
porto,4
díaz,4
"berfungsi,",4
lensa,4
"transparan,",4
"ginjal,",4
perjanjian.,4
jerman),4
volkswagen,4
sterilisasi,4
populasinya,4
“ancaman,4
komposer,4
lumrah,4
dipecah,4
diutamakan,4
keamanannya,4
sendiri;,4
turunnya,4
kawah.,4
"penggemar,",4
"kushner,",4
sebaliknya,4
"acara,",4
diamanatkan,4
perwalian,4
memvalidasi,4
tangannya,4
reklamasi,4
"leluhur,",4
"ekstremisme,",4
"diakses,",4
turkish,4
rektor,4
penanggulangan,4
disamakan,4
remaja.,4
kepahitan,4
regulernya,4
"disengaja,",4
kiri.,4
"kanker,",4
matt,4
alkitab,4
kafe-kafe,4
lineup,4
tanah-penyewa,4
berbentuk,4
"0,7%",4
platinum,4
anti-imigran,4
"kekalahan,",4
con,4
"dibatalkan,",4
"efisiensi,",4
kelima.,4
mencurigakan,4
bergeser,4
“operasi,4
bedah,4
"1960,",4
farage,4
pelamar,4
exile,4
"ekstrim,",4
i̇mamoğlu.,4
"chicago,",4
coklat,4
dituntut,4
strategisnya.,4
pencairan,4
"trauma,",4
firma,4
mengalirkan,4
simpati,4
suguhan,4
mongolia.,4
konselor,4
"berat,",4
crore,4
ikan.,4
“ketika,4
pemenjaraan,4
terbangun,4
"digunakan,",4
"burkinabé,",4
"2050,",4
yisrael,4
"auckland,",4
zayed,4
"pateh,",4
"menyenangkan,",4
satuan,4
(lebih,4
"akuntansi,",4
permen,4
karet,4
claudia,4
resistensi,4
performanya,4
pilih,4
lgbtq+,4
(termasuk,4
terpilih.,4
"menolak,",4
$8,4
berlandaskan,4
"berjam-jam,",4
pernyataan-pernyataan,4
memperbolehkan,4
lukisan-lukisan,4
mengabdikan,4
chandan,4
sarung,4
"sayang,",4
"rafah,",4
kurma,4
"rambut,",4
ikuti,4
mobil.,4
"israel.""",4
penggerak,4
older,4
teror,4
biru.,4
menambang,4
barunya.,4
ekonominya,4
dinamo,4
"moldova,",4
cnn,4
militernya.,4
"cloud,",4
"1,6",4
cermat.,4
"gula,",4
rumahnya.,4
democracy,4
climate,4
en,4
"diam-diam,",4
menindak,4
dengannya.,4
laki-laki.,4
terdaftar.,4
pengangguran.,4
animasi,4
melindunginya,4
pemodal,4
pabriknya,4
hal.,4
landmark,4
terjaga,4
gideon,4
"editor,",4
antimonopoli,4
ekspektasi.,4
"beijing,",4
sergio,4
terbesarnya,4
dubai.,4
bertambah.,4
"bersekolah,",4
bertemu.,4
mulus,4
maps,4
terlantar,4
diharuskan,4
"mengajar,",4
$3,4
dinegosiasikan,4
"guyana,",4
"(selasa),",4
"berdaulat,",4
detak,4
menyusul.,4
keuangannya,4
"ekspornya,",4
club,4
gdc,4
"tindakan,",4
"""el",4
2009.,4
netralitas,4
parade,4
manama,4
diculik,4
imam,4
"astronomi,",4
beratnya,4
reddit,4
"dilanjutkan,",4
"manusia,”",4
memetakan,4
usulannya,4
diluncurkan.,4
"dramatis,",4
dicuri,4
"""di",4
“ada,4
solidaritas.,4
khalifa,4
alejandro,4
mota,4
u-20,4
tamazight,4
"qena,",4
dibekukan.,4
pengembangannya,4
mitra-mitra,4
"global,”",4
arab-islam,4
spbu,4
"menghancurkan,",4
merangkai,4
dihuni,4
bayinya,4
"diandalkan,",4
"jatuh,",4
singa,4
"ditetapkan,",4
firaun,4
commons.,4
memintanya,4
persia,4
menghiasi,4
"terintegrasi,",4
design,4
langit-langit,4
marai,4
200.000,4
tetangga.,4
"garam,",4
"hukuman,",4
meluncur,4
provokatif,4
autisme,4
herzegovina.,4
balai,4
absurditas,4
bar,4
nderitu,4
channel,4
mclaren,4
dienkripsi,4
broadcasting,4
"bersejarah,",4
legalitas,4
perdagangannya,4
"faisal,",4
(sebuah,4
by,4
"warisan,",4
"pengelolaan,",4
ratu,4
"diplomasi,",4
menuliskan,4
didirikan.,4
elanzanetant,4
antibiotik,4
$200,4
tenda-tenda,4
tangki,4
donor.,4
(presiden,4
turun.,4
institusi.,4
perancah,4
"sempurna,",4
ski,4
negatif.,4
"kuil,",4
"dikenal,",4
"rapuh,",4
intervensi.,4
"saudi-prancis,",4
bata,4
altar,4
"lucu,",4
"mandi,",4
lu,4
kesiapsiagaan,4
bahagia,4
golongan,4
kompetitifnya,4
"20%,",4
imad,4
"""bank",4
"""proyek",4
pesannya,4
kanker.,4
aviv.,4
(ipo),4
medical,4
keluar.,4
"bertanya,",4
oil,4
mencairkan,4
"berpengaruh,",4
al-quran,4
"arnault,",4
terbit,4
"warganya,",4
inginkan.,4
"3,1%",4
"estonia,",4
terkikis,4
"pdb,",4
"menyerah,",4
terorisme.”,4
terpanas,4
airways,4
minyaknya,4
mazari,4
terpinggirkan.,4
"milan,",4
hukum.”,4
kura-kura,4
“beberapa,4
diucapkan,4
samoa,4
"pertemuan,",4
validasi,4
anis,4
sependapat,4
"dibenarkan,",4
sejarahnya,4
jurnalisme.,4
"""iran",4
chad,4
penggantinya,4
singkatnya,4
pencipta,4
hasrat,4
"kolektif,",4
denmark.,4
"chile,",4
"busquets,",4
"ritual,",4
"4,7%",4
sq:,4
kerman,4
"institute,",4
guler,4
arda,4
sekuritas.,4
"alonso,",4
arsitek,4
dibintangi,4
memberikannya,4
"lagi.""",4
bawa,4
seandainya,4
etis.,4
“dalam,4
mengerikan”,4
kalian,4
aktual,4
fatma,4
spesial,4
"celcius,",4
"ekosistem,",4
penggalangan,4
sierra,4
susah,4
tertular,4
pape,4
menipu.,4
(saf),4
afrika-amerika,4
pengasuh,4
rajasa,4
merek-merek,4
siberia,4
rotasi,4
penulis.,4
kekuatannya,4
irgc,4
simbolisme,4
dimungkinkan,4
"chip,",4
parasetamol,4
imigrasi.,4
andreas,4
"bertambah,",4
palang,4
north,4
noha,4
walk,4
mikel,4
karki,4
92,4
itu?,4
operasionalnya,4
adichie,4
meja.,4
produktif,4
iklan.,4
atlantik.,4
"2,8%",4
menuangkan,4
"""truth",4
dibiayai,4
tersendiri,4
idul,4
"natal,",4
menembaki,4
manuel,4
"dno,",4
dno,4
"kepemilikan,",4
pemaksaan,4
sejahtera,4
torres,4
parsial,4
"palestina.""",4
"terjadi.""",4
huang,4
melimpah,4
konkrit,4
"dukungan,",4
kacau,4
generatif.,4
syeikh,4
penderita,4
pengetahuannya,4
nuno,4
"idlib,",4
orang-orang.,4
kita.”,4
baginya,4
"diatasi,",4
93%,4
"corporation,",4
2034.,4
mentolerir,4
operasinya.,4
"ditemukan,",4
“rohingya,4
injeksi,4
spacex,4
mencekik,4
master,4
serbaguna,4
(12,4
berlatih,4
"terhubung,",4
basra,4
batu-batu,4
af:,4
menandingi,4
paramedis,4
"tigray,",4
lalat,4
"lembut,",4
"pasifik,",4
profesionalnya.,4
40%.,4
andreessen,4
"islami,",4
"aslinya,",4
houthi.,4
"levitt,",4
"istirahat,",4
rawan,4
picasso,4
",”",4
"horowitz,",4
4.0,4
dibagikan.,4
menyayat,4
"limited,",4
mudahnya,4
terdeteksi.,4
ketangkasan,4
"ditulis,",4
"dipahami,",4
safe,4
penghujung,4
"darinya,",4
"dibahas,",4
dianjurkan,4
polutan,4
"tetangganya,",4
"alegre,",4
lahan.,4
"truk,",4
seribu,4
emily,4
pembunuhannya.,4
disuruh,4
haider,4
disparitas,4
essam,4
lemon,4
penyesalannya,4
"ayah,",4
kedewasaan,4
"pilek,",4
mendekat,4
"pradesh,",4
"kendali,",4
"1,7%.",4
1960,4
multinasional,4
diprediksi,4
reguler,4
prihatin,4
berhari-hari,4
tandang,4
"(ftc),",4
hamid,4
"lantai,",4
kapitalisme,4
ambulans,4
pendidikannya,4
"kepemimpinannya,",4
“masyarakat,4
tujuannya.,4
republik.,4
keadaan.,4
pascasarjana,4
kesultanan,4
ditemukan.,4
dibuat.,4
traktor,4
menyisakan,4
miombo,4
telanjang,4
yassin,4
bonus,4
"pengusaha,",4
renovasi,4
"negara""",4
mencintai,4
varietas,4
disebut-sebut,4
reputasinya,4
togo.,4
sejarah”,4
interim,4
mentega,4
parsel,4
87,4
"nasionalnya,",4
audiovisual,4
nabih,4
pembeli.,4
ab:,4
head,4
"berlakunya,",4
invasi.,4
"mahal,",4
transformatif,4
struktural.,4
penangkapannya,4
"burundi,",4
disebarkan,4
kien,4
walaupun,4
takut.,4
rabbani,4
"persentase,",4
tabel,4
sports,4
menjelaskan:,4
wadi,4
formal.,4
nonmigas,4
sukses.,4
berfluktuasi,4
kelistrikan,4
350.000,4
2025;,4
paragraf,4
futuristik,4
"pengaduan,",4
"ditinggalkan,",4
"""ya",4
"tetap,",4
diorganisir,4
jadinya,4
nanometer,4
1.800,4
"layak,",4
"dibatasi,",4
memaksanya,4
"provinsi),",4
persnya,4
offline,4
benin.,4
obrador,4
wawancara.,4
memujinya,4
"diakui,",4
"fahmy,",4
finance,4
"pantas,",4
liu,4
"kontroversial,",4
sherif,4
hongshi,4
nakba,4
menentangnya.,4
posisi-posisi,4
"menentangnya,",4
manfaat.,4
untuknya.,4
pasif,4
persamaan,4
pasang,4
mbappe,4
pertaruhan,4
"luar,",4
"2,1",4
penggundulan,4
minus,4
ditambang,4
frederiksen,4
"psikologis,",4
fabian,4
"imigrasi,",4
pembebasannya,4
berjam-jam,4
musuh.,4
"intens,",4
kedai,4
"dividen,",4
mengusung,4
menyangkut,4
itikad,4
keji,4
2013,4
"konsisten,",4
komedi,4
bader,4
mayjen,4
celah,4
1990an,4
(15,4
menjawab:,4
segelas,4
fadlallah,4
benggala,4
fgm.,4
pembahasan,4
ditegakkan.,4
pemecatannya,4
fungsionalitas,4
123,4
mastercard,4
mamdani,4
mengemudi,4
"diam,",4
"kreativitas,",4
casio,4
masehi.,4
berlari.,4
"ide,",4
pabrik-pabrik,4
yudisial,4
seimbang.,4
avatar,4
celcius,4
"tersangka,",4
"metabolisme,",4
(atau,4
lembut.,4
"ditangkap,",4
pebalap,4
"manfaat,",4
jumpa,4
"fosil,",4
patriark,4
meremajakan,4
adams,4
"terkadang,",4
menyalin,4
membenamkan,4
ketajaman,4
"perlu,",4
demografi.,4
"6,7",4
penegasan,4
terbalik,4
hossam,4
penghindaran,4
"tempat,",4
foro,4
kaukasia,4
mengkhususkan,4
aktivitasnya,4
ekspres,4
"bolsonaro,",4
pfizer,4
17%,4
"international,",4
"manajemen,",4
"dibuka,",4
jang,4
otonom.,4
menjanjikan.,4
shireen,4
didaur,4
menyeruput,4
pelanggannya,4
ørsted,4
solidaritasnya,4
"kecerdasan,",4
12.000,4
"2,7",4
ragu-ragu,4
peshekhani,4
"doa,",4
pribadinya.,4
proliferasi,4
vitalitas,4
knesset,4
"putrinya,",4
pendapatannya,4
(somo),4
luka-luka,4
suporter,4
rebus,4
minas,4
napoli,4
"gerais,",4
"kami,""",4
kedatangannya,4
gelarnya,4
2031.,4
"ajaib,",4
perdananya,4
"kebersihan,",4
ray,4
orientasi,4
satu.,4
bersaksi,4
"solusi,",4
lorong,4
disengaja.,4
$250,4
"miliki,",4
disiksa,4
bersama-sama.,4
"pemerkosaan,",4
dehidrasi,4
membuatku,4
1991,4
kuas,4
samaran),4
"formal,",4
"peperangan,",4
melunakkan,4
baldeh,4
"brutal,",4
"terkaya,",4
"wartawan,",4
"diabaikan,",4
"iphone,",4
memercayai,4
kuda.,4
"tujuannya,",4
dipatuhi,4
"2,2%",4
disita.,4
"kayu,",4
vokal,4
sama-sama,4
mendiskreditkan,4
"""partai""",4
"ramadan,",4
450,4
rajhi,4
mengerikan.,4
"2,2",4
tiba-tiba.,4
1948,4
"3%,",4
steven,4
sub-sahara.,4
bingung,4
bertransisi,4
talia,4
imbauan,4
ferrari,4
jurnalistik,4
56,4
menaklukkan,4
"bias,",4
perbekalan,4
"""modon""",4
pemerintah-pemerintah,4
maritim.,4
inklusif.,4
konstruktif,4
kembang,4
daboul,4
"laser,",4
"suci,",4
produser,4
"fahd,",4
lainnya:,4
"diberitakan,",4
pendeta,4
kuba.,4
batin.,4
"kosong,",4
penistaan,4
"""hari",4
kontrak.,4
depresi,4
kuhp,4
jarum,4
dipisahkan,4
"lima,",4
sekuler,4
menyegarkan,4
chile,4
“putri,4
bou,4
rekreasi,4
"berharap,",4
joan,4
dipercaya.,4
33%,4
sesaat,4
fasad,4
hancur.,4
"3,4%",4
"martinez,",4
gw,4
india:,4
"(iaea),",4
"setelahnya,",4
g20,4
"kronis,",4
"h,",4
"in),",4
pemanas,4
"gurun,",4
cup,4
dipenjara.,4
bangsa.,4
"fakta,",4
meriam,4
ketenagalistrikan,4
"verde,",4
posisinya.,4
oviedo,4
"kriminal,",4
mengadili,4
sosiolog,4
"tembakau,",4
"prioritas,",4
"pedagang,",4
"1,1%",4
moderasi,4
memperdebatkan,4
"rahman,",4
"gereja,",4
sultan,4
"saat,",4
"pemicu”,",4
mematuhinya.,4
"13,5",4
arkan,4
kegagalan.,4
dibebaskan.,4
mendoakan,4
rintangan.,4
banyak.,4
"(uea),",4
kedudukannya,4
"macron,",4
vr,4
menakutkan.,4
"pengecualian,",4
"peskov,",4
"kremlin,",4
penawar,4
anak-anaknya,4
“hari,4
semak,4
portabel,4
trailer,4
pertumpahan,4
bersuara,4
dunia?,4
1947,4
"baik.""",4
"pesisir,",4
bertikai,4
"birokrasi,",4
portofolionya,4
"syarat,",4
bermain.,4
frank,4
"terpilih,",4
5.200,4
penghematan,4
pengintaian,4
"penalti,",4
ronald,4
"pokok,",4
al-atassi,4
pakaiannya,4
"peternakan,",4
provokasi,4
mendetail,4
pembalakan,4
sopan,4
vitamin,4
"cleopatra,",4
tepercaya,4
91,4
dikoordinasikan,4
jamaah,4
caterpillar,4
otoritas.,4
becker,4
tabu,4
"obesitas,",4
"belah,",4
apoteker,4
menyetorkan,4
"togo,",4
mutiara,4
"android,",4
"bersamaan,",4
fifa.,4
"atap,",4
menular,4
kewarganegaraan.,4
internasionalnya,4
"seks,",4
zia,4
ambisius.,4
"kenaikannya,",4
barisan,4
warna-warna,4
deportasi.,4
mengemudikan,4
boarding,4
persidangan.,4
laura,4
pedro,4
antik,4
"menghilang,",4
"kesimpulannya,",4
"influencer,",4
popularitasnya,4
al-hijri,4
penangkapan.,4
"geografis,",4
pepatah,4
ampuh,4
"kordofan,",4
ideologis,4
besi.,4
derby,4
diperdebatkan,4
"anthropic,",4
"pemicu""",4
"konektivitas,",4
"ronaldo,",4
inisiatifnya,4
jpmorgan,4
"pemilik,",4
efisiensi.,4
lin,4
"provinsi,",4
"menang,",4
arcapita,4
98,4
keliling,4
anak-anaknya.,4
disorot,4
alsop,4
jahe,4
"picasso,",4
dipersiapkan,4
gavi,4
pembunuhan.,4
organisasi.,4
lompatan,4
peserta.,4
"kaki,",4
diadaptasi,4
direduksi,4
bayangan,4
molinari,4
"as),",4
postingannya,4
embabi,4
bantah,4
"foto,",4
keselamatan.,4
"mengakar,",4
pemukiman.,3
aspirasinya,3
penderitaan.,3
"fotografi,",3
hilir.,3
"2030""",3
"1,35",3
mode.,3
beta-glukan,3
menegangkan,3
diartikulasikan,3
"akademik,",3
"pendidik,",3
"2,5%.",3
penghapusan.,3
jelang,3
pusaka,3
assam.,3
gurun.,3
ekonomi;,3
filosofis,3
bangsal,3
"mengecewakan,",3
terobsesi,3
panama,3
"cne,",3
elvis,3
uefa.,3
“lebih,3
taif,3
"lula,",3
pelucutan,3
gambar.,3
luttwak,3
"diluncurkan,",3
pembingkaian,3
"pembukaan,",3
konfigurasi,3
spesialisasi,3
"orano,",3
prospeknya,3
telak,3
reza,3
"rivalnya,",3
khaleda,3
"pintarnya,",3
company.,3
menanti,3
diresmikan,3
"cukai,",3
“penting,3
kenang,3
keahliannya,3
boneka.,3
lunaknya,3
"""pengakuan",3
"pelancong,",3
wawancarai,3
melimpah.,3
well,3
750.000,3
"""al-arabiya.net""",3
menggendong,3
barang.,3
"produser,",3
tercipta,3
cheongju,3
zakharova,3
identitasnya,3
shehab,3
“garis,3
mobilnya,3
usianya,3
"dhaka,",3
diunduh,3
dibalik,3
sangita,3
2005.,3
uc,3
prototipe,3
"pengungkapan,",3
"akuisisi,",3
sinergi,3
hansi,3
swechcha,3
uraniumnya,3
(ss):,3
vi,3
madu,3
mikrofon,3
landas,3
bersangkutan,3
1995,3
"55%,",3
53%,3
agência,3
jurusan,3
"""hijau""",3
diancam,3
rupiah,3
keasaman,3
"rata-rata,",3
kedelai,3
"sorbonne,",3
terpusat,3
clement,3
"tennessee,",3
legislator,3
kenangnya.,3
"hektar,",3
"samsung,",3
“when,3
zucman,3
"2,9",3
pesona,3
“pada,3
into,3
moussa,3
"social"",",3
jews,3
najeeb,3
"merenung,",3
"(senin),",3
tbc.,3
abstain.,3
dibungkam.,3
bershkot,3
"1,2%,",3
yitzhak,3
berpuluh-puluh,3
"rabin,",3
2024-2025,3
hama.,3
perombakan,3
dirilisnya,3
boneka-boneka,3
kejatuhan,3
negara”,3
laporan-laporan,3
akting,3
"pengalaman,",3
terguling,3
menekannya,3
louis,3
shift,3
"realistis,",3
transnasional,3
simposium,3
lindsey,3
"4,7",3
pengarsipan,3
mapan,3
"elit,",3
pertamanya.,3
mendistorsi,3
menampilkannya,3
melaporkan.,3
konspirasi.,3
"abadi,",3
"ke-80,",3
sama:,3
kongres.,3
rashid,3
inzaghi,3
rabin,3
“alat,3
"longsor,",3
ms:,3
114,3
"eksistensi,",3
2028,3
disebutkannya,3
california.,3
"imam,",3
menyeluruh.,3
rasial.,3
meminumnya,3
kepedihan,3
acuh,3
pasangannya,3
"anbar,",3
mundur.,3
kepahlawanan,3
"kazakstan,",3
historis.,3
rating,3
teratas.,3
peneliti.,3
(22,3
rafah,3
tyler,3
bosworth,3
budidaya,3
mustafizur,3
he,3
valid,3
yordania;,3
"qasim,",3
menyikat,3
pelopor,3
"obligasi,",3
penawaran.,3
soft,3
tamer,3
keputusasaan.,3
fragmentasi,3
berpemandu,3
"dicabut,",3
asmara,3
maraton,3
williams,3
sirkasia,3
sebutan,3
"al-qaeda,",3
wawasannya,3
bagian:,3
jauhnya,3
huckabee,3
"kakao,",3
komunitasnya.,3
kementerian.,3
"1997,",3
menyelimuti,3
"amiri,",3
"kendo,",3
alexei,3
baju,3
34.000,3
balfour,3
guinness,3
meromantisasi,3
mesir:,3
menafsirkannya,3
"yanbian,",3
disempurnakan:,3
marshall,3
terpapar,3
spacex.,3
as-meksiko,3
soros,3
dokumenter.,3
edukasi,3
kesepuluh,3
51%,3
seratus,3
stephanie,3
musisi,3
terdorong,3
(wanita),3
omega-3,3
alexandria,3
sedimen.,3
"berlalu,",3
"terungkap,",3
"menantang,",3
al-fawzan,3
sayyed,3
terhentinya,3
"(plo),",3
nyawanya.,3
didemiliterisasi.,3
psikiater,3
folikel,3
terpenuhi,3
kerontokan,3
yerusalem.,3
dihapus.,3
merz,3
"al-arabiya.net/al-hadath.net,",3
penentang,3
stellantis,3
pemiliknya,3
won.,3
romawi.,3
dicegat,3
teratasi.,3
al-batta,3
(isp),3
"mousavi,",3
berulang.,3
"tass,",3
barre,3
737-10,3
737-8,3
keributan,3
kewajibannya,3
amatir,3
au,3
dipasarkan,3
music,3
2010.,3
khanibodom,3
gabriela,3
peristiwa.,3
"komunis,",3
st.james',3
headphone,3
pandemi.,3
“biru”,3
drc,3
"roblox,",3
mementingkan,3
industri-industri,3
tertawa,3
"petrokimia,",3
bekerja.,3
"proses,",3
tegangan,3
goyal,3
"mosaik,",3
agen-agen,3
komite-komite,3
kudeta.,3
"safa,",3
fiat,3
9.000,3
"berbeda-beda,",3
meruntuhkan,3
fungsinya,3
mereplikasi,3
alegre,3
panjangnya.,3
"yonhap,",3
"""isagha"",",3
“lingkungan,3
"ibrahim,",3
dialah,3
hinterdoppler,3
bergizi,3
axios,3
"huang,",3
"3,",3
"saya,”",3
“segera,3
"1970an,",3
eksperimental,3
token,3
lei,3
"eksekusi,",3
"berdiskusi,",3
pertaruhannya,3
berdialog,3
"""tanpa",3
"penerapannya,",3
18-29,3
"penjarahan,",3
data-data,3
1.600,3
melampirkan,3
dipecat.,3
taj,3
pabrikan,3
"prasangka,",3
09.00,3
"mengkhawatirkan,",3
piringan,3
"(60%),",3
"terendam,",3
ulasan,3
billy,3
"kolonialisme,",3
"penampilan,",3
"bercerita,",3
950,3
"ditangguhkan,",3
"propaganda,",3
206,3
webinar,3
"media),",3
colorado,3
dimasukkannya,3
negara-bangsa,3
soliditas,3
detik.,3
koki,3
gabes,3
konstruksi.,3
"puri,",3
lezat,3
persewaan.,3
lagi?,3
rheinberg,3
(iaea).,3
dokumen-dokumen,3
"""perjanjian",3
diantisipasi.,3
aníbal,3
"rodríguez,",3
"tatar,",3
dc,3
"obat,",3
hormat.,3
(sdf),3
"gaya,",3
"ez-zor,",3
hang,3
kemasan,3
seng,3
reuni,3
chichester,3
ketidakpastian.,3
emma,3
sayangnya,3
berdoa,3
paladium,3
"3,1",3
penjuru,3
industrinya,3
ketersediaannya,3
lay,3
nasi,3
mato,3
"dihapus,",3
kriminalitas,3
"naik,",3
ihab,3
rintang,3
halang,3
"penganiayaan,",3
ideologis.,3
"2,3",3
progresif,3
penyaringan,3
"lagu,",3
teriakan,3
86%,3
sesuatunya,3
"dewasa,",3
malaria,3
scott,3
"wajib""",3
logitrans,3
kesalahan.,3
"olahan,",3
lomba,3
juga.,3
"roshan,",3
eksplosif,3
airpods,3
"cruz,",3
keracunan,3
"ketekunan,",3
berfungsi.,3
gurita,3
perkiraan.,3
afp.,3
"kecilnya,",3
"surga,",3
btc,3
"irak.""",3
menyundul,3
epstein.,3
cabangnya,3
"""tiktok""",3
menyatu.,3
1997.,3
tamunya,3
diperkenalkan.,3
sorani,3
mengurus,3
penangkapannya.,3
penilaian.,3
"ideologi,",3
bermanfaat.,3
kliennya,3
"balfour,",3
"perjudian,",3
hindi,3
pendapatan.,3
kabir,3
konsorsium,3
menebak,3
"mourinho,",3
berdaulat.,3
virtual.,3
peningkatan.,3
kredibel,3
"sdaya,",3
menu,3
prosedural,3
angola.,3
sorokin,3
kepemimpinannya.,3
menonjolkan,3
syal,3
"7,5",3
mati?”,3
rekrutmen,3
saja;,3
bersekolah.,3
"antioksidan,",3
"mekelle,",3
paus,3
intoleransi,3
disinfektan,3
“lalat”,3
dll.,3
hasutan,3
"besar""",3
"jaringan,",3
pelajari,3
presidennya,3
hama,3
dapur.,3
disalahgunakan,3
situsnya,3
"pusat,",3
tejada,3
berhutang,3
likuiditas.,3
"disita,",3
lewandowski,3
homoseksualitas,3
hangatnya,3
ceko-vietnam,3
"keberagaman,",3
"pulang,",3
"padaku,",3
"alphabet,",3
"awami,",3
usulnya,3
al-zayat,3
asyik,3
memediasi,3
al-qadisiyah,3
"menjanjikan,",3
insomnia,3
queer,3
menyetujuinya.,3
sedunia,3
tulisannya,3
secepat,3
pergantian,3
"perjalanannya,",3
meroket,3
bahu,3
kawanan,3
"wirtz,",3
howe,3
chavismo,3
konon,3
"agresi,",3
"ketahui,",3
drama.,3
"dinding,",3
selimut,3
penjelajahan,3
"""yang",3
ekrem,3
yannick,3
womanhood,3
adu,3
studio.,3
perfilman,3
"muka,",3
dibutuhkan.,3
merajalela,3
perbatasannya,3
weights,3
equal,3
"""snapback"",",3
pornografi,3
zamalek.,3
berulang-ulang,3
"besar.""",3
kartel,3
"palestina""",3
liverpool.,3
"setuju,",3
tumpukan,3
"omdurman,",3
malware,3
"transaksi,",3
benturan,3
diusulkan.,3
"berarti,",3
kampanye-kampanye,3
araghchi,3
"tbc,",3
"masker,",3
"dicuri,",3
ditayangkan,3
"tertunda,",3
"jinping,",3
"starmer,",3
thailand.,3
"traumatis,",3
pembunuhannya,3
hayati.,3
"kontrak,",3
“banyak,3
"nintendo,",3
konsol,3
"watch,",3
jia,3
pesaing.,3
spiritual.,3
"al-alimi,",3
raseef22,3
harinya,3
"tersebut,”",3
olah,3
mikro,3
chip.,3
tyap,3
diperintah,3
arroyo,3
kaku.,3
“wilayah,3
mario,3
"ke-18,",3
"dpa,",3
disandera,3
ammar,3
"lokalnya,",3
poundsterling.,3
ekspatriat,3
"roscoe,",3
busana,3
hamilton,3
dibombardir,3
diolah,3
hebat.,3
jeritan,3
lain?,3
"tujuan,",3
menganugerahkan,3
diguncang,3
kekakuan,3
keemasan,3
"homs,",3
pasir,3
lirik,3
baris-baris,3
"xinhua,",3
perlawanan.,3
sameh,3
perdebatan.,3
penjahat.,3
cctv,3
"tegasnya,",3
fa,3
who,3
"etika,",3
dudh,3
"staf,",3
amhara,3
"waktunya,",3
by-sa,3
menyelamatkannya,3
tercantum,3
smith,3
mahsa,3
),3
stres.,3
tuanya.,3
martinez,3
memperlancar,3
"kecemasan,",3
"saraf,",3
triple,3
mematikan.,3
tunjukkan,3
tank-tank,3
senam,3
mazen,3
menjinakkan,3
al-salhani,3
pintunya,3
didapat,3
"lahan,",3
ke-20.,3
taiwan.,3
nvidia.,3
penanda,3
"militer,”",3
guardian,3
“feminis,3
fabio,3
"berlindung,",3
paksaan,3
"wajib,",3
chicago,3
dimensi.,3
"2,6",3
pendaratan,3
"nyaman,",3
america,3
"mendatang.""",3
dinamai,3
voice,3
rusia-arab,3
"rahbani,",3
"7,7",3
alloush,3
perpisahannya,3
pola-pola,3
rinci.,3
hektar),3
"brent,",3
yoav,3
menyamar,3
musuh-musuh,3
73,3
al-tom,3
diluncurkannya,3
mediatek,3
"rodri,",3
"audit,",3
menulis:,3
diboikot,3
ekstrim.,3
neves,3
gentrifikasi,3
google.,3
humaniter,3
pengakuannya,3
al-arkan,3
"kelahirannya,",3
merugikan.,3
"kraus,",3
melompati,3
"namibia,",3
sosial:,3
"kamera,",3
"khamenei,",3
“kota,3
shehbaz,3
toples,3
keberadaannya.,3
bakatnya,3
ember,3
"rial,",3
"file,",3
oxfam,3
“film,3
>,3
“aplikasi,3
richards,3
"persegi),",3
pesimistis.,3
karbon.,3
saran-saran,3
tujuan-tujuan,3
"(gcc),",3
persennya,3
mundurnya,3
"""mungkin",3
"perizinan,",3
persetujuan.,3
identik,3
saji,3
meta.mk,3
"disabilitas,",3
“pemuda,3
"inisiatif,",3
begadang,3
piraeus,3
memberitahunya,3
"operasi,",3
lega,3
mengherankan,3
sekian,3
ketidakhadirannya,3
postman,3
"bone,",3
mri,3
pemindai,3
"roto,",3
sekuat,3
konservatisme,3
"sukarelawan,",3
lingua,3
"latakia,",3
farzana,3
pinjaman.,3
"hangzhou,",3
"""dpa"".",3
tertunda.,3
yahya,3
kesombongan,3
mendengarkannya.,3
"kolaborasi,",3
memukuli,3
kuota.,3
79,3
dihargai.,3
berkunjung.,3
fil,3
pengulangan,3
dicampur,3
berdaun,3
"gujranwala,",3
berspekulasi,3
moon,3
pelecehan.,3
lelang,3
diadili.,3
standar.,3
"kalsium,",3
kemerdekaannya,3
"kopenhagen,",3
maputo,3
"seringkali,",3
"pembajakan,",3
tsai,3
peskov,3
kyrgyzstan.,3
franklin,3
nofal.,3
minaur,3
afiliasinya,3
akhir;,3
"keberanian,",3
"juventus,",3
infus,3
ketidakamanan,3
numerik,3
"30,2",3
bárbara,3
road,3
twitter),3
200%,3
fasilitator,3
peluncurannya,3
energies,3
tahap-tahap,3
abekyelesh,3
green,3
ted,3
terdokumentasi,3
pengamat.,3
foundation.,3
"survei,",3
perekam,3
rivalnya,3
"memprihatinkan,",3
"dibentuk,",3
hp,3
diyakinkan,3
dicairkan,3
pekerjanya,3
brics,3
tubuhnya.,3
pendahulu,3
"diberikan,",3
"kependudukan,",3
keikutsertaannya,3
dijarah,3
juventus,3
"ghaffar,",3
"toyoaki,",3
"belarus,",3
"12,",3
tsar,3
uap,3
chinese,3
1980,3
ketertinggalan,3
interpol,3
amino,3
penuaan,3
andrea,3
support,3
wabah,3
"spacex,",3
"fed,",3
eksekusi.,3
sedotan,3
berkafein,3
"kecanggihan,",3
pra-kerja,3
bangun.,3
delta,3
"samadov,",3
everton,3
"jurnalisme,",3
"transisi,",3
murex,3
etik,3
"alat,",3
"visi,",3
feri,3
aset.,3
"(uav),",3
menghormatinya,3
pertama-tama,3
“konflik,3
terekam,3
korelasi,3
hanafi,3
sanksi-sanksi,3
termal,3
"kardiovaskular,",3
kurir,3
shai'a,3
(dalam,3
(walaupun,3
"pesaingnya,",3
"adeba,",3
badawi,3
kafein,3
menabrak,3
sunni,3
"sepi,",3
"0,6%.",3
menculik,3
"marquinhos,",3
bersahabat,3
"fattah,",3
tuberkulosis,3
"bekaa,",3
rasional,3
studionya,3
"seninya,",3
disebutnya,3
"terdekatnya,",3
“organisasi,3
"promosi,",3
mansoura,3
cleopatra,3
menata,3
robot.,3
lengah.,3
y,3
280.000,3
berlipat,3
seventh,3
funan,3
francisco.,3
"pasangannya,",3
"""keputusan",3
"olimpiade,",3
dibunuh.,3
pembangun,3
perjuangkan.,3
"nomaden,",3
khalil,3
perplexity,3
acara-acara,3
stafnya,3
diskusinya,3
hisham,3
perseverance,3
“hubungan,3
melanjutkan:,3
narasinya,3
ketiga:,3
konsumsi.,3
masar,3
49%,3
menganiaya,3
fosfat,3
albanese,3
f-18,3
formasi,3
"irak-turki,",3
dilibatkan,3
masukkan,3
kebahagiaannya,3
"opec+,",3
malagasi,3
diperbarui.,3
televisi.,3
“proyek,3
"pesawat,",3
"soros,",3
"adil.""",3
berkorelasi,3
"ifex,",3
percontohan,3
cita,3
eduardo,3
terpercaya,3
на,3
jauhnya.,3
tembaga,3
"haider,",3
nigel,3
siswanya,3
diperkaya.,3
101,3
tenggelam.,3
(ap).,3
"toko,",3
"abraham,",3
"sahara,",3
"kursi,",3
diperoleh.,3
"ceo,",3
loker,3
"""hubungan",3
tiongkok;,3
penghilang,3
batuk,3
raih,3
terlintas,3
"torres,",3
"8,7",3
"pembebasan,",3
silakan,3
dermaga,3
al-mowasat,3
"desanya,",3
pembagiannya,3
"saudi""",3
kapulaga,3
impunitas,3
alamein,3
kiri”,3
"materi,",3
"""roshen""",3
belas.,3
sorloth,3
"miran,",3
flu,3
khasiat,3
musiman.,3
"huawei,",3
memenjarakan,3
lithium,3
neymar,3
nyenyak,3
bahn,3
si,3
kulit.,3
"luksemburg,",3
hadi,3
hadath.net,3
transplantasi,3
"malvinas,",3
tertandingi,3
ditutup.,3
sosok-sosok,3
"semuanya,",3
dihindari.,3
"sosialis,",3
sipil-militer,3
"express,",3
"berkomentar,",3
menyikapi,3
"$2,1",3
roshan,3
“mencegah,3
disadari,3
league,3
al-ainawi,3
nobel.,3
"pollard,",3
(54,3
velma,3
modalnya,3
"mopti,",3
benban,3
keberuntungan,3
18.00,3
kerusakan.,3
"berbumbu,",3
konfliknya,3
andalkan,3
pasangan.,3
(40,3
"kontroversi,",3
bassem,3
al-samarqandi,3
bbc.,3
elektron,3
taposiris,3
228,3
mungkinkah,3
lantai.,3
pemulihannya,3
diawasi.,3
pemrograman,3
lututnya,3
“standar,3
"1,6%",3
hidrasi,3
"gugur,",3
gv:,3
cement),3
tailing,3
bercerai,3
puncaknya.,3
dilampaui,3
sir,3
"puing-puing,",3
karnak,3
mopco,3
"diperkenalkan,",3
saya.”,3
studi.,3
mencirikan,3
piatu,3
mali.,3
balochistan,3
separatis,3
yoruba.,3
ragheed,3
"menari,",3
sungai.,3
qir,3
"hadapi,",3
"soviet,",3
sharaqi,3
indian,3
"ditanya,",3
"blanc,",3
deposan.,3
"pemulihan,",3
"lumpur,",3
najib,3
direlokasi,3
"pasir,",3
tech,3
imigran.,3
baca,3
kekuasaannya,3
tarjimly,3
efektivitasnya,3
persona,3
pemburu,3
kematangan,3
"hambatan,",3
"5,2",3
dijalani,3
"""umm",3
"assist,",3
"sesuai,",3
"""dengan",3
"tuanya,",3
menuding,3
"fadel,",3
"nikolaev,",3
menyensor,3
hijau.,3
"lagi,”",3
"dipenuhi,",3
"steam,",3
waris,3
lebedev,3
"pertandingannya,",3
giza,3
sheinbaum,3
auckland.,3
gb,3
"tso,",3
"(inggris,",3
"perekonomiannya,",3
2024-2025.,3
gula.,3
"""oleh",3
roseires,3
"kata,",3
ramanush,3
bayan,3
disederhanakan,3
koordinasi.,3
standardisasi,3
terjamin,3
robinson,3
"e-commerce,",3
batu.,3
durmaz.,3
awad,3
mengiklankan,3
tun,3
"pascaperang,",3
petra,3
realis,3
penentu,3
pragmatisme,3
selai,3
keunggulannya,3
michel,3
dilukis,3
kuncinya.,3
kekayaan.,3
dikontrak,3
"karakol,",3
meditasi,3
australia.,3
manusia?,3
kemajuannya,3
penyiksaan.,3
pemegangnya,3
management.,3
klakson,3
"john,",3
safety,3
x.,3
mariana,3
israel-palestina.,3
"politik,”",3
menggoyahkan,3
"al-hilal,",3
"$3,739.20.",3
berbohong,3
ketakutan.,3
kerabatnya,3
affairs,3
uzbekistan,3
yedioth,3
membalas.,3
carnegie,3
"bergerak,",3
"brentford,",3
disewakan),3
komparatif,3
(uav),3
sadat,3
partners,3
ketidakadilan.,3
"kesenjangan,",3
boris,3
"salem,",3
joswiak,3
25.000,3
berpacu,3
"montreal,",3
"eilat,",3
"tulus,",3
pemeringkat,3
spot,3
(icao),3
raya.,3
"platformnya,",3
pendongeng,3
"ekstensif,",3
ekor,3
pit,3
henti.,3
"peliharaan,",3
"fatimata,",3
ibunya.,3
afrin,3
"airlines,",3
eastern,3
"pria,",3
bondi,3
mentah.,3
"medvedev,",3
"3,3",3
berlangganan.,3
maia,3
"diselesaikan,",3
tersingkir,3
kabupaten,3
"1974,",3
ibarat,3
langsung;,3
provinsi-provinsi,3
konstitusi.,3
menerapkannya,3
152,3
seismik,3
"menua,",3
"perundingan,",3
"penangkapannya,",3
radikal.,3
"5,5",3
asin,3
"1925,",3
dipenjarakan,3
keramik,3
diskriminasi.,3
muffin,3
istanbul.,3
"""melanggar",3
bangkitnya,3
"buruh,",3
anti-tank,3
peluncur,3
ban,3
terlilit,3
"bermanfaat,",3
"keterampilan,",3
authority,3
walter,3
non-biodegradable,3
lebih.,3
penyelesaian.,3
meteran,3
dicatatkan,3
"""amerika",3
pakta,3
menabung,3
bodoh,3
matthias,3
diolah.,3
1.,3
artistiknya.,3
kepemilikan.,3
"mencukupi,",3
kelembagaan.,3
"debray,",3
"roda,",3
"mengakui,",3
enkripsi,3
keseluruhannya,3
kebun,3
"gandum,",3
humanoid.,3
"bayam,",3
nazih,3
"""departemen",3
"mustahil,",3
"1,3%.",3
tanjung,3
suap.,3
pengenal,3
kopenhagen.,3
percakapannya,3
"3,4",3
institusional.,3
"penyerangan,",3
mengizinkannya,3
"jacy,",3
“karena,3
"al-arabiya/al-hadath,",3
senada,3
"konfrontasi,",3
dimanipulasi,3
membunyikan,3
muncul.,3
disabilitas.,3
$4,3
terhapuskan,3
sekarang?,3
raouche.,3
biasa;,3
mengagumi,3
"laos,",3
karangan,3
al-din.,3
kuo,3
"xiaomi,",3
bermartabat,3
oscar,3
bulgaria.,3
sebutkan,3
tradisionalnya.,3
tempo.,3
komune,3
“keamanan,3
hausa,3
aturan-aturan,3
lintas.,3
sarah.,3
getafe,3
"smotrich,",3
"2032,",3
sekretariat,3
libertadores,3
asif,3
miniatur,3
"kenangan,",3
menusuk,3
mengagungkan,3
kata-katanya,3
kenal.,3
"tugasnya,",3
dipaksakan,3
orisinal,3
amr,3
gerakan.,3
ramses,3
"gvir,",3
100.,3
menjadwal,3
"persenjataannya,",3
"5,",3
"al-suwailem,",3
ketiganya,3
singtel,3
robotika.,3
penerangan,3
dihancurkan.,3
menyelinap,3
"merata,",3
konsep-konsep,3
teroris.,3
"""sebagian",3
"depannya,",3
prestasinya,3
"beras,",3
mendongkrak,3
toilet,3
"kemasan,",3
ming-chi,3
bruno,3
weibo,3
"konstitusional,",3
sintetis,3
"9,5",3
memasarkan,3
jabat,3
cemas,3
kuliner,3
berbulan-bulan.,3
tersendiri.,3
atasan,3
keith,3
bingung.,3
garam.,3
zaporizhya,3
pereira,3
makassar,3
london.,3
prabayar,3
es.,3
rp,3
grup.,3
dulu.,3
itaim,3
paulista,3
navigasi,3
mutlak,3
"stewart,",3
graham,3
bolak-balik,3
memperdagangkan,3
jebakan,3
konstantinopel,3
"$3,718.56",3
"araqchi,",3
terkecil,3
migran.,3
"1983,",3
alasan.,3
berkabung,3
terkandung,3
tersimpan,3
dipegang,3
vital,3
sebab,3
"limbah,",3
rodríguez.,3
"kita,”",3
reaktor,3
69,3
dualitas,3
kepalanya,3
"dublin,",3
poin-poin,3
pemikirannya,3
"3,6%",3
mereka!,3
cipta.,3
bergabung.,3
terjadi:,3
formalnya,3
dalih,3
"penolakan,",3
sanqi,3
bernapas,3
puing,3
"mengganggu,",3
mengkompensasi,3
modul,3
"grok,",3
tergores,3
mengalahkannya,3
populasi.,3
burkinabé,3
sosialnya.,3
european,3
bergaya,3
berduka.,3
fotonya,3
memar,3
pergulatan,3
"hassan,",3
"signifikan.""",3
bagmati,3
"nutrisi,",3
tobago.,3
sindh,3
multifaset,3
dilepaskan,3
iterasi,3
diliputi,3
prestise,3
goreng,3
pendahuluan,3
"diabetes,",3
samudra,3
kompartemen,3
"$5,5",3
mengakuinya,3
amonia,3
kosmik,3
"mahkota,",3
"cara,",3
bergejolak.,3
disonansi,3
kemarin.,3
igor,3
monaco.,3
$60,3
$18,3
with,3
song,3
murni.,3
kencang,3
batubara,3
katalisator,3
mengakar.,3
ii.,3
anoussa,3
judulnya,3
kursi.,3
"agung,",3
quetta,3
"otoriter,",3
kelonggaran,3
nivkh,3
dananya,3
ball,3
saedan,3
sukari,3
lithium-ion,3
strukturnya,3
skuadnya,3
slott,3
chugai,3
pemerkosaan.,3
kriminalisasi,3
suhad,3
córdova,3
"sahel,",3
"dell,",3
kaisar,3
hukumnya,3
bahasanya,3
ekuitas,3
disusun,3
beroktan,3
memilihnya,3
view,3
tatap,3
"ideologis,",3
perusahaannya.,3
mete,3
biaya-biaya,3
netral.,3
mati.,3
"pengampunan,",3
menganggur.,3
"helwan,",3
"tipis,",3
terutang,3
kurang.,3
bird,3
penembak,3
merkuri,3
öcalan,3
agung.,3
"1,9%.",3
perawan,3
dramatis.,3
"guatemala,",3
dosa,3
alexandre,3
asia-pasifik,3
saied,3
"$5,7",3
anggota.,3
kentang,3
sonia,3
kafein.,3
korporat,3
"biji-bijian,",3
"kehamilan,",3
kondusif,3
kendali.,3
schulz,3
menggugah,3
7-6,3
tuntas,3
didiskualifikasi,3
bermusuhan,3
hakimi,3
trump;,3
"algoritme,",3
rekam,3
"threads,",3
potongan,3
"1914,",3
hubungi,3
"kesalahan,",3
rindu,3
"2""",3
abdulaziz.,3
formulasi,3
kelapa,3
bangunan.,3
roger,3
awak,3
"internet,”",3
anggur,3
tenggorokan.,3
nepali,3
terhindar,3
perayaan.,3
"rsf,",3
berekspansi,3
besma,3
salman.,3
"kembali.""",3
"bara,",3
sepasang,3
terik,3
sandwich,3
terjun,3
"24,9",3
"natrium,",3
temannya,3
bolivarian,3
merah”,3
pesimisme,3
tigray.,3
"lega,",3
capai.,3
selamanya.,3
dimintai,3
stabilitasnya,3
"melapor,",3
saudari,3
"ternak,",3
abd,3
island,3
jelasnya,3
rhode,3
"globalnya,",3
"diperkirakan,",3
lembaga-lembaganya,3
victor,3
umayyah,3
melecehkan,3
meyakini,3
"ditingkatkan,",3
penandaan,3
menghentikannya,3
paviliun,3
pusatnya,3
kepatuhan.,3
"i̇mamoğlu,",3
februari.,3
telekomunikasi.,3
"kuas,",3
deputi,3
influencer.,3
dibantu,3
diperankan,3
observasi,3
"1999,",3
"matahari,",3
kashmir.,3
basra.,3
arab-amerika,3
2004.,3
"anda.""",3
diperjuangkan,3
"barrack,",3
"praktik,",3
krimea,3
berpendapat.,3
utangnya,3
pemandu,3
minuman.,3
law,3
pengerjaan,3
kecerobohan,3
"kejadian,",3
"roscosmos,",3
"""selama",3
sidik,3
"""raja",3
karyanya.,3
anti-rohingya,3
observatory,3
“zona,3
akal.,3
al-duhail,3
menakjubkan,3
"acak,",3
boric,3
rita,3
nenekku,3
perkantoran,3
khudair,3
qena.,3
10%.,3
"paginya,",3
kenangannya,3
pasarnya.,3
"3,7%",3
"trans,",3
"ekonomi.""",3
kotak-kotak,3
kejadian.,3
tengah.”,3
"milei,",3
karton,3
"arkeologi,",3
berbau,3
"logam,",3
'kami,3
keluargaku,3
cetakan,3
"sekuritas,",3
didengar.,3
diamputasi,3
lsm-lsm,3
"mereka,""",3
"matematika,",3
pengangkutan,3
mereka;,3
autentikasi,3
floyd,3
"dominan,",3
vatikan,3
suleiman,3
slovakia.,3
“biarkan,3
setengahnya.,3
"fasisme,",3
traumatis,3
khitab,3
"berdiri,",3
bernuansa,3
al-arouri,3
dimasak,3
will,3
dost,3
dividen.,3
"nitrat,",3
"dammam,",3
julián,3
perangkatnya,3
inovatifnya,3
jaman,3
dipukuli,3
kesusahan,3
imperialisme,3
taksi,3
internasionalnya.,3
semangat.,3
dikelola.,3
"kasih,",3
45%,3
"""beberapa",3
quang,3
qualcomm.,3
hue,3
"kantor,",3
somo.,3
"negosiasi,",3
haruskah,3
tenda.,3
depan:,3
$24,3
rsf.,3
"aswan,",3
"sukai,",3
"12%,",3
blak-blakan,3
pantas.,3
"perayaan,",3
al-hawa,3
"robek,",3
celana,3
cepat;,3
royalti,3
katrina,3
"modernisasi,",3
"inci,",3
daftar.,3
sekutu-sekutunya,3
taliban.,3
menyusut,3
standarisasi,3
"75%,",3
(istilah,3
ditemui,3
fawzi,3
miliki.,3
tik,3
"utilitas,",3
cair.,3
peluangnya,3
tri.,3
akhal-teke,3
"turkmenistan,",3
glasir,3
"management,",3
berevolusi.,3
"absen,",3
persenjataannya,3
"keluar,",3
"sukarela,",3
parameter,3
"""penting",3
"66,2%",3
rapper,3
pengacaranya,3
"al-qura,",3
"1982,",3
memasukkannya,3
mengarungi,3
"""partai",3
"teroris,",3
truk-truk,3
merujuknya,3
199,3
"pribadinya,",3
buang,3
soviet.,3
britania,3
bersuhu,3
poz,3
kilang-kilang,3
ditempati,3
hicks,3
hijab,3
usus.,3
terpinggirkan,3
berprestasi,3
"beredar,",3
planck,3
dean,3
memadainya,3
imbalannya,3
"musiman,",3
"dirinya,",3
perunggu).,3
pendahulunya,3
"""demokrasi",3
komunikasinya,3
uraiannya.,3
shah,3
baru?,3
farmasi.,3
sabit,3
sunyi,3
dibakar,3
sebidang,3
"narapidana,",3
"solidaritas""",3
tertidur,3
peredaran,3
disetorkan,3
tandus,3
socar,3
"turnamen,",3
"0,25",3
"zambia,",3
aksyonov,3
caesar,3
"berdaya,",3
"al-budaiwi,",3
brl,3
"saran,",3
mengapresiasi,3
"tutup,",3
"mail,",3
"senjatanya,",3
hutang.,3
"fokus,",3
mengubur,3
equity,3
tersebut;,3
jota,3
tubuhnya,3
gelisah,3
hunian.,3
dehumanisasi,3
"kasta,",3
"exarchia,",3
boikot,3
najla,3
belakang.,3
stem,3
hariri,3
“seperti,3
bertanda,3
al-daya,3
pengawetan,3
saddam,3
penjatahan,3
gv,3
sami,3
sakral,3
amazon.,3
penyangkalan,3
pedas,3
electronic,3
kecurigaan,3
"buah,",3
commonwealth,3
english,3
jamal,3
dijelajahi.,3
axios.,3
vicente,3
jeruk,3
"grup,",3
after,3
pemain-pemain,3
belasungkawa,3
pertanyaan:,3
"kasusnya,",3
"kata-kata,",3
"itu,”",3
fotovoltaik.,3
menenggelamkan,3
wawancaranya,3
memperingatkan:,3
"selamanya,",3
reel,3
"sia-sia,",3
"parah.""",3
tv.,3
rennes,3
pelaku.,3
"mulia,",3
hanoun,3
non-arab,3
"perbatasannya,",3
kesuksesan.,3
18.000,3
36%,3
letaknya,3
133,3
"""tim",3
6.000,3
"york""",3
"rasisme,",3
kontrol.,3
cina.,3
asma,3
whatsapp.,3
27%,3
$25,3
"dihentikan,",3
katalog,3
"enrique,",3
namibia,3
entri,3
ekosistemnya,3
al-hadath.net,3
seluruhnya.,3
sendok,3
mengutarakan,3
bridge,3
"setahun,",3
sony,3
patokan,3
stablecoin,3
hatem,3
perusak,3
eufrat,3
"""identitas",3
"desain,",3
dendam,3
masyarakat.”,3
bell,3
pembajakan,3
"pemusnahan,",3
kemitraannya,3
menunggang,3
sumitomo,3
hewan-hewan,3
eni,3
sifat-sifat,3
asrama,3
"guardiola,",3
dikunjungi,3
dipatok,3
"parisa,",3
viktor,3
kelelahan.,3
(au),3
yunani.,3
endapan,3
tukang,3
mana-mana.,3
"$3,790.82",3
payah,3
mandarin,3
"armenia,",3
algoritmik,3
ke-100,3
"ankara,",3
menyia-nyiakan,3
mendiami,3
segar.,3
"asosiasi,",3
seruannya,3
hot,3
"distrik,",3
1950-an,3
"kendaraan,",3
"barak,",3
tangisan,3
ottoman,3
africa,3
"1,196",3
bersaing.,3
medicine,3
"forbes,",3
tawar,3
unggulan,3
pidato-pidato,3
diri;,3
menjulang,3
"anwar,",3
"""ada",3
dipahami.,3
"jompo,",3
"tunai,",3
diselimuti,3
"balkan,",3
kecanduan,3
bosan,3
robekan,3
bertahap.,3
menyingkirkan,3
tempatnya,3
diabetes.,3
primer,3
doha.,3
raja.,3
"kejuruan,",3
teknokrat,3
"substansial,",3
alias,3
4.500,3
total.,3
"abdullah,",3
doa,3
"ramadhan,",3
rovkanen,3
"imbalannya,",3
153,3
bendungan-bendungan,3
50%.,3
"cadangan,",3
melepas,3
"sistem,",3
sepiga,3
(pendiri,3
kecintaan,3
"masyarakatnya,",3
pembangkangan,3
kompetensi,3
pengaruhnya.,3
"1,9%",3
jaber,3
arbitrase,3
"saja.""",3
rana,3
kyrgyzstan,3
"4,970",3
"menyadarinya,",3
"havana,",3
iranrud,3
ta,3
kung,3
"pencari,",3
"alkohol,",3
atasnya,3
yentimirov,3
"arab,”",3
kalinya.,3
jersey,3
"terjadi,”",3
tigris,3
"senat,",3
"""pukulan",3
kios,3
"terbesarnya,",3
hiv.,3
“dunia,3
"dibunuh,",3
"lisensi,",3
diganggu,3
"penawaran,",3
kompor,3
sejawat,3
"""israel",3
university.,3
gasimov,3
ditunjuk.,3
moffline,3
"bermusuhan,",3
borussia,3
rekonstruksi.,3
artistiknya,3
kurun,3
terdegradasi,3
“anda,3
"""waktu",3
"tuhan,",3
btk,3
“jadi,3
diganti,3
fakta-fakta,3
yen.,3
kwai,3
"katakan,",3
tsodibi,3
ke-19.,3
pembiayaan.,3
fatima,3
sensasi,3
abdallah,3
"sub-sahara,",3
"membusuk,",3
norwegia.,3
(chp),3
emulator,3
tersulit,3
(akp),3
arnault,3
ditunggu-tunggu,3
bergengsi.,3
pendapatnya,3
tameng,3
favoritnya,3
"milisi,",3
dibatasi.,3
k-pop,3
harrods,3
al-alaq,3
dianalisis,3
2045.,3
"al-sheikh,",3
"slovakia,",3
kecemerlangan,3
"satu,",3
andrei,3
dhl,3
idris,3
jenewa,3
"casablanca,",3
utah.,3
"diterapkan,",3
bercita-cita,3
kimia.,3
memutar,3
sia-sia,3
warganya.,3
berkah,3
disebutkan.,3
mayo,3
caracas.,3
peternakan,3
"lelucon,",3
"france-presse,",3
profesionalisme,3
menawan,3
"menipu,",3
"aires,",3
"hindu,",3
daratan.,3
al-baroudi,3
diesel,3
temuannya,3
menyangka,3
seterusnya.,3
hormon,3
regionalnya,3
melonggarkan,3
"51,2",3
bankir,3
dilewati,3
diadakannya,3
komponen-komponen,3
huajiang,3
"menyebutkan,",3
resor,3
"dibungkam,",3
malka,3
napas,3
“afrika,3
"kompensasi,",3
penyimpanan.,3
karakternya,3
"kerusakan,",3
greg,3
divonis,3
diantara,3
dievakuasi,3
lokalnya.,3
reggae,3
artistik.,3
talenta-talenta,3
“pria,3
keyboard,3
djibouti,3
tengah”,3
memveto,3
“timur,3
hasid,3
marcos,3
"istri,",3
virginia,3
kilowatt-jam,3
virginia.,3
81,3
sudair,3
christopher,3
perawat,3
"anti-imigran,",3
"dikonfirmasi,",3
darjeeling,3
"semangat,",3
"24,",3
"kualitas,",3
haven,3
memoderasi,3
dihadapi.,3
triliuner,3
perbukitan,3
kaku,3
dipulihkan,3
"samir,",3
government,3
kejahatan.,3
"darat,",3
produktivitas.,3
"""x""",3
logam.,3
$11,3
wajahnya,3
digabungkan.,3
instan,3
karirnya,3
syams,3
178,3
pemeriksa,3
memuaskan.,3
keikutsertaan,3
terputus-putus,3
“dunki”,3
"kanannya,",3
rs,3
bagdad,3
simon,3
digabungkan,3
"menenangkan,",3
eksistensial,3
restorasi,3
1994.,3
kecantikan,3
nasional”,3
"""x"".",3
pelacak,3
"umrah,",3
250.000,3
disutradarai,3
mie,3
"(spa),",3
"inc.,",3
rusia-ukraina,3
tanah-penyewa.,3
"al-shabab,",3
produksinya.,3
"tang,",3
difermentasi,3
al-nahhas,3
pertumbuhannya,3
antigua,3
dianugerahkan,3
360,3
"liat,",3
sekarang.,3
securities,3
andre,3
kisi-kisi,3
mikkelsen,3
"""pada",3
menyewakan,3
kehamilannya,3
menghangatkan,3
"pengobatan,",3
yoo,3
plasebo,3
himalaya,3
“tanah,3
"tertekan,",3
afrique,3
ditimbulkannya,3
rumahku,3
kelompoknya,3
ke-11,3
mendarah,3
mutakhir.,3
"""kegagalan",3
"warna,",3
berdiameter,3
"dikenakan,",3
"gabon,",3
al-eqtisadiah,3
158,3
"pemilih,",3
atribut,3
berdaya.,3
bagiannya,3
nancy,3
"diprediksi,",3
siber.,3
"al-ahmad,",3
mendatangkan,3
“tahun,3
motivator,3
pena,3
dituju,3
dapatkan,3
mewariskan,3
al-shara,3
assi,3
pasal-pasal,3
"memori,",3
"al-yaman,",3
bervariasi.,3
pelanggan.,3
reorientasi,3
dilanggar,3
al-zahid,3
intinya,3
"kehormatan,",3
"ltd.,",3
"verbal,",3
"balapan,",3
duke,3
buta,3
kedelapan.,3
penutupan.,3
"transformatif,",3
"jones,",3
hathaway,3
ditentang,3
“terlalu,3
resonansi,3
"kredibilitas,",3
lufthansa,3
pemilih.,3
wajah-wajah,3
pensiun.,3
"berhari-hari,",3
pixel,3
boston,3
"disoroti,",3
xingu,3
persetujuannya,3
"0,1%.",3
biarkan,3
angka.,3
11.000,3
menjuluki,3
97,3
"dhabi,",3
janjinya,3
ipo,3
butuh,3
kelinci,3
utuh.,3
kehamilan.,3
"berada,",3
cara.,3
mounir,3
east,3
field,3
bijak,3
luput,3
kuantitatif,3
membenci,3
penyulingan,3
"1905,",3
fia,3
menua,3
"memasak,",3
ordo,3
"inti,",3
"unesco,",3
terpidana,3
kemunduran.,3
realistis.,3
al-islam,3
mendambakan,3
bytedance.,3
menoleh,3
"sayangi,",3
"""visi",3
lokasi-lokasi,3
sumbangan,3
gullu,3
pendeknya,3
mikhail,3
genetika,3
harinya.,3
abu-abu,3
peradangan.,3
ziyad,3
volvo,3
“salah,3
pengabdiannya,3
sebentar,3
rangsangan,3
adyghe,3
"demonstran,",3
1982.,3
kompatibel,3
jaminan.,3
pembebasan.,3
perbelanjaan,3
menuntut.,3
senegal.,3
"berdokumen,",3
"ditargetkan,",3
"""paus",3
promes.,3
"pasalnya,",3
gladkov,3
dikombinasikan,3
empuk,3
lengkap.,3
fundamentalis,3
mansour,3
misterius,3
ltd.,3
"pulih,",3
"kulit,",3
airbus,3
"kemarahan,",3
genel,3
icao,3
perizinan.,3
"amhara,",3
ismat,3
pilihan:,3
"jam),",3
"usus,",3
mudanya,3
ap,3
lintasan,3
salar,3
pelarangan.,3
"5,7",3
golan,3
menyepakati,3
"7,7%",3
"beradaptasi,",3
sanchez,3
"alcaraz,",3
yuan.,3
"$3,5",3
kebencian.,3
kolombia.,3
mail.,3
operasionalnya.,3
pemerannya,3
"anggotanya,",3
"taher,",3
"virginia,",3
alur,3
dosen,3
arne,3
ethereum,3
"qiddiya,",3
"ahmed,",3
distributor,3
otoritasnya,3
"leher,",3
meme,3
lab,3
clay,3
"simpanse,",3
matan,3
sedimen,3
menghilang.,3
insiden-insiden,3
"altman,",3
maskulinitas,3
sensitivitas,3
lituania,3
daring,3
"politisi,",3
por,3
week,3
perekonomiannya,3
suaka.,3
subh,3
pencapaiannya.,3
laser,3
"permukaan,",3
"karet,",3
menyesap,3
bapak,3
negerinya,3
sekantong,3
konsisten.,3
novak,3
slap,3
toko.,3
memori.,3
"ke-17,",3
hasht-e,3
pengantaran,3
210,3
“meningkatkan,3
benposta,3
"misi,",3
substansial.,3
154,3
memberitakan,3
independent,3
tergoyahkan,3
implementasinya.,3
"gigi,",3
achebe,3
"optimis,",3
"apa-apa,",3
lain...,3
menyakitkan.,3
"yen,",3
irisan,3
frustrasi.,3
lanka.,3
jeune,3
fitnah,3
promes,3
terucapkan,3
dibuka.,3
aleppo.,3
"candelaria,",3
"""kekacauan",3
wana,3
memancing,3
emosi.,3
protei,3
mengilhami,3
khamenei,3
menerobos,3
merestrukturisasi,3
"peristiwa,",3
"pensiun,",3
tab,3
"5,4%",3
bahas,3
600.000,3
interkoneksi,3
miskin.,3
ada:,3
"tropis,",3
"trinidad,",3
"ramallah,",3
savinho,3
sekularisme,3
jenuh,3
hujan.,3
"pohon,",3
nyawanya,3
menyesal,3
mail,3
"menikah,",3
bezalel,3
"berharga,",3
muhanna,3
kolaboratif.,3
tindih,3
luasnya,3
mini,3
lópez,3
55%,3
fiskal.,3
memprihatinkan:,3
dimilikinya.,3
gerak,3
berpindah-pindah,3
"sebentar,",3
canggihnya,3
pecinta,3
disempurnakan,3
berkebangsaan,3
starting,3
watt.,3
kayu.,3
tontonan,3
wilson,3
penting;,3
radiasi,3
reparasi,3
serang,3
(somo).,3
96,3
kompleksitasnya,3
"terganggu,",3
"100,",3
"pendiriannya,",3
"tanzania,",3
inovator,3
triwulan,3
berlibur,3
"mostar,",3
sindrom,3
"dimengerti,",3
rakyatnya.,3
tampa,3
gerobak,3
"kesehatannya,",3
"jesus,",3
punta,3
akunnya,3
benoist,3
"sederhananya,",3
peliharaan,3
erdoğan.,3
jong,3
programnya,3
70%.,3
tergesa-gesa,3
sepele,3
"lagos,",3
"provokasi,",3
terpelajar,3
gomes,3
"langgeng,",3
iryna,3
"taktis,",3
perkirakan,3
ice,3
"7,2",3
war,3
"3,2%",3
penyangga,3
glof,3
"florida,",3
pelanggaran-pelanggaran,3
ketundukan,3
"1,367",3
seusia,3
“tempat,3
"potensial,",3
"1,359",3
“langkah,3
"fiksi,",3
gemuruh,3
suasananya,3
al-fataerji,3
kamala,3
"terstruktur,",3
bagaimanapun,3
"merek,",3
130.000,3
termoelektrik,3
meyakinkannya,3
(sama),3
"komponen,",3
perkembangannya,3
iri,3
tingkatan.,3
mufflin,3
belize,3
swap,3
sebaik,3
2029,3
namanya.,3
“itu,3
multimedia,3
tawanan,3
tass,3
loyalitas,3
"""al",3
potter,3
detail.,3
"0,1",3
distorsi,3
abdul-ghani,3
diinstruksikan,3
menebang,3
irlandia.,3
lockheed,3
"lihat,",3
badai.,3
obyektif,3
zaitun,3
penyensoran,3
ditembakkan,3
selangkah,3
"kesabaran,",3
terpisah.,3
meta.,3
ultra,3
"menyakitkan""",3
skenarionya,3
diana,3
nirkabel,3
keterputusan,3
"anggaran,",3
"daging,",3
rawalpindi,3
pengekspor,3
almaty.,3
interkontinental.,3
memusnahkan,3
​​​​yang,3
airnya.,3
kecanggihan,3
barbara,3
"johnson,",3
egp,3
20.00,3
"project,",3
bolivia,3
"penundaan,",3
buntu.,3
sarajevo,3
dipulangkan,3
"""ketika",3
transistor,3
situs-situs,3
penyakit.,3
pesawat.,3
tas,3
asmi,3
china.,3
daraa,3
stringer,3
tetap.,3
warisan.,3
klarifikasi,3
pejalan,3
"reagan,",3
"tenaga,",3
penengah,3
"menderita,",3
ditenagai,3
"halaman,",3
domingos,3
mahakarya,3
agility,3
berri,3
"retak,",3
kami?,3
"netflix,",3
kumur,3
1-2,3
otorisasi,3
"57,15",3
bermuara,3
"bermasalah,",3
alga,3
"cat,",3
diilustrasikan,3
berkantor,3
pipa.,3
abimanyu,3
pijakan,3
cagar,3
"lukisan,",3
jerry,3
kelsey,3
pesisir.,3
"seattle,",3
pengunjung.,3
bantu,3
old,3
"offline,",3
refresh,3
biasa”,3
lugas,3
kekuatannya.,3
inefisiensi,3
todongan,3
masters,3
femmes,3
situ;,3
"francisco,",3
menakutkan,3
bayam,3
untung,3
emosinya,3
minguzzi,3
menikahkan,3
"hasil,",3
"berkualitas,",3
sharghi,3
ringan.,3
16%.,3
npr,3
chad.,3
pencucian,3
kismis,3
telecom,3
galaxy,3
penipuan.,3
"bull,",3
"sebulan,",3
emiten,3
hening,3
cepatnya,3
"mayoritas,",3
munich.,3
"kunyit,",3
"dihancurkan,",3
lynn,3
nafsu,3
"email,",3
gravitasi,3
170.000,3
sabri,3
gendy,3
kazakh.,3
jens,3
"hakim,",3
anicet,3
"budaya""",3
muslim.,3
memimpikan,3
paman,3
al-aqsa,3
kegiatannya,3
pintar.,3
42%,3
"lemak,",3
"menyedihkan,",3
kerjakan,3
“adalah,3
pelemahan,3
pastor,3
catalina,3
1994,3
hutan.”,3
nyenyak.,3
"bijaksana,",3
menerimanya,3
pendekatannya,3
menyempit,3
holger,3
ke-16,2
menyimpulkan:,2
bagikan,2
sintetis.,2
kuantum.,2
"junior,",2
dallas-fort,2
ketaatan,2
watson,2
serius:,2
kecaman.,2
"uefa,",2
"titanium,",2
"konstruktif,",2
"semangka,",2
kemurnian,2
"habisnya,",2
"asteroid,",2
"kanal,",2
rouhani,2
"bagmati,",2
"sana'a,",2
beyoğlu,2
jannik,2
"politico,",2
1973.,2
college.,2
pelebaran,2
eintracht,2
lemon.,2
dibaca,2
diimbangi,2
"ketahanan,",2
persyaratannya,2
"aksi,",2
“hak,2
chrome,2
“kisah,2
"0,4%.",2
56%,2
“gelombang,2
novelis,2
"skenario,",2
xavi,2
pasha,2
(ditandatangani,2
gaya.,2
"lebanon-israel,",2
orascom.,2
“dsa,2
pekan.,2
"dulu,",2
chicago.,2
2008.,2
"non-arab,",2
"$43,20",2
"kekerasan.""",2
persilangan,2
orano,2
piyush,2
pria.,2
"wib),",2
"al-sabra,",2
"1907,",2
introspektif,2
tempur.,2
oseania,2
devkota,2
"maknanya,",2
gal,2
selatan).,2
"menyelesaikannya,",2
iritasi,2
gaza:,2
"triliun),",2
"hasilwala,",2
bayangan.,2
merekonstruksi,2
matinya,2
"carvajal,",2
"perantara,",2
"bamako,",2
"statis,",2
sembarangan,2
gavin,2
lihatlah,2
"musafir,",2
tiba.,2
"power,",2
"beracun,",2
"exchange,",2
seriusnya,2
faksi-faksi.,2
(drone),2
"cantik,",2
marine,2
berkelanjutannya,2
zdravko,2
pembalikan,2
"keterangannya,",2
khaleej,2
jazan,2
tabir,2
2013.,2
ketidakkonsistenan,2
"subur,",2
harmoni,2
bercanda,2
"apalagi,",2
"almaty,",2
mengheningkan,2
perjuangkan,2
plastik.,2
berpengaruh.,2
"biru,",2
dijawab,2
"samaran),",2
algerian,2
masa.,2
plus,2
"makanannya,",2
jump,2
peminum,2
"al-mukhaizeem,",2
6-7,2
6-3.,2
eksponensial,2
9%,2
kupikir,2
ramallah,2
"meninggal,",2
pembaruan.,2
bersejarah.,2
"al-najma,",2
anton,2
al-batin,2
lihat.,2
"al-hazm,",2
galal.,2
"4,500",2
"(1994),",2
"khatulistiwa,",2
"sendiri”,",2
inspeksinya,2
aqleh,2
menghantuinya.,2
godaan,2
pro-palestina.,2
"gizi,",2
"lenyap.""",2
"khitab,",2
"penting""",2
fcfa,2
signia,2
dinamisme,2
$584,2
kobalt,2
lawan-lawannya,2
"havel,",2
"sini.""",2
edison,2
benda.,2
"sanitasi,",2
sebastian,2
acara.,2
atasnya.,2
representatif,2
malu.,2
"majikannya,",2
"11,7%",2
yanbu.,2
"bubuk,",2
"gabungan,",2
"""welt"",",2
menekuni,2
tanggung.,2
omong,2
"islamofobia,",2
"sejahtera""",2
anti-semitisme,2
ouarzazate.,2
yök,2
manajemennya.,2
"investasinya,",2
cne.,2
al-qaradawi.,2
anti-inflamasi,2
seattle,2
"philae,",2
pemukim.,2
"sdaia,",2
kimchi,2
mohsen,2
research,2
"kaukasia,",2
piring,2
262,2
addis,2
“setiap,2
"perairan,",2
"""kemenangan",2
al-ghurairi,2
hasan,2
kemewahan.,2
“pasar,2
biomedis,2
"ditandatangani,",2
(antara,2
perizinan,2
"dirahasiakan,",2
hindu.,2
mengkonsumsi,2
barikade,2
"""ejar"".",2
"melonjak,",2
“pahlawan,2
annutin,2
"anonim,",2
maaf.,2
memberhentikan,2
"botswana,",2
applied,2
karen,2
jeremy,2
mostar,2
pateh.,2
u-17,2
"dioksida,",2
mencurigakan.,2
selagi,2
duplikasi,2
11%,2
gabès,2
hidrologi,2
penyerap,2
"al-shamasherji,",2
sadarkan,2
jihan,2
"""ahmed",2
"tajikistan,",2
"tuntutan,",2
385,2
pengeluaran.,2
"mengumpulkan,",2
"hajdarpašić,",2
al-rasheed,2
kontraknya.,2
"""real",2
banja,2
fold,2
"memiliki,",2
komite.,2
indikatif,2
biasnya,2
menginvasi,2
algoritma.,2
"kyiv,",2
kelicikan,2
patrick,2
"bimbingan,",2
hantu.,2
inggris:,2
"pemukim,",2
xiaohongshu,2
"al-rawda,",2
25–30,2
tugas.,2
“jangan,2
"kebocoran,",2
cadangan.,2
"2031,",2
galon,2
“perpecahan,2
diinjak-injak,2
"cermat,",2
"artistiknya,",2
"masanya,",2
abed.,2
"dievakuasi,",2
tulisan:,2
al-arish,2
dijaga,2
tertahankan,2
puerto,2
tegang.,2
berikutnya…,2
rice,2
mengunjunginya,2
jezero,2
berulangnya,2
intensifnya,2
al-riyadh,2
"klinik,",2
witkopf,2
serra,2
bom.,2
ilan,2
berlisensi.,2
mengawal,2
"13,8",2
ketelitian,2
hamoud,2
stabil;,2
kontinuitas,2
"perluasannya,",2
diakhiri.,2
"antargenerasi,",2
panipuri,2
"dekatnya,",2
242,2
"sadiq,",2
ketahui.,2
farhad,2
"impulsif,",2
"shami,",2
pengalaman.,2
vetonya.,2
624,2
toronto,2
slogan.,2
$110,2
longsoran,2
"19.00,",2
dig,2
"berdekatan,",2
"otot,",2
berkompromi,2
catalyst,2
hkd,2
fungsional.,2
"hamas.""",2
"airnya,",2
biografi,2
"serius,”",2
"""tidak,",2
berbeda:,2
rinciannya,2
harum,2
taburan,2
diinstal,2
"antartika,",2
anggarannya.,2
kebijakannya.,2
wa,2
eilat,2
internasional:,2
"james,",2
14.000,2
dalida,2
utusannya,2
"0,8%.",2
"brussel,",2
"syura,",2
“sekarang,2
"lawan,",2
“memperkuat,2
"diamputasi,",2
melodi,2
"fuk,",2
dipertanyakan.,2
"konsumsi,",2
rezim.,2
"mongolia,",2
termasuk:,2
menanggalkan,2
"kepalanya,",2
menskors,2
fouad,2
39%.,2
barat.”,2
baiknya,2
mengambang,2
banco,2
kadang,2
upgrade,2
"gembira,",2
obesitas.,2
yangon,2
interpretasi.,2
au-ue,2
2063,2
"xavi,",2
"suarez,",2
emigran,2
lebanon.”,2
bernard,2
komik.,2
cvjetković,2
zainab,2
“keberatan,2
"episode,",2
terkendali.,2
"sydney,",2
bradford,2
1993.,2
"melihat,",2
dakar,2
holistik,2
pasteur,2
"2,8",2
pegunungan.,2
ancamannya,2
"khorrambid,",2
badui.,2
"penggelapan,",2
"tadawul,",2
wina,2
"suap,",2
$65,2
kemana,2
drainase,2
kepindahan,2
baik.”,2
al-omari,2
“persiapan,2
syukurnya,2
"memadai.""",2
matang.,2
“sentuhan,2
ketangguhan,2
potensial.,2
meritokrasi.,2
"daraa,",2
shalat,2
dinominasikan,2
"hakimi,",2
joao,2
"belaka,",2
tekun,2
mengembangkannya,2
el-desouci,2
mungkin.,2
sapiens,2
"sebelumnya.""",2
singkatan,2
emasnya,2
"jendela,",2
"sirkus,",2
nilgiri,2
"favoritnya,",2
lumrah.,2
"massa,",2
"dominasi,",2
setara.,2
penumpukan,2
memungut,2
penemu,2
kebodohan,2
markos,2
piraeus.,2
disumbangkan,2
dekorasi,2
indiana.,2
"51,68",2
warraq.,2
“perubahan,2
darahnya.,2
temannya.,2
"tembakan,",2
pelantikan.,2
pemilih;,2
malpraktik,2
manifesto,2
"baliknya,",2
akademik.,2
klaimnya.,2
"ucla,",2
menghindarinya.”,2
"degradasi,",2
jean,2
143,2
ditemuinya,2
"pemerasan,",2
bob,2
alaska,2
natanz,2
aktivis.,2
sepihak.,2
poor's/asx,2
fundamentalis.,2
"mirkadirov,",2
mulut.,2
rauf,2
sisinya.,2
"depan.""",2
puitis,2
"periksa,",2
"wafa,",2
columbia,2
"usaha,",2
laporannya,2
sisanya.,2
duforc,2
thal,2
"syiah,",2
mengabdi,2
“pesta,2
jihad,2
"menyempit,",2
“dewan,2
al-hadi,2
"penerusnya,",2
kelam,2
2006.,2
soraya,2
giovanni,2
hamdi,2
"""dewan",2
"autisme,",2
108,2
diteliti,2
antrian,2
kekalahannya,2
kotanya,2
"negara”,",2
"saya,""",2
pasukannya,2
"ketidakadilan,",2
semprotan,2
senyap,2
184,2
menyabotase,2
trauma.,2
imbang.,2
"upaya,",2
surgawi,2
"”,",2
perceraiannya,2
gen-z,2
dengar,2
"$36,5",2
kelembutan,2
"terjajah,",2
harapkan,2
synthesis,2
report,2
hinaan,2
berkumpulnya,2
transparansi.,2
"terpengaruh,",2
"buncis,",2
"volt,",2
"kelembutan,",2
"hamid,",2
ziaur,2
"2024/2025,",2
"ampuh,",2
treble,2
$46,2
agresivitas,2
tersesat,2
"6,3%,",2
kapasitasnya.,2
care,2
antarbenua,2
"latihan,",2
dipersenjatai,2
1997,2
merkurius,2
perhatiannya,2
1948.,2
diblokade,2
pirouz,2
"berlawanan,",2
"kamar,",2
kenangan.,2
quetta.,2
parah.”,2
"kata-katanya,",2
empiris,2
"tengah,""",2
citigroup,2
denis,2
gradien,2
diidentifikasi.,2
pohon.,2
"tanaman,",2
"negara"".",2
maksimum.,2
(ppn).,2
1974.,2
"10,5",2
keagenan,2
"williams,",2
jurnalistik.,2
menyajikannya,2
giorgi,2
bespoke,2
"spahn,",2
tewasnya,2
emile,2
"maritim,",2
demarkasi,2
tumbuhan.,2
liao,2
530,2
"terhenti,",2
diproses,2
"perbedaan,",2
desakannya,2
simbol-simbol,2
adil.”,2
sapa,2
"semata,",2
teks-teks,2
"mengawasi,",2
hassan.,2
abraham,2
"pemilihan,",2
"sadat,",2
"informal,",2
baseball,2
dilacak,2
budha,2
major,2
esensinya,2
informasi.”,2
shimon,2
pidatonya.,2
"""james",2
menjulukinya,2
hindari,2
bayih,2
"melainkan,",2
yugoslavia,2
$10.000,2
"bangkit,",2
balkan.,2
1925,2
tsang,2
"agresif,",2
kacang-kacangan,2
memimpin.,2
"kelalaian,",2
bintang.,2
(90%).,2
"kekhawatiran,",2
dibungkam,2
"paksaan,",2
bias.,2
arthroscopic,2
persahabatan”,2
"al-khorayef,",2
palo,2
pakar.,2
semalaman,2
terurai,2
"pakhtunkhwa,",2
dibalas,2
"4,",2
belanak,2
"batang),",2
"un,",2
"85,3",2
petersburg,2
"21,5",2
termiskin,2
"""jalur",2
antony,2
"""acara",2
"interkontinental,",2
kepentingannya.,2
"leoni,",2
langganan.,2
drive,2
mendasar:,2
self-driving,2
selamat.,2
"isturdes,",2
oecd,2
henry,2
infeksi.,2
memahaminya.,2
almarhum,2
siklon,2
didudukinya,2
alamat.,2
"login,",2
pencakar,2
"wajahnya,",2
"la,",2
77,2
bissau,2
"1917,",2
alae,2
"grosso,",2
dirgantara,2
mendatang:,2
"ohl,",2
(tpra),2
angeles.,2
tertahan,2
utang.,2
start,2
ketiadaan,2
terencana,2
pergerakannya,2
tumbuhan,2
rico,2
"service,",2
kelambanan,2
"tizi-ouzou,",2
"dirasakan,",2
objektivitas,2
motorola,2
governance,2
preferensinya,2
ditularkan,2
elektrifikasi,2
"nawalparasi,",2
health.,2
"hamas,”",2
very,2
“mendukung,2
ramanush.,2
chat.,2
firewall,2
cekungan,2
benci,2
peninjau,2
pendengar,2
"karakter,",2
js:,2
2012.,2
"oneplus,",2
"philadelphia,",2
"penal,",2
tumbukan,2
kerasnya,2
dicegah,2
teritorialnya.,2
"26,",2
dilawan,2
315,2
jazira.,2
diosdado,2
"mazari,",2
"fatiha,",2
furnitur,2
"nderitu,",2
"visinya,",2
).,2
"ke-19,",2
"""gemini",2
leopold,2
noboa,2
berjabat,2
"perut,",2
"anaknya,",2
"mungkin”,",2
takdir,2
delhi.,2
"kedaulatannya,",2
giorgetti,2
polong,2
kosmos.,2
kemungkinan.,2
zverev,2
"buruknya,",2
dipercayakan,2
"""haaretz"",",2
94,2
menengah.,2
regulator.,2
meresponsnya,2
494,2
"jalan-jalan,",2
betina,2
muzaffargarh.,2
non-nuklir,2
reiche,2
sponsor,2
"bintang,",2
"rostov,",2
neta,2
andrés,2
"weiwei,",2
maggie,2
hanadi,2
"""united",2
industries,2
keterlibatan.,2
"sna,",2
hayat,2
agresif.,2
privatisasi,2
irma,2
michelsen,2
"prosedur,",2
“zaman,2
shivam,2
"tumbuh,",2
cfa,2
kemalangan,2
1908.,2
belhassan,2
diinterogasi.,2
book,2
seha,2
landas.,2
lereng,2
elit.,2
magna.,2
ya,2
rasakan.,2
dilupakan.,2
"konservatif,",2
birokrasi.,2
kepribadiannya,2
dhabi.,2
itu.”,2
romantis,2
quechua,2
mate.,2
lebat.,2
"sebenarnya”,",2
"alsa,",2
"ma'az,",2
"israel-palestina,",2
nepotisme,2
menyinari,2
"llm,",2
96%,2
"terputus-putus,",2
"""france",2
pembuka.,2
pembatas,2
“pasukan,2
"6,8",2
bergulir,2
tehreek-e-labaik,2
kazem,2
(tlp),2
(1966-1970),2
murabahah,2
"merajalela,",2
food,2
"eskalasi,",2
skenario:,2
82%,2
"al-alsun,",2
terkecuali.,2
agricultural,2
ibu-ibu,2
globalisasi,2
"murah,",2
"afiliasinya,",2
diberikan.,2
"ransomware,",2
afrika),2
ke-25,2
"embabi,",2
(ipc),2
samar,2
“melindungi,2
"4,4%,",2
tuangkan,2
sedalam,2
cuci,2
disahkannya,2
persaingannya,2
"12,5",2
mengimplementasikan,2
"baru),",2
peternakan.,2
tandatangani,2
alpha,2
"amunisi,",2
eksterior,2
al-ashrafiya,2
bertema,2
transformasional.,2
tenggang,2
nir-kekerasan,2
taleghan,2
sekujur,2
"14,9",2
"1954,",2
rusuk,2
krim,2
tinta,2
jawa,2
residu,2
berminyak,2
keserbagunaannya,2
baik”,2
diwariskan,2
"diperdagangkan,",2
membawakan,2
kehamilannya.,2
"memalukan,",2
"barbados,",2
hakim.,2
243,2
segel,2
donna,2
sprinter,2
pahit.,2
pokhrel,2
"sedih,",2
tenaga.,2
tambahkan,2
menegaskan:,2
nabatieh,2
“kalau,2
bergerak.,2
"komunitasnya,",2
"nasionalisme,",2
ditutupi,2
kantoran,2
men-tweet,2
memenangkannya,2
"murni,",2
"vasconcelos,",2
terbawah,2
fink,2
bushra,2
"horus,”",2
"mana,",2
jadwal.,2
"seo,",2
jardim,2
"fars,",2
dj,2
flickr,2
dibakar.,2
$90,2
brown,2
prasasti,2
"ukurannya,",2
bahannya,2
khas.,2
pewarna,2
penyemprotan,2
"tomat,",2
keanggunan,2
eropa”,2
trader,2
“nilai,2
ibn,2
nyata”,2
steel.,2
"banknya,",2
berdamai,2
kontaminasi,2
mengintegrasikannya,2
kini.,2
newsom,2
"kekuasaan,”",2
pemupukan,2
($700,2
"2,57",2
tegak.,2
"selam,",2
"hasira,",2
"belakangnya,",2
sisi.,2
caravaggio,2
fairouz,2
derna,2
kufra,2
melegalkan,2
"pelajar,",2
sumber:,2
isaad,2
consulting,2
petroleum,2
burek,2
"10,",2
isak,2
ibrahima,2
2040.,2
pengedar,2
fueron,2
dimilikinya,2
alexandria.,2
al-zahed,2
"tahunannya,",2
tongkang,2
“nilai-nilai,2
"icc,",2
mengangkutnya,2
"honduras,",2
heaven,2
bahayanya,2
jelai,2
"sepatu,",2
pengurungan,2
sensor.,2
didekorasi,2
"caterpillar,",2
onsi,2
fraser-pryce,2
praktisi.,2
60%.,2
"pentagon,",2
5-1,2
"rinciannya,",2
"metabolik,",2
israel).,2
"terfragmentasi,",2
siung,2
137,2
pro-impeachment,2
ketulusan,2
"nitrogen,",2
southern,2
"rennes,",2
"""kesalahan",2
kontradiktif,2
menerapkannya.,2
mendasarnya,2
"pengaruh,",2
"ketenaran,",2
hobi,2
"terdekat,",2
mendivestasi,2
mempersatukan,2
"david,",2
ekologis.,2
"baghaei,",2
"perbankan,",2
komersialnya,2
disewa,2
"ditarik,",2
batin,2
ekuinoks,2
menggoda,2
konseling,2
"maqsoud,",2
england.,2
"karat,",2
"1,12",2
"kilowatt-jam,",2
frontal,2
mana.,2
1960an,2
'masalah,2
türkiye,2
73%,2
"ratusan,",2
serentak,2
"cbs,",2
paparannya,2
atheer,2
"al-ghurairi,",2
$102,2
kejauhan,2
austria,2
simeoni,2
"""pemain",2
"pemaksaan,",2
demensia,2
“republik,2
tahun):,2
mahendra,2
membimbingnya,2
"memilih,",2
perceraian,2
tercekik,2
"kolaboratif,",2
turis,2
"disusupi,",2
pashtoon,2
membantuku,2
(selasa),2
obo,2
menghadapinya.,2
ural,2
selusin,2
"berpindah,",2
crowther,2
peringatannya,2
perbaiki,2
seksis,2
bahagia.,2
"pasangan,",2
"48,10",2
mengunduh,2
bersertifikat,2
"icj,",2
biaya;,2
praha.,2
"jurnalis,”",2
bincang-bincang,2
kewirausahaan,2
disewakan,2
martinelli,2
pengungkapan.,2
manakah,2
$44,2
komersialisasi,2
sekunder.,2
"komoditas,",2
"asalnya,",2
hidup”,2
sekitar.,2
"suportif,",2
"inzaghi,",2
simone,2
2000an.,2
rumitnya,2
"suntik,",2
"gaza.""",2
"amharik,",2
"pindah,",2
intensifikasi,2
"co₂,",2
tripartit,2
hormonal,2
dublin,2
"4,3%.",2
"menopause,",2
sepupu,2
berhati-hati.,2
emerging,2
kebutuhannya.,2
isis.,2
keamanannya.,2
"pidana,",2
country,2
najwa,2
gawatnya,2
“anggota,2
membebankan,2
otoriter.,2
"""pihak",2
semua.”,2
"intervensinya,",2
all,2
ide.,2
"fakultas,",2
teman.,2
pedalaman,2
murah.,2
"""global",2
saringan,2
daunnya,2
pengeditan,2
inferioritas.,2
memakannya,2
makiya,2
"saudaranya,",2
"laboratorium,",2
“tentara,2
podstakannik,2
rosatom.,2
"polusi,",2
"kuo,",2
5.100,2
hai,2
wuppertal,2
kanonik,2
solid,2
"ambigu,",2
bertegangan,2
"chatbots,",2
dibenarkan.”,2
franz,2
"live,",2
263,2
balen,2
sumbernya,2
ketidaksetaraan,2
casimero,2
keheningan.,2
amerindian,2
osaka,2
prioritas-prioritas,2
menanggungnya,2
"pernapasan,",2
93,2
mercusuar,2
berantai,2
"nygma,",2
"musselman,",2
"£1,5",2
pradeepa,2
sembelit,2
diterbitkan.,2
sabana,2
"7,5%",2
diamonds,2
mokhtar,2
jakub,2
kontinentalnya,2
menchik,2
moody's,2
paru-paru,2
6-4,2
"bawah,",2
43%,2
kontrolnya,2
diputuskan,2
"sesuai.""",2
alamnya,2
anti-narkoba,2
usaha.,2
nasional.”,2
(wam).,2
"""dan",2
pendahulunya.,2
olehnya,2
wahai,2
kepelatihannya,2
pesanan.,2
"keberangkatan,",2
el-bayar,2
"terenkripsi,",2
"konteksnya,",2
kalengan,2
"tindakannya,",2
antarmanusia,2
post.,2
"harrods,",2
"kualifikasi,",2
chengdu,2
namche,2
"bagus""",2
"bagdad,",2
​​​​dia,2
berbinar,2
"kekurangan,",2
"antivirus,",2
bruce,2
validitas,2
nottingham,2
perbedaannya,2
"6%,",2
"pecah,",2
latyan,2
lar,2
miss,2
dinilai.,2
"duplikat,",2
french,2
erdan,2
dihapuskan,2
bumi.”,2
"mahmoud,",2
"tembok,",2
levantine.,2
jassim,2
"menguat,",2
kelumpuhan.,2
"dipukuli,",2
maladewa,2
al-budaiwi,2
lah,2
"kenyataan,",2
"diekspor,",2
mengeringkan,2
"makni,",2
"diimpor,",2
"“hamas,”",2
ini!,2
melebarnya,2
mentahnya.,2
"komik,",2
kemarahan.,2
concordia,2
"disiksa,",2
"emansipasi,",2
(1,2
1893.,2
"perpecahan,",2
"pengucilan,",2
impas,2
"kejatuhannya,",2
berkencan,2
momo,2
transgender”,2
karaj,2
mengadaptasi,2
grafiti,2
retorikanya,2
“membenarkan,2
pra-sidang,2
budak.,2
'mekanisme,2
freddy,2
corak,2
konsulat,2
"5,3%.",2
romantisnya,2
"rekonsiliasi,",2
telegramnya,2
faktual,2
huru,2
nelson,2
lenyap.,2
anomali,2
hara,2
bukti-bukti,2
perambahan,2
pistachio,2
"terbunuh,",2
74.000,2
rata.,2
"perempuan),",2
kalender.,2
al-najjar,2
"pengoperasian,",2
"abu-abu,",2
icj.,2
harfiah,2
“sakit,2
berisiko.,2
65%.,2
tanggapan.,2
penerimaan.,2
175,2
melamar,2
kompas,2
pitso,2
"esso,",2
"mereka),",2
"ib,",2
"ahronoth,",2
"q8,",2
caterpillar;,2
menerjemahkannya,2
mosimane,2
kamboja.,2
gmt).,2
diikat,2
sehat;,2
al-manfalouti,2
kritik.,2
"sehari,",2
"eropa,”",2
"teman-temannya,",2
federalisme,2
pemahamannya,2
"china,",2
korbannya.,2
"spesialis,",2
"kehadiran,",2
bangkai,2
“mengapa,2
guernica,2
wisatawan.,2
"diagnosis,",2
"warsh,",2
dipertaruhkan,2
yurisprudensi,2
uav,2
pantainya,2
"diperbaiki,",2
teh:,2
"arkeologis,",2
arabiya.net.,2
"jawab.""",2
"medina,",2
pigmen,2
"""strategi",2
batal,2
kerjasamanya,2
signifikan.”,2
berhubungan:,2
mubasher,2
empat.,2
"concordia,",2
2-1.,2
biara,2
haram,2
"al-ghamdi,",2
keserbagunaan,2
"afrika-amerika,",2
eksportir.,2
danielle,2
"persaingan,",2
"tahap,",2
"diserang,",2
color,2
australia?,2
khawaja,2
"firaun,",2
"asyur,",2
"utuh,",2
"babilonia,",2
"howe,",2
kritiknya.,2
saydnaya.,2
"""beban",2
“undang-undang,2
athena,2
"badui,",2
academy,2
kebohongan.,2
diduduki.,2
الذي,2
"sloat,",2
dibebankan,2
citizen,2
"5,8%",2
"manajer,",2
504,2
dirampas,2
norman,2
penyisihan,2
velvet,2
badannya,2
dallas,2
"simbolik,",2
biologis.,2
"hidangan,",2
penggusuran,2
"""laporan",2
spontan,2
dikuburkan,2
antony.,2
(ba,2
non-medan,2
pro-rusia,2
kolaborasi.,2
meiran,2
eksekutifnya,2
menghilangkannya.,2
singapura,2
"2,25%.",2
iran.”,2
sachs,2
ditipu,2
bahçeli,2
(salah,2
"hidung,",2
ditindaklanjuti.,2
“asia,2
dedaunan,2
"pertahanan""",2
statis,2
target.,2
"khomeini,",2
pemisah,2
feinberg,2
non-saudi,2
brankas,2
"penemuan,",2
max.,2
"nairobi,",2
lagos,2
kemungkinan-kemungkinan,2
"citigroup,",2
"tangannya,",2
"gawang,",2
"lemas,",2
diperingatkan,2
"ketidakstabilan,",2
"listriknya,",2
traoré,2
trio,2
persahabatan.,2
"monarki,",2
"geng,",2
menghukum.,2
bersyarat,2
"tahan,",2
reformasi.,2
mengasah,2
janda,2
mengemis.,2
"tepat.""",2
olaf,2
scholz,2
provokator,2
sarapan.,2
ini?”,2
abstraksi,2
jenin.,2
diterimanya,2
keju,2
menguburkan,2
28%,2
sdg,2
instansi,2
"rajoelina,",2
"tank,",2
menebus,2
miami.,2
"patah,",2
diaspora.,2
"holocaust,",2
"menariknya,",2
"bosnia,",2
monde,2
"pertunjukan,",2
amina,2
repost,2
orkhan,2
baru”,2
"dzhemal,",2
“realitas,2
"17,8",2
"19,5",2
"panggilan,",2
adil”,2
"nadal,",2
tapioka,2
menyamarkan,2
gel,2
brahim,2
"dipilih,",2
"monaco,",2
pro-israel,2
pengangkatan,2
rohné,2
6-3,2
"1,40",2
"1998,",2
dicatat.,2
futsal,2
menasihatinya,2
"48,05",2
pengangkut,2
nitrat,2
profesi.,2
berapi,2
"absolut,",2
ultrasonik,2
(03:00,2
lautaro,2
science,2
antiinflamasi,2
menghakimi,2
"lain,”",2
dalida?,2
biology,2
"itu.""",2
main-main,2
penuh.”,2
poinnya,2
"california-berkeley,",2
ditakuti,2
lingua:,2
transparan.,2
"sejalan,",2
"stories,",2
lacalle,2
"gabes,",2
“praktik,2
"aliansi,",2
​​dengan,2
fotografer,2
voices,2
"25,9%,",2
pemeringkatan,2
“presiden,2
wanja,2
tinggali.,2
milley,2
"kenal,",2
"arachchige,",2
bahu.,2
guru.,2
"kewirausahaan,",2
disepakati.,2
zine,2
abidine,2
ungkap,2
mura'a,2
"budayanya,",2
(صوت,2
المرأة,2
hu,2
pengabdian,2
"wina,",2
shigeru,2
sergey,2
kijang,2
terjatuh.,2
sawt,2
kanan:,2
sahara.,2
"""kenbudo""",2
"dibekukan,",2
dipakai,2
"berduka,",2
kerja;,2
mar'a,2
chatgbt,2
özkan,2
(87,2
"bagus,",2
grove,2
(icj),2
beku,2
pasta,2
nasabah.,2
komitenya,2
merendam,2
dibekukan,2
fernando,2
"jilbab,",2
berkeliling,2
"""setiap",2
kimmel,2
"osaka,",2
"bernyanyi,",2
bfa,2
ibukota,2
sporting,2
temple,2
izin);,2
"reid,",2
mfa,2
a.,2
"baterainya,",2
"pengunjung,",2
lembap,2
rafinha,2
kepunahan,2
perdamaian?,2
"""idiadsot",2
batasan.,2
"aharonot""",2
permohonannya,2
"likuiditas,",2
“propaganda,2
amerika),2
terakumulasi,2
(ai).,2
pou,2
perwakilannya,2
"rawalpindi,",2
"$200,",2
"""east",2
corp.,2
1-3,2
konotasi,2
rekan-rekannya.,2
kejahatannya.,2
sekaranglah,2
kekesalannya,2
hukum;,2
"thomas,",2
pernyataannya:,2
2.400,2
beremigrasi,2
keadaannya,2
penerbangannya,2
permodalan,2
47.000,2
afrika”,2
lapar,2
lolam,2
mesones,2
pro.,2
1937.,2
wacana.,2
membantunya.,2
"dicegah,",2
tunawisma,2
"mekah,",2
"ditunjuk,",2
"""sharma",2
"cemas,",2
coltan,2
mencampurkan,2
sampel.,2
diserap,2
nofal,2
buggery,2
evin,2
»,2
bundar,2
legalisasi,2
terbarunya.,2
"tantangan.""",2
potensinya,2
suksesnya,2
"ekonominya,",2
perbudakan,2
melanjutkannya,2
hektar.,2
101.000,2
"lanskap,",2
rahasia.,2
construction.,2
kagum,2
"mil),",2
streaming.,2
keburukan,2
3.800,2
mil).,2
"blokade,",2
penularan,2
valley,2
bantuannya,2
1979,2
"keputusannya,",2
industrialis,2
meminggirkan,2
"al-kayariya,",2
sentralisasi,2
kegiatan-kegiatan,2
"peduli,",2
"melaporkan,",2
pengaduan.,2
jadwa,2
video-video,2
penyelesaiannya,2
private,2
rusia.”,2
diposisikan,2
"najeeb,",2
chattha,2
"servisnya,",2
erat.,2
manufakturnya,2
lokal:,2
defensa,2
"batuk,",2
"4,2",2
keberangkatan.,2
diversified,2
menyala,2
"0,7%.",2
perubahan?,2
"alasan,",2
"3,3%.",2
kecakapan,2
eliminasi,2
cia,2
petraeus,2
1-0,2
milani.,2
"mahmood,",2
pekarangan,2
"gaji,",2
"""pengumuman",2
"mengumumkannya.""",2
sporadis,2
"crowther,",2
beradaptasi.,2
ajayi,2
megawatt-jam.,2
"perminyakan,",2
"siang,",2
pemilihan.,2
mensurvei,2
sefcovic,2
670,2
"dikurangi,",2
kenyamanan.,2
spesifiknya,2
"disensor,",2
store.,2
mengingkari,2
monarki-monarki,2
slogan;,2
tindakan.,2
menumpahkan,2
katak,2
"berpakaian,",2
"patriarki,",2
didesain,2
majikan,2
"konsekuensinya,",2
beras.,2
direbut,2
agresifnya,2
peniruan,2
kerawanan,2
"wilt,",2
(startup),2
memanas,2
bawahnya,2
bawah.,2
banteng.,2
"tulang,",2
rafinasi,2
diperpanjang.,2
prekmurje,2
belasan,2
"sinwar""",2
32.000,2
"al-hawa,",2
"merusak,",2
$550,2
berkepentingan,2
“hukum,2
sipil.”,2
berbelanja,2
al-sadr,2
baath,2
kiam,2
hubungan.,2
derita,2
dikhawatirkan,2
komunitas:,2
forum-forum,2
honduras,2
"kesepahaman,",2
melissa.,2
cihan,2
sandinista,2
(ebrd),2
penggunaannya.,2
"termal,",2
"cvjetković,",2
mereda,2
membisikkan,2
shelter,2
"vitina,",2
"kamboja,”",2
"aturan,",2
"hua,",2
buldoser,2
"nepotisme,",2
"bollywood,",2
penyalaan,2
"tenis,",2
landau,2
"jujur,",2
kesenian,2
shetty,2
"malayalam,",2
"beasiswa,",2
bangsawan,2
networks,2
dipendra,2
verstappen.,2
305,2
"menggemparkan,",2
cukup;,2
deposito,2
berdampak.,2
"malware,",2
phuchka,2
aromanya,2
teori-teori,2
daher,2
mengklik,2
hekma,2
"diperkuat,",2
"al-fouly,",2
inverter,2
"bercanda,",2
amati.,2
direncanakan.,2
ribeiro,2
pencapaiannya,2
"terbatas.""",2
dunianya,2
kelimpahan,2
menghubungkannya,2
550,2
"non-refoulement,",2
"peningkatan,",2
​​termasuk,2
penyertaan,2
makin,2
asas,2
kinda,2
youssef.,2
perundingan.,2
jewel,2
"17,000",2
dance,2
mengiriminya,2
"gerakan,",2
"sm,",2
hukum”,2
berguncang.,2
perilaku.,2
el-sisi.,2
pemerhati,2
penyalinan,2
"olehnya,",2
"resor,",2
"""operasi",2
terjalinnya,2
hispanik,2
sempit.,2
al-lami,2
apartemennya,2
sensornya,2
“ketergantungan,2
sel.,2
"al-taif"",",2
"ditunda,",2
estudios,2
ditargetkan.,2
"basra,",2
mikroplastik,2
tomat,2
warsawa,2
sur,2
"kembung,",2
"""yedioth",2
"ahronoth"",",2
“perjuangan,2
"neptunus""",2
ciudad,2
memudar.,2
inventarisasi,2
plasebo.,2
"diberlakukan,",2
flash,2
"50,",2
dibukanya,2
khadidja,2
"dialihkan,",2
singapore,2
"mestinya,",2
"ketujuh,",2
pengobatan.,2
menggelontorkan,2
menderita.,2
"mendarat,",2
terbenam.,2
puasa,2
memindahkannya,2
"memimpin,",2
"memperpanjang,",2
membayar.,2
"mengapa,",2
"ahli.""",2
al-bashir,2
pemberontak.,2
"parkir,",2
fasilitasnya,2
"amorim,",2
"melakukannya.""",2
"agresifnya,",2
"hassett,",2
berkolusi,2
"waltz,",2
akibatnya.,2
encer,2
cuma-cuma,2
brasil”,2
otomatisasi.,2
janin,2
inggris).,2
"genting,",2
layaknya,2
pelapor.,2
molekul,2
racun,2
alzheimer.,2
"hama,",2
sebelumnya;,2
44%.,2
“pencapaian,2
air;,2
"benar.""",2
“krisis,2
"""amazon",2
pesenam,2
barbora,2
"1995,",2
atasi,2
pegang,2
"toleransi,",2
kaldu,2
partisipatif,2
periode-periode,2
neanderthal,2
féministe,2
"ditunggu-tunggu,",2
al-kharabsheh,2
kutub,2
aljazeera,2
dicurangi,2
"bawahnya,",2
keluh,2
"sindh,",2
monsun,2
penggajian,2
terabyte,2
27.000,2
(tengah),2
pemulih,2
kuil-kuil,2
citi,2
dieksplorasi,2
cuci.,2
"pelaksanaannya,",2
papazian,2
sebelumnya:,2
(jumlah,2
philadelphia,2
$20,2
laram,2
hanna,2
ali.,2
pemudik,2
“aturan,2
"tik,",2
membelinya,2
surut,2
lamanya,2
13%.,2
"wasit,",2
"kontrol,",2
perempuan”,2
menginginkannya.,2
"global.""",2
sport,2
pendiriannya.,2
"mereka,”",2
"""loyalitas",2
seukuran,2
berolahraga,2
"""kuil",2
"perjuangan,",2
terbunuh.,2
pengagumnya,2
berbalik.,2
progresif.,2
bavaria,2
hialuronat,2
pelat,2
"hialuronat,",2
noah,2
pendudukannya,2
aden.,2
fabrikasi,2
pengemasan,2
morocco,2
personelnya.,2
diaspora?,2
menggambar.,2
"said,",2
"keamanannya,",2
mingguannya,2
korup,2
rick,2
martínez,2
chatbots,2
karakterisasi,2
"ketagihan,”",2
"mendadak,",2
ke-17,2
pengganggu,2
hanlin,2
arteta,2
"""versi",2
"cupertino,",2
"palmer,",2
"korbannya,",2
“perempuan,2
zola,2
paralel.,2
copilot,2
"mustafa,",2
joko,2
406,2
"nour,",2
"unta,",2
pasaran.,2
"0,05%,",2
"kita.""",2
samovar,2
"studinya,",2
riil.,2
"chat"",",2
simbolisme.,2
ilegal:,2
"adas,",2
rubah,2
inisiatif.,2
gaza”,2
tersedianya,2
berkobar,2
bersabar,2
sah.”,2
tu,2
"intelligence,",2
malnutrisi,2
selam,2
nga’a,2
181.000,2
infrastrukturnya,2
kebingungan.,2
kyodo,2
bernasib,2
"strategisnya,",2
"asean,",2
utc,2
"shah,",2
pelatihan.,2
semesta.,2
biak,2
anda:,2
orlando,2
hiruk,2
pikuk,2
kondisinya,2
agnelli,2
diekstraksi,2
"nabati,",2
lega.,2
“polisi,2
civic,2
karumba,2
berdokumen,2
discovery,2
barramundi,2
"berdokumen,”",2
ke-25.,2
esmeraldas.,2
"pupus,",2
dilantik,2
gala,2
rafik,2
"roh,",2
mutu,2
"2027,",2
"$1,3",2
olympiad,2
siprus.,2
"menggembirakan,",2
"bergengsi,",2
mandi.,2
"quinindé,",2
"al-daya,",2
dihadang,2
"chatgpt,",2
bermarkas,2
"bot,",2
netflix,2
virgil,2
jules,2
tergoyahkan.,2
wolverhampton,2
motors,2
keenamnya,2
kelumpuhan,2
"memphis,",2
leverkusen.,2
editor:,2
kashmala,2
dibungkus,2
"sharaqi,",2
debit,2
id,2
20-an.,2
bersumpah,2
llevar,2
"membentuknya,",2
"4,9",2
"47,95",2
bilik,2
usd.,2
(45,2
mungil,2
tinggi”,2
“penyelidikan,2
dipantau,2
tersangka.,2
merenung,2
"dipaksakan,",2
nyamuk,2
diamankan,2
1910,2
"terlarang,",2
"terdampar,",2
kewalahan,2
ekspektasinya,2
berlanjut:,2
"induk,",2
alfred,2
"dokumenter,",2
terkelola,2
stamford,2
terpuruk.,2
kepercayaannya,2
kardiovaskular.,2
mencuci,2
menyeberangi,2
“penumpangan,2
"berkah,",2
tangan”,2
luís,2
"transnasional,",2
"diamankan,",2
(dikenal,2
"ma'aden,",2
pengikutnya.,2
"88,3",2
perbankan.,2
kegelapan,2
hidrokarbon,2
"verstappen,",2
"delhi,",2
shihab,2
balochistan.,2
tersembunyi.,2
ekosistem.,2
dikenang,2
mesto,2
blessing,2
kebajikan,2
mempraktikkan,2
mulia;,2
"10,5%",2
"guinea,",2
memperlebar,2
"snapchat,",2
mengeksekusi,2
khasnya,2
anekdot,2
rodeo,2
"dibuang,",2
india.”,2
pemulung,2
liberalisme,2
tergantikan.,2
karraechal,2
setebal,2
"2,1%,",2
variabel,2
"""platinum"",",2
pemetaan,2
dikurasi,2
chili,2
"nilai-nilai,",2
diserang.,2
feminin.,2
berpegangan,2
kanannya.,2
ketepatan,2
observasional,2
"33,4",2
"pertandingan.""",2
yao,2
"perwakilan,",2
avs,2
mengukuhkan,2
pengatur.,2
"negerinya,",2
“tanpa,2
"merdeka""",2
"arts,",2
wayne,2
najeebullah,2
gemilang,2
lukisan.,2
positifnya,2
"pendanaannya,",2
koma,2
robin,2
panji,2
son,2
pencaharian.,2
berkomentar:,2
leopoldo,2
tertekan,2
"suwayda,",2
stabilnya,2
"katolik,",2
"tragis,",2
koloni,2
kapanpun,2
"kuliner,",2
6.,2
harvard,2
luas;,2
"electric,",2
"perhiasan,",2
“libya,2
"sheta,",2
sayur,2
sichuan,2
"pesannya,",2
kong:,2
terelakkan.,2
kami...,2
langgeng,2
terlarang.,2
efikasi,2
dashna,2
makedonia,2
penyaluran,2
"konkret,",2
ekologi.,2
denpasar,2
diletakkan,2
disangkal,2
"besarnya,",2
pascabencana,2
mutlak.,2
kelegaan,2
melimpahnya,2
211,2
"""presiden",2
chucaple,2
motor.,2
miring,2
memilah,2
kepentingannya,2
ikat,2
"""daily",2
"hime,",2
direkam,2
"tunggu,",2
db,2
peluang.,2
kompromi.,2
'anda,2
menasihati,2
"bahn,",2
"erdoğan,",2
diminum.,2
al-suwailem.,2
dipanaskan,2
susan,2
cucunya,2
2001,2
akademis.,2
perimeter,2
mengendarai,2
kesengsaraan,2
dos,2
georgia.,2
terpikir,2
"situsnya,",2
nuklir...,2
"pamer,",2
ekspansif,2
meriah,2
isturdes,2
diuntungkan,2
"menstruasi,",2
merundingkan,2
valley.,2
bawaan,2
“yang,2
khmer,2
reduktif,2
buronan,2
"1,8%",2
dhaka.,2
titanium.,2
bodi,2
wimbledon,2
kimonyo,2
(southern,2
tarsheed,2
takeuchi,2
ngeri,2
"katz,",2
"druze,",2
"fleksibel,",2
hunter,2
opresif,2
chen,2
edwin,2
"watt,",2
damak,2
al-ghannam,2
s25,2
nasrin,2
"ponsel,",2
kandidat.,2
"seterusnya,",2
(rare,2
"company""",2
3.500,2
julian,2
"dijelaskannya,",2
hipotek.,2
pickup,2
rekrutmen.,2
"ilmuwan,",2
keragu-raguan,2
bertanya-tanya:,2
chobhar,2
"simpatik,",2
moral”,2
metode-metode,2
"kabar,",2
temuan-temuan,2
economics.,2
bankers,2
"majalah,",2
dikabarkan,2
home,2
radio.,2
"""sampai",2
krall,2
"""aldar",2
dimediasi,2
layar.,2
"keramahtamahan,",2
"pengurangan,",2
terkejut.,2
bergambar,2
"pun,”",2
peran.,2
terlibat:,2
jimmy,2
menyinggung.,2
kebersamaan,2
"dipercaya,",2
"1,000",2
"publik,”",2
“demokrat”,2
kefanatikan,2
sclerosis,2
beriringan.,2
stabilitasnya.,2
lateral,2
terbakar.,2
osilasi,2
"""kisah",2
penyatuan,2
"dipoles,",2
"biru""",2
"penutup,",2
sulaiman,2
brahmaputra,2
mentega.,2
pendanaan.,2
leverkusen,2
diterbangkan,2
bahruz,2
berbakat.,2
"rizzo,",2
"(stf),",2
jinping.,2
punggung.,2
"sembelit,",2
"(als),",2
teridentifikasi,2
"association,",2
"diare,",2
terperangkap,2
tso,2
skowhegan,2
"rolpa,",2
pro-palestina,2
keramahtamahan.,2
lebah,2
basah.,2
perbaikannya.,2
honduras.,2
york”,2
garpu,2
"besar,”",2
"al-wahda,",2
anti-pemerintah.,2
mengirimi,2
masalahnya.,2
majid,2
"permulaan,",2
"glasial,",2
1975.,2
kegagalan;,2
22.30,2
iltija,2
"sweida,",2
menepati,2
240,2
global?,2
8%.,2
196,2
demokratis.,2
"mendengarkannya,",2
berita.”,2
"marseille,",2
rif,2
kestabilan,2
aromatik,2
pingsan,2
tembikar,2
anggur.,2
berdua,2
dikompromikan,2
arsitektur.,2
yanardağ,2
cpo,2
amyotrophic,2
zouine,2
dirugikan,2
ford,2
deepfake.,2
jamie,2
non-negara,2
"chatbot,",2
penggurunan,2
"disinformasi,",2
stadium,2
salgueiro,2
misalnya.,2
sederet,2
update,2
merombak,2
ekspedisi,2
"membaik,",2
menagih,2
"vegetasi,",2
"3,650",2
danau.,2
gay,2
misr,2
al-hikma,2
pemain.,2
al-saad.,2
“mitra,2
meresponsnya.,2
esafety,2
penanggung,2
malaysia.,2
narasinya.,2
permadani,2
sox,2
aplikasinya,2
mantel,2
klien.,2
dikendarai,2
pertanyaan.,2
pujian.,2
"motor,",2
"tbilisi,",2
paroki-paroki,2
ke-26.,2
saat.,2
bermuatan,2
menyuruh,2
lumpuh,2
kedapatan,2
422,2
pasca-perang,2
persentase.,2
"makam,",2
"sabah,",2
pencahayaan,2
dibilang,2
deposit,2
bilingual,2
voucher,2
elenzanetant,2
mengkatalisasi,2
terverifikasi.,2
"tuberkulosis,",2
pence,2
"aids,",2
"teratas,",2
menyuplai,2
terukur.,2
komunitasnya,2
"15,4%.",2
johan,2
"4,25%.",2
produknya,2
muhammad.,2
nabi,2
beredarnya,2
(operasi,2
diumumkannya,2
konfrontatif,2
pecah.,2
"capriles,",2
penyebabnya,2
terserah,2
mentalitas,2
"vandalisme,",2
israel;,2
obat-obatan.,2
(a),2
saadia,2
"diwawancarai,",2
"nou,",2
"apa-apa,”",2
"pemodelan,",2
mohon,2
hiperinflasi,2
membentangkan,2
pirapora.,2
kue-kue,2
"berkuasa.""",2
co₂,2
saya!,2
geologis,2
penelantaran,2
amish,2
"emisi,",2
fon,2
puncak.,2
liberata,2
"mulamula,",2
kepemimpinan.,2
"isu,",2
intercontinental,2
"cotonou,",2
suez.,2
réseau,2
"wassila,",2
"""semangat",2
stanley,2
persen;,2
digital”,2
147,2
banc,2
186,2
disuplai,2
siglo,2
"terdakwa,",2
trending,2
"peluncurannya,",2
waktu-waktu,2
"dongeng,",2
indikatornya,2
"218%,",2
3.,2
"penyangga,",2
keberatannya,2
tentukan.,2
"diberhentikan,",2
jasa.,2
mendikte,2
rohingya.,2
"""sanksi",2
krasnaya,2
maher,2
capitol,2
dilihat.,2
"kesopanan,",2
"0,07%,",2
bergetar,2
khadda,2
uday,2
disangkal.,2
235.000,2
al-saeed,2
marlon,2
"diet,",2
.”,2
"afrika,”",2
terseret,2
bijaksana.,2
pengunduhan,2
“el,2
"1966,",2
perluasannya,2
kantung,2
"abed,",2
justin,2
"penangguhan,",2
arahnya,2
jenin,2
"0,5",2
pewaris,2
benyamin,2
brinkema,2
sama?,2
buat,2
'',2
degradasi.,2
steelpan,2
sa'ar,2
"disampaikannya,",2
hangus,2
“menurut,2
mencadangkan,2
menunjang,2
dikeluarkan.,2
kebaktian,2
sore.,2
"merdeka,",2
"pittsburgh,",2
hidup?,2
"harpviken,",2
"himalaya,",2
"kreatifnya,",2
merintis,2
perawatan.,2
"denver,",2
"bedah,",2
kondisinya.,2
"emirates,",2
"nouakchott,",2
mengirimnya,2
e-government,2
al-sharif,2
memanjat,2
"motivasi,",2
lawan-lawannya.,2
kengerian,2
ora,2
hasratnya,2
sagaing.,2
visinya,2
restriktif,2
"kachin,",2
"karenni,",2
"rakhine,",2
soroti,2
"mengharukan,",2
dilemahkan,2
ke-95,2
gobierno,2
bergilir,2
"khasnya,",2
pelatihnya,2
1.219,2
“teruslah,2
gambia.,2
walcott,2
beraliran,2
"demografi,",2
"mobilitas,",2
162,2
"penyediaan,",2
tina,2
"""mundo",2
ceo-nya,2
brandenburg,2
237,2
pankreas,2
keturunannya,2
"bahasanya,",2
armenia.,2
"dilipat,",2
stadion.,2
nostalgia,2
"9,9%.",2
"ternama,",2
"sudut,",2
"0,28%,",2
cagliari,2
"2-0,",2
al-enmaa.,2
bagasi.,2
fanatik,2
klubnya.,2
modernitas,2
"ke-21,",2
berpasangan,2
modern?,2
cukai.,2
"$3,759.98",2
tahunan.,2
raymond,2
antusias,2
"ambisius,",2
"budapest,",2
herbal,2
templat,2
terbitan,2
"arkan"",",2
islamic,2
aturannya,2
"0,4%,",2
"canary,",2
dituduhkan,2
"mint,",2
obsesif,2
999,2
keingintahuan,2
"babel,",2
112,2
iof,2
menggerebek,2
babil,2
flashes,2
pharmaceuticals,2
ramallah.,2
"sharif,",2
"keintiman,",2
terkasih,2
"berulang,",2
hiasan,2
pemasaran.,2
"sulaman,",2
"1969,",2
1960an.,2
direbus,2
nuseirat,2
"twitch,",2
"skor,",2
"perpajakan,",2
debray,2
kebetulan.,2
pakhtunkhwa.,2
sanaa.,2
arkan.,2
"hail,",2
"meriah,",2
memuncak,2
$586,2
"ai,”",2
eric,2
"linguistik,",2
psikologi.,2
trotoar.,2
"terelakkan,",2
ditanam,2
now,2
"bakat,",2
artesis,2
410,2
ejaan,2
pilar-pilar,2
non-hormonal,2
adato,2
impresifnya,2
gambarkan.,2
"kejauhan,",2
lusin,2
kais,2
"penampungan,",2
lkr,2
kelontong,2
pachuca,2
düsseldorf,2
disyaratkan,2
‘tidak,2
terganggu,2
"malik,",2
"madinah,",2
"menggambar,",2
не,2
"39,35",2
terdakwa.,2
"2035,",2
kembalikan,2
"bertuliskan,",2
"berangkat,",2
mempermudah,2
k-12,2
dominan.,2
keterasingan,2
mastantuno,2
"bertahun-tahun.""",2
"(mhp),",2
tertipu,2
"radio,",2
hoda,2
day,2
penjual.,2
"""sekarang",2
"nyenyak,",2
beraksi,2
kendaraan.,2
were,2
otsuka,2
"ai""",2
kuartet,2
anjlok.,2
"islandia,",2
"chuvash,",2
yafi,2
bertelsmann,2
baku.,2
grok,2
relaksasi,2
"berpengalaman,",2
"diklarifikasi,",2
amini,2
israel...,2
urmonov,2
chico,2
“biaya,2
diobati,2
“ever,2
anjingnya,2
"ruang,",2
qarabag,2
fenerbahce,2
berkepanjangan?,2
"perubahannya,",2
pardo,2
"pencahayaan,",2
"mitra,",2
(versi,2
nikolas,2
"1,4%",2
memungkinkan.,2
"melanda,",2
skandinavia.,2
(apec),2
diangkut.,2
kesaksian-kesaksian,2
​​agama.,2
uli,2
chiapas.,2
"belhassan,",2
95.000,2
"transgender,",2
rising,2
sambutannya.,2
kesesuaiannya,2
"petraglia,",2
keluarkan,2
brooksby,2
napas.,2
dipanggang,2
melakukannya.”,2
"dermer,",2
kilau,2
paskah,2
disusupi,2
center.,2
merasionalisasi,2
"kemunduran,",2
perkara,2
diretas,2
westjet,2
layak.,2
diingatkan,2
belajar.,2
"jeffries,",2
"rumor,",2
"“pengurangan,”",2
menorah,2
igbo,2
ke-90,2
yahoo,2
protektorat,2
sandu,2
rata,2
(putra),2
"penggemarnya,",2
terlahir,2
pakai.,2
terpilah,2
"nuansa,",2
asset,2
paduan,2
opera,2
enis,2
čišić,2
"suhu,",2
“ai+”,2
desigualdad,2
"kanak-kanak,",2
"tentara,",2
mengapa?,2
diubah”,2
memeluk,2
"kampanyenya,",2
“berapa,2
lingkungan.”,2
keabadian,2
melambung.,2
optus.,2
dominasinya,2
"""aksi",2
"ekonom,",2
sosial-politik,2
"gu,",2
gang,2
seung,2
"dinormalisasi,",2
"israel,”",2
hossein,2
dina,2
(meskipun,2
mengairi,2
bicara.,2
penembakan.,2
ketujuh.,2
3-1.,2
quds,2
sanksi”,2
musk.,2
"pemenang,",2
semula,2
penyederhanaan,2
"6,3",2
perdata,2
mengabaikannya,2
asingnya,2
(anak,2
bayang-bayang.,2
"""hak",2
"bergabung,",2
"al-batta,",2
dibayar.,2
"krall,",2
didaftarkan,2
"heathrow,",2
aerospace.,2
respon,2
astronom,2
reforma,2
"senjata""",2
"dibagikan,",2
pakhshan,2
azizi,2
telapak,2
"facebook-nya,",2
"pantai,",2
mual,2
"kekayaan,",2
violet,2
"gw,",2
bubuk,2
mendidih,2
"kasar,",2
“platform,2
penulisnya,2
marina,2
bernardes,2
"teritorial,",2
"teknologi.""",2
608,2
dirilis.,2
kemeja,2
polo,2
674,2
"mana-mana,",2
pastelera,2
kembali.”,2
"penerbit,",2
dimotivasi,2
kerala,2
akselerator,2
mudah;,2
kegilaan,2
anke,2
diberikannya,2
raseef,2
(juga,2
didukungnya.,2
"partisipatif,",2
setan.,2
keberlangsungan,2
botswana.,2
miliknya.,2
kemanjuran,2
ke-6,2
"sukari,",2
forbes.,2
sos,2
"nubia,",2
aksara,2
kallas,2
"pembalasan,",2
berinvestasi.,2
pengimpor,2
pamerannya,2
"swift,",2
"apel,",2
dicantumkan,2
el-hadary,2
luka-lukanya,2
haknya,2
akui,2
shenzhen,2
"shoaib,",2
seminar,2
mainan,2
pistol,2
giorgia,2
"tulis,",2
relief,2
"kerentanan,",2
(fn):,2
noubel,2
"""satu",2
"chiringuito"",",2
31%,2
dianggapnya,2
hiperrealisme,2
keberlanjutan.,2
124,2
"jaksa,",2
(2005),2
intel,2
konsesi.,2
al-mesiri,2
"""panggilan",2
partner,2
"5-2,",2
global:,2
khususnya.,2
masker.,2
meniskus,2
dekoratif.,2
shouk,2
melihatnya.,2
quebec.,2
özgür,2
"özel,",2
"9%,",2
"domba,",2
"mulut,",2
persis,2
menggolongkan,2
kesenangan,2
qureshi,2
ons.,2
pernahkah,2
sungainya,2
kolaboratornya,2
perusahaan:,2
budapest,2
marino,2
kaburnya,2
128,2
"damai,”",2
allah,2
yeol.,2
suk,2
$410,2
deras.,2
ketabahan,2
menidurkan,2
"""satu-satunya",2
71%,2
"wahed,",2
mengkhianati,2
deteksi.,2
keutuhan,2
danau-danau,2
munafik,2
warjiyo,2
"""tnt",2
“tahanan,2
anglogold,2
taibah,2
dikonversi,2
erbil,2
sengatan,2
"artikel,",2
"pahit,",2
(fsb),2
tahap:,2
"bholanath,",2
"roncero,",2
"9,9%",2
tasnim.,2
fiksi.,2
lohani,2
fars,2
kerak,2
"berlian,",2
mani,2
jarangnya,2
"al-ali,",2
penjarahan,2
“revolusi,2
"komponennya,",2
peradilan”,2
diukir,2
"al-orabi,",2
atef,2
"aneh,",2
terakhir?,2
bola-bola,2
perekonomian.”,2
proyek-proyeknya,2
galicia,2
bagaikan,2
"atta,",2
mitsotakis,2
190,2
rasional.,2
hadhreen,2
"(rsf),",2
lvmh,2
"10,755",2
"1,29%,",2
bernafas,2
angad,2
daimler,2
"0,76%,",2
2000.,2
"""egx30""",2
republikan,2
jamnya,2
gamblang,2
"pankreas,",2
"11,",2
bermotivasi,2
al-khuzaie,2
likuidasi,2
penggunaan.,2
groc,2
diameter,2
terkonsentrasi.,2
almughrabi,2
platina,2
"sahabat,",2
1971,2
salzgitter,2
"berkali-kali,",2
rezki,2
nmc,2
dirahasiakan,2
"ahly,",2
menjarah,2
[di,2
usahanya,2
materinya,2
oat,2
“anak-anak,2
137.000,2
pencitraan,2
"kematiannya,",2
"kepresidenan,",2
semaksimal,2
dituturkan,2
"hangat,",2
rota,2
"1,13",2
"clarke,",2
kudeta”,2
kritiknya,2
heart,2
is,2
ahmed.,2
oracle.,2
"mengidentifikasi,",2
gelas.,2
"afp,",2
pacu,2
terhubung.,2
mamdouh,2
ke-15,2
"forum,",2
apa-apa,2
water,2
pemakaian,2
usang,2
asalnya.,2
precio,2
tidak?,2
"carolina,",2
"lutein,",2
pemanfaatannya,2
"rohingya,",2
"""piala",2
"1960-an,",2
"penggeledahan,",2
"memperingatkan,",2
sekotak,2
"""sebagai",2
"diplomatik.""",2
bela,2
irakli,2
algoritmanya,2
"mereda,",2
(8,2
terkepung.,2
dipajang,2
dinyalakan,2
tahun),2
"therm,",2
(6,2
mengenalnya,2
jo,2
vila,2
setelahnya,2
"reaksi,",2
syiah.,2
dibayangkan.,2
"omar,",2
"ke-61,",2
mangsa,2
"spiritual,",2
ruud,2
kebaikan;,2
konservatifnya,2
barbuda,2
"independensi,",2
"48,07",2
"47,97",2
"fisika,",2
“suka.”,2
"strukturnya,",2
digagas,2
rusia?,2
persentasenya,2
"flick,",2
"mohamed,",2
hengkang,2
"terpelajar,",2
138.000,2
antoine,2
drc.,2
"lualaba,",2
dna,2
"donor,",2
"3,5%,",2
"barat”,",2
kembangkan,2
sekalipun.,2
optimis;,2
keterikatan,2
"romawi,",2
alfabet,2
khasi,2
psikosomatis,2
belakangnya,2
"1,1%,",2
lehernya,2
kinetik”,2
"cendekiawan,",2
saltz,2
trading,2
tpra,2
diaria,2
lapor,2
"""moskow",2
telegram:,2
kopi.,2
non-perumahan,2
anti-rezim,2
"steel,",2
"2,4%",2
kasus;,2
aksesnya,2
"tiongkok"",",2
semuanya.,2
"26%,",2
"keterjangkauan,",2
fortune,2
mempersingkat,2
azam,2
"pilihan,",2
kebebasan),2
dikenal.,2
"1,6%.",2
perunding,2
"ekspansi,",2
eskalasi.,2
"(drc),",2
(whistleblower),2
petahana,2
fruktosa,2
rahasianya,2
"2,9%,",2
angham,2
"desa-desa,",2
dilapisi,2
"arteta,",2
"kelemahannya,",2
kindle,2
"sipri,",2
"petro,",2
"penghinaan,",2
han,2
sushila,2
diraihnya,2
star,2
hyundai,2
kewalahan.,2
"ai-nya,",2
action,2
"2,6%,",2
lahirnya,2
medalinya,2
kebal,2
thyssenkrupp,2
helm,2
(bmi),2
"penghidupan,",2
uranium.,2
fed.,2
hurricane,2
oriana,2
"mereka""",2
be,2
pojok,2
“kurang,2
kering.,2
mengagumkan.,2
"jangkauannya,",2
в,2
berwujud.,2
"pemalsuan,",2
jana,2
andolan,2
gyanendra,2
"miliknya,",2
al-hawl,2
"kolwezi,",2
menguap,2
"oxfam,",2
traton,2
“perusahaan,2
tersebut.”,2
anonimitas,2
"leavitt,",2
"english,",2
nate,2
“tanggapan,2
penabung,2
"kabarnya,",2
peringatkan,2
"pujian,",2
menampik,2
jaket,2
"ringkasnya,",2
selayaknya,2
diverifikasi,2
"kamus,",2
"bangsa""",2
permukaannya,2
"montevideo,",2
anz,2
strategy,2
"mempromosikan,",2
"tulisan,",2
sempurna.,2
"perlahan,",2
menggumpal,2
"berketahanan,",2
profitabilitasnya,2
ganja.,2
"presidennya,",2
"mengedit,",2
"“hizbullah,”",2
perputaran,2
mewaspadai,2
developing,2
"tradisionalnya,",2
material.,2
menyarankan.,2
"65%,",2
setapak,2
"bata,",2
“perjalanan,2
"cakupan,",2
memukau,2
playlist,2
taruhannya,2
pembahasannya,2
diadopsinya,2
transaksinya,2
kebugaran,2
farid,2
baik!,2
penggurunan.,2
"menenangkannya,",2
"ekuador,",2
keparahan,2
corps,2
mercy,2
kontemplasi.,2
beragunan,2
"marchyshyna,",2
sebelas,2
didkovska,2
"poprad,",2
2025/2026.,2
penghargaannya,2
"ditindaklanjuti,",2
toleran,2
kepercayaan.,2
terjadi?,2
“kapan,2
"disebarluaskan,",2
[untuk,2
"al-hekma,",2
terkalahkan,2
kenyang,2
spring.,2
kd,2
hassett,2
sheta,2
ketidakpuasannya,2
diaplikasikan,2
"dipanggang,",2
keripik,2
ulah,2
kesadaran.,2
lautnya,2
al-arabiya,2
suku-suku,2
arabisme,2
absen.,2
pembicara.,2
rekayasa.,2
kairat,2
pemulihannya.,2
menanganinya,2
"haynes,",2
almaty,2
propertinya,2
pemeriksaannya,2
mendasari,2
"""tren",2
signifikansinya.,2
"campuran,",2
"4,0%",2
"tepung,",2
"boneka,",2
(mate,2
"youtube-nya,",2
tang.,2
marie,2
"ditoleransi,",2
"terhambat,",2
230,2
"bagus.""",2
kelamin.,2
"7,0%",2
program.,2
1922,2
marcelo,2
kedua:,2
nairobi,2
obor,2
diskriminatif.,2
transformasi.,2
datangi,2
kathleen,2
peer-review,2
patriarki.,2
"melelahkan,",2
pelaksanaannya,2
"permasalahan,",2
interaktif.,2
"partisipasi,",2
praha,2
as).,2
evaluator,2
techo,2
affinity,2
"partners,",2
"bangsa,”",2
harmonisasi,2
"wuhu,",2
sawah,2
argumen-argumen,2
"nasraoui,",2
shams,2
"dortmund,",2
"terbaik.""",2
stop,2
terakhirnya.,2
survei.,2
kuesioner,2
state,2
michigan,2
terjadi?”,2
"pr,",2
4-2.,2
lokal.”,2
bisnisnya,2
keenam.,2
kabur,2
"westmoreland,",2
kepasifan,2
busuk,2
silva.,2
inferioritas,2
alan,2
hill,2
"agama""",2
teoretis,2
sewaan.,2
kirkuk-ceyhan,2
jayanth,2
bekas.,2
"pelatih,",2
lalai,2
siklus:,2
mapan.,2
"golan,",2
garcia,2
"2002,",2
antwerp,2
"airbus,",2
nghe,2
"struktur,",2
membelok,2
digoreng,2
dengungan,2
"wikimedia,",2
baumeister,2
mekelle,2
"gemini,",2
"chrome,",2
inginkan,2
"saud,",2
dunia:,2
ehud,2
al-malqa,2
menoleransi,2
125,2
294,2
"penutupan,",2
messenger,2
l'equipe,2
"escrow,",2
linkedin,2
"didengar,",2
nari,2
nikah,2
"indianapolis,",2
"f-35,",2
"$799,",2
(opec).,2
pengemasan.,2
petersfield,2
bertarget,2
ke-7,2
"menyusut,",2
"wisata,",2
youth,2
"terpinggirkan,",2
pengelompokan,2
keterangannya,2
quinindé,2
ransel,2
penyortiran,2
terganggunya,2
ditandatanganinya,2
trump:,2
hashtag,2
penumpangnya.,2
"subsidi,",2
jawaban.,2
"potter,",2
#riyad_salamah,2
lukis,2
"newcastle,",2
(5,2
649,2
"pulau,",2
rifaat,2
255,2
deretan,2
"mendengarkan,",2
sheet,2
milan-cortina,2
gagah,2
"$3,8",2
"""america",2
"first""",2
linkedin.,2
“rumah,2
650,2
"lamban,",2
diremehkan,2
mengapung,2
permukaan.,2
clean,2
kapal.,2
renang,2
tiananmen,2
perangnya,2
agen.,2
"diduga,",2
(minggu),2
"raseef22,",2
"pengawet,",2
"7,2%",2
diutamakan.,2
"terpal,",2
jilali,2
"""arktik""",2
"pemakaman,",2
teluk.”,2
"pengumpulan,",2
berdagang,2
presiden;,2
"2231,",2
"kehakiman,",2
plot,2
pun;,2
"""solan""",2
berdemonstrasi,2
banchare,2
terkontaminasi,2
lawannya.,2
"$2,2",2
berlomba,2
salon,2
"1,3%",2
penjajah.,2
terkaitnya.,2
naif,2
"dianiaya,",2
"diterjemahkan,",2
kuasa,2
des,2
al-ismaili,2
"taktik,",2
bersama;,2
lalu;,2
"pengikutnya,",2
dijual.,2
sithi,2
baterai.,2
"opsional,",2
nassaf,2
"pengiriman.""",2
164,2
praktisnya,2
facebook-nya,2
"sobhi,",2
kreatifnya,2
21.00,2
"menular,",2
"kedaulatan,",2
naratif,2
himal,2
kesenjangan.,2
snap,2
auxerre,2
ekspresif,2
konstituen,2
audio-visual,2
rafa,2
"shushan,",2
merawatnya,2
benangnya,2
dihidupkan,2
punah.,2
paham,2
sembari,2
33%.,2
"ditekan,",2
"mamalia,",2
berdaya,2
menghadiahkan,2
mengabulkan,2
unesco.,2
no,2
komunike,2
"kepanikan,",2
"pembeli,",2
marseille.,2
kuizian,2
atitso,2
bassiri,2
163,2
"menyeluruh,",2
"kebutuhan,",2
ahmadiyah,2
mutilasi,2
"mccaulay,",2
76,2
kurban,2
"kemitraan,",2
kumpulkan,2
"diselamatkan,",2
"(irgc),",2
"radwan,",2
"adha,",2
real-time.,2
martin.,2
cme,2
covid-19.,2
oval.,2
suwayda,2
"drum,",2
creole,2
"tarian,",2
sehari.,2
gonzález.,2
gelembung-gelembung,2
meningkatkannya,2
"tubuhnya,",2
"kenyang,",2
depannya,2
milenial,2
togo,2
pdpl,2
ewe,2
aslinya,2
“berbagi,2
platform”,2
reguler.,2
"akses,",2
mengidap,2
“menolak,2
cucian,2
earl,2
mengelolanya,2
"sel,",2
ajukan,2
"sendi,",2
"konser,",2
"milley,",2
hotel.,2
"hurghada,",2
"gouna,",2
"lintas,",2
“kelelahan,2
nilainya.,2
kekerabatan,2
khella.,2
"kegiatan,",2
kakinya,2
(rrt),2
renaissance.,2
sastra.,2
al-arabiya/al-hadath.,2
"terpencil,",2
square,2
seventy,2
anaknya.,2
pengganda,2
baliknya.,2
kordofan.,2
"arkan""",2
penyok,2
bergumam.,2
"zakat,",2
"saxony,",2
"alhasil,",2
"4,75",2
penyebutan,2
"berguna,",2
gejalanya,2
"pola,",2
desanya,2
tergolong,2
menghantam,2
hamparan,2
"diretas,",2
bocor.,2
nafkah.,2
gam,2
espirito,2
sahabat,2
marcus,2
menemaninya,2
sebagian.,2
"pahlawan,",2
mendasarnya.,2
seolah,2
moraes.,2
pertumbuhannya.,2
$357,2
sll,2
ancaman-ancaman,2
nanometer.,2
bungkus,2
"العربي,”",2
non-nitrogen,2
asml,2
btu.,2
isian,2
"$4,75",2
tongkat,2
srinagar,2
vitor,2
menyadarinya.,2
"machuca,",2
"isolasi,",2
imanol,2
"lebat,",2
tubuhku,2
reses,2
babi,2
"reiche,",2
lemas,2
freedom,2
subjektif,2
melingkar,2
berlabel,2
"""gemini""",2
(the,2
"rumahnya,",2
vaksinasi,2
mengukir,2
sejarah:,2
"pertanggungjawaban,",2
"wehbe,",2
saudi:,2
"pintu,",2
kay,2
promosinya,2
"perdukunan,",2
"akhir,",2
sekutu.,2
adel,2
"berber,",2
dihadapinya,2
dibubarkan,2
memperluasnya,2
vyacheslav,2
belgorod,2
"""abu",2
"berawak,",2
conde,2
situasinya.,2
b,2
sebulan.,2
"induknya,",2
“partikel,2
detektor,2
al-nahar,2
saksi.,2
vincent,2
"navigasi,",2
samer,2
berdampingan.,2
pentas,2
estat;,2
berbenturan,2
warisannya,2
terpikat,2
"latvia,",2
ray-ban,2
history,2
lumpur,2
parkir,2
omdurman,2
"6,1%",2
"after""",2
return,2
bensin.,2
"kondisi,",2
“basis,2
vegetarian,2
"fellowship,",2
"6,3%",2
"""penarikan",2
menyertai,2
"ham,",2
"louis,",2
pernapasan.,2
ketidaksetujuan,2
anti-migran,2
telepon.,2
permintaannya,2
"""x"":",2
memaparkan,2
thiel,2
"""words",2
"mitsira,",2
"met-233i,",2
rivalitas,2
narasi-narasi,2
pro-ue,2
"1996,",2
menemukannya,2
pemula,2
"perbekalan,",2
menggambarnya,2
"satunya,",2
dam,2
"zab,",2
kakinya.,2
faso.,2
officer,2
technology,2
mana-mana,2
"furnitur,",2
75%.,2
“dukungan,2
balakhisheva,2
"dipastikan,",2
kelompok.,2
kolosal,2
jašarević,2
"1993,",2
"""poros",2
"jahitan,",2
werder,2
ravid,2
tottenham.,2
masalah.”,2
irazabal,2
penyajian,2
lakh,2
tersumbat,2
"penjual""",2
muncullah,2
15-12,2
"dokumen,",2
"meditasi,",2
kiri:,2
switch,2
kipas,2
talaat,2
"bioskop,",2
"irigasi,",2
dikesampingkan.,2
mengotomatiskan,2
nico,2
"""asisten",2
keteraturan,2
peti,2
"humor,",2
"0,5%,",2
terperinci.,2
"hiv/aids,",2
petani.,2
"bersubsidi,",2
urea,2
yunus,2
ouzou,2
chai,2
hyderabad,2
meluangkan,2
1990.,2
tizi,2
holness,2
lainnya?,2
usulan-usulan,2
(npt),2
"kobalt,",2
574,2
buangan,2
ketidakmampuannya,2
hector,2
ghaffar,2
sediaan,2
mau.,2
1981,2
estonia.,2
"zimbabwe,",2
wasiat,2
bertunangan,2
“masalah,2
rodrigo,2
"disembuhkan,",2
pengarahan,2
facundo,2
d'or.,2
"""bertahun-tahun",2
"internasional.""",2
"""upaya",2
"arocha,",2
"anggur,",2
samar-samar,2
farman,2
"ironi,",2
"shinwari,",2
jeruk.,2
celup,2
antargenerasi,2
"langkah,",2
"mutlak,",2
"6,24",2
“segitiga,2
difoto,2
"pengunjung""",2
"keringat,",2
neuropsikiatri,2
"pemberani,",2
"vatikan,",2
diketuai,2
"influenza,",2
masanya.,2
"miombo,",2
maraknya,2
stempel,2
“tujuan,2
"cetak,",2
"cauca,",2
analogi,2
mengilustrasikan,2
sinai,2
sup,2
"holgado,",2
"karyawannya,",2
"sejahtera,",2
hevel,2
kontrak-kontrak,2
3-2,2
bersaudara,2
cleberson,2
forrester,2
replika,2
diputuskan.,2
dibanderol,2
"2025""",2
225.000,2
diamati.,2
individualnya,2
dikonsentrasikan,2
"commons,",2
"disebutkan,",2
berdandan,2
spider-man.,2
penting”,2
“situasi,2
sids,2
permasalahan-permasalahan,2
terjawab.,2
habiskan,2
"mengalir,",2
dibicarakan,2
"""aqua",2
sejahtera.,2
laut.”,2
diskusi-diskusi,2
nenekku.,2
"27,5",2
"act""",2
"""caesar",2
kom,2
tokyo.,2
"12,2%",2
laver,2
"resolusi,",2
"ombo,",2
"inses,",2
lorenz,2
"valentine,",2
ceria,2
hatiku,2
sepulang,2
penjara?,2
"membutuhkan,",2
"asia-pasifik,",2
lulusannya,2
"rempah-rempah,",2
diskriminatif,2
koma.,2
ideologi.,2
"toronto,",2
forensik,2
ketidaksenangannya,2
"49%,",2
ubin,2
persoalannya,2
"durov,",2
sinis,2
"petersburg,",2
"hamilton,",2
"al-jadaan,",2
menyandang,2
ke-131,2
memvaksinasi,2
hidup.”,2
"shifa,",2
ayat,2
"asiri,",2
asiri,2
ke-18.,2
sulit:,2
pencuri,2
jujur.,2
"pembelajaran,",2
wahana,2
"finlandia,",2
alwaleed,2
mbappé,2
bergizi.,2
diinformasikan,2
2023-2024.,2
leg,2
masjid.,2
"protokol,",2
"1,1",2
203,2
konyol,2
desas-desus,2
shika,2
putranya.,2
mendapatkannya.,2
cerundolo,2
"""republik",2
al-hillal,2
integritasnya.,2
pertunjukan.,2
pre-order,2
arah.,2
"moon,",2
lorenzo,2
berlawanan,2
ulangi,2
intuitif.,2
911.000,2
meminumnya.,2
"""dana",2
hibah.,2
wells,2
pemborosan,2
parabola,2
olivier,2
ras.,2
mbappe.,2
saingannya,2
pendukung.,2
bandang,2
"dahsyat,",2
aviles,2
petir,2
rusuk.,2
"diajukan,",2
annika,2
mandarin.,2
2001.,2
miringkan,2
"ini,""",2
"huckabee,",2
yu,2
"street,",2
free,2
"83,9",2
amaghlobeli,2
mengasosiasikan,2
miya,2
kritisnya,2
mzia,2
mengawetkan,2
slovenia.,2
membubung,2
estatnya.,2
makhluk-makhluk,2
wanita.,2
"khalil,",2
llama,2
"suka,",2
sementara;,2
"menjengkelkan,",2
semalam.,2
"maaf,",2
mempelajarinya,2
kepulan,2
organisme,2
​​mengenai,2
terjadilah,2
july,2
ibri,2
2040,2
pemberontakan.,2
"alamat,",2
"fitur,",2
hafeez,2
"berteriak,",2
berikut.,2
venue,2
1999,2
organisasinya.,2
dodon,2
"didekati,",2
ditopang,2
gerard,2
umrah,2
"al-hammad,",2
terbayangkan,2
jaga,2
"kekacauan,",2
al-mawasi,2
deulofeu,2
"84,3",2
ditindas,2
minggu-minggu,2
gambarnya,2
permukaannya.,2
muhammed,2
perempatnya,2
"al-issa,",2
pengangkatannya,2
tentu.,2
not,2
4.960,2
"xenofobia,",2
"pengkhianat,",2
3.400,2
brandon,2
iring-iringan,2
multi-dimensi,2
bandyopadhyay,2
"sainz,",2
"spionase,",2
“al-qaeda”,2
"mercedes,",2
tamparan,2
wajah.,2
"aspartam,",2
"sakarin,",2
russell,2
"xylitol,",2
cbs,2
menyambutnya,2
"lancar,",2
cacat.,2
desentralisasi,2
dikenali,2
terpaku,2
ouarzazate,2
ukiran,2
aram,2
perjalanannya.,2
aborsi.,2
mengkonfigurasi,2
"kudeta,",2
275,2
"artileri,",2
"pembaptisan,",2
lahore,2
kyiv.,2
"6-4,",2
lauk,2
penyumbatan,2
"victoria,",2
elastisitas,2
jelajah,2
"diagnostik,",2
stories.,2
rujukan,2
diaa,2
"14,",2
dikutuk,2
kesetiaan,2
"7,6%.",2
"sense,",2
politik?,2
"spekulatif,",2
tineh.,2
prajurit,2
subordinasi,2
terjerat,2
"urbanisasi,",2
suntikan,2
"berminggu-minggu,",2
pemerintahnya,2
litium.,2
ajaran.,2
saudi-tiongkok,2
arabiya/al,2
"abadi.""",2
mbomo,2
"buruk,”",2
"penculikan,",2
"samima,",2
"""bahkan",2
mangkhut,2
"6,5",2
merembes,2
bermanifestasi,2
berasrama,2
konektivitas.,2
suwailem,2
topeng,2
yudaisme,2
tertanggal,2
noda,2
"militernya,",2
"4,3%,",2
diprioritaskan,2
"pembaca,",2
"time""",2
diberhentikan,2
kekacauan.,2
alexis,2
melemah.,2
mencair,2
disintegrasi,2
diperbolehkannya,2
4%.,2
ceroboh,2
tuntutannya,2
surut.,2
oligarki,2
"editorial,",2
drastis.,2
"game,",2
tuntutan-tuntutan,2
220,2
"""model",2
"persidangan,",2
penyusunan,2
sekutu-sekutu,2
terdefinisi,2
"puluh,",2
seven,2
"place,",2
1970an,2
"setara,",2
"gujarat,",2
abiy,2
"komposer,",2
"drama,",2
perpecahan.,2
"fatal,",2
insiden.,2
samuel,2
"garcia,",2
(kategori,2
"umumnya,",2
"lautan,",2
eugene,2
nuevo,2
sertifika,2
manipulatif,2
cengkeraman,2
ibge,2
tumbuh.,2
tekstil.,2
praktek,2
kue,2
pengirimannya,2
mahasen,2
"al-helu,",2
"2023),",2
dimukimkan,2
rahim.,2
al-amin,2
"impikan,",2
penipisan,2
"kenakan,",2
menjualnya.,2
"klitschko,",2
"zverev,",2
mendebarkan,2
"animasi,",2
pembaca.,2
gharib,2
kecemasan.,2
"perbudakan,",2
jassem,2
"stres,",2
mengendurkan,2
terburuknya,2
"studionya,",2
habiba,2
6/3,2
tanaman.,2
keinginan.,2
pengejaran,2
"3,1%.",2
"pentingnya,",2
radang,2
kami:,2
tempat.,2
sensasional.,2
gagasan-gagasan,2
adidaya,2
"savinho,",2
abireen,2
"instagram-nya,",2
yanxian,2
sasarannya.,2
dinginnya,2
bahan-bahannya,2
perajin,2
tembakau,2
"palestina,""",2
bercirikan,2
“menghentikan,2
"cook,",2
isinya.,2
90.000,2
benar.”,2
makna.,2
cadar,2
"willis,",2
aksesoris,2
konter,2
"soum,",2
lift,2
solusinya.,2
"louisiana,",2
hangat.,2
"syukur,",2
penghuninya,2
296,2
"dhutanga,",2
"""bagaimana",2
maag,2
solanki,2
"mumbai,",2
$55,2
optimis.,2
"algoritmanya,",2
mengembalikannya,2
emosional.,2
dipenjarakan.,2
astronomical,2
video.,2
31.000,2
oranye,2
rata-rata.,2
"infeksi,",2
negatifnya,2
"konflik.""",2
(juara,2
"misteri,",2
bordir,2
kelap-kelip,2
sub-indeks,2
vulkanik,2
"cair,",2
"serius,""",2
menyakitkannya,2
"schumer,",2
basque,2
"gedung,",2
moriah,2
dibantah,2
"unggul,",2
kanak-kanak.,2
"manipulasi,",2
"shukri,",2
"perkantoran,",2
diasosiasikan,2
"warna-warni,",2
"pesta,",2
yıldırım,2
binali,2
transit,2
florian,2
"tahun,""",2
pertandingannya,2
olena,2
marchyshyna.,2
"wawancara,",2
wirausahawan,2
berlaga,2
sense,2
jurang,2
alibaba.,2
pesan-antar,2
menurutinya.,2
pahlavi,2
ferreira.,2
berlawanan.,2
seprai,2
“hasil,2
al-ahmad,2
"aden,",2
kepura-puraan.,2
"baelen,",2
salameh,2
segmentasi,2
"yogurt,",2
turnamen.,2
tunai.,2
"hayom"".",2
pemilukada,2
menempel,2
siaga,2
1970an.,2
krusialnya,2
berinovasi,2
sumbu,2
berada.,2
pendistribusiannya,2
"penebangan,",2
inovasi-inovasi,2
al-saha,2
"ribu,",2
infinity,2
"research,",2
"industri""",2
non-minyak.,2
kesejahteraannya,2
"triwulanan,",2
mempelai,2
anuttin,2
persewaan,2
(tasi).,2
“bertentangan,2
memberitahukan,2
"dalam-dalam,",2
sanzhidzor,2
"kebisingan,",2
"sadovnichy,",2
tinggi;,2
diberitahukan,2
tersebut!,2
batangan,2
soleimani,2
"bagus"".",2
"ekosida,",2
broadcom,2
“magnificent,2
"leverkusen,",2
"tangan),",2
"pennsylvania,",2
krusial.,2
casablanca,2
ilegalitas,2
resolusinya,2
tradisionalis,2
"""phobos",2
"halamannya,",2
merumuskan,2
mengubahnya.,2
"gubernur,",2
"fajar,",2
menutrisi,2
diterangi,2
“berbahaya”,2
apatis,2
al-qadisiyah.,2
issa,2
janus,2
menginjakkan,2
"fritz,",2
partisipasi.,2
opec+.,2
officer.,2
"gallant,",2
"drc,",2
memproklamirkan,2
diberitakan,2
menimbang,2
"golob,",2
"kurikulum,",2
memikirkannya,2
cfm,2
khareef,2
curaçao,2
"diterima"",",2
connect,2
"peran,",2
suhu.,2
utc.,2
kosmetik.,2
letnan,2
98%,2
"""rekayasa",2
yj,2
"barakat,",2
beta.,2
"blair,",2
saus,2
alam;,2
"matanya,",2
dengar.,2
bersikukuh,2
keberadaannya,2
gejolak.,2
"sachs,",2
"hammack,",2
pelanggar.,2
"fauna,",2
ulang.,2
78,2
"lokakarya,",2
"berlebih,",2
"yaoundé,",2
timeline,2
telat,2
bordj,2
jejaknya,2
"""tempat",2
feminis.,2
(18,2
mexico,2
nketiah,2
"melambat,",2
(imf).,2
"flora,",2
paten.,2
terbuang,2
jazirah,2
"gambarnya,",2
epidemi,2
baru;,2
mendemokratisasikan,2
"dunia"",",2
"""peternakan",2
menimbun,2
33.000,2
"""ambisi",2
"politik""",2
alis,2
menyampaikannya,2
melanie,2
penggunanya.,2
kurd,2
159,2
"relaksasi,",2
hatshepsut,2
terkubur,2
reruntuhan.,2
"ke-95,",2
ketahanannya,2
"hilir,",2
"salama,",2
"mendebarkan,",2
(16,2
"perselisihan,",2
"individual,",2
electronics,2
"tejeda,",2
"versi,",2
(fdi),2
"sepenuhnya.""",2
"yangon,",2
alas,2
resepsi,2
yilmaz,2
storybundle,2
ib,2
783,2
sajati,2
insulin,2
"ketiganya,",2
habisnya.,2
"park,",2
"kuartal,",2
"13,39",2
"camilan,",2
regulasi.,2
gravitasinya,2
tarikan,2
pengalaman-pengalaman,2
zhou,2
$15,2
rudaw,2
properties,2
1990,2
bisnisnya.,2
penal,2
“kuning”,2
bermata,2
watak,2
"guam,",2
menduga,2
obsesi,2
"""fase",2
pastinya,2
mengakomodasi,2
zharkova,2
(drc).,2
meledakkan,2
"perlawanan,”",2
"innsbruck,",2
"hubungan,",2
“kawanan,2
"drone”,",2
sahabatnya,2
peretasan.,2
tipis.,2
akibatnya,2
mataku,2
pemanenan,2
inkonstitusional,2
kejayaannya.,2
mengekstradisi,2
mesir-turki,2
"konsentrasi,",2
(uea).,2
"multibahasa,",2
tepat”,2
dijangkau.,2
"kafe,",2
116,2
banderol,2
shoaib,2
dijelaskan.,2
1988,2
(hampir,2
emigrasi,2
kepelatihan,2
“catatan,2
komunitas”,2
(satu,2
kesimpulannya.,2
mane,2
al-hajji.,2
arkus,2
diskusikan,2
erub,2
"netzarim,",2
"salah,""",2
podcasting,2
merentangkan,2
pertukangan,2
“pendidikan,2
mempersembahkan,2
"negatifnya,",2
semen.,2
estetika,2
premium,2
"najd,",2
/,2
"9,5%",2
"ceyhan,",2
"minum,",2
7.500,2
menumbangkan,2
tatweer,2
baghdad,2
pewawancara,2
"spesifik,",2
beton.,2
fasisme,2
"jahat,",2
dirawat.,2
dikoreksi,2
sardar,2
intrik,2
terpusat.,2
rumah”,2
utilities,2
(oki),2
timbulkan?,2
"“namun,",2
bukele,2
"raga,",2
masalah”,2
non-farm,2
nayib,2
biasalah,2
hulu.,2
kepatuhannya,2
"benar,”",2
pon),2
berlindung.,2
sosialisasi,2
disusupi.,2
"fleck,",2
terhapus,2
disayangi,2
athletic,2
etihad,2
"ditinjau,",2
giovana,2
penanganannya,2
lualaba,2
"kosovo,",2
"al-akhdood,",2
"kunci,",2
"“24/7,”",2
dynamics,2
"mesir"",",2
"2000an,",2
nicol,2
mendapatkannya,2
"lompatan,",2
"sipil,”",2
project,2
dompet,2
"nouadhibou,",2
isfahan,2
se,2
"brasília,",2
“kejahatan,2
é,2
"lorestan,",2
nilai-nilainya.,2
"burnley,",2
ketidakstabilan.,2
sinkronisasi,2
pembelaannya,2
memberiku,2
artifisial,2
sughd,2
gratis.,2
"semua,",2
"meliodata,",2
keresahan,2
"30%,",2
"peta,",2
“para,2
tayseer,2
tolak,2
“kinerja,2
guardiola.,2
"ahmad,",2
hui,2
nyein,2
"al-rahman,",2
unggahan,2
anti-komunis,2
selisihnya,2
merta,2
"tunjukkan,",2
234,2
beth,2
ilusi.,2
"network,",2
“libanon,2
anti-bangladesh,2
"warraq,",2
mean,2
"represif,",2
maryam,2
(4,2
menikam,2
tusukan,2
menyapa,2
mendekatinya,2
bir,2
"target,",2
sennar,2
"kehati-hatian,",2
bremen,2
melanin,2
"meta.mk,",2
"""under",2
sekresi,2
"inventaris,",2
"venezuela),",2
pemeran,2
mona,2
"wassef,",2
147.000,2
"mengikat,",2
sebaik-baiknya.,2
mewujudkannya.,2
dong,2
"traoré,",2
mengganggu.,2
filsafat,2
gonzalez,2
dikonfigurasi,2
"publiknya,",2
"inovatif""",2
"""pengalaman",2
"relokasi,",2
"studi,",2
perumusan,2
independen?,2
"bijak,",2
integrasinya,2
"rehabilitasi,",2
"tertutupnya,",2
ahli?,2
saint-étienne,2
“buku,2
bening,2
malual,2
melambatnya,2
26.000,2
bertempat,2
"dipertimbangkan,",2
terjawab:,2
"menakjubkan,",2
bet,2
"hijau),",2
shin,2
pengisi,2
"pelaksana,",2
mengecil,2
"dihindari,",2
verde,2
penonaktifan,2
nokia.,2
dicalonkan,2
"legal,",2
piatu.,2
seniornya,2
arktik,2
keindahannya,2
"bepergian,",2
pentingnya.,2
dihias,2
"kyrgyzstan,",2
1960.,2
herzog,2
"perspektif,",2
roman,2
menyengat,2
bau,2
bertingkat,2
"jutaan,",2
tersisa:,2
optik,2
nikaragua.,2
gym,2
fisioterapis,2
novell,2
melek,2
gigi.,2
serotonin,2
lhonak,2
sapuan,2
"pandangannya,",2
ria,2
"perahu,",2
gharbia,2
aston,2
mahalla,2
ultimatum,2
sadio,2
gaddafi,2
"kesembilan,",2
"pasquet,",2
tercakup,2
"(ice),",2
diplomasi.,2
resiko,2
kembalinya”,2
afaf,2
refinancing,2
costa,2
hanover,2
paroki,2
"putra,",2
"tomahawk,",2
yerevan,2
ucapannya,2
"entitas,",2
cerai,2
"demam,",2
alvaro,2
fund.,2
geraldo,2
sendiri?,2
pengusaha.,2
"sikkim,",2
“produksi,2
ginjal,2
"al-dosari,",2
al-hazm,2
"lecornu,",2
"jadu,",2
adiknya,2
"terendah,",2
sepakbola,2
segalanya.,2
"""tindakan",2
"perencanaan,",2
"perseroan,",2
osiris.,2
proxy,2
+,2
dinding.,2
metadata,2
"lokasinya,",2
"dibayangkan,",2
"$4,2",2
machado.,2
mendekatkan,2
melbourne,2
"anjing,",2
multi-pengalaman,2
digigit,2
greer,2
olha,2
ampat,2
sulitnya,2
"""bodoh""",2
"zagreb,",2
$85,2
memanusiakan,2
"publikasi,",2
searah,2
"sejenak,",2
milenium.,2
kesembilan.,2
"sejati,",2
220.000,2
pemainnya.,2
parisa,2
sampul,2
"implementasi,",2
environmental,2
"taman,",2
melaksanakannya,2
“media,2
"al-arouri,",2
"dendam,",2
menandatanganinya,2
"sharkia,",2
nominal.,2
nominalnya.,2
cari-bois,2
"“jadi,",2
skornya,2
"kerajinan,",2
"vaksinasi,",2
nanti.,2
"mediterania,",2
kepulangannya,2
"""laut",2
"""threads""",2
nos,2
komunisme,2
bersatu.,2
won,2
shekel,2
perintahnya,2
awan.,2
mukanya,2
"dilupakan,",2
segregasi,2
diderita,2
cakrawala.,2
tor.,2
"kolkata,",2
"""terkadang,",2
marinir,2
"berisiko,",2
"ventilasi,",2
kpr,2
variasi.,2
6%.,2
"dikirimkan,",2
tiada.,2
"biologis,",2
dilunasi,2
muhannad,2
pikiranku,2
"""talk",2
"""pulau",2
esensial,2
starbucks,2
4-1,2
ke-arab-an,2
“pemimpin,2
ho-jung,2
boiler,2
mengatakannya,2
dipikirkan,2
daron,2
acemoglu,2
469,2
guillermo,2
konsolidasi,2
kadaluwarsa,2
integrated,2
“ekonomi,2
trade,2
"""tetapi",2
teknokratis,2
idlib.,2
"""al-hadath.net""",2
pemulihan.,2
movlin,2
"persepsi,",2
shinai,2
smart,2
indra,2
leclerc,2
"""modon"",",2
satunya.,2
bertransaksi,2
1447,2
am,2
jembatan.,2
menentu.,2
lembaga-lembaganya.,2
buktinya,2
moraes,2
antagonisme,2
belaka,2
osteoporosis.,2
al-thani,2
tatar.,2
"hilal,",2
levant,2
rabi',2
tottenham,2
kunjung,2
ibadoglu.,2
tanker,2
700.000,2
penangkap,2
pendanaannya,2
"max,",2
"konstruktor,",2
"1,2%",2
"seng,",2
mercedes,2
protektif,2
ivan,2
aghayev,2
menyalip,2
150.,2
“jaminan,2
jajahan,2
lando,2
"optimal,",2
keraguannya,2
mg,2
seng.,2
semata,2
tertuang,2
metsira,2
simpanse,2
management,2
pertanda,2
nang,2
badran,2
menstruasi.,2
adham,2
voix,2
maison,2
perempuan:,2
sel-sel,2
dicegat.,2
pirogue,2
andhra,2
tfgbv,2
"""kesamaan""",2
"untuknya,",2
"38,1",2
"22,5",2
"boric,",2
18–29,2
memeras,2
matangnya,2
"terlemah,",2
pemberangkatan,2
"kecaman,",2
apnea,2
bengali.,2
tajikistan,2
hakiki,2
"terverifikasi,",2
"memungkinkan,",2
"peminjam,",2
"kurkumin,",2
"melatonin,",2
babilonia,2
"hinaan,",2
"pendukungnya,",2
"kalah,",2
membebankannya,2
bungkam,2
"multilateral,",2
kontur,2
“protes,2
"dimanfaatkan,",2
"apa,",2
haber,2
"kedelai,",2
fairuz,2
"kesakitan,",2
tahunannya,2
kanvas,2
guadeloupe,2
utsmaniyah.,2
zharkova.,2
kemitraan.,2
eropa),2
berkaki,2
prosedur.,2
"sofia,",2
banamex,2
laku,2
march,2
"""daftar",2
"membelinya,",2
euthanasia.,2
dihapuskan.,2
distribusi.,2
pemicunya,2
salinannya,2
197,2
"""catelyst",2
lund,2
zaman.,2
leasing,2
cucunya.,2
poulsen,2
rentannya,2
kembung,2
(ice),2
al-hammouri,2
“menciptakan,2
borno,2
woman,2
restu,2
(misalnya,2
"kenalannya,",2
produk-produknya,2
mineral.,2
"1956,",2
sub-sektor,2
middle,2
"penjual,",2
perusakan,2
ke-42,2
"doue,",2
neoliberal,2
​​yang,2
pengalihdayaan,2
pakan,2
"0,16%,",2
45.000,2
"dunia""",2
tertahankan.,2
ekspansinya,2
kerentanan.,2
mengeklik,2
"mencolok,",2
"columbia,",2
meragukan.,2
crisis,2
"sejahtera"",",2
pemanas.,2
"kemacetan,",2
superioritas,2
"glođo,",2
nabaa,2
"deportasi,",2
"""penghargaan",2
apabila,2
ambil.,2
tertangkap,2
diperlukan”,2
$600,2
$7,2
haaretz,2
diperiksa.,2
senapan,2
tasbaqa,2
1970.,2
evin.,2
basij,2
berlaku:,2
renard,2
faksi.,2
"gulat,",2
desiree,2
conditioning,2
“mengingat,2
277,2
pantang,2
sikorski,2
"bulgaria,",2
bidangnya.,2
"ríos,",2
intens.,2
mey,2
persemakmuran,2
bicaranya,2
entre,2
66.000,2
class,2
barangnya,2
"minimal,",2
"mikro,",2
ig,2
sydney.,2
al-maliki,2
malang,2
khidmat,2
"d.c.,",2
dao,2
"townsend,",2
kabarda,2
nelayan.,2
huong,2
"lokal.""",2
10-15%,2
"1860,",2
kolera.,2
pasif.,2
menjerumuskan,2
"ethereum,",2
simbel,2
"berkonsultasi,",2
"bali,",2
"tersebar,",2
berdasar.,2
lebah”,2
"piatu""",2
"disahkan,",2
"kemungkinan,",2
diaktifkan.,2
penobatan,2
"4,3",2
"guizhou,",2
anti-muslim,2
hayyan,2
"lukis,",2
olga,2
internal”,2
"sempit,",2
byd,2
kiasan,2
kolonel,2
"pipa,",2
"kebingungan,",2
obligasi.,2
kecil:,2
porno,2
sevastopol,2
730,2
rudal.,2
madhya,2
"fasilitas,",2
aegea,2
145,2
peluncuran.,2
short,2
pita,2
orbit,2
"1970-an,",2
"aspal,",2
akad,2
semangka,2
"""peringatan",2
wirausaha,2
alasannya.,2
pembiayaannya,2
salvador,2
rekomendasi.,2
"haji,",2
pengintai,2
"alibaba,",2
"masar,",2
"terlupakan,",2
tradisional;,2
andry,2
merambah,2
"kendala,",2
perspektifnya,2
"aziz,",2
"rekan-rekannya,",2
jelajahi,2
puji,2
amel,2
desktop,2
"ketidakseimbangan,",2
al-roumi,2
tanggul,2
"moneternya,",2
clasico,2
"dimilikinya,",2
sambut,2
"nabatieh,",2
mengharuskannya.,2
ronen,2
"pemimpinnya,",2
konstituante,2
diperhitungkan,2
menegangkan.,2
"""dari",2
"abdallah,",2
"dideportasi,",2
mobilisasi.,2
38%,2
al-jarbawi,2
pembina,2
raisi,2
fintech,2
"hosni,",2
jezero.,2
"$3,707.40",2
kepolosan,2
ebrahim,2
pangkat,2
al-jumaili,2
0-1,2
sevastopol.,2
48%,2
invasinya,2
kesal,2
krisis-krisis,2
10:22,2
korbannya,2
850.000,2
"menyimpan,",2
aitana,2
yair,2
resminya.,2
"berlangganan,",2
"$3,2",2
"$1,8",2
(dekat,2
pengaruh.,2
“rising,2
"nymphs,”",2
gmt),2
"worth,",2
menggemakan,2
fort,2
ritmenya,2
joshua,2
bhavana,2
vipassana,2
sesuatu.,2
oslo.,2
perkemahan,2
sama;,2
timurnya,2
"davis,",2
ekstremis.,2
"air""",2
tones,2
aktifnya,2
"pembesar,",2
"inginkan,",2
"belgorod,",2
pendamping,2
"6,3%.",2
kekeringan.,2
terpadat,2
karam,2
langka:,2
"ampat,",2
kam,2
witness,2
jarang.,2
"ke-29,",2
penyebarannya,2
"evaluasi,",2
arabiya.,2
kawasaki,2
rwanda.,2
tulang.,2
"energinya,",2
"misogini,",2
fosil.,2
"7,6%",2
terpasang,2
kospi,2
"bernapas,",2
"cadang,",2
kelly,2
"abuja,",2
"doxxing,",2
"halus,",2
buruknya.,2
"jianzhong,",2
mengejutkan.,2
"mesir""",2
at,2
"101,6",2
"pilot,",2
pembusukan,2
mengaudit,2
melatarbelakangi,2
bertindak.,2
"bus,",2
"kakinya,",2
"horizontal,",2
"beryl,",2
"sejawat,",2
"menyalakannya,",2
habis.,2
syarat.,2
net,2
saku,2
(24,2
jajanan,2
“three,2
ajakan,2
tertidur.,2
lidah,2
290,2
dibentuk.,2
"stc,",2
"kontennya,",2
periklanan.,2
al-ukhdood,2
gaza?,2
geometris,2
haus,2
"137,16",2
"fundamental,",2
"perindustrian,",2
bahrain.,2
“pusat,2
haitham,2
"pemahaman,",2
bersinggungan,2
“reformasi,2
berperilaku,2
terjangkau.,2
lupakan,2
"8,7%",2
penggugat,2
"terdepan,",2
ruba,2
chatbot.,2
kejahatannya,2
tamu.,2
psikedelik,2
"spontan,",2
"1933,",2
blok-blok,2
dicuri.,2
hsbc,2
"kegagalan,",2
gereja-gereja,2
kekurangan.,2
kognitif.,2
"debu,",2
as-israel,2
agamanya,2
menghilangkannya,2
"sekali,""",2
"cahaya,",2
depot,2
103,2
hidupku,2
"gangguan,",2
curry,2
"basa,",2
inci.,2
menggosok,2
komisioner,2
"penggurunan,",2
lapopo,2
siswi,2
kelemahan.,2
sayap.,2
kebalikan,2
"pengabaian,",2
fantastis,2
berlimpah,2
"""pasukan",2
gamer,2
"menentu,",2
dimaksudkan.,2
farsin,2
vanna,2
445,2
aghabakian,2
"tumbuhan,",2
"tupai,",2
"neuralink,",2
256,2
"dikembangkan,",2
pernyataan.,2
gawat,2
petrokimia.,2
"dehidrasi,",2
kunjungi,2
riyal),2
pao,2
"aneksasi,",2
mensimulasikan,2
"perekrutan,",2
blues.,2
pengembangan.,2
penaklukan,2
nigerian,2
pembatalan.,2
aswan.,2
castillo,2
den,2
berlanjut.”,2
pakaian.,2
emosionalnya.,2
folies-bergère”,2
rennes.,2
konsultasinya,2
"alga,",2
kehidupanku,2
"petraeus,",2
ittihad,2
ironi,2
mullah,2
arun,2
menyesatkan.,2
murid,2
kosi.,2
game.,2
natural,2
politisasi,2
"karara,",2
"penyuapan,",2
pant,2
"reddit,",2
intensif.,2
rouse,2
kantuk,2
"oromo,",2
bayi.,2
"arogansi,",2
baginya.,2
1996,2
gigih,2
"pasien,",2
"hausa,",2
"lebedev,",2
tertindas,2
konfrontasi.,2
optimalisasi,2
“negara-negara,2
tolong,2
"menengah"",",2
mustahil.”,2
fm,2
anjuran,2
"sedikit,",2
1981.,2
rok,2
waddyi,2
menghancurkan.,2
1977,2
meriah.,2
holocaust,2
960,2
greenpeace,2
fundamentalnya.,2
perdananya.,2
"hak),",2
gamboa,2
"rapat,",2
(perlindungan,2
teliti,2
mac,2
"anemia,",2
samaran,2
"manet,",2
inigo,2
$69,2
"1949,",2
"bihar,",2
vs.,2
kontinental.,2
chavez,2
fatwa,2
konseptual,2
misoginis,2
ana,2
taha,2
lembab,2
indeks.,2
kenikmatan,2
tragedi-tragedi,2
menggenangi,2
"mamdouh,",2
hadath.net:,2
(26,2
berwujud,2
kuhap,2
messi.,2
hurghada.,2
kejar,2
point,2
kaca.,2
"akting,",2
terbantahkan,2
"laptop,",2
membeku,2
thawra,2
71%.,2
berbicara.,2
redistribusi,2
tocorón,2
salehi,2
membiasakan,2
lingkupnya,2
chavez.,2
sosial.”,2
“bagi,2
texas.,2
"lapisan,",2
bersangkutan.,2
persuasif,2
ra:,2
kontennya,2
“sejumlah,2
simpan,2
keterhubungan,2
sayed,2
abdelmalek,2
"dourari,",2
"rumaila,",2
parfum,2
tuhan.,2
"mansour,",2
tumpah,2
"zubair,",2
"nawaf,",2
qurna,2
advertising,2
hasilkan.,2
callas,2
"kas,",2
majnoon.,2
botol-botol,2
"dengannya,”",2
“jurnalisme,2
meroket.,2
stiker,2
kebersihan,2
chávez,2
mengejutkannya,2
cole,2
fahd.,2
induknya,2
polisario,2
"rutin,",2
pun.”,2
melukiskan,2
rambutnya,2
peka,2
minum;,2
"""teknologi",2
defensif,2
"1,5%.",2
kebutuhan.,2
"(pce),",2
gigafactory,2
yosua,2
rona,2
musa,2
jangkauannya,2
"),",2
"sabotase,",2
ekspornya.,2
"kurmanji,",2
ghanem,2
landi,2
"6/3,",2
7/6.,2
kasur,2
luciano,2
tun”,2
terapis,2
"tobruk,",2
rokok,2
(jaringan,2
parque,2
pengkategorian,2
diimpor.,2
hak.,2
"cacat,",2
paradigma,2
kelangkaan.,2
"cerutu,",2
go,2
ernesto,2
32%,2
"saja,”",2
[yang,2
malvinas,2
silas,2
pemindaian,2
"monterrey,",2
saya?,2
kotal,2
alaminya,2
lambat.,2
menyuruhku,2
didekati,2
majed,2
mulailah,2
"ayahku,",2
"phobos-grunt,",2
1763,2
peraturan-peraturan,2
dilayani,2
piano,2
selebritas,2
"cintai,",2
pedagang.,2
skalanya,2
curang,2
(al,2
al-sharaa.,2
clark,2
kloning,2
(gnp),2
patungnya,2
"baru,”",2
roberto,2
detailnya.,2
(150,2
kosovo,2
triliunan,2
"pembaruan,",2
pakhtunkhwa,2
dimobilisasi,2
esok,2
ditangani.,2
"pemasangan,",2
kontemplasi,2
stéphanie,2
penari,2
sutra,2
"alaminya,",2
kebaikan.,2
dominika.,2
"ini?""",2
"terdengar,",2
peter,2
lewatkan,2
termahal,2
margasatwa,2
"1,9%,",2
meningkat;,2
bakau,2
"mengubah,",2
anti-pemerintah,2
al-mukarramah.,2
"5-1,",2
mencurigai,2
terpopuler,2
"menyoroti,",2
noor.,2
"kanak-kanak,”",2
(korea,2
ekspansi.,2
antifa,2
"""layanan",2
sumbernya.,2
arif,2
politik”,2
(npt).,2
hembusan,2
"ismail,",2
entitas.,2
guaira,2
"potash""",2
"paha,",2
$27,2
klaimnya,2
pengukuhannya,2
antarklub.,2
neutron,2
"""asia",2
reproduksi.,2
shika.,2
kerajinannya,2
85%.,2
sindi,2
"ace,",2
ragu-ragu.,2
dangkal”,2
5-2.,2
"urea,",2
aljir.,2
"al-safi,",2
"platforms,",2
rashad,2
kekalahan.,2
“menghilangkan,2
497,2
kebobolan,2
atom.,2
"pembuka,",2
"4,8%,",2
"diatur,",2
politics,2
329,2
"perawat,",2
dibekali,2
saree,2
"centers,",2
“remaja,2
mh:,2
barbados,2
"misinformasi,",2
abstrak.,2
break,2
pembalap.,2
dembele.,2
melapisi,2
sentrifugal,2
saja:,2
diperkosa,2
jesus.,2
"agassi,",2
"kejaksaan,",2
"berkala,",2
187,2
cobalt,2
solan,2
“ruu,2
"madbouly,",2
"takut,",2
kabur.,2
mendampingi,2
kembar,2
ditonton,2
misionaris.,2
publikasikan,2
tersinkronisasi,2
berbusa,2
"""meta",2
"kambing,",2
alvarado,2
"meja,",2
"kosmos,",2
libertarian,2
perlambatan.,2
figurasi,2
sean,2
"talenta,",2
"hidupnya,",2
pujiannya,2
rodri,2
"al-ain,",2
rabies,2
"2,3%",2
"penentu,",2
kultus,2
uzbekistan.,2
"""jatuh",2
adani,2
kontestan,2
kadal,2
bangkok,2
kido,2
walmsley,2
peminat,2
modon,2
"yuan,",2
pesawatnya,2
bulannya.,2
gianluigi,2
bitcoin.,2
"""sebuah",2
genderang,2
"ketidakpercayaan,",2
daily.,2
mendaftar,2
permulaan,2
manga,2
"lonceng,",2
m23.,2
"pastel,",2
"illinois,",2
fs:,2
diminati,2
"7,6",2
"sinisme,",2
19.000,2
keterampilannya,2
gaming,2
bulanan.,2
afif,2
penemuan-penemuan,2
belt,2
"konspirasi,",2
"ketenangan,",2
johor,2
"4,4%",2
"sulit"".",2
zaatari.,1
"darín,",1
(kuning).,1
tukak,1
"samaran],",1
cemerlang.,1
dikumpulkan.,1
dipertaruhkan.,1
yosua:,1
ketidakakuratan,1
permohonan.,1
fatma.,1
(oranye),1
segudang,1
menangisi,1
"""telah",1
"diancam,",1
"zoneff,",1
duodenum.,1
rutshuru,1
"sorgum,",1
digital.”,1
badan:,1
hiburannya.,1
dijunjung,1
"kejutan,",1
2033.,1
"$15,000",1
rahmani,1
penelepon,1
tambahan:,1
desain.,1
zaporizhzhya,1
gubad,1
héritier,1
kendati,1
“l’hyper-président”,1
penyiar.,1
tipikalnya,1
"tunggak,",1
"zone,”",1
"ezzat,",1
nikahnya,1
interseksional.,1
"alien,",1
mancini.,1
majelis.,1
"jagung,",1
"""dalida""",1
"millet,",1
"(jumat),",1
"kesenangan,",1
biokimia,1
sahnya,1
"kano,",1
217,1
dipromosikan.,1
"dimiliterisasi,",1
[nama,1
"tor,",1
stefano,1
episodenya,1
sudan-sudan,1
(unctad),1
journalists,1
"mandarin,",1
penyiar,1
ricardo,1
thomas.,1
tawar-menawar,1
"yakin,",1
menaati,1
musikal,1
"brutal""",1
(egas),1
"diatmo,",1
6/1,1
emrah,1
tb,1
"orlando,",1
tema.,1
"$3,791",1
welspun,1
6/4.,1
partnership,1
pipe,1
jusnya,1
mosavar,1
"phoenix,",1
(2025–2031).,1
"$3,685",1
"ganda),",1
$52.000.,1
lines,1
bay.,1
"frankfurt,",1
"iman,",1
"lisbon,",1
"al-zahed,",1
vietnam;,1
hancurkan,1
karvajal,1
"pao,",1
nijmegen.,1
"watford,",1
birmingham,1
936,1
draupadi,1
ulang),1
iran-irak,1
"$150,000.",1
"baltimore,",1
"pound"",",1
"1,85",1
"31,9%",1
delta.,1
60-70%,1
"$24,71",1
"jiwa),",1
"berelasi,",1
kain.,1
karbon”,1
kerbau,1
"federal),",1
2100.,1
"menjenguknya,",1
mahabharata,1
adik-adikku.,1
genosida:,1
6/2,1
"unicorn,",1
epik,1
"“disayangkan,”",1
"173,2",1
kansas,1
$3.730,1
"ganjie,",1
mempertemukannya,1
fakhrul-islam,1
$120.000.,1
hem,1
praktisnya.,1
kemas,1
mirza,1
"""viral""",1
"""menyebar",1
cosco,1
bertahannya,1
kecilnya.,1
empowering,1
alkmaar,1
"leopoldo,",1
sub,1
"diprivatisasi,",1
2018:,1
rawalpindi.,1
makannya.,1
bahu-membahu,1
marilah,1
"reggae,",1
"17,58",1
nubuatan,1
heikim,1
"menyambutnya,",1
diwawancarai.,1
jeffries,1
"veteran,",1
"""jangan",1
"$75,",1
brasil:,1
ilahi,1
“pengampunan”,1
"mendownloadnya.""",1
seminimal,1
"diinstal,",1
tweet:,1
"105,9",1
"""llama""",1
"sifatnya,",1
arsitekturnya,1
"113,2",1
"16,47%",1
"113,6",1
"vanna,",1
sesi.,1
terkoreksi,1
pelabuhannya.,1
josh,1
hvnn,1
"wolfsburg,",1
kokoh,1
mengusut,1
"gruenbaum,",1
"(gsa),",1
mempertanyakan:,1
didukung.,1
"mana?""",1
alamgir,1
meredakannya.,1
"20,47",1
poipet.,1
tri-benua,1
kayunya,1
aymenn,1
"mopco,",1
"20-an,",1
"saied,",1
pergi:,1
"tahun""",1
(afrika,1
distributor.,1
sendiri”,1
"qir,",1
pasifik).,1
"hiper),",1
gerd,1
mengkualifikasi,1
harapkan.,1
perancis-maroko,1
doodle,1
"sinkronisasi,",1
"memproduksi,",1
puri”,1
"pelepasan,",1
"ziad,",1
"komitmen.""",1
"keterpaparan,",1
arbiter.”,1
"cepat"".",1
buraamz,1
act.,1
"dilecehkan,",1
"menerbitkan,",1
"start-up,",1
(fon),1
"mengklaim,",1
"$44,24",1
"$1,437.56",1
opsional,1
younis,1
perlindungannya.,1
"17,7",1
"(21/9),",1
ditargetkan:,1
$1.201,1
masa;,1
masoud.,1
"""sektor",1
prostitusi,1
pendeknya.,1
mouloud,1
"jurcic,",1
regularisasi,1
16%,1
"tertulis,",1
krunslav,1
jaesle,1
dipikir-pikir,1
mammeri,1
"mencuci,",1
jawad,1
​​juta,1
mencicil,1
"34,83",1
karenanya.,1
ouidah.,1
mancur,1
al-habbash,1
sehari-hari...,1
"haaland,",1
"rainey,",1
“pendiri,1
twd,1
menembak.,1
memihak?,1
"amd,",1
​​​​lamine,1
nasraoui.,1
unsur-unsurnya.,1
"penandatanganannya,",1
menciptakannya,1
"sinis,'",1
"""distrik",1
'lukisan,1
"khidr,'",1
menyeringai,1
pemimpin”,1
missing,1
rentan;,1
"menyala,",1
mormon.,1
mengendalikannya.,1
grecia,1
“menghadapi,1
"peso,",1
tetap:,1
"tekankan,",1
"superintelligence,",1
"sendiri.""",1
das.,1
tersebut?”,1
"representasi,",1
335,1
meniadakan,1
"aqua,",1
"pemberontak,",1
(co₂),1
"kebutuhannya,",1
“terserah,1
intrinsik,1
kesetaraan;,1
naik;,1
"mengemudi,",1
fertilizers.,1
kima,1
"dakhla,",1
"8.861,10",1
kekuatannya;,1
1.425,1
buhari,1
bello,1
flores,1
mahkota.,1
"ratu,",1
disalahpahami.,1
merendahkannya.,1
setujui:,1
hinostroza,1
"birandra,",1
singkatnya.,1
"2"",",1
aneh:,1
kurdi;,1
kandidat...,1
manipur,1
"murid-muridnya,",1
dikisahkan,1
"pikirannya,",1
"pioli,",1
"(india),",1
“sifat,1
"lebanon"",",1
"senyuman,",1
negeri”,1
topics,1
“menghilang,1
bholanath,1
(sampah),1
hybrid,1
"inggris.""",1
al-jawahri,1
al-bukhari,1
(merah),1
75.000.000,1
bukunya.,1
"menakutkan,",1
nawal,1
"jejak,”",1
jiwa”.,1
"ketenagalistrikan,",1
pemberitaan.,1
225.000.000,1
berpolitik.,1
jilin,1
bernegara.,1
perannya.,1
272.000,1
menggoreng,1
"remaja""",1
"kima,",1
terjemahkan.,1
alana,1
"non-komersial,",1
migrants,1
"mongol,",1
ragu.,1
malvinas.,1
"penghentian,",1
"terpenuhi,",1
akronim,1
mengencerkan,1
“baikhovy”.,1
"82,8",1
"zoghbi,",1
"hari吨,20年间,固体废物进口量增加到4500万吨,增长得还是很快的。",1
antrasena,1
koussa,1
"diri.""",1
"monolitik,",1
"geagea,",1
titanic.,1
"ballard,",1
"$100,000",1
tahunan;,1
"epstein"".",1
tergeletak,1
disampaikannya,1
"disentuhnya,",1
"membantunya,",1
"kaw,",1
"73,8",1
"kemarau,",1
sendiri.”,1
"anti-pembangunan,",1
(chemanol),1
"kemampuannya,",1
hatit,1
"maka,",1
"klaim,",1
al-tamimi,1
busquets;,1
"metanol""",1
aktor.,1
“female,1
fongbe,1
"sher-e-kashmir,",1
145),1
"bosque,",1
"penerimaannya,",1
"pandemi,",1
dipaksakan.,1
"ferrari,",1
"kapitalis,",1
kfeyoun,1
sdaya,1
"balushi,",1
“generasi,1
680,1
"(2001–2025),",1
menanyainya,1
"pkk],",1
[sayap,1
"kaylan,",1
(tersangka,1
"derna,",1
"ketiga),",1
"serangnya,",1
fenantrena,1
doa.,1
"peluncuran,",1
"85,8",1
radioaktif,1
al-nasr.,1
menyertainya:,1
"80-24,",1
dihasilkan.,1
timbangan,1
"range,",1
ataturk,1
"ombak,",1
"tawa,",1
"revolusioner,”",1
terpecah;,1
rafaat,1
"farol,",1
"bejaia,",1
mha,1
"xi,",1
kadaluwarsa.,1
"salvo,",1
novel.,1
enzo,1
polisiklik,1
"maresca,",1
eternaut,1
kenalannya,1
multipihak,1
non-ue.,1
"dipromosikan,",1
n'golo,1
hukum?,1
kante,1
berkarir,1
"rekannya,",1
berakhir”,1
keluarga”,1
lyon,1
terhubungnya,1
"kunduz,",1
"$3,760.",1
voa,1
pasca-melissa,1
"6,7%",1
bajingan,1
"anti-migran,",1
"3,2",1
“meja,1
menjalar,1
"anti-muslim,",1
pleno.,1
arahku;,1
"mitsotakis,",1
"bilik,",1
lindungi.,1
"melekat,",1
kendala-kendala,1
berlaku;,1
penakluk.,1
ainaoui,1
"nyamannya,",1
"meteorologi,",1
relawannya.,1
"kontraktor/manajernya,",1
“keadilan,1
"reparasi,”",1
kesadarannya,1
kontraktor/manajer,1
paroki.,1
terpana,1
sennar.,1
"terakhir""",1
berhemat,1
bonmatti,1
donnarumma,1
deras?,1
al-ja's,1
gharibabadi,1
bantuan”,1
bermuatan.,1
"iaea,",1
nejma,1
knights,1
sons,1
keramahtamahan,1
al-rashed,1
"mengubahnya,”",1
terima.,1
tahunannya.,1
unta.,1
"sapi,",1
"virus,",1
corona”,1
“kesepakatan”,1
"zhongjie,",1
perbukitan.,1
"terkejut,",1
"shendi,",1
subsidi.,1
"atbara,",1
"hongdong,",1
“pelabuhan,1
kudanya,1
jebel,1
"difilmkan,",1
awliya.,1
"""sedih"",",1
al-sabaa.,1
pelatih;,1
"makiya,",1
pengarusutamaan,1
pahanya,1
pearl.,1
"stafnya,",1
gb.,1
pra-kolonial,1
apart.”,1
fall,1
wildlife,1
rontok.,1
“things,1
novelnya,1
139,1
rekreasi.,1
"gideon""",1
bujuk,1
"weickert,",1
jaafar,1
"memenuhi,",1
"""kereta",1
"melampaui,",1
257,1
pariwisatanya.,1
"al-aqsa"",",1
diledakkan,1
destinasi-destinasi,1
"5,58",1
"arthur,",1
"billingham,",1
"0,69%,",1
“efesian”.,1
suriah”,1
anjuran.,1
kemahiran,1
"tahunan"",",1
semuanya),1
"ulangi,",1
pastel,1
"3,53",1
wartawan:,1
beternak:,1
"47%,",1
"menangis,”",1
"84,8",1
perapian.,1
"3,8",1
"ekspresi,",1
"lusaka,",1
“15+2”.,1
"32%,",1
pembungkaman,1
d,1
neurologis.,1
"67,8",1
epidemiologi,1
algenina.,1
dihantam,1
"malqa,",1
trilateral,1
$56m,1
keenam:,1
"dipercepat,",1
$980.,1
apresiasi;,1
$840,1
$840.,1
“pembantaian,1
"finansial.""",1
billingham,1
diskusi.,1
"$700,",1
gedung.,1
termiliterisasi,1
"ayous,",1
latensi,1
memudarnya,1
"sapelli,",1
"tali,",1
"kekosongan,",1
40–45,1
"$62,83",1
"bubinga,",1
pengawalan,1
bollywood.,1
meraup,1
long,1
kriopreservasi,1
kenangnya,1
"perdagangan,”",1
identitas-identitas,1
persinggungan,1
"tren,",1
degeneratif,1
"""as"",",1
kemarahannya,1
berjilbab,1
arsitekturalnya,1
episentrumnya,1
supervisor,1
humanitarian,1
aid,1
algiers.,1
"endokrinologi,",1
"chitour,",1
boumendjel,1
"al-rabiah,",1
fadila,1
temanya,1
gugur.,1
“kecintaan,1
"70,0",1
1968.,1
mutasi,1
kreatif?,1
angkat,1
al-zour,1
"($3,27",1
"neurologis,",1
“rudal,1
jauh”,1
indahnya,1
o,1
kalikan,1
"militeristik,",1
hamar,1
berseri-seri,1
nahud,1
kyriakos,1
pacarnya,1
payudara.,1
felca.,1
"bertembok""",1
zaid,1
"""taman",1
koalisinya,1
"achebe,",1
dpa,1
"paraíba,",1
identitas?,1
"gamal,",1
(saf).,1
periode.,1
"selebriti"".",1
leverant,1
batrawi.,1
"kembali,”",1
biru.”,1
1978.,1
xiaoping,1
"teridentifikasi,",1
"iqbal,",1
deng,1
zedong,1
vault,1
"penipu”,",1
mao,1
saudara-saudaranya,1
"rudaw,",1
wechat,1
tierra,1
"fuego,",1
al-zaybaq,1
deshang,1
berikan.,1
"direstrukturisasi,",1
"mazloum,",1
"kompetensi,",1
teratasnya.,1
"""gbt",1
“pragmatis,1
pinggul,1
"lopez,",1
fermin,1
mujahid,1
memperlengkapi,1
nations.,1
cecilia,1
masyarakat?,1
$39,1
hamil.,1
"saudara-saudaranya,",1
menganiayanya,1
keponakan-keponakannya.,1
ekspansinya.,1
al-biruni,1
"andalannya,",1
"26,8",1
zabihullah,1
cerai.,1
"49,4",1
kekerasannya.,1
biaknya,1
anti-pesawat,1
"chp,",1
"trump.""",1
berjalan).,1
seed,1
"cardoso,",1
svalbard,1
"balde,",1
marc-andre,1
bagher,1
qalibaf,1
al-hillah.,1
al-akhdar,1
"laqaya,",1
al-fateh,1
ter,1
masyarakatlah,1
"al-zulfi,",1
al-shabab,1
"al-ta'oufik,",1
stegen.,1
"el-nahhas,",1
"angers,",1
mega,1
al-khaleej,1
"techo,",1
​​​​klub,1
peletakan,1
"bubashir,",1
"al-khartif,",1
“242,1
[menghasilkan],1
60-65%,1
"bouabiya,",1
"mercato,",1
foot,1
kanan),1
al-naqaz,1
(digambarkan,1
(secara,1
penganggaran,1
(tahun,1
mengklaimnya,1
hadir).,1
20-25,1
(bnp);,1
"al-sha'ariyya,",1
nakash,1
10-15,1
depannya?,1
berdenominasi,1
berselang,1
"bulbul,",1
pertama:,1
ruti,1
"al-safiriya,",1
tambang.,1
reboot,1
halusinasi.,1
"filimbi,",1
munculkan,1
keuntungan!,1
425,1
"api""",1
"$40,8",1
salah:,1
"""ktt",1
pengelolaan.,1
abdi,1
“peraturan,1
yaman;,1
mengkooptasi,1
depan.”,1
"""pengemudi",1
yuri.,1
kendaraan;,1
gambaran…,1
"patung,",1
"bar,”",1
“tiongkok,1
"akimat,",1
instalasi.,1
afirmasi,1
"memaksakannya,",1
"cosse,",1
ahsan,1
"sedih.""",1
“kebaikan”,1
“langka”,1
"sharaa,",1
venevisión,1
“poin,1
"rasial,",1
brownies”,1
pengalih,1
kejahatan’,1
gartner,1
panahan.,1
pacuan,1
‘tangguh,1
naadam,1
tetaplah,1
"kasihan”,",1
(pce),1
mendengar”,1
"produktif,",1
"perkataan,",1
“agar,1
"bekris,",1
musonoie,1
rapuh:,1
estupinyan,1
pabean,1
pervs,1
(australia,1
"pelakunya,",1
memutuskan:,1
neumann.,1
geopolitiknya,1
dewan:,1
"2,1%.",1
taitung,1
"leyen,",1
hyper-kamiokande,1
anti-gay,1
melayang,1
"seven”,",1
gelas).,1
de-dolarisasi,1
fasilitas.,1
"pemantauan,",1
worth,1
"hidrasi,",1
ap.,1
sedramatis,1
unilateralisme,1
love,1
seimbang”.,1
hualien,1
"al-jadaani,",1
gay”,1
golding,1
rekonstruksi...,1
asingnya.,1
raed,1
keberanian.,1
gangnam.,1
plastik:,1
"dikelolanya,",1
"imajinasinya,",1
"ftalat,",1
fleksibilitas;,1
ke-57.,1
kekuatan;,1
"polifluoroalkil,",1
penyisipan,1
kojok,1
atau...,1
al-hadath,1
"40,7%.",1
"powell-palm,",1
155,1
hambatan.,1
"pilihan,”",1
"20,0%.",1
"ihsan,",1
"bisphenol,",1
gunakan:,1
disiratkan,1
"$3,4",1
"absolar,",1
"ashanti,",1
"$3,6",1
"sauaia,",1
kenyal,1
karam.,1
fares,1
"centamin,",1
selfie,1
pasar:,1
"grafik,",1
dinyanyikan,1
"bersenang-senang,""",1
cantik:,1
terasnya,1
"röpke,",1
beragam:,1
"numerik,",1
kolumnisnya,1
"pasal,",1
grafik,1
pakainya,1
manusia:,1
"atribusi,",1
"teoretis,",1
moralitas,1
"""sah"".",1
"kemandirian,",1
“naftal”,1
"""maha",1
pasca-agresi.,1
pengacara;,1
kemanusiaan;,1
kemiskinannya,1
platformnya.,1
"pengiklan,",1
puluhan!,1
"$40,12",1
"$35,36",1
"terakhir.""",1
penyewaan,1
sargodha,1
swat,1
lembur.,1
"mandi.""",1
piggott,1
$295,1
"alvarado,",1
populer:,1
universidad,1
"""snapback""",1
rouhana,1
honda,1
"kazatomprom,",1
"5,2%,",1
mazda,1
lalu),1
pasti.”,1
"4,6%.",1
"anggarannya,",1
paku.,1
d.c.,1
pereda,1
dibocorkan,1
memproduksinya,1
siber.”,1
1970,1
menantang.”,1
“35,1
dicabut.”,1
"kambut,",1
"politik-sosial,",1
(2.300,1
tobruk,1
natalia,1
3.700,1
"tiongkok-amerika,",1
"$131,7",1
"tylenol,",1
"1986,",1
tercermin.,1
"(ev),",1
pengenaan,1
evenk,1
antropolog,1
generali,1
bangunan;,1
pembangunan;,1
"cavarero,",1
steam,1
sebaran,1
(cay,1
(runner-up,1
(ceri,1
neo-nazi,1
coding.,1
jokalante,1
senegalese,1
kokohnya,1
persia.,1
"terbaik),",1
"radiasi,",1
"konseptual,",1
prancis),1
(maois),1
pengukurannya.,1
desti),1
kegilaan”,1
"penyewaan,",1
"(cne),",1
kesepahaman.,1
stonebridge,1
“perekonomian,1
penentu.,1
lahan-lahan,1
abayanya.,1
tandus:,1
kakao,1
"deimos,",1
"""tantangan",1
semi-oval,1
hijazi,1
"industri-kantor,",1
"investornya,",1
bersulam,1
"teman-teman,",1
bisht,1
ekowisata.,1
sebaya,1
dhokla,1
beirutian,1
prinsip.,1
penggantungan,1
thobe.,1
"epik),",1
"""180.000",1
pandawa,1
rujuk,1
seremonial,1
hawe,1
"""tiga",1
zeinab,1
"0-0,",1
merenovasi,1
alex.”,1
mengonfirmasi.,1
almond,1
roomba,1
kolesterol.,1
"traktor-trailer,",1
penyedot,1
"pedaging,",1
"peternak,",1
souidi,1
bebas?,1
luksemburg,1
ouarda,1
$405,1
disatukan,1
“ambang,1
(bna).,1
sayyida,1
aman].”,1
nyusi,1
tiguem,1
miombo.,1
terpukul,1
hakan,1
(fintech).,1
theravada,1
"akbaş,",1
job,1
albright,1
oil.,1
"pemohon,",1
"merica,",1
(registrasi,1
"saras,",1
estat),1
"guinness,",1
"29,1%.",1
"exxonmobil,",1
"$7,7",1
"geospasial,",1
kurva,1
"($1,09",1
fotorealisme,1
"emban,",1
tam,1
elegan,1
"semiconductor,",1
"young-beom,",1
"$1.150,75.",1
"$1.398,40,",1
header,1
nasional:,1
"translatologi,",1
"ilmiah""",1
dibangunnya,1
"34%,",1
google),1
abderrezak,1
[tanda,1
"50,92",1
aloka,1
hizmet,1
sağlayıcı,1
[penyedia,1
(perusahaan,1
elektronik],1
poudiougo,1
[nasional],1
bingkai.,1
nitelikli,1
“pemuda”,1
"interseksional,",1
klaster,1
nice.,1
"14,12",1
"malnutrisi,",1
kebebasan!,1
"negatif.""",1
"genz,",1
salas,1
"€1,6",1
(co2),1
al-bashbishi,1
​​dan,1
mirip.,1
"benchik,",1
empuk.,1
yamani,1
mahalla.,1
waspada.,1
"jorgensen,",1
tatapan,1
"penambangannya,",1
balgha.,1
pulang.,1
"terkontaminasi,",1
"mengasuh,",1
"35,5,",1
gabès.,1
"bersaing,",1
lawan-lawan,1
radikalnya,1
"cnn,",1
"turkman,",1
"chowk,",1
bashir,1
pasukannya.,1
al-baqi,1
"doakan,",1
al-jadeed,1
al-araby,1
henan.,1
pancake,1
"dihadang,",1
wafel,1
errol,1
penghasutan,1
davenport,1
arms,1
sirup,1
control,1
(sirup,1
tertentu),1
"anhui,",1
"tinggi),",1
diberlakukannya,1
sabu.,1
"bergengsinya,",1
81.000,1
"rifaiya,",1
guterres.,1
h.,1
"sosial”,",1
lampirkan,1
bisbol,1
"tersembunyi,",1
"17,2",1
"managua,",1
3.338,1
2231.,1
"al-dhahab,",1
ohl,1
pun...,1
diare,1
alon,1
perut.,1
"ditambahkan,",1
kursi-kursi,1
doncker.,1
"menutup,",1
"membantu,",1
$125,1
$69m,1
"pintunya,",1
"16,6",1
"memiliki,”",1
"isak,",1
mešinović.,1
peroleh.,1
mahd,1
"masra,",1
terowongan.,1
mempertajam,1
"imajinasi,”",1
"mengarangnya,",1
betul,1
“barat”,1
"dijajah,",1
miranda,1
jetblue,1
"generalisasi,",1
12.30,1
kesunyian.,1
22.00.,1
"obat-obatannya,",1
direndahkan,1
"bayangkan,",1
“blak-blakan”,1
"keinginannya,",1
"(m/188),",1
24/8/1446,1
"kesuksesan,",1
jilid,1
couva,1
kalantari,1
"mediator,",1
pengasingan”,1
vrbas.,1
"mississippi,",1
“potret,1
memanjakan,1
"shandong,",1
"4,1",1
alinma.,1
"zhejiang,",1
pelengkap.,1
antusiasmenya,1
menjajal,1
tamazight?,1
'.,1
"aoun,",1
(kota,1
"manasseh,",1
rudolph,1
heikal.,1
kelayakannya,1
jawaban:,1
"hariri,",1
"""partai""-nya",1
"alabama,",1
"56,5%",1
kecenderungannya,1
"$107,8",1
cola,1
sensitifnya,1
publik/bisnis,1
721,1
"93,2%,",1
deezer,1
“masih,1
"6,8%.",1
tragis:,1
saja—ini,1
al-bakali,1
"kekerasan,”",1
$348,1
"dinyatakannya,",1
6:00,1
tunggul,1
"malta,",1
“mendorong,1
"andorra,",1
"spesialnya,",1
elastica,1
monako.,1
ficus,1
pekanya,1
“menunjuk,1
sesampainya,1
(2020–2030).,1
bahasannya,1
albari,1
tanamannya.,1
penza,1
camboja,1
salwarnya,1
jakarta.,1
"mech,",1
$25.000),1
chile.,1
dim,1
kompetitif.,1
obeid.,1
non-konsensual.,1
"1894,",1
“pihak”,1
rencananya.,1
bermil-mil,1
self-convocation.,1
"wave,",1
saleem,1
lainnya”,1
“risiko,1
ceramah,1
pemrakarsa,1
dibohongi,1
sunni.,1
membawakanku,1
"memeriksaku,",1
berkekerasan,1
proto-nivkh,1
perselisihan;,1
"1921,",1
"felix,",1
"golnya,",1
"asunción,",1
paraguay.,1
"kewaspadaannya,",1
terlayani,1
penentangnya,1
penerjunan,1
"generator,",1
"piggott,",1
sektoral,1
vanguards,1
"53,3%.",1
740.000,1
tommy,1
diasporanya,1
pencariannya,1
taqdeer,1
beyond,1
icc.,1
“edutainment”,1
"isaacson,",1
mulut:,1
ketidaksenangan,1
"""meta.ai"",",1
seefektif,1
selembut,1
memberitahu,1
"""vibes""",1
"keanggotaan,",1
"banjir,”",1
windows,1
guwahati.,1
"persegi.""",1
rehab,1
binti,1
"al-arfaj,",1
"hebat,""",1
"jalankan,",1
"meghalaya,",1
"batasan,""",1
taman.,1
"menggarisbawahi,",1
“perlindungan,1
tunggalnya,1
diskriminasi.”,1
"hiperrealisme,",1
propaganda.,1
keberangkatannya,1
panjang?,1
"mauritius,",1
brain,1
drain,1
beheira,1
"yi,",1
ketidakpekaan,1
dering,1
sosialis.,1
komposisi),1
teesta,1
“korban,1
pertumbuhannya;,1
"manfaatnya,",1
mendemonstrasikan,1
banding.,1
"""studio"",",1
"buta,”",1
"""pemimpin",1
ideologis?,1
oposisi.”,1
"reparatif,",1
"diharapkan,”",1
hammack.,1
“penembak,1
"24%,",1
"18%,",1
"11%,",1
analitik.,1
"as-suwayda,",1
"grata,",1
tiketnya,1
melarangnya,1
israel:,1
"dimobilisasi,",1
hussein?,1
kristalina,1
bunyi,1
absensia,1
"perlawanan""",1
‘perubahan,1
provea,1
hijau’,1
teesta.,1
"eritrea,",1
“sepanjang,1
"kemanusiaan,”",1
georgieva,1
"lalai,",1
"""kalender",1
"otorita,",1
otorita,1
"trapiche,",1
tuntut,1
menelusurinya,1
cerdasnya,1
meris,1
"$428,2",1
"$315,9",1
"menentang,",1
"35,6%,",1
"$433,4",1
permasalahan...,1
"""merekayasa""",1
"""digital""",1
dikenal:,1
mengetuk,1
selebriti.,1
shevchenko,1
dikaji.,1
detailnya,1
"rokok,",1
peshwa,1
bale,1
hawrami,1
"corniche,",1
ferguson,1
"pertengahan,",1
gatherer,1
“seniman,1
makni.,1
plastic,1
"gabbana"".",1
dipancarkan.,1
proton,1
gareth,1
"""mengingat",1
lembaganya,1
anti-kolonial,1
"musuh,”",1
"(comade),",1
"vitalis,",1
(m²),1
"zoghlami,",1
78.000,1
bercokol,1
"deportivo"",",1
aghabekian,1
"""dolce",1
ringkasan.,1
menyingkat,1
lithium”,1
"ceroboh,",1
"hadiri,",1
twitch.,1
"sosial"",",1
pelindungnya,1
balša,1
mengkontaminasi,1
"lengket,",1
"bulatović,",1
"magna,",1
"(ftn),",1
"sosial.""",1
n1,1
“emas,1
"kontemplatif,",1
adat:,1
layak.”,1
kerumahtanggaan,1
(tii),1
monumental.,1
(amlo),1
lalu.”,1
pmi,1
as-iran,1
maher.,1
pretoria,1
"fati,",1
"(tplf),",1
"al-samarqandi,",1
"""dicurangi"".",1
"37%,",1
deskripsinya,1
"pun,""",1
bibir,1
negeri-negeri,1
"jauh,”",1
"penjelajah,",1
"menghina),",1
“gipsi”,1
"nenekku,",1
memberitahuku,1
"perasaan,",1
dijiwai,1
"metaforis,",1
disiarkan.,1
mengungkapkannya,1
"esensinya,",1
wadah.,1
"diposting,",1
kontraksi.,1
reels.,1
"uniknya,",1
kuinginkan,1
disukai.,1
"dapur,",1
solmaz,1
penantian,1
"as-meksiko,",1
"daryani,",1
"vibes,",1
caribbean,1
teeluck,1
suemita,1
"97,75.",1
al-samarkandi:,1
"""katakan",1
abi,1
al-mujahid,1
"dinominasikan,",1
"imigran,",1
mikron.,1
"komersialisasi,",1
"terhormat.""",1
"narasinya,",1
menyebutkan:,1
"pembangkangannya,",1
manajer.,1
sejajar,1
al-hasan,1
chemistry,1
syuting.,1
"al-aloul,",1
"""rasanya",1
menulisnya,1
"lemarquis,",1
"kepekaan,",1
moin,1
justice,1
"1979,",1
foundations.,1
"forti,",1
tracker,1
"mualaf,",1
dimaafkan,1
rentetan,1
"gelar,",1
journalism,1
purbakala,1
"saluran-saluran,",1
terbarukannya,1
mangrove,1
dikontrak.,1
"sudatel,",1
"tamu),",1
“oman,1
(tergantung,1
spektakuler,1
"2040”,",1
keajaibannya,1
"didih,",1
"marca,",1
psikosis,1
rivera,1
"religius,",1
unicom.,1
"telecom,",1
"bermusik,”",1
84%.,1
"al-marsad,",1
"kapal.""",1
"m'sila,",1
“bahaya”.,1
"arreridj,",1
"panggung,",1
“blokade,1
diawali,1
“hati-hati”,1
chhatra,1
emoji,1
diselingi,1
"dipermalukan,",1
bengal-lah,1
mcnoldy,1
"akuatik,",1
"tumbuh-tumbuhan,",1
bangla”,1
"al-jundi,",1
menerjang,1
46.000,1
terwujud?,1
rutenya,1
pulih.,1
"$112,000",1
"denpasar,",1
panasnya.,1
"bassiri,",1
risiko:,1
hilal.,1
“filter,1
"kaapi,”",1
"menyebutnya,",1
sawi,1
bono,1
vakum,1
"djelfa,",1
"mobile,",1
"data""",1
"kontainer,",1
berlabuh.,1
(chp).,1
"prospektus,",1
orman,1
ucla,1
regionalnya.,1
"sketsa,",1
menorehkan,1
"dilacak,",1
"kering),",1
cottage,1
(keju,1
aruul,1
playmaker,1
"al-dabbagh,",1
alvina;,1
huddersfield.,1
diruntuhkan,1
"bailey,",1
turbin.,1
olzen,1
lower,1
tatari,1
"tsong-he,",1
(翰林茶館).,1
masuknya.,1
baghdad.,1
benang.,1
1949.,1
"distribusi,",1
1943.,1
canary.,1
"balearic,",1
"tui,",1
berbayar.,1
konvensional;,1
"aspek,""",1
"freedom,",1
"""you're",1
girchi–more,1
"agmashenebeli,",1
"movement,",1
never,1
"alone""",1
1992-1995,1
merasakannya,1
merinding.,1
bps,1
mundur;,1
"al-ibrahim,",1
pro-kemapanan,1
"causeway,",1
"kekeluargaan,",1
toshka,1
"square,",1
terintegrasi.,1
arab.”,1
joyo,1
pte.,1
"mita,",1
pelimpah,1
"biasa""",1
"overlap,",1
"lapangan”,",1
"d'or.""",1
portugis,1
"""pertumbuhan",1
sosiopolitik,1
"menolaknya,",1
paloma,1
"menghormatinya.""",1
"""paris,",1
"(1939-1945),",1
"carragher,",1
“kenyataan,1
tegakan,1
pemanen,1
pusat.,1
castro,1
kedatangannya.,1
dibersihkan,1
"kutahya,",1
787,1
"menghilang,'",1
album,1
"'vida,",1
setia.,1
emirati,1
zawaya,1
pengkhianatan.,1
menjanjikan”,1
ahmedabad,1
"5,4",1
pkk.,1
"bahçeli,",1
dipermasalahkan,1
devlet,1
"mhp,",1
"leci,",1
"vanila,",1
"grafit,",1
menyanyikan,1
£23.,1
sarana-sarana,1
sosial”.,1
bessie,1
“tren”,1
rangel,1
bergabungnya,1
perangnya?”,1
media;,1
modernnya,1
"1552,",1
bajakan,1
"tan,",1
ive,1
“brevísima,1
jony,1
relación,1
destrucción,1
internal:,1
"penting.""",1
indias”,1
(catatan,1
hindia),1
fray,1
bartolomé,1
"mengeksekusinya?""",1
casas,1
"29,3%,",1
"sebiga,",1
regeneratif,1
pasangannya.,1
atthis,1
alam.”,1
ferndale,1
non-kenya,1
klan.,1
"al-shabaab,",1
"strategi,",1
kenya.,1
bertandang,1
eksternal;,1
terpecah-belah,1
al-khiran,1
rakhine,1
purisimiar,1
sudan:,1
“dicuri”,1
"""raja""",1
"mengemuka,",1
rahasia;,1
hindari.,1
antonina,1
"maley,",1
co.,1
tosya,1
dongeng,1
fishery,1
"progresif,",1
kecilnya,1
poly-hondone,1
"salurannya,",1
saudi-qatar,1
186.000,1
terjadi”,1
plastik;,1
anguilla,1
lingkungan:,1
pelagic,1
memajang,1
"dipolitisasi,",1
suriah.”,1
x/twitter,1
tergoda,1
"huck,",1
ini”,1
"463,7",1
"seninya.""",1
"paratici,",1
respirasi,1
rayan,1
"rasoul,",1
penegakannya.,1
"al-hajji,",1
332.400),1
collective,1
sturt,1
"19,7%.",1
1980-an?,1
ditulisnya,1
pon).,1
"pendamping,",1
gelasnya,1
kg),1
"nacional,",1
asamblea,1
"laporkan,",1
diungkit,1
"psikiater,",1
"jorge,",1
peru.,1
"pegangan,",1
"al-gezira,",1
"cuzco,",1
ambisiusnya.,1
mendalam:,1
"ukuran),",1
yerikho,1
"angkat,",1
apa-apanya,1
"nun,",1
"xingu),",1
infanteri,1
menghalau,1
"diidentifikasi,",1
(csu).,1
mahasiswa.,1
indígena,1
non-yahudi,1
netanyahu?,1
"araghchi,",1
saran.,1
"$63,15",1
"0,75%,",1
zoghlami,1
(taman,1
oumdurman,1
terbayangkan.,1
“pesaing,1
chip.”,1
“dari,1
(new,1
industrialisasi.,1
diibaratkan,1
2030/2031.,1
hashem.,1
keruntuhan.,1
kini:,1
"keempatnya,",1
"yosua""",1
"""nubuatan",1
kejatuhannya,1
mencontohkan,1
2027/2028,1
"start),",1
menyusahkan,1
listrik?,1
drogba,1
st-germain.,1
"quantico,",1
line.,1
"non-manusia,",1
"1,8%,",1
"penerjemahnya,",1
non-ar,1
"bandyopadhyay,",1
remix,1
cover,1
"gullo,",1
kepadaku,1
"pemakaman.""",1
manguele,1
diallo,1
anti-perang,1
anagha,1
berseru,1
menerapkan),1
nair,1
"24,7",1
"konservatifnya,",1
‘saya,1
religius;,1
diandalkannya,1
oksigen?’,1
pepohonan.”,1
cooling,1
"tabreed,",1
"controls,",1
agama),1
(mengolok-olok,1
"""penodaan",1
didier,1
"""penistaan""",1
defense,1
caobos,1
info,1
"link,",1
"al-shatari,",1
nizar,1
dimon,1
menyakiti,1
"dimaniskan,",1
publikasinya.,1
"multi-bahasa,",1
"berteduh”,",1
"kuncinya,",1
membebani.,1
bergeser.,1
pengklasifikasian,1
abella,1
malta,1
sinomi,1
dibumbui,1
mint,1
"non-makanan,",1
pandai,1
"esensial,",1
kenyamanannya,1
"litium,",1
“berpikir,1
robot”,1
citizens,1
"palu,",1
terbentur,1
"tuhan""",1
"ukur,",1
"""bului""",1
direbutnya,1
"organisasinya,",1
emisi.,1
plus.,1
"tuhan"".",1
"94,",1
"leon,",1
"perlengkapannya,",1
“awalnya,1
"tahu,”",1
“berubah,1
"rekamannya,",1
makanannya.”,1
"generasinya"".",1
temukan.,1
memetik,1
dikonsultasikan,1
"g20,",1
bergaji,1
"dinanti-nantikan,",1
"duplikasi,",1
dual-burner,1
konverter,1
berantakan,1
"""permainan",1
memvisualisasikan,1
icimod,1
"pikiran"",",1
"71.000,",1
sintetik,1
“kerusakan,1
akarnya.,1
memancing.,1
"farghali,",1
“manuver,1
mediterania.”,1
percayalah,1
"al-serekh,",1
lengannya.,1
"""pilihlah",1
anousha,1
"momentumnya,",1
1.450.000,1
purba.,1
penanggalan,1
mohamed.,1
"nuklirnya""",1
menendang,1
"woodward,",1
apa?,1
wehbe,1
volt,1
"""bayangkan",1
tersenyum:,1
relativitas,1
"yale,",1
"einstein,",1
teman-teman?,1
"ruang-waktu,",1
trampolin.,1
"vinicius,",1
"(arcapita),",1
dikenai,1
"pemakamannya,",1
sopir,1
al-zayadi.,1
suriah;,1
marizón,1
"‘ditambang’,",1
berhenti;,1
bilah,1
didengarkan,1
scorpions,1
$178,1
"seluruh,",1
(afrika),1
hande,1
"bulut,",1
pembesar,1
duzce,1
pemeliharaannya,1
"benjamin,",1
“melokalkan,1
"al-sadr,",1
"kerajaan,”",1
muqtada,1
"mengancamnya,",1
helikopter.,1
meremehkan:,1
"estetika,",1
ennasabi,1
salima,1
"'puri',",1
rempah,1
laksamana.,1
"1883,",1
populis.,1
dibatasi.”,1
"platinum,",1
cintanya,1
"eksternal.""",1
menurutku,1
leoni,1
chiessa,1
urgensinya,1
bepergian.,1
memercayainya.,1
dot-com,1
gagal.”,1
"pascapandemi,",1
"3,21",1
"implementasinya,",1
sorotan.,1
"kesederhanaan,",1
teruji,1
dibahas.,1
disoroti.,1
monastik,1
"2,27",1
"$1,35075",1
"3,33",1
itu:,1
ranselnya.,1
sebongkah,1
"cangkir,",1
"menghormatinya,",1
pasca-revolusi,1
"paksa.""",1
brad,1
"cooper,",1
"""memulangkan",1
al-hol,1
"corona,",1
"sekitarnya,""",1
estetika.,1
sepeninggal,1
"3,7%.",1
direksinya.,1
"gramofon,",1
"oc,",1
"7,44",1
"portabel,",1
"11,33",1
"3,89",1
"dinar),",1
terpapar.,1
"berbicara.""",1
hoeness.,1
"dibeli,",1
"harian,",1
popoola.,1
solagbade,1
oluwo,1
hal;,1
“bebas”,1
saudi?,1
bundesliga,1
(nilai,1
sarawak.,1
alkohol.,1
pegunungannya,1
"kompromi,",1
"1,1703",1
"yuxin,",1
shi,1
award,1
"5000,",1
"salmoun,",1
index.,1
indori,1
billionaire,1
"$28,5",1
genetika.,1
"semi-pedesaan,",1
"zyaka,",1
"indore,",1
interpretasinya,1
khanibodom.,1
penyewa;,1
kearney,1
"palestina,”",1
"apartheid,",1
haag’,1
“‘grup,1
“bencana,1
"gavi,",1
"laut),",1
brigadir,1
"""al-shorouk"".",1
sini’,1
|,1
keekonomian,1
signifikannya,1
anti-taliban.,1
​​​​mereka,1
tentara.,1
awareness,1
837.000,1
kieza,1
ke-87,1
171,1
menit-menit,1
alisson,1
(asean),1
"53-47,",1
patos,1
mengamalkan,1
keyakinannya.,1
"93,148",1
"51,149",1
"1,1727",1
"latihannya,",1
$440,1
$167,1
"berpenghuni,",1
topik.,1
seven',1
'magnificent,1
"gelembung,",1
fidelity.,1
kratochvílová.,1
timmer,1
eceran.,1
ahuwan,1
"2,40",1
alexanderovich,1
jazeera.,1
youtube-nya,1
"imbalan,",1
(wam),1
hannatu,1
"1850,",1
2.266.000,1
"0,016",1
"$1,148",1
f-16,1
serius.”,1
“membeli”,1
"$112,735.12,",1
"2,3%,",1
astana.,1
"ditemukan,""",1
yermatov,1
greta,1
“tuhan,1
"berkembang,”",1
"serikat.""",1
"""keadilan",1
thunberg,1
ababa,1
(jangan,1
memanaskannya,1
podium.”,1
wilshire,1
"terbaik""",1
218%,1
carlo,1
ancelotti,1
alonso.,1
"pengaturan,",1
aktivisme?,1
"teesta,",1
"darinya.""",1
"manang,",1
atraksi,1
gangapurna,1
"17.873),",1
"kontraktor,",1
"$1,151",1
"$1,093",1
"0,33%",1
"berada,""",1
"indah”,",1
"""ekonomi",1
ismael,1
pribadi;,1
komitmen.,1
haftu,1
"​​agama,",1
$5.,1
microwave).,1
aminah,1
hindeya,1
triki,1
perancang,1
"gebremeskel,",1
huysen,1
didambakan,1
komil,1
"diakhiri,",1
tarifnya,1
mentweet,1
sterling,1
"rendah""",1
"""ketinggian",1
"business,",1
booth,1
"$1,3458,",1
"""wajar",1
"kepala.""",1
"modern""",1
baseline,1
"garis.""",1
tinggi...,1
viche,1
"caple,",1
dipantau.,1
anoksik,1
akuatik,1
"""sergas"",",1
anti-nasional,1
"arroyo,",1
víctor,1
gauks.,1
menundukkan,1
desak-desakan,1
neraka;,1
kempa,1
mengampuni,1
"3,87%.",1
"non-inti,",1
jangkauannya.,1
reformasi:,1
pembenaran...,1
"tokopedia,",1
tinjauan.,1
yakinlah;,1
memperbaikinya,1
($900.000),1
arabiya.net:,1
start.,1
favoritisme,1
"perwira,",1
"1.550,",1
"balistik,",1
menyelami,1
"damaskus""",1
"pembom,",1
malam...',1
samanoud,1
"jewel,",1
bibi,1
check,1
"maiquetía,",1
'ibu,1
"alarm,",1
schubert,1
vargas,1
mendonorkan,1
lingkungan;,1
alasan-alasan,1
​​luar,1
raghunath,1
"choudhary,",1
sourav,1
"mutilasi,",1
"43,7",1
"abad,",1
kesaksiannya.,1
"al-munira,",1
hodeidah.,1
sebentar.,1
berkonflik.,1
beratnya.,1
"agenda,",1
"2024-2025,",1
"$21,9",1
al-harouniya,1
anti-monopoli,1
"quds,",1
“dr”,1
9/11.,1
impiannya,1
diasah,1
perpindahannya,1
"mariana,",1
ilustrator,1
kesetiaannya,1
“provokatif,1
ditunjuknya,1
seksual.”,1
"ekosistem,”",1
managua,1
"albania,",1
"montenegro,",1
izin;,1
"pembelotannya,",1
“tolong,1
serikat!”,1
“kelompok,1
(lagi),1
(28,1
"populer,”",1
tenggorokan,1
"nha,",1
"0,45%.",1
phong,1
bergelombang,1
ferman,1
shinwari,1
347.000,1
"walls,’",1
behind,1
‘summer,1
“tokoh,1
apotek,1
"""raksasa",1
zebra;,1
arizona.,1
minecraft,1
komik:,1
transparansinya.,1
mariam,1
"""newsmakers""",1
bahr,1
makin),1
"28,44",1
(asas,1
menggelar,1
andro,1
destabilisasi,1
chichinadze,1
al-ghadir,1
"ltd,",1
"mekantsishvili,",1
"rusia.""",1
urrego,1
"bolívar,",1
simón,1
pembebas,1
kursinya,1
raja-raja,1
klinik.,1
(1910–1945),1
rusia”,1
ucapkan,1
normalnya,1
orbeli,1
yerevan.,1
"23,8",1
"46.097,43",1
(emas),1
"29,8",1
umum;,1
torkham,1
"produktivitas,",1
winnicott,1
"reparasi,",1
klein,1
"haig,",1
elías,1
pemulihan”,1
"lipow,",1
"hoi,",1
(hingga,1
dipinjamkan,1
"young-kook,",1
kwon,1
"demokratik,",1
lipow,1
mengonsumsinya,1
“badai,1
"associates,",1
2022).,1
mengiris.,1
"""ayah",1
"kaya""",1
"holmes,",1
62%,1
penyelenggaranya,1
"hulu,",1
"osogbo,",1
1970-an,1
akademisi;,1
"""besar"".",1
kompetensi.,1
"semak,”",1
"asinkron,",1
€5,1
pengikut.,1
"mental"".",1
dikotomi,1
burnout,1
"2028""?",1
"beta"".",1
“kehancuran,1
roma.”,1
"deepseek,",1
"jenis,",1
microchipping,1
cooper,1
pembuatnya,1
"carr,",1
brendan,1
"modern,""",1
klitoridektomi,1
eksisi,1
infibulasi,1
murphy,1
"pemanas,",1
kedinginan,1
yvette,1
"zupančič,",1
"2,02",1
"ljubljana,",1
314,1
"""unicorn""",1
"mapan,",1
route,1
"saleh,",1
"""nasihat",1
pinjamannya,1
cemas.,1
"negaraku,",1
"al-marakbi,",1
"""bergulir""",1
mencopot,1
"nikkei,",1
advantest,1
electron,1
"293,7",1
polarisasi.,1
memasangkan,1
golden”,1
utas,1
kencan/hubungan,1
twitter.,1
"""masalah",1
"wajah,",1
"""mungkinkah",1
ke-81.,1
"teknis"",",1
"southampton,",1
parma,1
(tengah,1
greenwich),1
"diprediksi.""",1
jernej,1
depan?...sulit,1
antihuru-hara,1
"aamir,",1
"dikutuk,",1
serak.,1
berkumis,1
"piatu,",1
‘melawan,1
"diboikot,",1
"tarikan,’",1
148,1
festival-festival,1
liberal.,1
"evolusinya,",1
"terkasih,",1
terdalamnya,1
"eswatini,",1
s.,1
dokumentasi.,1
$23,1
folha,1
meratap:,1
kawanan.,1
barang-barangnya,1
cincang).,1
"pemerintah""",1
(pai,1
aswar,1
financial.,1
"jumpai,",1
efrat.,1
cabang-cabang,1
“saham,1
emas”,1
hangout,1
cheburek,1
berry,1
santai,1
"laut,”",1
tumpah.,1
buruh.,1
"gun,",1
kekasihku,1
"lupakan,""",1
gourmet.,1
bisnis”.,1
"beriman,",1
"berakhir.""",1
intrusif:,1
"kualitasnya,",1
"53"",",1
lagu.,1
wilayah:,1
"""ruu",1
118,1
duplikat.,1
"""palsu"",",1
"bergeming,",1
“metodologi,1
glamor,1
"penjelasan,",1
besok.,1
etalase,1
210.000,1
ditanyai,1
jongkok.,1
addameer,1
kreditur,1
alper,1
strateginya.,1
pulau.,1
"""memikul",1
400%,1
menunjuknya,1
lucerni,1
majemuk,1
holmes,1
"karmış,",1
"kepemilikannya,",1
menenun,1
86.000,1
penguasaannya,1
"14,1",1
rutinnya,1
rompi,1
havana.,1
"0,7948",1
"pt),",1
chanel,1
semiotika,1
"infiltrasi,",1
“melakukan,1
“menginginkan”,1
“na,1
"(pkt),",1
svyazi”,1
ia:,1
"9.744),",1
dužan,1
"2001,”",1
"škola,",1
“letní,1
swift,1
"bebatuan,",1
dikembangkan.,1
"tetes,",1
longgar,1
$323,1
pivot,1
"nasseris,",1
keparahannya,1
"lutut,",1
score,1
"""resolusi""",1
enrique.,1
sycamore.,1
$359,1
36.483,1
"politisi,”",1
"nice,",1
"alternatifnya,",1
jeanderson,1
menjeratnya.,1
"payol,",1
"ramadi,",1
kanvas-kanvas,1
permeabilitas,1
plakat,1
al-hada,1
“dilepaskan”,1
"al-khalil"",",1
"al-laith"".",1
mengintimidasi,1
"""layak",1
manisan.,1
tulisan.,1
tablo,1
sinematik:,1
ikon-ikon,1
"moyang,",1
strip,1
berdaun:,1
qazvin,1
"alborz,",1
diasumsikan,1
"romaine,",1
pro-demokrasi.,1
dimasak.,1
amlo,1
al-sabah,1
dilangsungkan,1
"preman,",1
suzuki,1
48.848,1
selada,1
didkovska.,1
"malam,”",1
“sejak,1
"veto,",1
kontingen,1
yanbian.,1
sewenang-wenang.,1
"gedaref,",1
"duong,",1
"al-gharbiyya,",1
penggalan-penggalan,1
feminis?,1
al-qalabat,1
lolos.,1
suakanya,1
"dialek,",1
"18:22,",1
empat;,1
"""berdampingan"",",1
“pembangunan,1
infrastruktur”,1
melewatinya.,1
haiti,1
terhormat:,1
sembuh,1
keberkahan,1
"114,320).",1
1946.,1
"22,860)",1
"bungkam,",1
terencana.”,1
"kriminal,”",1
"tersulitnya,",1
“hanya,1
digantung.,1
"atlético,",1
tech.,1
"57,160)",1
"alkitab,",1
outlook,1
jantung;,1
ibrahim.,1
kerapuhannya,1
kesabaran.,1
"radeče,",1
dimitrievich,1
‘ibu,1
pemasyarakatan,1
chelsea.,1
eratnya,1
terspesialisasi.,1
šiljić,1
"sara,",1
power.,1
"multinasional,",1
“cadangan”,1
"antarklub,",1
"tengah,’",1
tiga;,1
“fragmentasi”,1
kesederhanaan,1
al-saad,1
“separatis”,1
'ah,1
"kerring,",1
soma,1
dunya',1
"hora,",1
el-laithi,1
acura,1
marin,1
"cilic,",1
"berat.""",1
reformasi-reformasi,1
bodoh.,1
doug,1
penjualnya,1
faktur,1
interogasinya,1
"higue,",1
ol’,1
melukainya,1
"perdagangannya,",1
qala,1
"pemotongan,",1
50°c,1
peresmian,1
“qatar,1
pemaksaan.”,1
“terus,1
regional.”,1
dhungana,1
kotaku,1
"bermigrasi,",1
suhunya,1
“kecerdasan,1
1.567.705,1
1.179.699,1
"468,360",1
"lelah.""",1
"multi-toko,",1
"charlie,",1
picasso.,1
kesehatan个人不得收购、加工、运输明知是盗伐、滥伐等非法来源的林木.,1
safari.,1
"maksimumnya,",1
heliumnya,1
patokannya.,1
ishares,1
"romero,",1
susu.,1
alfredo,1
mensyaratkan:,1
"mac,",1
rumahan.,1
"berjuang,",1
“blok,1
pemasakan,1
istri-istri,1
likopen,1
"komunal,",1
berturut-turut.”,1
"bustard,",1
kediamannya,1
"tabriz,",1
hamadeh,1
subashi,1
hamadan,1
"qamis,",1
penal.,1
"janji,",1
"kebebasan,""",1
"germi,",1
"hamo,",1
zaher,1
temanku,1
xenofobia,1
"hoopoe,",1
"chauvinisme,",1
“mangkuk,1
"bangau,",1
parlemennya,1
"wagtail,",1
"“drone”,",1
menjamurnya,1
bondi.,1
regu,1
artileri.,1
talaqi,1
"kassir,",1
"keadilan""",1
"puyuh,",1
silih,1
smitrych,1
berganti,1
"díaz,",1
porfirio,1
1990-an.,1
yaqui,1
prediktif,1
"diwujudkan”,",1
"amonit""",1
neuss,1
"neuss""",1
"yoruba,",1
tikus.,1
elips,1
jalurnya?,1
1991.,1
klise.,1
buatan:,1
awam,1
dalang,1
"berjalan.""",1
signifikan:,1
berlomba-lomba,1
"inovator,",1
chatham,1
"$6,6",1
impian.,1
kurdi:,1
"mempersenjatai,",1
kawasan?”,1
"90%,",1
"perbankannya,",1
samaria,1
yudea,1
"pun""",1
apresiasi.,1
“perdamaian,1
"""sembrono"".",1
"akui,",1
al-ela,1
fairouz.,1
"trafford,",1
"“yerusalem,”",1
marvena,1
elisa,1
"""koridor",1
"manchester,",1
broker,1
leon.,1
"suakanya,",1
bersenjata”,1
“penindasan,1
berlebihan”,1
sadiq;,1
"pro-rusia,",1
premier.,1
"salman"",",1
1.394,1
"lama"",",1
"medina"",",1
"keberuntungan.""",1
kesempurnaan,1
"aban,",1
al-sail,1
kereta.,1
kanopi,1
"safari,",1
(122°f),1
"parker,",1
"jefferies,",1
"manufakturnya,",1
"""memberatkan""",1
kilowatt,1
"bwalui,",1
"rajasa,",1
live,1
anneloz,1
multilateral”,1
burkes,1
“menambah,1
"suar,",1
"pembelajaran',""",1
890,1
co2,1
partikel-partikel,1
(menantu,1
'dukungan,1
"trump),",1
deijha,1
"""aneh",1
victoria.,1
pesertanya,1
mencaci-maki,1
"gordon,",1
177.000,1
"tawfiq,",1
kunci.,1
gantungan,1
tergores.,1
"(22,5",1
"76,2",1
"‘cascade,’",1
"mengejutkan"",",1
unilateral,1
livelihoods,1
lives,1
telecommunications,1
"(singtel),",1
saving,1
selundupan,1
"lauderdale-hollywood,",1
jake,1
"""dpa"",",1
"(sll),",1
"han-chieh,",1
barista,1
provokasinya,1
keanehannya,1
"99,5%.",1
"96,4%",1
shaker,1
47%.,1
“merasa,1
"65,4%,",1
hamo,1
dibiakkan,1
"tosas,",1
"agency,",1
mizan,1
"pro-keluarga,",1
"""ambil",1
"8,5",1
2.305,1
"5,050",1
"bakatnya,",1
"attrill,",1
valas,1
asumsinya,1
"dirilis.""",1
cetak.,1
zeitung,1
"ceritanya,",1
"""pertanyaannya",1
buruk:,1
tungku.,1
"cs,",1
tambahan!),1
perusahaan.”,1
menabur,1
disetujuinya,1
“minyak,1
allgemeine,1
bernegosiasi.,1
commus,1
1996.,1
kubu:,1
figuratif/potret.,1
"hiperrealistis,",1
"sa'ar,",1
tzachi,1
"100%,",1
hanegbi.,1
selesaikan,1
"97,744,",1
6.340,1
inversi,1
konstan,1
"niat,",1
(pib),1
interno,1
ai-nya.,1
gembiranya,1
gong,1
"yoo,",1
jargon,1
“keterlibatan,1
ketertiban.,1
diburu-buru.,1
gamal.,1
senatnya,1
“kemajuan,1
misogini.,1
dikaburkan,1
orisinalitas,1
ditunggu-tunggu.,1
"1963,",1
"1981,",1
umum?”,1
morningstar,1
poin”,1
14:51,1
"goblin,",1
nyala,1
didahulukan,1
“kasus,1
winter,1
hashash,1
"sonata,",1
product,1
rodriguez,1
fati,1
weak,1
hero,1
data?,1
chad',1
'noor,1
“penyakit,1
inovatif!,1
​​​​telah,1
"konsisten),",1
13–34,1
"diungkapkan,",1
terpuji,1
"act),",1
(cybercrimes,1
lenyap;,1
"eni,",1
lain”,1
"vaez,",1
paksakan,1
10.38,1
"pekan,",1
mehrabad,1
129,1
"mesinnya,",1
"tamoil,",1
saras.,1
mesir-sudan,1
346,1
"munir,",1
kapitalistik.,1
mahal”,1
akhundzada.,1
hibatullah,1
"7,1151",1
akrilik?,1
al-ghurari,1
"taruhan,",1
pedulikan.,1
pasokannya.,1
formalitas,1
kyle,1
"sila,",1
belaka;,1
terpisahkan,1
porsche.,1
"4,5%,",1
mariyuana,1
"ming,",1
diam-diam”,1
tumen,1
“isil”.,1
"""al-qaeda""",1
"stabilitas""",1
"""ancaman",1
"oposisinya,",1
"0,06%",1
"kriminal"",",1
"alliance),",1
prosesor;,1
haitian,1
atap.,1
"migrants,",1
immigration,1
penerbit.,1
acuannya,1
kemenangan;,1
"titik,",1
republik-republik,1
"dpr,",1
dikubur,1
donasinya,1
nasseris,1
positif;,1
mesir-israel,1
reposisi,1
raqqa.,1
rezim-rezim,1
menular.,1
kejujuran,1
"diskriminatif,",1
daging.,1
rugi,1
default.,1
"batutah,",1
vigar.,1
“berakhir”,1
"-3,3",1
“bus,1
izzah,1
lingkungan”,1
"menghibur,",1
pelukan.,1
adq,1
"17,lah",1
arab?,1
kardiologi,1
hekma.,1
ac.,1
meringankannya.,1
kompresor,1
"dimenangkan,",1
"lira,",1
"popularitas,",1
peres,1
iklim.”,1
"cina,",1
unduhan,1
100+,1
"“intinya,”",1
“gunakan,1
kekuatanmu,1
"kuaishou,",1
"sandu,",1
sirkasia.,1
1971;,1
institusionalitas,1
terekspos.,1
kajiannya,1
17.,1
"on-nya,",1
"gurman,",1
"""isis"",",1
"kwai,",1
direkomendasikan.,1
"dijanjikan,",1
geli,1
pengulangan.,1
"yuhang,",1
"lurus,",1
al-shuraa,1
kelenturan.,1
cyberbullying,1
keuangannya.,1
“ya”,1
"persemakmuran,",1
"termasuk,",1
lucia.,1
"beristirahat,",1
mengeluarkannya.,1
gaullist,1
trolling,1
"basah,",1
"malang,",1
hipertensi,1
1963,1
yoruba-lah,1
"ahnou,",1
buhen,1
"menawan,",1
"""raouche"".",1
analitis,1
terluas,1
"""rock"",",1
"phommasan,",1
"""la",1
bhante,1
"rochelle"".",1
aksesi”,1
“mandat,1
lalu:,1
sekota,1
analitis.,1
"105,300",1
"111,600",1
"2034,",1
"non-sewa,",1
utara),1
"trasandi,",1
"""kebutuhan",1
tekad.,1
bekerja”,1
pediatri,1
nyu,1
diberkati,1
starlink.,1
grossman,1
intuitif,1
mengerti.”,1
elena,1
barakati,1
"keberaniannya,",1
olenyok,1
mendampinginya,1
layanannya.,1
diplomasinya.,1
"jobs,",1
"menyesatkan"",",1
kesatuannya,1
mohsenifar,1
"""berikan",1
saksikan.,1
ivanovic,1
franjo,1
welle,1
akali,1
pavlidis,1
1986.,1
vangelis,1
"dangkal,",1
etik/etika,1
bertahap”,1
"""shahid""",1
"terlihat""",1
perampokan,1
"pengunjungnya,",1
mashamba,1
pengunjungnya,1
ashurov.,1
"arabiya.net""",1
kuwait:,1
kelemahlembutan,1
"t17,",1
"al-sak,",1
pemanggilan,1
ko,1
defensif.,1
halangan,1
"hadath.net""",1
"kov,",1
qalamoun,1
nakkhu,1
muzaffar,1
"$14,5",1
$479,1
"inoyat,",1
das,1
sharifjon,1
sudakov,1
"$47,14",1
sykamias,1
lestari.,1
reboisasi,1
"15,7%",1
"lesvos,",1
keran,1
berlindung;,1
ambigu.,1
mengerikan:,1
"pêche,",1
horihi,1
"nelayan,",1
"biksu,",1
"plakat,",1
pembayarannya.,1
parasosial,1
€100,1
“bukit,1
358.000,1
sasis,1
saf.,1
"wisnumati,",1
pekerjanya.,1
1993,1
inklusi.,1
"manohara,",1
patung”,1
($117,1
"""pilihan",1
"mendeskripsikannya,",1
kontradiksi.,1
memenuhinya;,1
"menyenangkan.""",1
"bermimpi,",1
"sekelasku,",1
"guruku,",1
“melissa”,1
"kelasku,",1
sekolahku,1
pengunggahan,1
pendistribusiannya.,1
"terbentuk,",1
16.000,1
disuarakan,1
"inilah,",1
2.200,1
'marc,1
"digagalkan,",1
"eibel,",1
kerajaan;,1
pasca-penjualan,1
responsif,1
"platinum""",1
terjaga.,1
"tuduhan,",1
"termudah""",1
moraine,1
lanjutnya.,1
"14.000,",1
"berkurang,”",1
"218.000,",1
"berpolusi,",1
ontario,1
"facttest,",1
pemasoknya.,1
oklahoma,1
"terkontrol,",1
"mencintaiku,",1
'dia,1
taraba,1
siswanya.,1
disipliner,1
batasan?,1
"ketidakterlihatan,",1
ini/atau,1
azul,1
"pergolakan,",1
mekanisme-mekanisme,1
diakui.,1
pappé,1
terpengaruh.,1
“genosida,1
madu”,1
“lebah,1
ragu-ragu:,1
"simbolisme,",1
sarat,1
mengakuinya.,1
hendak,1
hasti,1
rubros,1
“cara,1
mengevaluasi).,1
(alat,1
mencintaiku',1
swot,1
"salud,",1
"""today.com"".",1
matriks,1
ibrahim?,1
penuh;,1
term,1
"salju),",1
(transfigurasi,1
"población,",1
"shutdown,",1
(15-30,1
menit),1
"(rem),",1
foto.,1
makanya,1
terpelihara,1
setujui.,1
melanda.,1
lgbtq+.,1
shya'a,1
"“solan”,",1
"wisma,",1
"perhotelan,",1
cayman,1
"$438,7",1
"pendongeng,",1
(bell):,1
menonaktifkannya,1
"cobanya,",1
"jun-seok,",1
generasinya.,1
“perbaikan”,1
"(37,2",1
“status,1
"quo”,",1
"1961,",1
(unops).,1
ditawarkan.,1
"52,44892",1
"unfccc,",1
deforestasi.,1
5.874,1
riko.,1
5.140,1
simona,1
marinescu,1
"konvoi,",1
menawarkannya,1
havana,1
arab-israel,1
dipatenkan,1
kurban.,1
peluang-peluang,1
berlarut-larut.,1
pencalonannya,1
"$380,1",1
replicator,1
menyembelih,1
arabiba,1
"""independen"".",1
"pasifik?!""",1
cekatan.,1
"deccan,",1
irani,1
"chai,",1
antikorupsi.,1
sana-sini,1
“ada”,1
diapresiasi,1
"kuat,""",1
ada”.,1
subuh,1
"pl),",1
“kontinuitas”,1
evaluasi.,1
"bolsonaristas,",1
ekses,1
encomiendas.,1
bidangnya,1
"d’arguin,",1
aborigin?,1
"safir,",1
"500,",1
"sanksi,""",1
partido,1
cuarta,1
"pharma,",1
asa:,1
"siqueira,",1
firmina,1
pharma,1
takeda,1
jacy,1
diamandemen,1
jeda:,1
dimaafkan.,1
shionogi,1
"kutip,",1
"diperpanjang,",1
becak,1
penjemputan,1
dicekik.,1
"bajakan,",1
pharmaceutical,1
pantanal.,1
"router,",1
antena,1
"389,",1
berbatu.,1
"jenazah,",1
años.,1
"""norwegia,",1
apenas,1
passing,1
pergerakan.,1
"tangguh.""",1
cinco,1
“itulah,1
santana,1
"parnaíba,",1
"magalhães,",1
senhor,1
"lolos,",1
cemerlang:,1
"semalam,",1
suami-istri”,1
“kewajiban,1
"es”,",1
“lemari,1
"cnv,",1
dihasilkannya,1
diampuni,1
"5,829",1
perhitungannya.,1
"kebrutalan,",1
akwaba,1
mousso,1
$587,1
pijakannya.,1
berkomitmen.,1
(fda),1
"6,05",1
non-partisan,1
"policy,",1
tpa,1
danda,1
"nuwakot,",1
sisdole,1
muka.,1
"keluarga"".",1
terisi,1
yordan,1
“membarat-baratkan”,1
(sebelum,1
v,1
sore),1
mehmed,1
"gbt,",1
dibongkar.,1
4.891,1
743,1
"tuanya""",1
maois.,1
censorship.,1
takhta,1
membasahi,1
"wajahku,",1
geostrategis.,1
sesuatu”,1
ezgi,1
"sdm,",1
almonitor.,1
“sesuatu,1
islamabad.,1
"aimak,",1
hilangkan.,1
yulia,1
cambiar,1
"tsidylo,",1
"bratislava,",1
"akin,",1
(mei,1
"2022),",1
forest,1
fa.,1
(september,1
"3-1,",1
latin).,1
أي,1
"27,53",1
969.000,1
adipati,1
(ms):,1
نوع,1
من,1
mahar,1
(bukan?);,1
ketidaktersediaan,1
mempersiapkannya,1
(arab,1
ke-17.,1
diplomatiknya.,1
dindingnya,1
turning,1
"point,",1
menyeret,1
"yousef,",1
netralitas.,1
había,1
porsche,1
"1903,",1
komoditas;,1
“pekerjaan”,1
"ilustrator,",1
brilian,1
distrito,1
ademar,1
cidade,1
"ketidakberpihakan,",1
dibom,1
"productos],",1
[a,1
berkampanye,1
muluk-muluk,1
"klarifikasi,",1
poníamos,1
"santai,",1
"dilaksanakan.""",1
sukarelawan.,1
"menguraikan,",1
'menghancurkan,1
hamas',1
dihancurkan?,1
penghancuran?,1
operasi?,1
1894.,1
"mundur?""",1
"9,7%.",1
"pluralistik,",1
padi”,1
“pelanggar”,1
madina,1
vlast,1
"iom,",1
mitranya—uang!,1
"""jiwa""",1
"mediasi,",1
togo?,1
"ilusi,",1
arsene,1
"persuasif,",1
"jiwa"",",1
wenger,1
"""setara",1
"nah,",1
dikunci…,1
licik,1
"liberty,",1
"asia-amerika,",1
1937,1
"(ipd),",1
pra-kualifikasi,1
"0,17%",1
al-mukhaizeem,1
who.,1
"eyler,",1
seorangpun,1
bayani.,1
untuknya...,1
menginginkannya...,1
crown?,1
"2,3%.",1
ketidaknyamanan.,1
stimson,1
"manful,",1
"penuturnya,",1
(pif),1
kashani,1
barkola,1
bradley,1
giat,1
niloufar,1
keffiyeh,1
pemicu',1
“membangkitkan,1
pemicu'.,1
"blockchain,",1
"balakhisheva,",1
"militan,",1
(juli,1
"2021),",1
arab-korea,1
dyson,1
membutuhkannya.,1
menodongkan,1
pengungsian.,1
stockholm.,1
الأمن,1
"2015-2019,",1
القومي,1
"“serangan”,",1
هذا,1
تهدده,1
al-shifa.,1
$913,1
؟,1
conib,1
(konfederasi,1
brasil),1
pif,1
2023.”,1
ktp,1
sepideh,1
"usd,",1
قصيدة,1
"shahid,",1
“pangsa,1
"mazraa,",1
2022.”,1
"ahmad,*",1
"tense,",1
sintaksisnya,1
"fonetik,",1
"tesaurus,",1
slavonik,1
[seorang,1
"pianis,",1
"dramawan,",1
"lebanon],",1
"“kebebasan,",1
"pengocokan,",1
internet”,1
cdr.,1
"pasca-soviet,",1
"6,687",1
terlewat,1
"telak,",1
"""usaha",1
"akuntabilitas.""",1
bertahan?,1
syuting?,1
marwa,1
647.,1
"""bint",1
memerlukannya.,1
"mubarak"",",1
opec.,1
219-213,1
53-47,1
316,1
bendungan;,1
"lawyer""",1
"yousry,",1
magnitsky,1
"yacoub,",1
bolsonaro.,1
rania,1
"invasi,",1
membelikan,1
“melepaskan,1
agresor,1
espen,1
"pasca-konflik,",1
non-inflasi.,1
aaafia,1
marchyshyna,1
"lakukan,",1
"reels,",1
"arima,",1
label-label,1
popok,1
cara.”,1
barth,1
ede,1
"enugu,",1
"nolan,",1
psikiatris,1
depresinya.,1
tunduk.,1
menurunkannya,1
three,1
terbaiknya.,1
pesimistis,1
nadal.,1
"dia.""",1
“arsitek,1
diplomasinya,1
"hakimnya,",1
"moraes,",1
way,1
turki-iran,1
mismo,1
valor,1
"hart,",1
klien-klien,1
rekomendasinya.,1
triliun),1
paru-paru.,1
"khadda,",1
hafer,1
"7,92",1
"persiapannya,",1
"chuvash,”",1
"(google),",1
kesepian,1
"hibah.""",1
marwan...,1
bolanya,1
skuad.,1
lisan.,1
"joaniza,",1
"referensi/foto,",1
sebagainya.,1
"hukum""",1
historisnya,1
dae,1
daoud,1
"pereira,",1
holland,1
comerciante,1
ny,1
"rabi,”",1
cuenta,1
"strateginya,",1
“pembaruan,1
terakhir.”,1
eco,1
"día”,",1
jaime,1
"bukunya,",1
"dikorbankan,",1
"resensi,",1
"keroncongan,",1
industry,1
prosa,1
taksonomi,1
wood,1
tombak,1
"spasial,",1
“ideal”.,1
"1638,",1
fedorovich.,1
ditebang,1
forestry,1
baisheng,1
896,1
tinah,1
wanpeng,1
"“terkadang,",1
"andrew,",1
pelamar.,1
"dirinya,”",1
hassani,1
oued,1
(637,1
"ahly""",1
"najla,",1
belger,1
mitos-mitos,1
memedulikan,1
"aljir),",1
1917.,1
balfour”,1
"5,18",1
"101,5%",1
"mall,",1
6.200,1
"alkitabiah,",1
mengembara,1
puing-puing.,1
(khususnya,1
tapol,1
"superintelligence.""",1
trindadian,1
glen,1
“dragon”,1
"souza,",1
moko,1
jumbie,1
rex,1
"lasalle,",1
"akademis.""",1
terobosannya,1
"german,""",1
"aktingnya,",1
zahed,1
mengancamnya.,1
likuid,1
"64%,",1
"16,520",1
"10,100",1
"besar-besaran.""",1
"perannya,",1
"amerika"".",1
stereotip.,1
black,1
putusnya,1
revolusionernya,1
“kampanye,1
"darah,”",1
"1959,",1
nubia.,1
pengawal,1
"engrist,",1
sabra.,1
kepiawaiannya,1
kosa,1
hibridnya,1
ptolemeus.,1
kecerdikan,1
ramadan.,1
mishari,1
(ma'aden),1
4-0,1
al-hilal.,1
"laffan,",1
(bmi).,1
monitor,1
"sierra,",1
intervensinya.,1
balas.,1
"diperketat,",1
psikoterapi,1
bosque,1
"beralasan,",1
vance.,1
hebron,1
almalakeh,1
bu,1
"kolthoum,",1
belanda.,1
disfungsi,1
mengungkapnya.,1
“organisitas”,1
mengantongi,1
"konstituennya,",1
pendokumentasian,1
penerjemah.,1
armenia”,1
korespondensinya,1
berulang-ulangnya,1
"mendapatkannya,",1
disimpan”,1
"khoja,",1
"perlawanan"",",1
cityscape,1
"pagar,",1
"trailer,",1
kecelakaan.,1
2020-an,1
al-shibani,1
“berkomunikasi,1
"“kepatuhan”,",1
kebersamaan.,1
france.,1
"""privasi",1
dinegosiasikan;,1
gorkha,1
"7,8",1
“hutang,1
"keamanan”,",1
"(xinhua),",1
"al-tawari,",1
newbery,1
"consulting,",1
"kosong.""",1
"8,2",1
204,1
lumpur.,1
"preeklamsia,",1
morbiditas,1
mortalitas,1
kalsiumnya,1
preeklamsia.,1
celsius.,1
“komunitas,1
kemiskinan.,1
mengabaikannya.,1
"parisien,",1
"74,5%",1
"menggeneralisasi,",1
"diperbolehkan,",1
chip-chip,1
kuantum,1
"tempo,",1
"diperlukan.""",1
"ahmed"",",1
publik:,1
“[s]sampai,1
[pemilihan],1
“[s]seharusnya,1
"radar,",1
[antara,1
"nablus,",1
lausanne,1
1923,1
trevor,1
ri,1
ho,1
joon,1
jam),1
(sekretaris,1
kota),1
‘diwajibkan,1
mereka’.,1
"al-naim,",1
visi.,1
utsmaniyah,1
objektif,1
lyann,1
"cuartas,",1
payroll,1
jumat;,1
"otomatisasi,",1
cbp,1
fir,1
"99,5",1
tersebut],1
[ilegal],1
"kontribusinya,",1
mereka...,1
"perkataannya,",1
fanbase,1
“silicon,1
"savannah,”",1
"wakil,",1
partainya.,1
sini?,1
perkembangannya?,1
charlotte-douglas,1
“titik,1
“dampak,1
lingkungan”.,1
bea.,1
memperlakukannya,1
"berubah.""",1
seakan,1
diumumkan;,1
18.,1
diundur,1
"5.800,",1
ditagih,1
“tunjangan.”,1
"ideal,",1
"corner,",1
"minneapolis,",1
spreadsheet,1
leluasa,1
propaganda?,1
api;,1
tengahnya,1
berjuluk,1
"""bosque"",",1
sekuler.,1
"apron,",1
shubert.,1
indus,1
"brahmaputra,",1
"hilirnya,",1
riquelme,1
"busquets.""",1
“ask,1
"studio,”",1
"baghdad,",1
"236,2",1
(60,1
hieromonk,1
(roc),1
iakov,1
vorontsov.,1
1596,1
asunción,1
"dekat.""",1
bedak,1
"kepolosan,",1
bedanya,1
polifonik,1
bottom-up,1
"(un-habitat),",1
lewatnya,1
tributaria,1
[en,1
proceso,1
reglamentación],1
"demikian”,",1
sostiene,1
economica.,1
"terdokumentasi,",1
nikon,1
"bicara,",1
"okupasi,",1
"gadis,",1
diikutsertakan,1
al-ittihad.,1
bergengsi:,1
“diplomasi,1
"tertentu,”",1
"suriah.""",1
suat,1
"özçağdaş,",1
(btk),1
"karagözoğlu,",1
siber:,1
elektroniknya,1
diduplikasi.,1
tl,1
induknya.,1
"muhammadiyah,",1
"bay'ah,",1
"al-rawabi,",1
"al-murasalat,",1
"al-jami'a,",1
"sanabel,",1
"aziziyah,",1
"al-adl,",1
"al-khansa',",1
"al-ma'bada,",1
"al-andalus,",1
ri'a,1
"al-shaar,",1
al-amsar”.,1
hilangkan,1
"2021-2022,",1
"wilson,",1
"""jumlah",1
(situasinya,1
pun).,1
bank),1
"13,7%",1
berketahanan,1
kemewahan;,1
cegah.,1
kampanye.,1
ambisinya.,1
al-kharif,1
vietnam:,1
ni,1
una,1
menos,1
(not,1
one,1
less),1
"machista,",1
kreativitasnya,1
hard,1
dulce),1
amargo).,1
"""kegilaan""",1
"hektar),",1
(44.478.969,1
pepohonan.,1
rayakan,1
peringati,1
olmert,1
tweet.,1
responnya,1
mengecewakan.,1
"al-attiyah,",1
"(npt),",1
ganda:,1
spa,1
"dakher,",1
oven,1
entertainment,1
"events,",1
tourism,1
"al-sartawi,",1
madaba,1
kreator,1
@100._._6,1
aliansinya,1
2.300,1
bawaannya,1
sengit.,1
anti-feminis.,1
masandara,1
al-hujaili,1
"asfan,",1
"jamoum,",1
aziz.,1
dayanya,1
"""langganan",1
"diinginkan""",1
"prime-nya,",1
(nomu),1
625,1
beiban,1
gate,1
"melanjutkannya.""",1
51.892.130,1
"al-mukarramah,",1
"al-masfalah,",1
"al-taqwa,",1
diedarkan.,1
peredupan,1
berhala,1
"troitskoe,",1
nanai.,1
willy,1
"brandt,",1
newsroom,1
(enr),1
"bertembok,",1
natura,1
(nalsa),1
v.,1
"ke-42,",1
505.000,1
leyla,1
makar.,1
multikultural,1
komputasi.,1
dimitriy,1
"terutama,",1
juvénal,1
habyarimana,1
(1973–1994),1
mamlik,1
ramírez,1
pilih.,1
berlebih,1
ditegakkan.”,1
"(mw),",1
lefit,1
h1b,1
menantang:,1
pikirkan.,1
amerika;,1
formalisasi,1
2015–2021,1
didekriminalisasi,1
mematuhi.,1
"maine],",1
kasa,1
"subedi,",1
(cc,1
4.0).,1
playlist],1
"wikimedian,",1
"melestarikan,",1
soccer,1
(mls),1
"helman,",1
"music,",1
sebelumnya.”,1
"12.000,",1
kapita.,1
kulitku,1
romawi.”,1
badrin,1
"kurd,",1
presidensi,1
tetangganya.”,1
"al-kahimi,",1
"beiban,",1
"565,4",1
dek,1
bawahnya.,1
instalasinya,1
"mediazona,",1
"ratus.""",1
murbei,1
gantinya,1
"(ma'aden),",1
alexandrovich.,1
minya.,1
"jantungnya,",1
sampingnya,1
"kisahnya,",1
al-habash,1
al-arabiya:,1
balon,1
yaounde.,1
“vulgar”,1
"komunis"",",1
"serial,",1
battuta,1
amalan,1
al-qurashi,1
al-adawi,1
"al-umari,",1
(wafat:,1
749,1
"h),",1
“masalik,1
al-ibsar,1
fi,1
"yentimirov,",1
"97,9",1
"110,8",1
burrabazar,1
554,1
"fantastis,",1
"""minggu",1
"berangin,",1
bergoyang,1
12.,1
dibantai.,1
non-komersial,1
bagiku,1
lapisan.,1
murbei.,1
"sheraton""",1
"""lepark",1
"concorde"".",1
"""sana.""",1
terorismenya,1
"khas,",1
"pemikir,",1
terdesentralisasi,1
“beroperasi,1
"‘instance’,",1
"terpisah,”",1
feller,1
"""sharif",1
"""seven",1
“penandaan,1
bersenjatanya.,1
pelan,1
“reklamasi,1
lahan”,1
penggusuran.,1
zarma,1
[bahasa,1
"penuturnya],",1
produktifnya,1
"1,2)",1
mengunduh.,1
"1701,",1
diselamatkan.,1
arenanya,1
pertandingan-pertandingan,1
multi-segi.,1
"clásico,",1
keberuntungan.,1
ev?,1
mint-ketumbar,1
nikmat.,1
rv:,1
"1945,",1
truman,1
"akal""",1
"""bom",1
"rujukan,",1
natasa,1
02.00,1
"playstation,",1
rekoneksi.,1
$95,1
"disukai,",1
205,1
“pembenaran,1
1973,1
kasımpaşa,1
khalid,1
works,1
dorra.,1
"281,",1
dorra,1
non-residen,1
"""asetaminofen"",",1
parasetamol.,1
diambil.”,1
"30,08",1
"4,23",1
"36,5",1
"bersin,",1
(ip),1
areal,1
temporer,1
"""surga"".",1
notulen,1
sejati.,1
asisat,1
oshoala.,1
kudus,1
biarawan,1
zelensky:,1
tindakannya;,1
perusahaan-perusahaannya,1
menstimulasi,1
bertahan),1
"habis-habisan,",1
"idf,",1
maksimal.”,1
"senjata"".",1
"paham,",1
dishna.,1
staf.,1
kekuasaan;,1
insting,1
477,1
"pyramids,",1
asia;,1
"piramida,",1
benua;,1
(cgd),1
dikonsolidasikan,1
berhak.,1
"mengerahkannya,",1
"""neraka""",1
hallows),1
(2,1
november).,1
menyerah',1
141,1
westpac,1
"(akp),",1
sanalah,1
"peradilan.""",1
"terjadi""",1
diungkapkannya,1
"mendirikannya,",1
berliku,1
selami,1
kemegahannya,1
acara-acaranya,1
609,1
zurab,1
menteashvili,1
gunakan.,1
138,1
kapak,1
"pisau,",1
perkakas,1
"""levallois"",",1
mousterian,1
terjadi.”,1
(2014),1
"jinwuco,",1
"youru,",1
dijalaninya.,1
ethiopian,1
(gerd),1
gouda,1
"awad,",1
"terapeutik,",1
azbakeya,1
faktor;,1
"gagasan,",1
memperbaharui,1
"tempatnya,",1
"networks,",1
"micron,",1
western,1
bot.,1
penyerapannya,1
lambung.,1
sembelit.,1
"chiatura,",1
al-daridi,1
salat.,1
made,1
palmeiras,1
ldu,1
arista,1
resources,1
"officer,",1
"nang,",1
supaya,1
800–usd,1
1.000),1
ditawari,1
1.800),1
hektar.”,1
terukir,1
"33,7%",1
4.9%,1
243.400,1
mauritius,1
"sandisk,",1
narapidanalah,1
caranya:,1
perkirakan.,1
ceritakan,1
penguntit,1
"restrukturisasinya,",1
$615,1
“teknik,1
"maksimalnya,",1
listrik.”,1
[an],1
"ketidakseimbangan,”",1
"seagate,",1
“kolaborator,1
kanan.”,1
"daftar,",1
$273,1
yendri,1
"velásquez,",1
observatorio,1
venezolano,1
violencias,1
tadmor,1
halal,1
babi.,1
lokal;,1
quito,1
menonton.,1
"syuting,",1
menyeduh,1
kontroversialnya,1
"amado,",1
“pertama”,1
-nya.,1
surealisme,1
artistik;,1
diformulasikan,1
amputasi,1
abstrak;,1
"puisinya,",1
pendekatannya.,1
flamengo,1
racing,1
“merencanakan,1
trinbagon,1
sayang.,1
lgbtiq+,1
(observatorium,1
(bandara,1
maiquetia,1
caracas),1
otomasi,1
kompetitifnya.,1
carolina.,1
“kanan,1
7.500mah,1
"memerlukan,",1
penyuntingan,1
charlotte-mecklenburg,1
"$2.000,",1
$2.100,1
$2.300.,1
“kelelahan”,1
"“bersinar”,",1
"penandatanganan,",1
menguntungkan.”,1
rajnath,1
singh,1
"6,9",1
esteve,1
ke-12,1
mu,1
"(25,5",1
ewe–ewe,1
prancis–ewe,1
época,1
dictadura,1
militar,1
(1964-1985),1
tuvieron,1
alto,1
cost,1
genre-genre,1
grandes,1
"obras,",1
"hidroeléctricas,",1
"carreteras,",1
tainan,1
mixologist,1
chang,1
fan,1
"shu,",1
1940-an.,1
"durra,",1
durra,1
terbagi.,1
funcionamiento,1
65.,1
matias,1
nunez,1
kilo,1
"16),",1
orang-orangnya,1
8-22,1
pengecer.,1
droa,1
elene,1
khoshtaria,1
juga;,1
"eksklusif.""",1
maxime,1
salim,1
huck,1
‘membersihkan,1
mereka’,1
difoto.,1
mariama,1
dumbuya,1
dirasa,1
“latar,1
terlihat”.,1
kanon,1
tinggali,1
"kemampuan,”",1
"southworld,",1
"nations,",1
"voices,",1
"perjanjiannya,",1
pemberitahuan.,1
keabsahan,1
dikonfirmasi.,1
"diduduki.""",1
"109,2",1
"108,8",1
"139,7",1
"223,52",1
(55,1
solusi;,1
​​busquets,1
disibukkan,1
anti-imigrannya.,1
"diesel,",1
“militer,1
rahasia.”,1
heglig,1
dagang.,1
igf,1
al-shara’a,1
tebusan,1
"4.278,",1
7.488.,1
ubinnya,1
"dimaksudnya,",1
kemanusiaan?,1
siput,1
"selulernya,",1
"382,43",1
by-sa-3.0,1
“miya”,1
etimologis,1
“mian”,1
"parsi,",1
[laki-laki,1
muda],1
"anti-feminis,",1
menentangnya?,1
berge.,1
"cantik,”",1
“membersihkan,1
mereka”,1
tinggi:,1
aneh.,1
"jangkauan,",1
”cuaca,1
"terlambat,",1
merajalelanya,1
tifus,1
cacar,1
"menyedihkan,”",1
adolph,1
“gambar-gambar,1
"el-feki,",1
ivory,1
knight,1
gib,1
brookfield,1
ningxia,1
tiongkok-arab,1
negeri;,1
1900,1
"1906,",1
tawfiq,1
"impornya,",1
"assi,",1
dihubungi,1
khemici,1
lila,1
bouchenaf,1
trailernya:,1
"""perilaku",1
"kooperatif.""",1
"lambung,",1
vitalitas.,1
enzim,1
"dolenjska,",1
krajina,1
"posavje,",1
"""nasrallah",1
assia,1
genre?,1
sebersih,1
“mencuci,1
sebisa,1
pembalut,1
kotor.,1
"bacaan,",1
substansialnya,1
doktor,1
durham,1
birmingham.,1
bala,1
"""golden",1
lott.,1
redcon,1
"properties,",1
dicermati.,1
terampil;,1
"tunawisma,",1
menyertainya.”,1
"interkontinental"",",1
corum,1
strategic,1
"studies,",1
"al-rifai,",1
slyusar,1
oksana,1
"gate"",",1
catherine,1
ramirez,1
"rigo,",1
"""penerapan",1
"lanjut.""",1
didih,1
menampar,1
ketelanjangan,1
penyembuhan.,1
merekomendasikannya,1
espanyol,1
arthroscopic.,1
"bethel,",1
"lebanon,""",1
"69,",1
jijiang.,1
berkilo-kilometer,1
israel-lebanon,1
pascakolonial,1
orientasinya,1
"biologi,",1
(ilmu,1
"komputer),",1
astrofisika.,1
"balasan,",1
“beruang”,1
“yayasan,1
"biram,",1
penentangannya,1
"jinrong,",1
557,1
lucu?”,1
memikirkannya.,1
"palau,",1
mikronesia.,1
biasa!,1
terbukalah,1
diusung,1
galveston,1
juli/agustus.,1
melihat-lihat,1
tsarina,1
1976.,1
keterkaitannya,1
(pkk),1
servernya,1
"19,6",1
gigaton,1
memerangkap,1
leavitt,1
al-ibrahim,1
"mendahuluinya,",1
yuri,1
"slyusar,",1
rutin.”,1
memberitakannya.,1
memajangnya.,1
interoperabilitas,1
pasokannya,1
fotovoltaiknya.,1
"civil,",1
manusia”,1
konstitusional.,1
"berbaring,",1
bantal,1
mencondongkan,1
abenet,1
(10,1
"dihadapinya,",1
white,1
sistem”,1
"""beyond",1
"seventh"".",1
"lemari,",1
membutuhkannya,1
"videonya,",1
"tzotzil,",1
"tzeltal,",1
"chol,",1
relokasi.,1
"""hentikan",1
"polusi""",1
"saif,",1
uawc.,1
"land,",1
“menjaga,1
pemahaman.”,1
terkulai,1
legal.,1
"""derby""",1
"laksamana,",1
(pangkat,1
militer),1
pengumumannya,1
farzin.,1
"simpan,",1
"29,",1
"zulu,",1
"sridhar,",1
asalnya,1
bersamamu,1
"sesuatu,”",1
"afc,",1
pengobatannya.,1
"output,",1
alternatif-alternatif,1
"molchanov,",1
multi-negara,1
“akses,1
mangkuk.,1
takashi,1
"emosional.""",1
zimbabwe,1
1149,1
berdekatan.,1
1160,1
"al-majma'ah,",1
aniq,1
corporate,1
"directors,",1
rosmarinic,1
sauer,1
"subha,",1
"gabriela,",1
juke,1
diadakan.,1
2024?,1
pembawaan,1
olimpiade.,1
al-kharj,1
"al-rif,",1
"al-sahba,",1
"al-rehab,",1
"generasinya,",1
menghela,1
"nafas,",1
"“ya,",1
sini?”,1
"ningbo,",1
"nansha,",1
“pelanggaran”,1
aparna,1
hotat,1
sudair.,1
"verifikasi,",1
"problematis,",1
kewenangannya,1
invasif,1
electricidad,1
"va,",1
ponen”,1
(“listrik,1
"padam,",1
nyalakan”).,1
al-ashraa,1
"ulbra,",1
ampun,1
"al-jarbawi,",1
"al-naseem,",1
"al-nafal,",1
"al-taawun,",1
"al-nada,",1
"al-rimal,",1
"al-manar,",1
"al-thulayma,",1
"al-qairawan,",1
al-waha.,1
"al-dalm,",1
ottawa,1
menerus.,1
af,1
447,1
turbulensi,1
a330,1
hakyung,1
"berujung,",1
gulsun,1
şirnak,1
shehata,1
hamdy,1
(al-wansh),1
alvina,1
salah.”,1
"diungkapkannya,",1
aksesorisnya,1
tare,1
(垂れ):,1
selangkangan,1
warganet,1
charnvirakul,1
ratings,1
venturo,1
perempuan.”,1
“profesional,1
berkualifikasi,1
"najran,",1
skorsing.,1
"front,",1
al-qassam.,1
haniyeh,1
"al-sanwar,",1
dibunuhnya.,1
"israel-arab,",1
kepentingan-kepentingan,1
keterbatasan.,1
aldar,1
"155,000",1
hibin,1
"zijin,",1
"langganannya,",1
tunisia.”,1
automobile,1
putong,1
kazakstan,1
"ajaibnya,",1
"namtaeryong,",1
menjodohkannya,1
"minggunya,",1
"store,",1
pemfilteran,1
anke.,1
najat,1
"al-araari,",1
“keluhan,1
chery,1
risikonya.,1
dalamnya?,1
pemain?,1
"campur,",1
dilenyapkan.,1
"santun,",1
"masyarakat.""",1
"al-jubouri,",1
battal,1
(pelatih),1
kateryna,1
siniakova,1
“konservatif”,1
batoul,1
"kanan”,",1
batasannya,1
“paling,1
kanan”,1
“alt-right.”,1
bersosialisasi.,1
(sq):,1
(legco),1
patriotisme,1
"nominasi,",1
kakeknya,1
perlawanan?,1
“sepenuhnya,1
“populis,1
hima,1
"alur,",1
"kaligrafi,",1
"urban,",1
"generasi.""",1
siprus,1
barroso,1
"penyebabnya,",1
dakhla,1
bualloy,1
arabesque,1
hayes,1
nürburgring,1
(waktu,1
minim.,1
marat,1
"satorov,",1
"$0,6584,",1
spesifik.,1
ke-41,1
"27,3",1
"(81,1",1
fahrenheit),1
"bermakna,",1
bersolidaritas,1
“spike”,1
"knock,”",1
hours,1
"terme,",1
keuangan/ekonomi,1
seni:,1
"dot,",1
“trompe-l’oeil”,1
al-nour,1
(terletak,1
"bandara),",1
bencana”,1
perpisahan;,1
sambutan.,1
pendiam,1
"pendiam,",1
shikou,1
multi-dimensi:,1
yesuit,1
merahasiakan,1
ratifikasinya,1
"kesaksiannya,",1
"rugi,",1
perairan.,1
"meragukan,",1
chicago-booth,1
reserve:,1
"waller,",1
"bessent,",1
meran.,1
"muerto,",1
"""obchestvo"".",1
"pahat,",1
"yayasan,",1
"lift,",1
"lapang,",1
pendengarnya,1
"puncaknya,",1
"intelijen,",1
"kesiapan,",1
superior,1
"neoliberalisme,",1
"morgan,",1
hotels,1
pemerintah:,1
warisi,1
feature,1
phone,1
50–60,1
300–400,1
berkerumun:,1
terhimpitnya,1
muatannya,1
"menjual,",1
"33,3",1
"417,09",1
"383,77",1
"kherson,",1
"percayai,",1
"9,3%,",1
"$49,3",1
"$45,1",1
"gelandang,",1
"al-hassan,",1
musab,1
"al-jawir,",1
"al-juhani,",1
"kanno,",1
al-khaibari,1
"yahya,",1
"al-aboud,",1
"al-hamdan,",1
penahan,1
(“istilah,1
antifasisme”),1
"10,8",1
737,1
"""semaksimal",1
"mungkin""",1
dedikasikan,1
"""ramah",1
"jantung""",1
likopennya,1
"lycopene,",1
karotenoid,1
"uav,",1
kompaslah,1
sumita,1
roy,1
dutta.,1
ke-80.,1
relay,1
ditonton.,1
urrutia.,1
"147,775",1
"league,",1
mikrokosmos,1
catamarca,1
hombre,1
"al-shamat,",1
sputnik.,1
"al-sahafi,",1
al-shehri.,1
“nubia,1
dijelajahi.”,1
"diprogram,",1
metropolitano,1
1950.,1
sukai,1
"tahap,”",1
sunca.,1
"mengabarkan,",1
penyidikan,1
agitasi,1
"al-saad,",1
kepuasanmu,1
akhirat...,1
cabutlah,1
hakku,1
hamba,1
terbebas,1
"kejahatannya,""",1
"al-rumi,",1
hariannya,1
"2,559",1
bergeming.,1
"sinematografi,",1
grunebaum,1
"kiev,",1
"ke-70,",1
araujo,1
hat-tricknya,1
ke-88.,1
sabah,1
al-salem,1
"cuci,",1
"“menampilkan,",1
"mendandani,",1
berperilaku”,1
datafolha,1
"segar.""",1
beracun;,1
"ke-56,",1
malaysia;,1
mesir;,1
4.532,1
"""partai"".",1
gengsinya.,1
"ping,",1
federation,1
enterprises,1
bhikkhu,1
pannakara,1
"greensboro,",1
civil,1
(kerangka,1
"""ayahku,",1
"banamex,",1
abinader,1
"pekerjaannya,",1
portland.,1
baik:,1
tacitus,1
"""perdamaian"".",1
"""penghapusan",1
penggantiannya,1
ketidakjelasan,1
legislatif?,1
pengaruhnya?,1
"berbunyi,",1
"internet),",1
subjek.,1
"luhur,",1
mistis,1
modelnya.,1
25%.,1
diri:,1
"""awalnya,",1
mati;,1
aman.',1
yoga,1
"identitasnya.""",1
"masuknya,",1
pasar”,1
"""sensitif""",1
turunan,1
sativa,1
praktikkan,1
naluriah,1
"nyanyian,",1
divalidasi,1
$47,1
$108,1
"tevragh-zeina,",1
“arsitek”,1
shehla,1
"zia,",1
reporting,1
pasar”.,1
hipersonik,1
mengkonversi,1
"1,51",1
"389,410",1
ke-15.,1
peoples,1
spider-man,1
"sekelasnya,",1
kenang-kenangan,1
bersamanya.,1
turunkan,1
kepalamu,1
"melihatmu,",1
kehidupan—bahkan,1
al-jubouri,1
franco,1
“perlakuan,1
farmasi.”,1
keseluruhan”,1
"bar”,",1
menyandingkan,1
manet?,1
komposisinya?,1
suhaila,1
"baqlouti,",1
"""situasinya",1
90%.,1
"""ai+""",1
kaburlah,1
anti-drone,1
"1988,",1
arabesque.,1
terserah.,1
"4,1467%",1
interim.,1
"(wam),",1
"5,4%,",1
"3,81",1
"fatah,",1
"al-laham,",1
mendekonstruksi,1
al-lahham,1
bertempur,1
"mazen,",1
barghouti,1
"""pemimpin""",1
pa,1
"al-fath,",1
al-zulfi.,1
ertürk.,1
"sad,",1
bertiup,1
"""rich",1
"dad,",1
poor,1
"dad""",1
"""bencana",1
2026”),1
"salmon,",1
16–17,1
reuven,1
"morrison,",1
mundur:,1
"8,380",1
11.5%,1
"6,683",1
0.1%.,1
petra.,1
"menyangkalnya,",1
ramah”,1
praktisinya.,1
tanggal**:,1
pembayarannya,1
fatah,1
"""ilusi",1
"kemenangan""",1
klasik.,1
provokatif.,1
mengoper,1
pasokan-permintaan,1
tenteram,1
tenteram.,1
"melissa,",1
membuntuti,1
**cek,1
sofia.,1
kosmologi,1
yoruba?,1
melangkahkan,1
perutnya,1
"bergerigi,",1
kilauan,1
elektrik,1
ke-63.,1
jangkar,1
pergudangan.,1
580.000,1
gudang.,1
5x,1
memblokirnya,1
protokol.,1
pemicu.”,1
hay’at,1
(hts),1
ekonomis,1
kemandirian.,1
berlangsung;,1
perkuliahan,1
29%,1
hamada,1
lima.,1
"balfour”,",1
telegram;,1
"ke-79,",1
theo,1
“pulau,1
"menginginkannya,",1
oke;,1
biner,1
brooks.,1
"disentuh,",1
"india,”",1
dimaksud.,1
motivasi.,1
"al-dhafiri,",1
gilmartin,1
disengketakan.,1
“misi,1
semikonduktor”,1
diterima’,1
dikriminalisasi.,1
"al-taawoun,",1
"al-khuloud,",1
"al-khaleej,",1
mengumbar,1
"polemik,",1
"penyadaran,",1
berulang-ulang.,1
"sadis-masokis,",1
"aman),",1
"minim,",1
pengkritiknya,1
"""memfitnah",1
"""mencemarkan",1
"kesucian"".",1
"raja-raja,",1
bonbast,1
"chand,",1
"tcell,",1
tajikistan;,1
"uztelecom,",1
"nasionalis,",1
halaman-halaman,1
laporannya.,1
(“ruu,1
"555,8",1
07:11,1
338,1
penilaiannya,1
427,1
566,1
758,1
"pro-pemerintah,",1
“mengorganisir,1
gün”,1
"(kristen,",1
saja),1
prancis-ewe,1
"63,3",1
afirmatif,1
mampu”,1
nenek.,1
malam-malam,1
"polifenol,",1
"olaizola,",1
stern,1
"ucell,",1
coscom,1
uzbekistan;,1
zong,1
"4g,",1
pakistan;,1
paulus.,1
safaricom,1
kenya;,1
klan,1
raksasa-raksasa,1
pulver,1
menghanyutkan,1
m'sila.,1
amukan,1
"zamora,",1
menggambarkannya.,1
kardinal,1
"""misionaris""",1
"""apostolik"",",1
nigeria;,1
mengamandemen,1
(“uu,1
"2019”),",1
"""masyarakat",1
"barat.""",1
"22%,",1
"$24,5",1
ada?”,1
siti,1
isyarat.,1
pangkal,1
"pkk,",1
dop,1
samadov.,1
"1,388",1
cek,1
"mundur,",1
banknya.,1
**masalah,1
uang**:,1
syikal,1
(mata,1
"lokal),",1
gajinya,1
**perbedaan,1
tukar**:,1
ghanem.,1
"86,393",1
makki,1
terhibur,1
"shuqair,",1
khamis,1
"mushait,",1
"qassim,",1
al-orabi,1
el-hekma,1
relatifnya.,1
epic,1
games,1
"kebebasan"",",1
memiringkan,1
mediapar,1
"kubus,",1
menguleni,1
"adonan,",1
memandangi,1
matthijs,1
spiritualnya,1
“menyatakan,1
tuduhan-tuduhan,1
"214,000",1
"103,000",1
"""haseen,""",1
"al-mazyad,",1
al-suwayyan.,1
diulangi,1
"sembrono,",1
logo,1
u-21.,1
"pendirian,",1
"al-kharj,",1
“pertempuran”,1
"oda,",1
perlima,1
"hanyalah,",1
buruk?,1
daphne,1
oram,1
delia,1
seattle.,1
edar,1
“[mempromosikan],1
penolakannya.”,1
"30,5",1
tepatnya?,1
truls,1
ope,1
kanan-tengah.,1
“soukoudai”,1
kaleng,1
evaporasi,1
(puncak),1
deeskalasi.,1
"derbyshire,",1
hathaway.,1
"$344,1",1
triwulanannya,1
"appel,",1
"hathaway,",1
kokoh.,1
"106,1",1
(342,1
"pertandingan),",1
"pepe,",1
348,1
"sawit,",1
biofuel.,1
"art,",1
pupuk”,1
homs.,1
"kepadanya,",1
wayangnya.,1
"encer,",1
selera.,1
ed,1
hinchliffe,1
unsplash,1
radosław,1
belsat.,1
menginspirasi.,1
non-fisik,1
bersemi,1
"""tiongkok",1
"pertanian.""",1
toga,1
rangers,1
122.000,1
"periodontal,",1
strain,1
disingkirkannya,1
"duduk,",1
broadbent,1
"kijang,",1
mba,1
"dealer,",1
"terlantar,",1
sapkota,1
shishir,1
dahal,1
"geologi,",1
vahid,1
rezaei,1
inses.,1
chelsea:,1
"""darrah",1
"awards""",1
berdiam,1
stabil.”,1
eksistensial.,1
dilip,1
ciara,1
play-nya.,1
"carrasco,",1
ulan,1
"bator,",1
"acemoglu,",1
keledai,1
maresca,1
mengistirahatkannya,1
jenjang,1
menjauhi,1
adha,1
resesi,1
teguhnya,1
"seimbang"".",1
pasca-minyak.,1
tahukah,1
“mutiara”,1
"busa,",1
vs,1
pembelanjaan,1
abramovich,1
"nyata.""",1
sentral.,1
(governance,1
shutdown),1
pertempuran.,1
"""adil",1
dipertanyakan,1
"olok-olok,",1
menambahkan.,1
bualoy,1
tumbang.,1
23.000,1
al-menfi,1
"connect"",",1
menentangnya,1
863,1
tim:,1
dianalisa,1
kebobolan.,1
lautan.,1
"ibadah,",1
sehari-hari.”,1
"gestasional,",1
obstruktif.,1
(57%),1
(49%).,1
b.r.p.a.m.s.,1
"konfederasi,",1
sivriada,1
“klien”,1
"status,",1
egois.,1
non-migas,1
“sekolah,1
“jendela,1
baru.”,1
mahmoud.,1
mufid,1
"(caf),",1
qiddiya,1
alvarez,1
"ke-51,",1
menambahi,1
keempatnya,1
penyebarannya.,1
“15%,1
"memprotes,",1
"annie"".",1
“podfather”,1
pengembang/insinyur,1
dave,1
"winer,",1
mengudara.,1
119.990,1
"($1.437,08)",1
"restore,",1
"marmara,",1
kehausan.,1
"asma,",1
kedokterannya,1
"""alchemy",1
mempesona,1
safra,1
"catz,",1
"filsuf,",1
maheen,1
"bibi,",1
chah,1
kesusahan.,1
pilihan?”,1
"kendalanya,",1
saharawi,1
chinnamangalam,1
karenanya,1
psychiatrist”,1
"27,91",1
douglas,1
"kelley,",1
hermann,1
göring,1
hitler,1
“pemindahan,1
"82,8%",1
"""godi"",",1
(1966–1976),1
"karier,",1
"2630/2020,",1
palsu”,1
sensor”,1
"el-hai,",1
($322,1
"27.908.326,8",1
$322,1
"12,8%",1
"2.280.484,9",1
golrokh,1
iraee,1
anggarannya,1
"mau,",1
covid-19?,1
orbitnya.,1
"pipelines"".",1
kritikal,1
tinggi.”,1
bergejolak;,1
"148,94",1
"0,28%",1
"$1,1731,",1
terapresiasi,1
"0,27%",1
"$1,3439,",1
alireza,1
faghani,1
schetinen,1
ashley,1
beckham,1
non-besi,1
fiskalnya,1
kibirizi.,1
marginal.,1
"""mencegah",1
"kapten,",1
inkonsistensi,1
"genesis,",1
"yahudi,”",1
hsiu,1
"hui,",1
pembelian.,1
"gharibabadi,",1
menjelaskannya,1
"tondolier,",1
kami;,1
"seiler,",1
sarkasme:,1
"""sejujurnya,",1
rostov,1
"“asli”,",1
penting—dan,1
"hiperinflasi,",1
fleksibelitas,1
urv,1
(unidad,1
"valor),",1
diariamente,1
cruzeiro,1
menpora,1
"kecemasan.""",1
"al-sari'i,",1
"hipersonik""",1
jaffa,1
incaran.,1
paridad,1
"sevrinovsky,",1
"fitch,",1
peluru.,1
"mikrofluida,",1
"silikon,",1
(fs):,1
“pengakuan,1
"unik,”",1
menjabat.,1
"$3,941",1
"ksa,",1
seketat,1
accenture,1
779.000,1
791.000,1
tahun—namun,1
"nokia,",1
"bulannya,",1
dorongannya,1
"kelamin,",1
"geografis),",1
unggulnya,1
"13,4%",1
badia,1
valles,1
rijkaard.,1
sokhna,1
marsa,1
matruh,1
mudon,1
"""wadi",1
"yum""",1
linkedin-nya,1
"falkland,",1
disengketakan,1
"""penyelarasan",1
pastikan,1
anti-malware,1
beach,1
untitled,1
"beach,",1
"udinese,",1
"ratapan,",1
dinantikan,1
andrej,1
nazaroff,1
stanford,1
(foto),1
zhu,1
"xuan,",1
"disengaja""",1
"—perang,",1
malaikat,1
puppet,1
saw,1
"dimulai,”",1
ajit,1
54%,1
"10,1",1
"0,15%,",1
"6.654,28",1
"kerahasiaan,",1
janicki,1
"barish,",1
"portofolionya,",1
"gentlemen"",",1
"baqi,",1
bayoumi,1
"fouad,",1
nahed,1
sebaei.,1
*menurut,1
mengatasinya,1
(sdgs).,1
2018-19,1
hunger,1
anti-diskriminasi.,1
merealokasi,1
best,1
mumpuni,1
"1,092",1
"10,91",1
"9,82",1
"hutang,",1
"terhitung,",1
diterbitkannya,1
bordir:,1
"33,5%,",1
“mode,1
diam”,1
"'kebenaran',",1
pemirsa.”,1
pedomannya,1
mengapa?”,1
karnaval,1
“ekspresif,1
eklektik”.,1
"wuyuan,",1
penuhi,1
saif,1
majli,1
al-dhaw,1
akord,1
“kata-kata,1
nyata.”,1
gu.,1
melihat…dan,1
jina,1
"antaretnis,",1
cemoohan,1
diam-diam:,1
abed,1
valya,1
dudycz,1
"lupescu,",1
"brylova,",1
pasko.,1
berakting,1
malu-malu,1
​​—,1
razzaq.,1
"pencatatan,",1
ketidakcocokan,1
politisi.,1
"softbank,",1
"""stargate"",",1
korporatnya,1
(kamis),1
"aliwa,",1
samie,1
"al-saadani,",1
walaa,1
khaleq,1
"latif,",1
cerita.”,1
"fisiknya,",1
maysan,1
dhi,1
"qar,",1
risalah,1
kenaikan.,1
secukupnya,1
"kolega,",1
"1,069",1
"11,34",1
"32,69%",1
"$475,79",1
“masa,1
"(1975-1990),",1
mengobrol,1
“stiker,1
"sponsor,",1
"klan,",1
tapestry,1
"alternatives,",1
jineoloji,1
democrat,1
modernity,1
"gilgit-baltistan,",1
"pengumuman,",1
(hari,1
"ini),",1
"teluk,”",1
“perlawanan”,1
“pajak,1
"zucman,”",1
podium.,1
"""kerja",1
"gunanya""",1
"""belajar",1
"gunanya"",",1
membesar-besarkan,1
"quandt,",1
"carter,",1
"10,27",1
"29,6%",1
ekstensif.,1
merica.,1
"membebani,",1
mimpi-mimpi,1
meresap,1
mereka—setiap,1
"meleleh,",1
simbolis;,1
kontra-narasi,1
kapur,1
"$62,64",1
"$66,17",1
sarkasme,1
"ketulusan,",1
"smith,",1
royong,1
"punya,",1
jumlahnya.”,1
"45,5",1
"47,4",1
"tekstil,",1
bergema.,1
menggeser.,1
"quincas,",1
gelandangan,1
ugd.,1
anitta,1
non-pribumi,1
“menjadikan,1
belakangnya.,1
tumbuh-tumbuhan,1
mobilnya.,1
membukanya,1
"omrani,",1
(otoritas,1
pasokan),1
selatan?,1
penyerahannya,1
mengakuinya?,1
dosa;,1
"ini!""",1
pernyataan;,1
"trading,",1
negara?,1
modifikasi.,1
mafia.,1
berjaga-jaga,1
lonceng,1
gusi.,1
tervalidasi,1
mikroba,1
mikrobioma.,1
bandingannya.,1
diberantas.,1
laden,1
dibajak,1
gotong,1
(mdb).,1
melanjutkan.,1
menyeretnya,1
"ketelitian,",1
menakjubkan.,1
"rahasia""",1
“bibi,1
feminis”,1
(フェミニストおばさん),1
“pecundang”,1
heteroseksual.,1
sakr,1
"(kiri),",1
"pro-chavismo,",1
klik.,1
(acv),1
maag.,1
katalog.,1
administrator,1
"wyden,",1
khoury,1
"""investasi",1
pembebasannya.,1
dibayarkan.,1
"trojan,",1
2011?,1
"""damascus",1
sia-sia!,1
metodis.,1
"hebat,",1
“mr.,1
sesosok,1
"202,",1
kahului,1
maui.,1
fsb,1
arbiter.,1
pen,1
"(2026),",1
"ultra,",1
"anti-reflektif,",1
muwafaq,1
al-shara'a,1
"“heroik,”",1
"tujuan""",1
histeria,1
terdalam,1
momentum:,1
al-arabiya.net:,1
"catatan,",1
kemana-mana.,1
100%.,1
"""sama",1
"tidak""",1
saylor),1
bualui,1
"mandres,",1
xbto,1
"fathallah,",1
alat-alatnya.,1
begova,1
čorba,1
(sup,1
"bosnia),",1
sapi,1
(kubis,1
"isi),",1
ćevapi-nya.,1
mendekatnya,1
metaplanet,1
al-hijri.,1
dikodekan,1
"77,5",1
"68,1",1
"diriyah,",1
"al-ula,",1
demetrio,1
"albertini,",1
dilukiskan,1
fungsionalnya,1
terkompromikan.,1
al-ayyara,1
um,1
multifaktor,1
"0,03",1
“cermin,1
kepulangannya.,1
kolonialisme.,1
"insider,",1
"1,8%.",1
13.894.600),1
pribumi;,1
silang,1
75.000,1
85.000.,1
"“visi,”",1
maskot,1
"el-obeid,",1
“sistem,1
universal”,1
"25,9",1
kemerdekaan.,1
jeratan,1
"país,""",1
cádiz,1
morón,1
frontera,1
seville.,1
eternaut”,1
daiana,1
estefanía,1
"tiongkok-arab,",1
dilatarbelakangi,1
“kota-kota,1
demokratis”,1
64%,1
"3,948",1
"2,407",1
oktober;,1
dicuci,1
"lucara,",1
cullinan,1
3.106,1
1905.,1
kearifan,1
masyarakat”,1
"ekosentris,",1
"xbox,",1
"asus,",1
pertengkaran,1
menuruti,1
"""100%",1
pekerjakan,1
"keberagaman.""",1
"pasca-revolusi,",1
"blak-blakan,",1
dirumuskan,1
tontonan.,1
arsenal:,1
"disederhanakan,",1
"“stray,”",1
halloween,1
“amerikanisme”,1
dikomersialkan,1
"spesifiknya,",1
tergerak,1
diwaniyah,1
"samalut,",1
"intimidasi,",1
rawat,1
inap.,1
(tmmob),1
el-nahhas,1
“kedi”,1
bikash,1
kale,1
"das,",1
sichuan.,1
"dilalui,",1
dijangkau,1
ambulans.,1
wingate,1
finchley,1
vigar,1
beginilah,1
yudith,1
oshúm,1
"dieffenthaller,",1
"cali,",1
keseragaman.,1
181,1
"1947,",1
berbeda;,1
"samar-samar,",1
minya,1
karl,1
nehammer,1
sheila,1
"ebana,",1
khatulistiwa.,1
"madeira,",1
"jaibas,",1
bergelantungan,1
"prathipadu,",1
"yeleswaram,",1
"gandepalli,",1
"kirlampudi,",1
"sankhavaram,",1
"jaggampeta,",1
"kakinada,",1
rokok.,1
“pengalaman,1
sulung,1
kelasnya,1
terpatri,1
hasilnya.”,1
yavorczyk,1
"(solutions),",1
"syariah,",1
"$67,13",1
07:01,1
tumit,1
pecah-pecah,1
dijalin,1
dhs,1
csp,1
berteriak,1
tiang,1
"ortodoks,",1
benaknya.”,1
sankhamul,1
wolfgang,1
€340,1
duka,1
gul,1
"tut,",1
"""gullu"",",1
"çinırcık,",1
yalova.,1
lap,1
balapan.,1
"kue,",1
oven.,1
kamarku,1
cankama,1
"pali,",1
"distributif,",1
"keynesian,",1
keynesian,1
intervensi;,1
distributif,1
keynesian.,1
"tidurku,",1
"tuaku,",1
sulamanku,1
lentera,1
menyilaukan,1
"review"".",1
"koro,",1
"""otomasi",1
hannover,1
"messe,",1
"""hannover",1
messe,1
ac,1
"ac,",1
mengaitkannya,1
ez-zor,1
al-arabiya.,1
aqaba,1
saloon,1
air.”,1
curam,1
mikron,1
"perdue,",1
aguero.,1
"shearer,",1
lindungi?,1
pro-demokrasi,1
al-dawwas,1
al-mushatar,1
pemeriksaan.,1
"guinea-bissau,",1
"kepulangan,",1
"afro,",1
"turun,",1
satya,1
nadella,1
jamuan,1
mandal,1
dallah,1
carrier.,1
"non-politik,",1
"gerrard,",1
frustrasinya.,1
"buruk.""",1
tambal,1
sulam.,1
"kim,",1
(420,1
september/oktober.,1
diarra,1
djeneba,1
"sanogo,",1
mengobrak-abrik,1
"0,67%,",1
“perusahaan-perusahaan,1
isnad,1
(dukungan),1
330.000,1
"(2024),",1
"bandiagara,",1
679,1
agustus/oktober,1
"$124,000",1
tps,1
orsted,1
bervariasi;,1
polos,1
“tonggak,1
brilian.”,1
berkencan.,1
asharq,1
"al-awsat,",1
london*,1
"ekspatriat,",1
"penambangan,",1
teku,1
player,1
year,1
holly,1
"mcnamara,",1
shuang,1
narges,1
mohammadi,1
[peraih,1
2023],1
6:30,1
(16:30,1
"$3,814.91",1
"$3,844.",1
asian,1
jiangda,1
takahashi,1
oward,1
trudeau,1
dibunuh),1
francis,1
penginjilan,1
"jesuit,",1
fundamentalnya,1
"sidang,",1
bertindak;,1
"memimpin.""",1
"berbayar,",1
"al-tabbaa,",1
al-naim,1
"""labirin""",1
"berbatu,",1
"sepeda,",1
berkelok-kelok,1
takbenda,1
"hamdy,",1
"harvard,",1
habitat.,1
"amunisi""",1
baram.,1
"coinmena,",1
talal,1
gb),1
(18:00,1
"1,59",1
"51,9%",1
276.000,1
kotick,1
pasukan.,1
mian,1
ameer,1
nawaz,1
dera,1
amoroso,1
2025–2031.,1
"wujud,",1
"78,32",1
"dll.,",1
"bagaimana,",1
"belanda,”",1
mengü.,1
"mail""",1
kuil.,1
malamnya,1
academia,1
sinica,1
berita.,1
"47,92",1
"48,02",1
dahan,1
"nada,",1
"936,7",1
reem,1
al-bassam,1
warnanya,1
lapisan;,1
najd,1
abayanya,1
ghazi,1
komisarisnya,1
surya.”,1
halte,1
"khudai,",1
muhammedwala,1
"pikirkan,",1
merilisnya,1
siswi.,1
dibenarkan.,1
"mossad,",1
596,1
1.502,1
226,1
al-jabravi,1
vtv,1
cape,1
"roman,",1
aruba.,1
"termahal,",1
desaku,1
intensitasnya,1
semi-kering,1
bangladesh?,1
yonhap,1
"selatan),",1
penegakannya,1
retribusi,1
serbia.,1
al-tum,1
"tinggalkan,",1
"dicintai,",1
adanaspor,1
transistornya,1
"balanta,",1
sucre,1
"7,1162,",1
"itu),",1
"misterius,",1
salmaekers,1
pulisic,1
bruyne,1
ke-60.,1
“siswa,1
blokade”.,1
“pariwisata,1
teluk:,1
berkelanjutan”,1
falcon,1
thune,1
"obamacare,",1
penerimanya.,1
manfaat-manfaat,1
"sebagainya,",1
"strategis,”",1
tauhid,1
kompas.,1
(tidak,1
"kecilnya),",1
"bersukacita,",1
"menginap,",1
stopkontak,1
"utara-tengah,",1
forsa,1
berkibar,1
"sekelilingnya,",1
penyembunyian,1
"(1966-1970),",1
menghibur;,1
"memprovokasi,",1
definisinya,1
"“subversi”,",1
(27,1
"september),",1
"$4,3",1
"24,9%",1
(eib).,1
"2,08%.",1
itu?”,1
khalifah,1
"odisha,",1
phuchka.,1
anti-saudi,1
"anti-arab,",1
"""pengemis",1
"calo.""",1
saudi-iran.,1
vasomotor.,1
"858,37",1
"“al-qaeda,”",1
“menggeledah,1
"48,22",1
"""paket",1
"memori""",1
"""pengiriman",1
"bea"",",1
pembicaraan-pembicaraan,1
"kotor,",1
timbul.,1
"non-migas,",1
"""kekalahan",1
"diterima.""",1
bagus.,1
"perak.""",1
"48,08",1
buku”,1
kutu,1
"(tpra),",1
teratur.,1
mertz,1
"diusulkannya,",1
anggota”,1
“konsensus,1
ruangan-ruangan,1
zagreb:,1
kepala.,1
maribor,1
taktisnya.,1
nikkei.,1
f-35.,1
"sr.,",1
dimulailah,1
"laki-lakinya,",1
brack,1
aba,1
"khail,",1
waralaba,1
"menginspirasi,",1
kuantum:,1
nafta,1
softbank,1
"2,42%,",1
5gb.,1
"moldova.""",1
sharaa,1
mengaturnya,1
“swasembada”,1
abdelmadjid,1
"tebboune,",1
“pendaftar,1
kepaniteraan,1
poda,1
resmi.”,1
"perunggu),",1
putar,1
unfpa,1
sidang.,1
"15,2",1
"druze,”",1
medicare,1
medicaid.,1
"membagikannya,",1
"""pemungutan",1
aksesi,1
"eropa,""",1
"diintimidasi.""",1
131,1
"(51,75",1
hadiah.,1
pindahkan,1
talal:,1
"fula,",1
"djola,",1
"baga,",1
"mandinka,",1
afro,1
balanta,1
b’urassa,1
"dicakupnya,",1
todd,1
boyle,1
mempertahankannya.,1
"pasti.""",1
"40,8",1
434,1
sehari-harinya.,1
pengintaian.,1
al-omar.,1
mengeluarkannya,1
asimilasi,1
persiapannya,1
melirik,1
mengevaluasinya,1
"7,",1
publik/sektor,1
774,1
978,1
377,1
"$133,5",1
"thailand-myanmar,",1
penganiayaan.,1
amman,1
“hadiah”,1
"tionghoa,",1
dungan.,1
helsinki,1
event,1
"dipatenkan,",1
"terfokus,",1
petite,1
roquette,1
podcast.,1
pidana”,1
"pariwisata""",1
"pertama"".",1
pribumi?,1
awal.”,1
akın,1
gürlek,1
kimi,1
“pencemaran,1
"“pengkhianatan”,",1
ketergesaannya,1
volga,1
"meyer,",1
diinterogasi,1
"tadawul"".",1
doctors,1
(msf),1
"disepakati.""",1
"48,",1
22.,1
“memilih,1
"snapback,”",1
hak-haknya,1
"dirampas,",1
"maps,",1
"69,2",1
"0,75",1
munif,1
inti.,1
sumbang,1
"bertikai,",1
merayu,1
"pemirsa,",1
"antonelli,",1
rookie,1
liam,1
lawson,1
yuki,1
tsunoda,1
tarek,1
"saab,",1
lester,1
"toledo,",1
"ambisi,",1
"2030"",",1
"mentor,",1
pekerjaannya.,1
"sherif,",1
luarnya,1
sendirian;,1
penyebabnya.,1
mohy,1
diinvestasikan.,1
sar,1
ad,1
hoc,1
"situs,",1
"2,13%,",1
"menyebar"".",1
"""dua",1
"tujuannya.""",1
"tersenyum,",1
rrt,1
kedaulatannya,1
“prinsip,1
tiongkok”.,1
"infrastrukturnya,",1
ultra).,1
"""kemauan",1
"kuat""",1
marmer,1
non-ai,1
tb.,1
arabiya:,1
haniye,1
"koki,",1
"""anti",1
"lengket""",1
quincas,1
“baik”,1
mabuk.,1
monopolistik,1
"bertetangga,",1
menentukan.,1
"1970,",1
"""forum",1
padrino,1
pemberitahuan”,1
"pramusim,",1
conectas,1
rede,1
mon,1
"gary,",1
dialihkan.,1
properti:,1
"iurannya,",1
"""keheningan",1
bengkok,1
parahnya.,1
monumen-monumen,1
“menguji,1
komentar.”,1
dikendalikan.,1
benghazi,1
"fotonya,",1
kapal.”,1
"facto,",1
(mulai,1
10.00,1
"13.00),",1
"anonimitas,",1
135.000,1
candelaria,1
cuma-cuma.,1
vegetasi.”,1
raúl,1
pulido,1
pembibitan,1
"chacao,",1
"proyek-proyek,",1
"al-khulaifi,",1
“bermanfaat”,1
marzieh,1
"jafari,",1
pam,1
khatoon,1
nongrotai,1
diakibatkannya,1
metan,1
besarnya.,1
keras”,1
sepoi-sepoi,1
roscoe,1
pneumonia,1
tes.,1
jantungnya,1
berdetak.,1
"maraton,",1
"kickboxing,",1
tari,1
mustang,1
bumbu,1
jan,1
"mardenborough,",1
scherer,1
transaksinya.,1
mediasinya,1
jaz-mauriyan,1
bakhtegan,1
flamingo,1
rawa,1
"hawizeh,",1
"""surga",1
"(irna),",1
ditumis,1
"fetzer,",1
senjatanya.,1
kurgoko,1
kanchokin,1
tanahnya,1
"social""",1
menggolongkannya,1
lucas,1
anodized.,1
padanan,1
ukrainanya,1
andalkan.,1
1960-an,1
sosialisme,1
"3,000)",1
"98,473,",1
prosedural.,1
al-usṭūra,1
"(2016),",1
rifa'i,1
al-desouki,1
"dekrit,",1
hyperion,1
“perlu,1
"laki-laki,”",1
"sedang,",1
nasa.,1
situasional,1
kapitalisme.,1
"al-tuwaijri,",1
al-quwaiz.,1
zamannya.,1
e-courts,1
"""sumber",1
"takfiri"",",1
"""mengekspor",1
"isis"",",1
"""normalisasi",1
"kompensasi.""",1
aarhus,1
ramad,1
tunangannya,1
"al-sabah,",1
"wi-fi,",1
"pengumpulannya,”",1
ugd,1
persetujuan),1
harapan:,1
disesuaikan.,1
damac,1
keduanya?,1
aliansi-aliansi,1
esa,1
copernicus,1
sentinel-2a.,1
al-hamoud,1
"tunangannya,",1
sadis,1
dilembagakan,1
masokis.,1
terlambat.,1
"axios,",1
"didengarkan,",1
bryant,1
remang-remang.,1
"""perdana",1
41.000,1
'inses,1
sosial”,1
"munafik,",1
“ai”,1
diri.”,1
usaid,1
91.000,1
kesulitannya,1
"kilduff,",1
again,1
"rusia-ukraina,",1
"lucian,",1
"lewis,",1
seabad,1
"7,65",1
"460,000)",1
(setiap,1
“eksekusi,1
oula,1
“lalat,1
"elektronik”,",1
"binatang,",1
"pepohonan,",1
"dll,",1
ezzat,1
"""credit",1
"morocco"".",1
49%.,1
rachel-fleur,1
"bardot,",1
"penggugat,",1
pasir.,1
prabowo,1
subianto,1
"thune,",1
hakeem,1
schumer.,1
abc,1
kewajibanku,1
"anak-anakku,",1
"berjudul,",1
kambing”,1
1992.,1
"ditanggung,",1
berpuas,1
"kliennya,",1
terindah,1
arab:,1
ziad.,1
(btu),1
"adik,",1
kien.,1
erik,1
ten,1
hag,1
lisbon.,1
assem,1
"development"".",1
"curang,",1
"sratongvian,",1
"asrama,",1
“membangun,1
sosialisme.”,1
republik;,1
anti-kebangkitan,1
"desantis,",1
israel!,1
grossi.,1
margot,1
"doncker,",1
antwerp.,1
"pengorbanan,”",1
pengabdian.,1
bisha.,1
(700,1
£500,1
"garces,",1
naturalisasi,1
drilling.,1
"popularitasnya,",1
“demumu”,1
"""pekan",1
shodakov,1
"likhachev,",1
celup.,1
(pbb),1
mencanangkan,1
259,1
06.00,1
"""ragasa"".",1
florida.,1
sekali:,1
yahudi.,1
"menyadari,",1
menyortir,1
"crahan,",1
"terlupakan"",",1
memperbaruinya,1
"2628/2022,",1
syal.,1
264,1
memperas,1
(kandidat,1
özel,1
"ai),",1
akp.,1
"persiapan,",1
elise,1
stefanik,1
hukuman”,1
politico.,1
pencopotan,1
"bersahabat,",1
bertanya:,1
"""mengapa",1
privasinya,1
karbala.,1
"siemens,",1
menutupnya,1
al-idrisi,1
'alî,1
al-hûfî,1
al-qâsimî,1
1456.,1
sejalan.,1
"(“organik”),",1
"non-aktivis,",1
terpanggil,1
"kompleksitasnya,",1
450.000,1
diperlukan.”,1
"145,69",1
gain,1
"129,3",1
afrika-uni,1
"luanda,",1
"38,5%",1
"(ndaa),",1
natal.,1
5.783,1
4.337,1
3.374,1
40.480,1
"zuheiri,",1
gaza;,1
imperialis,1
keberpihakan,1
mereda;,1
"economist""",1
sampulnya,1
"terisolasi?""",1
yahudi-amerika,1
nol.,1
"check-in,",1
menitipkan,1
nafie,1
hala,1
"mudanya,",1
"megafon,",1
membacakan,1
berkilauan,1
al-burhan,1
hamdan,1
"daglo,",1
"burhan,",1
"netralitas,",1
niqab.,1
"formalnya,",1
grafis.,1
"""area",1
"hanna,",1
1.126,1
"dhakal,",1
"kantipur,",1
tinggalnya,1
meluncurkannya,1
esu.,1
“patriotik”,1
disimpulkan,1
khondab,1
"(arak),",1
"perjuangkan?""",1
menunjuk-nunjuk,1
"tombolnya,",1
kelompok?,1
murnau.,1
igan,1
scholars,1
savi,1
gamers,1
pokemon,1
tersegel,1
"siku,",1
investigasi.,1
"al-jolani,",1
"2024,""",1
intra-regional,1
ripple,1
"9,1%",1
"genderang,",1
"$165,5",1
“hilang”,1
“jiwa”,1
413,1
1%),1
shia,1
"mengumumkan,",1
kui,1
taichung,1
blue,1
whale,1
jaminan:,1
menabuh,1
"$2,76.",1
rehman,1
menginjak-injak,1
"sunnah,”",1
kesadaran”,1
berita-berita,1
diliput,1
keluar;,1
ekstrak,1
"(bri),",1
dominika;,1
suriname,1
“konsesi,1
signifikan”,1
"diracun,",1
"positif.""",1
mengimbanginya.,1
"stasiun,",1
termasuk...,1
"""aman"".",1
berbahaya”,1
“erosi,1
"pendapatan,”",1
“persona,1
grata”,1
(edaa),1
"""rajasa""",1
paginya.,1
pembangkitan.,1
terdekatnya.,1
"ammar""",1
yassin.,1
jatuh.,1
zakaria,1
"perampasan,",1
aparatur,1
"kolorektal,",1
"kolonoskopi,",1
berkreasi,1
"1708,",1
1977.,1
muriševia,1
fazlur,1
al-soura,1
pembatasan.,1
"""belum",1
"kewaspadaan.""",1
three-in-one,1
"sesungguhnya,",1
timurlah,1
ahom.,1
"kragujevac,",1
"""movistar""",1
"seventh,",1
"ammar"",",1
skotlandia.,1
maulana,1
berantai.,1
857.900,1
razzaq,1
"jalur,",1
dipanaskan.,1
(unsdg),1
menari,1
"lariku,",1
kubangun,1
jantungku.,1
"""marca"",",1
"football""",1
ofisial.,1
"barel.""",1
al-suhaimi,1
rainbow,1
from,1
"marsh,'",1
dekade-dekade,1
"lomé,",1
"""buatan",1
shafaq,1
ketidakteraturan,1
buryatia.,1
hasil-hasil,1
totalkan,1
4.880,1
"“nutrisi”,",1
'rise,1
"ahistoris,",1
disana,1
menganiayanya.,1
mensterilkan,1
mendaftarkannya,1
"hibrida”,",1
sinti.,1
jpy,1
"50,3",1
narsingdi,1
"mymensingh,",1
"khulna,",1
"sylhet,",1
maghrib,1
mengguncang,1
129.000,1
hakikat,1
"meloni,",1
ultrakonservatif,1
"vox,",1
abascal.,1
jelajahi?,1
"populer”,",1
“sisa-sisa,1
kosmik”,1
bang,1
"kualitatif,",1
berhamburan,1
memukulnya,1
menikamnya,1
2.000–3.000,1
"7,2–10,8).",1
"4,6",1
"mikrogram,",1
"nirkabel,",1
"getaran,",1
"viskositas,",1
kontrak….,1
bayangan”,1
"sekutu,",1
permintaan:,1
fitokimia,1
"takween""",1
"berlapis-lapis,",1
"d.,",1
“pelestarian,1
"samba,",1
jongo,1
(tarian,1
samba.,1
cey,1
gelandang.,1
"bangga.""",1
​​di,1
(215,1
"""asas",1
resveratrol,1
"antosianin,",1
"'tercengang,",1
"datang,”'",1
'wanita,1
syahnameh',1
"ferdowsi,",1
evangelis,1
"baptis,",1
dengarkan,1
doncker,1
motswede,1
“al-amaq”,1
"al-husria,",1
makanan;,1
hajdarpašić,1
merefleksikan.,1
"tonga,",1
"samoa,",1
fiji,1
27%.,1
mcmurdo,1
72%.,1
monolingual,1
telanjang.,1
tidur;,1
qader,1
"hukum,”",1
"nyata,”",1
56%.,1
"kuat"",",1
sports.,1
"kuota,",1
2050.,1
sesuap,1
bacaan,1
prangko.,1
freddie,1
"0,04",1
"6,26%",1
bertikai:,1
“tingkat,1
costs,1
konsumen),1
"120,12",1
garansi.,1
“очередной,1
журналист,1
брошен,1
melaksanakannya.,1
chalet,1
proyek.”,1
“transparansi,1
total”,1
demokratis.”,1
"bitkom,",1
"6,4%",1
"$109,592",1
"[19,6",1
inci].,1
persenjataan.,1
republikanisme,1
"ketundukan,",1
"""kebencian"",",1
"""penghinaan"",",1
"""penaklukan"",",1
"""kecilnya""",1
"“jijik”,",1
"“kutukan”,",1
sotavision.,1
"el-hadary,",1
ada;,1
“tawon”,1
(말벌),1
lincah,1
тюрьму,1
за,1
посты,1
надежда,1
кеворкова,1
басманом,1
суде,1
москвы”,1
“kecaman”,1
"ekstrem"",",1
palsunya,1
"radikalnya,",1
baliknya:,1
“inilah,1
"melawan”,",1
siarannya,1
sebelumnya?,1
"jasa.""",1
"dungan,",1
sebelahnya,1
kamel,1
"jaloul,",1
"timur,”",1
"ketaatan,",1
"kesalehan,",1
syukur.,1
"yuri,",1
mi,1
historia.,1
"keluargaku,",1
"favoritku,",1
"peliharaanku,",1
"karirku,",1
"pardo,",1
lippo,1
pintu-pintu,1
"lainnya),",1
diverifikasi.,1
familiar:,1
“lihat!,1
siapakah,1
“sharif”,1
"levantine,",1
distigmatisasi,1
pelayan,1
(afdb),1
"sepupuku,",1
regulasi;,1
"kedepan,",1
"nuwaiseeb,",1
"""aktivis",1
conicet,1
(dewan,1
nasional).,1
"ceil,",1
pendaftar,1
"inggris,”",1
samih,1
"development,",1
shazly,1
gouna,1
"raksasa,",1
zelensky?,1
$157,1
ketidaksetujuan;,1
pro-impeachment.,1
(merek,1
"utamanya),",1
eta.,1
emaar,1
"5,9%.",1
paletta,1
perhiasan.,1
bermakna.,1
"polong,",1
"siam,",1
lucerno,1
bayro,1
melatonin,1
"5,4%.",1
"pertanyaan,",1
tinggi?”,1
"treasury,",1
"sama,”",1
"""misalnya"",",1
keterkaitan,1
(masalah,1
ini),1
"rumania.""",1
"115,6%",1
"3,400",1
"(2000–2013),",1
"4,6%,",1
"loteng,",1
fasad.,1
“sosialisme,1
ilmiah”,1
"otoritarianisme,",1
"taichung,",1
(春水堂).,1
baraka,1
egyptian,1
jualnya,1
"transformasi,",1
generatif?,1
"kiwi,",1
"namtaeryeong,",1
"dufork,",1
"wine,",1
eugène,1
"bashombe,",1
trucks,1
2024/2025.,1
“dua,1
"seni,”",1
berubah?,1
mengerem,1
"rodriguez,",1
"""day",1
"1973,",1
dikenal.”,1
"ashdod,",1
"e-filing,",1
tucker,1
carlson,1
"show,",1
"""ikut",1
"massal""",1
kemanusiaan”,1
dammam.,1
$702.200).,1
i.,1
"1934,",1
1352,1
akawo,1
menggenapi,1
menghadang,1
bersukacita,1
"gubadiya,",1
"balish,",1
"elesh,",1
"peremech,",1
"uchpuchmak,",1
"baursak,",1
"chak-chak,",1
kosh,1
"tele,",1
jamaz,1
"islam,”",1
seleksi,1
"syarat.""",1
dipoles:,1
diseleksi,1
"berkualitas.""",1
penanya,1
penjawab.,1
"vivo,",1
sakka,1
bidadari,1
kebijaksanaan;,1
cahaya.,1
"$201,7",1
med,1
akademisnya.,1
“augus’,1
mawnin'”,1
"35,671",1
mengetik,1
"kawasan,”",1
"dipersonalisasi,",1
menjadwalkan,1
kadriye,1
ozcelik,1
gw.,1
"(socar),",1
"kaspia,",1
"stadion,",1
24/7,1
area-area,1
tetapnya.,1
menggelapkan,1
"73,20",1
"39,",1
bbc:,1
perselingkuhan,1
al-kamel,1
berkumpul.,1
terbaru),1
(model,1
"pertama),",1
menampakkan,1
nevin,1
bank:,1
"nasional"",",1
"kairo"",",1
“membuang,1
dosa.”,1
kantong-kantong,1
giel,1
motivasinya,1
jalani,1
stand-up,1
comedian,1
komedian,1
"monetisasi,",1
"caravaggio,",1
"raphael,",1
titian,1
(sejak,1
"venesia),",1
0-2,1
"efektivitasnya,",1
"bidangnya,",1
(kd):,1
melawannya,1
rasoul,1
emosional;,1
serikat),1
07:07,1
lagi?”,1
"mesir"".",1
"$9,49",1
"23,7%",1
kondom,1
kerugian.,1
"berekely,",1
konsisten:,1
"ilahi""",1
"""haifa",1
"haifa""",1
dipoles,1
"553,9",1
faso),1
elite.,1
piagam.,1
emas;,1
koka,1
udara;,1
1964,1
ranjau,1
"akturk,",1
bernavigasi,1
"terampil,""",1
akrobatik,1
menghancurkannya,1
kahn,1
hollywood.,1
terselesaikan:,1
*profesor,1
humaniora.,1
berbunyi;,1
kebisingannya,1
geovanna,1
"posso,",1
libre,1
(esmeraldas,1
"gratis),",1
"dilukai,",1
perpanjangannya.,1
kemegahan,1
“mungkin,1
"kellogg,",1
"al-sharqawi,",1
suku.,1
order,1
alexandrovich,1
"skandal,",1
al-alimi,1
“utusan,1
"nasional”,",1
"vk,",1
lengkap:,1
1890.,1
jason,1
"sebut,",1
madhav,1
joshi,1
kroc,1
notre,1
dame,1
1975,1
pepatah:,1
riobamba,1
filter.,1
1930-an,1
gandanya.,1
kangkung,1
yassine,1
bounou.,1
quinn,1
proposisi,1
april-juni,1
ideal;,1
demokrasinya.,1
habash,1
dewannya.,1
adas,1
"elang,",1
sotong,1
"kadal,",1
246,1
anglo,1
ashanti.,1
($2,1
"seri,",1
hamas.”,1
"bertugas,",1
"al-sabriya,",1
"al-khairat,",1
handoff,1
mengesankan.,1
sekelilingnya,1
215,1
dindingnya.,1
"dudukan,",1
disandarkan,1
fm.,1
peroleh;,1
"negeri,""",1
“menyingkirkan,1
"5,6%.",1
sehat?,1
seamus,1
boland,1
ufuk,1
"kebangsaan,",1
"kusam,",1
vitalitasnya.,1
menjaganya,1
lembap.,1
farhikhtkan,1
$3.800,1
presenter.,1
pelengkap,1
zeaxanthin,1
telur.,1
inspirasi.,1
"""mekanik"",",1
ortagus,1
"global/lokal,",1
"""hampir",1
"mustahil"".",1
“reinventing,1
poetics,1
"myth,”",1
"iran-eropa,",1
durum,1
"menawarkannya,",1
"massachusetts,",1
architecture,1
austin.,1
6%.”,1
cengkeramannya,1
keteguhan,1
bangku-bangku,1
"jahat""",1
pinduoduo,1
"douwen,",1
weikert,1
"donnarumma,",1
ilusi-ilusi,1
"sir,",1
"rocha/pmpa,",1
pasca-soviet?,1
"aspek,",1
kecerdasannya,1
dibubarkan.”,1
(dem).,1
"42%,",1
51%.,1
"danvers,",1
jokris,1
ke-14.,1
alkitabiah.,1
adil”.,1
"sembarangan,",1
"spesies,",1
dicengkeram,1
sim.,1
"charlie"",",1
berbekal,1
konsuler.,1
boros,1
saja?”,1
iklim:,1
"pembangkitan,",1
mikati,1
berdesakan,1
sterling.,1
sungguh-sungguh.,1
(icc),1
anadolu,1
kehancurannya.,1
"permohonan,",1
helder,1
salomão,1
"(pt,",1
"pekerja),",1
3547,1
imunisasi,1
(who).,1
tan-tan,1
berwibawa,1
kebutaan,1
selektif,1
"dibantu,",1
didistribusikan.,1
"ijon,",1
"tinggalnya,",1
diblokir.,1
"al-manfalouti,",1
novel-novel,1
untuknya,1
"""pelajaran""",1
"""tampak"",",1
3.100,1
lain-lain,1
"zaghloul,",1
"“sebelumnya,”",1
liur,1
"independent"".",1
"ayyaf,",1
saudi-jepang,1
"dipengaruhi,",1
"dikagumi,",1
"ditiru,",1
ternoda,1
kredibilitas.,1
diperhatikan.,1
"""maggalene"",",1
kuk.,1
"1,230",1
dijunjung.,1
murung.,1
"zerrougui,",1
zouher,1
"boumama,",1
membawahi,1
said.,1
bersyarat.,1
"sodium,",1
"$290,7",1
baunya,1
narrate”,1
okri,1
otentik.,1
zaghloul.,1
guas,1
spidol.,1
abdel-sadiq,1
"dc,",1
"berwarna-warni,",1
biota,1
edward,1
esainya,1
1984,1
“permission,1
berlapis-lapis.,1
"chawg,",1
goalkeepers,1
kapita,1
steinmeier,1
tanzania.,1
penyelesaian?,1
kuahnya,1
kecap,1
cincangan,1
cabai.,1
waterer,1
"""perpaduan",1
(pengurangan,1
jemuran,1
"emas.""",1
"(est,",1
00.00,1
"""troika",1
"eropa"")",1
burma,1
terhapus.,1
mana-mana.”,1
heran,1
perempuan),1
berbeda?,1
"meme,",1
mencolok:,1
bunga),1
bushehr.,1
"posisinya,",1
6(4)(c),1
komisi.,1
beraksi.,1
kekejaman.,1
radar.,1
modifikasi).,1
"“kemungkinan-kemungkinan”,",1
"fraser,",1
"“kadang-kadang,",1
membersihkan.,1
"solar,",1
(cne).,1
ke-62.,1
eponymous,1
mcwatt,1
“moral”,1
"9,7%",1
389,1
245,1
“superior,1
laga.,1
yougov,1
"hdi,",1
"trader,",1
"perú,",1
kematian.”,1
"""kebohongan"".",1
"9,6%",1
solusinya,1
"politik,""",1
"""memperkuat",1
sekuritasnya,1
(49),1
pembantu,1
"""mengganggunya"".",1
ing,1
caisa,1
kbc,1
sib,1
"ekstraksi,""",1
raiffeisen,1
"57,7%",1
rileks,1
siang.,1
rapid,1
"thornton,",1
mccain,1
imersif,1
"korporasi,",1
terlemah,1
"eropa.""",1
penjilidannya.,1
oleh-oleh,1
danske,1
naluri,1
ke-60,1
"tsunami,",1
"“al-hawoz”,",1
"“diculik”,",1
gretchen,1
felker,1
roxane,1
"""konyol"",",1
"""benar-benar",1
"memalukan"".",1
pole,1
position,1
demikian?,1
psikiatri,1
mentalnya.,1
berencana.,1
lembah.,1
pokhara,1
lalitpur.,1
janeiro,1
"pabrikannya,",1
menolaknya,1
"donbas,",1
“kawan,1
(말벌동지),1
dikandungnya.,1
"rtx,",1
"babil,",1
525,1
"tengahnya,",1
kotoran,1
visualnya.,1
ritual.,1
"3-0,",1
bridge.,1
(dpa),1
ribu.,1
kreditor,1
"77,35%",1
jenson,1
membangunkan,1
mobilitas.,1
"7,86",1
споделуваат,1
"„стори“,",1
"brisbane,",1
wildaf,1
(terjemahan,1
bawah):,1
"keterjangkauannya,",1
lalui.,1
"akut,",1
“kerucut”,1
florida;,1
“dalam”,1
bermandikan,1
berdengung,1
"""metabolisme""",1
kalori.,1
deka,1
unicredit,1
argal.,1
berlawanan:,1
disandingkan,1
tumbuhnya,1
yaysla,1
"kontinental,",1
545,1
al-bilal,1
"afro-ekuador,",1
"guayaquil,",1
"cenderung,",1
permasalahan.,1
cobalah,1
"71,67%,",1
keseharian,1
othman.,1
medannya,1
(dma),1
zahra,1
"marwan,",1
‘ini,1
$638,1
leher.,1
pemancar,1
"inflamasi,",1
"""pembuat",1
"kesepakatan""",1
"lufthansa,",1
administratifnya,1
"""pendekatan",1
"datang.""",1
tashi,1
lapcha,1
mitopoetik,1
biara-biara,1
dipukuli.,1
"k,",1
"erythritol,",1
"sorbitol,",1
soda,1
"batangan,",1
gema,1
menggembirakan;,1
manuvernya,1
ditiru,1
bug.,1
hipotetisnya,1
"perbatasannya,""",1
“penyimpanan”,1
acesulfame,1
"marinan,",1
membuatkan,1
guzel,1
"yusupova,",1
rentanlah,1
"lulus,",1
keponakan-keponakan,1
ikhtisar,1
diberikan:,1
sumou,1
"(ilo),",1
jabalia,1
6-1.,1
"visceral,",1
(7-5).,1
"ruud,",1
6-4.,1
"kanyaruchinya,",1
"lushagala,",1
bujari,1
goma-rutshuru,1
"peringkat,",1
saint-georges,1
"ke-16,",1
"yordania),",1
"mesir),",1
disingkirkan,1
3-3,1
rayuan,1
"""seperti",1
dicintai,1
"terjaga,",1
senyuman,1
wajahku.,1
"dicintai.""",1
konfrontatif.,1
(ukmto),1
222,1
kilometer),1
ukmto,1
percikan,1
ketika:,1
"kotick,",1
berlin.,1
386,1
"49,9%",1
221,1
"28,6%",1
"industries,",1
1950,1
nassef,1
sawiris.,1
metanol.,1
bamako),1
"diminta,",1
"non-biner,",1
(i),1
seseorang;,1
(ii),1
(iii),1
"mengintimidasi,",1
sensor;,1
juni:,1
menguburnya,1
"penggalian,",1
merekalah,1
dukung,1
"esai,",1
flanders,1
"diseduh,",1
kristi,1
noem.,1
mogadishu,1
porselen,1
"mengkilap,",1
1280°c.,1
northeastern,1
seberkas,1
"robinson,",1
utara”,1
mena,1
"(sdf),",1
tinah.,1
pos.”,1
lwali,1
n,1
udhrar,1
(kemudian,1
“all,1
rags’,1
journey,1
memilikinya.,1
agronomi,1
keshavarz,1
fenomena-fenomena,1
tropis.,1
"kesalahpahaman,",1
1.320,1
mineralnya,1
disengaja”,1
996,1
kerjanya:,1
"21.00,",1
libur.,1
atkins,1
"frontex,",1
chavista,1
"orinoco,",1
ketenagakerjaan;,1
"ki-sun,",1
"yeosong,",1
pemantauan.,1
olmo,1
ke-62,1
cruyff,1
nou.,1
"ketidaksempurnaannya,",1
ketentuannya,1
sacred,1
heights”),1
belaid,1
ait,1
"""kirinya,""",1
"""karena",1
"al-naqr,",1
"sekejap,",1
"dashna,",1
benchmark,1
gegabah,1
"prosedur"".",1
"fratantoni,",1
refinancing.,1
(pendukung,1
chávez),1
teques.,1
kelenturan,1
lurus,1
sedekat,1
wawasan.,1
diyab,1
"1975,",1
mathieu,1
dilontarkan.,1
"deulofeu,",1
"digital.""",1
nie,1
"renmin,",1
"kebebasannya,",1
sa:,1
sungguh-sungguh,1
psg.,1
sosial/departemen,1
shukri,1
padam,1
kartunis,1
daftarnya.,1
"""fantastic",1
"four"",",1
"facebook),",1
amazon;,1
"""enam",1
disingkirkan.,1
"broadcom,",1
"""elit",1
"delapan"".",1
perompak,1
novosti.,1
demonstran.,1
stasiun.,1
pesimisme;,1
795,1
bakat.,1
480.000,1
"""sewa""",1
disewa),1
"""spa"".",1
benina,1
eksperimental.,1
"uner,",1
"""isagha""",1
5.020,1
mccarthy,1
bermoral,1
peluncurannya.,1
nasehat,1
ampuh.,1
menyendiri,1
"sadi,",1
“kesetiaan,1
"idlib,”",1
penggambarannya.,1
"villavicencio,",1
bertemunya,1
"andean,",1
"terlindungi,",1
"3,727",1
‘humans,1
anthropoids,1
"liberty,’",1
"opec,",1
"""ujian""",1
"""palsu"".",1
"kandangnya,",1
"khuzestan,",1
lurs,1
karun.,1
madeiran,1
megaton,1
"melumpuhkannya,",1
ferran,1
hadjadj,1
markemal,1
editornya,1
berkonflik,1
"pesimis,",1
pegangan,1
huang.,1
"318,2",1
"pembukaannya,",1
persidangannya;,1
persidangannya,1
artawi.,1
“fasis,1
"algérien,",1
"$120,000",1
solana,1
74%,1
52%,1
25.222),1
7.200).,1
otosefalus?,1
"(jodi),",1
webnya.,1
mendahului,1
mugello,1
guanyu,1
"kecelakaan,",1
dijarah.,1
eeverría,1
ruh,1
dihembuskan,1
"embrio,",1
"preventif,",1
semuanya;,1
tercipta.,1
rasio-rasio,1
"al-rashrash""",1
"3,75%",1
lumding,1
"kosi,",1
rolwaling,1
oleh:,1
soelo,1
1.758,1
(351,1
gram),1
lesedi,1
1.109,1
(221,1
gram).,1
"kabur,”",1
“dirumuskan,1
"kania,",1
buzzer,1
widodo.,1
"maya”,",1
"$1,80",1
23%.,1
"tingginya,",1
30-an.,1
"konsesi,",1
"uupt,",1
"tenda,",1
cong,1
datanya.,1
semipalatinsk,1
456,1
1949,1
digoreng.,1
"$2,21",1
0-30.,1
signifikan;,1
negara-negaralah,1
"$2,31",1
pelabuhan.,1
serangannya.,1
"72,1",1
tugberk,1
yagiz,1
sekelasnya,1
inferior,1
“kerusuhan”.,1
“struktur,1
"3,12",1
kemajuan-kemajuan,1
berdedikasi;,1
860.000,1
13.700,1
tampilkan.,1
pragogo,1
pangestu,1
“persenjataan,1
"memihak,”",1
“dimintai,1
pertanggungjawaban.”,1
ketiadaan.,1
"9,57",1
wacana”,1
timurnya.,1
"diadopsi,",1
penyusun,1
barbuda.,1
"kežmarok,",1
spišská,1
nová,1
ves.,1
fasilitatif,1
tertarget,1
ujian.,1
pendataan,1
"kokain,",1
"kebaikan,",1
narkotika.,1
kogi,1
(90,1
katsina,1
nasarawa,1
(14,1
kano,1
kaduna,1
persen).,1
“melalui,1
berani.”,1
[sebuah,1
terjangkau],1
pil,1
pegiat,1
berlumuran,1
awot.,1
seperlima,1
"sepersepuluh,",1
dan…,1
mengerti.,1
al-faqan,1
"airways,",1
untung-rugi,1
(lsm,1
london),1
"idlib"",",1
1-0.,1
didirikannya,1
"end-to-end,",1
ke-21:,1
mencarinya,1
"ahvaz,",1
"karkheh,",1
muhammarah,1
"abadan,",1
sipil:,1
"bolong,",1
"kerumitannya,",1
non-israel,1
afcon,1
(sana).,1
"413,8",1
al-attiyah,1
kelasnya.,1
(eipr),1
etf,1
"taipo,",1
156,1
“disable,1
keyguard”,1
"1950an,",1
fase-fase,1
intra-arab,1
"""program",1
przemyśl,1
genetik.,1
"berita-berita,",1
manuver.,1
(icarda),1
kuwaiti,1
official,1
gazette,1
"menyetujui,",1
($983,1
"(minggu),",1
ceo;,1
"al-zunaidi,",1
direksi.,1
"saudi"",",1
maha.,1
antarpribadi,1
"pasukan.""",1
dipatahkan,1
adanya.,1
koersif.,1
antananarivo,1
ian,1
"linklater,",1
pustakawan,1
"4,47",1
"1,19",1
"27,59",1
"ip,",1
"el-gabaly,",1
controls,1
"modular,",1
tabreed,1
"menyeduhnya,",1
"badran,",1
kate,1
"schulberg,",1
“petualangan,1
"(shishma),",1
"$1,3464",1
“jaringan,1
jaringan.”,1
penerbitannya.,1
lulus.,1
morigaon,1
"bourita,",1
yonatan,1
oval,1
"office,",1
ekspansionisnya,1
“loyalis,1
hindia,1
luncur,1
"""bagi",1
berkarbonasi,1
"rumah.""",1
legitimasinya.,1
"kutil,",1
"bisul,",1
dll?,1
"nanti.""",1
berdebu,1
"behal,",1
layyah,1
zunaira,1
mellon,1
studinya,1
"manusia-komputer,",1
techtalk,1
mengandalkannya,1
"katak,",1
"angola,”",1
"""baltu""",1
"""al-harifa""",1
diperjelas.,1
"al-fishawy,",1
"""dennis",1
"wolman"",",1
"""titus"".",1
al-fishawy,1
"""dennis""",1
"amman,",1
medali—dua,1
mestinya.,1
"$80,68",1
£100,1
($133,1
wirtz,1
"sinwar"",",1
keterlibatan”.,1
"pasca-""banjir",1
"ghalala,",1
mengulang,1
(meti),1
meti,1
as-jepang,1
konsisten;,1
"$23,65",1
skandinavia,1
membalasnya,1
bertentangan.,1
"penyesuaian,",1
cnn.,1
"$1,099",1
rate,1
hz,1
“always,1
"on”,",1
“bagian,1
somalia”,1
separatis”,1
parit-parit,1
(tplf).,1
"terbengkalai,",1
86.824,1
1.543,1
"alquran,",1
76.080,1
"diperlakukan,",1
$65-$68,1
dokumen.,1
"menumpuk,",1
musuhnya?,1
"indo-pasifik,",1
2022-2030,1
1.829,1
retakan-retakan,1
"kehancurannya,",1
(merujuk,1
digital).,1
"alam”,",1
politik-budaya,1
"orisinalitas,",1
"kesatriaan,",1
hati—kualitas,1
reales,1
"violet,",1
instagram:,1
"""apa-apaan",1
kontainer-kontainer,1
tunggal),1
tangki-tangki,1
tiang-tiang,1
tebangan,1
gundul,1
meledak.,1
"pantainya,",1
belanjanya,1
mendadak.,1
murska,1
"sobota,",1
‘delavska,1
ulica’,1
(‘jalan,1
"pekerja’),",1
"terbalik,",1
ahmet,1
ditikam,1
"layyah,",1
merugikan:,1
"ketertiban,'",1
badui—bukan,1
"pertempuran,”",1
militer.”,1
1.489,1
"klien,",1
"artawi,",1
zubair.,1
“pengembalian,1
"kesiapsiagaan,",1
"desertifikasi,",1
penggembalaan,1
jamiat,1
ulema-e-islam–fazl,1
(jui-f),1
letakkan,1
seteguk,1
diseduh.,1
"cpr,",1
rashid.,1
investigasinya,1
"bertentangan,",1
lehaz,1
otomatis”,1
"$7,77",1
adikku.,1
tampungannya.,1
cappucino,1
“islam,1
bri,1
“merevitalisasi,1
"menunjukkan,",1
"pierre,",1
periferal,1
"lisensi”,",1
jaime.,1
sosio-kultural,1
mattia,1
"al-zaytoun,",1
abdulkader,1
khosanov,1
sesingkat,1
"""menteri",1
dikondisikan,1
"dilakukan.""",1
fungsinya.,1
lavrov.,1
mendengarku,1
dengar;,1
fedwatch,1
vonis,1
"al-katiba,",1
(2018-2024),1
kami?”,1
sulawesi,1
10.715,1
3.483,1
"sepiga,",1
"zaporizhya,",1
"kepatuhan,",1
kasnya,1
"pasokannya,",1
al-rihaniyah,1
al-sukariyah,1
"rabia,",1
presse.,1
ekstrapolasi,1
anti-bangladesh.,1
"zagros,",1
glukosa,1
“replicator”,1
"otonom,",1
memperpendek,1
karakteristiknya,1
"el-desouci,",1
"jawaban,",1
omrani,1
remaja;,1
membiarkannya,1
latakia.,1
"3,925%,",1
"2,49",1
pertunangan,1
"daher,",1
al-sham.”,1
“[pemerintah],1
allan,1
berimplikasi,1
masyarakat;,1
metafisik,1
taraf,1
thai,1
"bangkok,",1
lopez,1
memeriksanya,1
mimpi:,1
"toko-toko,",1
"benda-benda,",1
"mendukungnya,",1
"selebihnya,",1
'waltz,1
terlarang:,1
"cahaya,'",1
[mantan],1
nieto,1
(2012-2018),1
andres,1
mengartikan,1
"somare,",1
syndicate,1
amerika.”,1
menyipitkan,1
digambar,1
"ulken,",1
balkhash,1
"mengatur,",1
kehakiman.,1
vecina,1
yasmine,1
sabry.,1
individualisasi,1
optimisme.,1
13:30,1
23:00,1
kursk,1
(cdc,1
(apd),1
pengurutan,1
licin,1
penerimaannya,1
"cicilia,",1
co-ceo.,1
qasr,1
al-nil,1
wafaa,1
dirasakan.,1
"9,4%.",1
"""universitas",1
"riyadh""",1
wakili.,1
"relevansinya,",1
"“talking”,",1
eksponensial.,1
ammar.,1
al-astal,1
coding,1
sítio,1
"paredão,",1
ferraz,1
snowgrades,1
"asia"",",1
"jung-woo,",1
"terbanyak,",1
dinaturalisasi.,1
"presentasinya,",1
armani,1
"""maestro's",1
"vision"",",1
"kariernya,",1
"kenyamanan,",1
melukisnya,1
salah!,1
dana.,1
"""ibukota",1
alkimia,1
kristal,1
tarot,1
tortilla,1
dibawakan,1
"mulukukú,",1
karat.,1
cloud.,1
laptop,1
kedatangan.,1
ultra-cepat,1
“same,1
"targets,",1
“jouder,1
threat,1
daringnya,1
direkonstruksi,1
"seluruhnya,",1
"pasif,",1
kuasku,1
sipir,1
arsenal.,1
diskors,1
aktuaria.,1
"liberalnya,",1
minneapolis,1
"""racun""",1
"playbooks,”",1
"2,”",1
jalal;,1
"""80",1
"baku"",",1
"al-mufti,",1
rahma,1
sami;,1
"""amira:",1
dhaal,1
"hetah""",1
spiritual?,1
misinformasi;,1
"menguap,",1
"molenaar,",1
"zaugg,",1
kura-kura.,1
ukraina?,1
pinto/,1
"100,8",1
"100,6",1
111,1
"111,1",1
"mutaribah,",1
pascakolonial.,1
"mcguirk,",1
giling,1
dahaga.,1
yuliya,1
“penderitaan,1
mesir”,1
mengokohkan,1
"antariksa,",1
"nasa,",1
"cnbc,",1
buncis,1
stefanos,1
"tsitsipas,",1
"djokovic,",1
dominic,1
thiem.,1
katharina,1
dada,1
"keberangkatannya,",1
lubuk,1
selanjutnya?”,1
superintelligence.,1
"15,52",1
lesu,1
"$3.720,",1
teredam.,1
bisa.,1
"""penggunaan",1
"wajar""",1
"dilindungi,",1
memacu,1
peredaran.,1
"diwakilinya,",1
biofuel,1
negara...,1
dilambangkan,1
1967?,1
penyusutan,1
terkendali:,1
"x-nya,",1
"mesir-israel,",1
araba.,1
"kreatif,",1
kerenyahan,1
non-bebas,1
penggembalaan.,1
teratasnya,1
sosio-politik.,1
"al-rubaish,",1
al-hadary,1
luka.,1
luka-lukanya.,1
melapor,1
kontribusi.,1
“tenggorokan”,1
sinyalnya,1
"terputus,",1
"tadawul,""",1
turun-temurun,1
as-suriah,1
"potasium,",1
bermasalah.,1
(64,1
apbn,1
"merayakan,",1
beragamnya,1
kejadian-kejadian,1
"diliput,",1
karbonat,1
"hatinya,",1
sikapnya,1
"pancarkan.""",1
"al-tarjuman,",1
dilebih-lebihkan.,1
beltone,1
"879,7",1
"gratis.""",1
motsuedi,1
"permintaan,",1
fiskal:,1
"subkelompok,",1
"istiadat,",1
"kebiasaan,",1
ritualnya,1
levant;,1
pendefinisian,1
mengorbit,1
evolve,1
"tersenyum.""",1
"“ghugni”,",1
482.000,1
"menekan,",1
"melingkar,",1
bentuk.,1
melodrama,1
"tengah-utara,",1
seasonal,1
affective,1
disorder,1
"(sad),",1
“depresi,1
ketinggiannya,1
teraneh,1
"terasa,",1
"penyanderaan,",1
boehler.,1
tough”,1
"(1957),",1
"shawqi,",1
"maspero,",1
edge,1
masaeropu.,1
maspero,1
327,1
multifungsi,1
musiman”,1
"diadili,",1
zola.,1
cairnya.,1
diprediksi.,1
inspektorat,1
manusia;,1
mini-kementerian,1
subkomitenya.,1
persinggahan,1
anatomi,1
nurdan,1
kılıç,1
dem,1
pembunuhan),1
jae,1
"anterior,",1
kesulitan-kesulitan,1
hidroksiklorokuin.,1
"dikebumikan,",1
fungsional,1
"menjamin,",1
$186,1
$187,1
"diminimalkan,",1
jhimpir,1
"thatta,",1
"karachi,",1
parti,1
“seseorang,1
salurannya,1
mengadilinya.,1
terdepresiasi,1
"$1,1738,",1
"0,02%,",1
"$0,6589.",1
terbawah.,1
"diperlukan,”",1
morning,1
traveller.,1
shawn,1
"crispin,",1
dreyfus,1
sakit:,1
ajyad,1
"makkah,",1
madinah.,1
apotik,1
"cacar,",1
menyadarkan,1
"riyadh-dammam,",1
siswa;,1
"kimonyo,",1
"korea"",",1
"ketat,""",1
mercedes.,1
(cpj),1
stroke,1
neurodegeneratif,1
als,1
"kognitifnya,",1
dipegangnya,1
"shveuntek,",1
"slam,",1
"equality,",1
bermusuhan.,1
4.140.000,1
"fungsional,",1
194.000,1
"maharramli,",1
zorlu,1
"35,2",1
ribu),1
chorabari,1
ngũgῖ,1
thiong'o,1
menyikapinya,1
"$15,4",1
"$28,78",1
$254,1
(2016–2030),1
antarsektor,1
1000,1
(penahanan,1
azn,1
enerji,1
automotive,1
kragujevac,1
"panda,",1
menyelesaikannya.,1
lamban,1
"lituania,",1
"bulunya,",1
"“caramel,”",1
maghreb.,1
581.638,1
sovon,1
(js):,1
"8,87",1
tertulis?,1
ayahmu?”,1
ssr,1
kabardino-balkarian,1
(circassians),1
"555,1",1
07:12,1
"""sepihak""",1
panjang:,1
"tiktok.""",1
kapasitas.,1
"satu-satunya,",1
wael.,1
"181,74",1
dikodifikasikan,1
torkham.,1
"soma"",",1
wisata.,1
"41,5",1
"politik"",",1
"ultra-kanan,",1
diskon.,1
kian,1
kissinger,1
economist,1
capai”,1
“hanyut!”,1
"""baladi"".",1
mimbar,1
nanti…,1
bakat-bakat,1
"volumenya,",1
imja,1
ghoulo,1
yalova,1
diautopsi,1
habashi,1
"jalan?""",1
"""gadis-gadis",1
"gedung.""",1
berkorespondensi,1
"terbukti.""",1
"as-venezuela,",1
00:00,1
(greenwich,1
"time),",1
taher,1
"rocafunda,",1
"mataro,",1
"18,83",1
tekukan,1
al-suwailem,1
"cipta"",",1
"balsada,",1
persembahan,1
"nilainya.""",1
"sufyan,",1
dirujuk.,1
"balita,",1
gembira.,1
gilles,1
deleuze,1
pierre,1
"bourdieu,",1
thulagi.,1
2024;,1
chemanol,1
"sahamnya,",1
terlindungi,1
rubel.,1
"semikonduktornya,",1
ekspresi.,1
"panasnya,",1
"petualangan,",1
"pelayaran,",1
"22,4",1
maki,1
tomahawk.,1
"dimulai.""",1
berlangsung?,1
pas!,1
mendiagnosis,1
terdiagnosis.,1
"""semi""",1
(83,1
kebangkitannya,1
"tungku,",1
“berani.”,1
farsi,1
"aghabekian,",1
"sinan,",1
tegak,1
"punggung,",1
"bahu,",1
"mail"".",1
desertifikasi,1
akuntabilitas:,1
tocuyito.,1
marrakesh.,1
kaki).,1
urgensi.,1
"""pembunuhan",1
"sawada,",1
"nomura,",1
mneimneh,1
"live-streaming,",1
"ploski,",1
“ilegal,1
“muslim,1
rohingya”,1
"demografis,",1
“disinfeksi,1
"non-kreativitas,",1
"bahri,",1
"yalova,",1
01:28,1
"ketinggian""",1
harmanlar.,1
ketapel,1
berton-ton,1
"cleveland,",1
"moneter.""",1
ventura,1
"keseimbangan,",1
nablus.,1
proses-proses,1
"khartoum,”",1
профил,1
слободен,1
печат,1
е,1
optimal:,1
herero,1
1904,1
1.277,1
1.887,1
1.649,1
ditimbulkan.,1
"1950-an,",1
bertepuk,1
"kilometer.""",1
pemerintah”,1
satu-satunya.,1
perjalanan:,1
pendakian,1
everestnya;,1
"ketabahan,",1
semangat;,1
deeb,1
"saleem),",1
inbound,1
bali.,1
shafqat,1
nonari,1
“protokol,1
dunkirk”,1
imajiner,1
"perempuannya,",1
заклучен…,1
сега,1
имаме,1
лимитиран,1
опсег,1
само,1
до,1
луѓето,1
кои,1
"следат,",1
главниот,1
нашите,1
објави,1
може,1
се,1
menelantarkan,1
"digantikan,",1
merongrong,1
editorial:,1
првпат,1
во,1
сите,1
овие,1
"години,",1
па,1
"68,45.",1
$60.000,1
perpanjangan.,1
"""dusit",1
"college""",1
"bakat""",1
normand,1
"ke-14,",1
teoritis,1
"""mobil",1
tofazzal,1
"(24),",1
sima,1
"terorisme,'",1
menugasi,1
$5.000,1
sjati,1
salwa,1
nomornya,1
(bcea).,1
"diturunkan,",1
malik,1
"sundid,",1
lalunya,1
"""memantau""",1
al-safi,1
najaf,1
nan,1
"nyatakan.""",1
kanton,1
tutorial,1
identifikasi:,1
“kekhawatiran,1
dimulai…”.,1
ip,1
"dipusatkan,",1
prediktabilitas,1
"tripoli,",1
"martir,",1
"pengungsi”,",1
"libya”,",1
"tuhan,”",1
"permintaan.""",1
unit;,1
"ampun,",1
"kegelapan,”",1
"label,",1
bawa:,1
penanam,1
“memanfaatkan,1
"zuma,",1
kali).,1
"""manfaat",1
'hadiah,1
cakap.,1
libya”.,1
kardus.,1
"melindungi,",1
"2022-23,",1
"performa,",1
admira,1
"laver,",1
"3-6,",1
2-6,1
gorman,1
(ar),1
disediakan.,1
shurikin,1
letitia,1
"$3,784.01",1
"selebriti,",1
putus.,1
1817,1
12:00,1
(21:00,1
pengetahuan),1
rahmat,1
saleh.,1
lapisannya,1
medyascope.tv,1
listriknya.,1
aïda,1
"d,",1
persaingan.,1
potong,1
bahasa!,1
"kagumi,",1
"""love",1
"journey""",1
kajok,1
melibas,1
penggandaan,1
(uawc),1
hebron.,1
"luka,",1
“from,1
jamaican,1
"ghanem,",1
handbook,1
teachers”,1
(1994),1
"monograf,",1
“dread,1
talk:,1
language,1
rastafari”,1
wib),1
"penyanyi,",1
india”,1
“india”,1
"mondoweiss,",1
english:,1
"darat,”",1
didakwa.,1
"53,96",1
"$7,59",1
januari-juli,1
vektor,1
"kesinambungan,",1
sanitasi,1
kapitalis.,1
“suriah,1
"merahasiakannya,”",1
ringkas,1
ditindaklanjuti,1
solusi.,1
"terburu-buru,",1
"pertemuan,”",1
“throne”,1
“apocalyptic,1
playland”?,1
"karaj,",1
179,1
—hanya,1
"jiangxi,",1
"""pesawat-pesawat",1
kafr,1
mulus—tanpa,1
ubayiah,1
kazacs,1
megawatt-jam,1
(mwh),1
arab-iran,1
perlindungan:,1
“tumbuh,1
"60,",1
katering,1
kamis:,1
comer,1
berkesan,1
starmer.,1
puas.,1
agraris,1
perampok,1
positif.”,1
"keaslian,",1
kebangsaan.,1
"3,49",1
inci),1
"7,76",1
m,1
(25,1
kaki.,1
"momentum,",1
"rumman,",1
"al-jarmaq.""",1
“pesawat,1
"(budaya,",1
kebugarannya.,1
memulai.,1
"selalu,",1
tukar.,1
"amr,",1
menelepon.,1
galak,1
genggamannya,1
19.,1
"affairs,",1
strategi:,1
kemitraan;,1
"17,45%",1
puisinya,1
"holding""",1
"""adnec",1
"group,""",1
"kolam,",1
"menyelamatkannya,",1
berenang.,1
“lokakarya,1
[merupakan],1
zenica.”,1
cvjetković.,1
jawab;,1
angsurannya,1
cat.,1
"""modon",1
10:11,1
agamalah,1
disembuhkan,1
"cukup.""",1
melampauinya,1
publik-swasta,1
(kps).,1
al-nah,1
enppi,1
ceramica,1
haras,1
"al-hodood,",1
ceritakan.,1
"makannya,",1
"paparannya,",1
nasserisme;,1
"group""",1
83%.,1
pesonanya,1
diinginkannya.,1
netral:,1
resistensi.,1
"hekma,",1
"170,8",1
"catalan,",1
784,1
"keterampilannya,",1
"keseluruhan.""",1
"nono,",1
"forest,",1
triwulanan;,1
semi-tahunan,1
"“modernisasi,”",1
tepat?,1
konten—baik,1
independen—harus,1
hebat;,1
bimbingan.,1
tuduhan.,1
krivokapić,1
"swastanya,",1
berikutnya.”,1
hebrew,1
dermer,1
gaza.',1
"menghangat,",1
pauk,1
"sebelahnya,",1
"""bebaskan",1
"binasa.""",1
keshorn,1
"walcott,",1
klasik;,1
“pembicaraan,1
diaspora.”,1
bereaksi.,1
ransum.,1
nafi,1
makroekonomi,1
"menerus,",1
“lima,1
york.”,1
"424,9",1
horizontal).,1
"astrofisika,",1
stik,1
"usb,",1
sisters,1
"transistors,",1
mencaploknya,1
pemurnian,1
telehealth!,1
"hibah,",1
haknya.,1
anti-reflektif,1
nano-etched,1
besar).,1
"2,26",1
"""pasti"".",1
"rangkuman,",1
"2,14",1
"""5""",1
"""1"".",1
"""amerika,",1
spesimen,1
ngozi,1
"telegramnya,",1
"tuduh,",1
"charmahal,",1
mesopotamia.,1
"tigris,",1
zagros.,1
beli.,1
"phalle,",1
hayv,1
"kahraman,",1
talbot,1
"mitos,",1
"$110,100",1
subjektivitas,1
"""ukuran",1
penyimpanannya;,1
mengukurnya,1
"megawatt.""",1
"tersebut”,",1
kategori:,1
memonetisasi,1
katarak,1
qassir,1
“nasrallah,1
lapangan.”,1
arena.,1
"tekstur,",1
topiknya,1
"menarik.""",1
pertikaian,1
"sports""",1
"tauhidi,”",1
rebar,1
al-rifai,1
lembur,1
"oatmeal,",1
“pemecah,1
payung.,1
mengisinya,1
"dodon,",1
chimamanda,1
membicarakannya,1
"dilucuti,",1
disapa,1
shelly-ann,1
putri.,1
ćevapi,1
(daging,1
cincang,1
dimengerti,1
folder,1
konkret,1
$35,1
chinua,1
"seksualitas,",1
terpencil.,1
ragasa,1
bersiaga,1
"ragasa,",1
gcc.,1
berkonsultasi.,1
komentarnya.,1
menyelenggarakannya.,1
tindakan:,1
al-obeid,1
kelanjutannya,1
"""pommeliano",1
$104,1
lempeng,1
$936,1
bertelanjang,1
multi-etnis,1
“keinginan”,1
"2,65",1
"pemutih,",1
kita?”,1
"jinping”,",1
nasionalnya?”,1
“1,1
"oktober”,",1
يا,1
فلسطين”,1
"78.324,3",1
tektonik,1
bergesekan,1
"hirsch,",1
"119,2",1
24%,1
kromatik,1
"bersinar,",1
"menggemakan,",1
niki,1
"d'arco""",1
"""alfa",1
romeo,1
"tonale""",1
"1977,",1
"""poissy""",1
diperbudak.,1
berasap,1
uv,1
jequitinhonha,1
deposit.,1
"""snapback""?",1
tiper,1
noubel.,1
pemulangan.,1
"newsweek,",1
jaman.,1
prima;,1
menganggur,1
gugatan.,1
$750,1
menerbangkan,1
"prosedural,",1
miraflores,1
(dc),1
(+/-,1
volt),1
22.000,1
amerika-israel,1
"natanz,",1
"security,",1
"libertarian,",1
"securities,",1
jemaat,1
gotabaya,1
rajapaksa,1
prostat.,1
non-susu,1
qiang,1
kosi,1
okhaldhunga.,1
30-40,1
“gejolak,1
rezim”,1
keluarga:,1
"(초디비),",1
tepiannya.,1
games.,1
native,1
2010an,1
"desa-kota,",1
lung,1
al-baz,1
moneim,1
"riad,",1
"el-shazly,",1
abdel-ghani,1
el-gamasy,1
"residensial,",1
sebagiannya,1
hinterdobbler,1
surfaktan,1
nantinya,1
"""festival",1
"aswan"".",1
prioritasnya,1
47-50,1
"sukses.""",1
cucu-cucu,1
terungkap:,1
suriah?,1
“kemandirian,1
"group,”",1
"tramsa.""",1
"tertulisnya,",1
pengembaraannya,1
1.000–2.000,1
konya,1
tokennya,1
"khumbu,",1
"sendiri,”",1
"terstandarisasi,",1
seporsi,1
"terlewatkan.""",1
“cobalah,1
[atau],1
ingatlah,1
teknologi.”,1
sundubu,1
ios,1
terkurasnya,1
"""bibi,",1
"tiba.""",1
menekankan.,1
hefazat-e-islam,1
(kelompok,1
deobandi),1
panggang),1
terenak,1
(kue,1
isi),1
hannah,1
keterbatasannya.,1
"(순두부),",1
karakol,1
1910.,1
al-issa,1
"al-arkan""",1
"reaktif,",1
(ac),1
salha,1
berpenampilan,1
disayangkan,1
inkubator,1
"pencerahan.""",1
sistem.”,1
"buterezi,",1
"konstitusionalnya,",1
pesimis,1
tumbuk,1
gurih.,1
596.000),1
“komisi,1
pelacur.”,1
salwar-kameez,1
"syal,",1
"legging,",1
mendiktekan,1
hemline.,1
bunawage,1
"suaranya,",1
"""pemerintahan",1
"rendah.""",1
panjang—misalnya,1
kancing,1
dadanya—dan,1
slogannya,1
"""jadikan",1
"28,800",1
“rakyat”,1
tentara;,1
"boustani,",1
1969,1
chehab,1
[“dengan,1
"""aliansi",1
"wagenknecht""",1
(48%).,1
promosi.,1
ionik,1
[salah,1
"jarang],”",1
penghitungannya,1
super.,1
reproduksinya,1
46mm,1
51mm,1
1952.,1
tentaranya,1
"9,201",1
"9,752",1
"kebohongan,”",1
"globaldata,",1
(rata-rata,1
terjadwal,1
tunai;,1
setoran,1
"dokumentasi,",1
“18”,1
terpenuhi.,1
"health,",1
“setelah,1
"partainya,",1
"kuningan,",1
"dimanipulasi,",1
52.300,1
"3,2%,",1
45.200,1
agenda-agenda,1
anti-feminis,1
"anti-redistributif,",1
"swap,",1
derval,1
"barzey,",1
"'alexandria,",1
"sesaat,'",1
lebanon”,1
ke-82.,1
hellas,1
verona,1
raza,1
perempuan-perempuan,1
"disingkirkan,",1
"penghuninya,",1
"goresan,",1
al-muammar,1
(mis),1
imdad,1
"60,53",1
gaúcho,1
dihindari;,1
"mempertahankannya,",1
"diinternalisasi,",1
membongkarnya.,1
tiran,1
nepal?,1
memutuskan.,1
molinari.,1
juderías,1
“legenda,1
"hitam”,",1
“humanis”,1
"mengecatnya,",1
subversif,1
formalitas;,1
"prime""",1
sepengetahuan,1
cósmica”,1
cosmic,1
race),1
(1925),1
homogen.,1
mama,1
mkesha,1
"brooksby,",1
stuttgart,1
eastbourne.,1
regional/internasional,1
esposito,1
mitranya.,1
masif,1
marochan,1
"73%,",1
pengalamatan,1
modernitas.,1
rentenir.,1
jane,1
"foley,",1
"rabobank,",1
tanggalnya,1
"pembatas,",1
mengajar.,1
konseptual.,1
maitree,1
bandhan,1
mitali,1
tangganya,1
"longgar,",1
"cekung,",1
belgia.,1
"tersebut,""",1
218.000,1
ladon,1
kontemplatif.,1
"kargo,”",1
"pirapora,",1
halaib.,1
mou,1
mendengarkannya,1
stigmatisasi.,1
istiadat,1
kafir,1
pekan.”,1
"""alternatif""",1
"nashayi""",1
maksimalnya,1
"""mari",1
tenang...,1
"persenjataan,",1
“doktrin,1
"fm,",1
berkorban,1
"untukmu,",1
palestina”],1
"al-durrah,",1
liberal”,1
"114,1",1
"115,9",1
ilmunya,1
mentor.,1
"11,1",1
"10,7",1
"8.653.989,6",1
"karbon,”",1
نفديك,1
menuntun,1
“truk,1
mesir-gaza,1
berlaku”,1
mesir–gaza.,1
samad,1
shikhi,1
epstein:,1
[berusia,1
tahun],1
sekolah:,1
“بالروح،,1
بالدم،,1
"memperlambat,",1
¿no,1
va,1
subir?',1
mañana,1
tarde,1
"otro”,",1
"dadu,",1
catat,1
precios.,1
locorno,1
"1.578,",1
"hill,",1
(ipo).,1
"knalpot,",1
"resepsi,",1
pameran.,1
"l'equipe,",1
angkasa;,1
mekong.,1
"zakharova,",1
"sheika,",1
blogging,1
johnson.,1
"1951,",1
"tribhuvan,",1
teridentifikasi.,1
"“halaibis”,",1
2o,1
"oksida,",1
sulfur,1
xavi.,1
"ditawarkan,",1
hengkang.,1
radical,1
"al-qot,",1
ledeng,1
“properti,1
mortir;,1
iklim?,1
ozon.,1
prinsipnya,1
"'caramba,",1
pakistan?,1
menstruasi?”,1
direstrukturisasi,1
"tumbang,",1
co-ceo,1
"hurd,",1
ellison,1
senin:,1
"jerman.""",1
"landlord,”",1
"3,38",1
"3,45",1
quedábamos,1
pensando,1
'mengapa,1
talabat,1
"3,18",1
$51,1
menabraknya,1
pengobatannya,1
"diadakan,",1
detroit,1
tigers,1
fenway,1
boston.,1
pengerjaannya?,1
26.500,1
membesarkannya,1
savvy,1
oc,1
“hiper-meritokrasi”,1
mampu.,1
"terbarukannya,",1
kesucian,1
"""bobby",1
"klaimnya.""",1
"anis,",1
penilai,1
$120,1
dihakimi,1
didiskriminasi.,1
al-rajoum,1
disabilitasnya,1
temuannya.,1
“kejutan,1
jauhnya.”,1
bagusnya,1
"gauks,",1
"naratif,",1
"pelukis,",1
progresif?,1
crypto,1
"quant,",1
diagonal,1
"avenue,",1
pengamatannya,1
"0,67",1
musoke,1
sin,1
(tanpa,1
diasap.,1
anti-assad,1
"99,9%,",1
"venesia,",1
"72,5",1
"21,3",1
"41,6%.",1
"1,31",1
makanan:,1
"0,58",1
jebakan.”,1
"1,0%,",1
vii,1
"""depth""",1
al-araari,1
mempromosikannya.,1
"targetnya,",1
(ucla).,1
"""dokter",1
"kimia"".",1
(susan,1
oliveira,1
fernanda,1
cris,1
"al-naam,",1
"keharmonisan,",1
"petunjuk,",1
seagama,1
al-majidiya,1
sosio-kultural.,1
mempelajarinya.,1
saat.”,1
bills,1
"41,77%",1
"41,69%",1
"16,9%",1
"12,4%",1
bill.,1
"franco),",1
fremont,1
"65,3832",1
darurat”,1
lembah-lembah,1
meteorologi.,1
$33,1
"records,",1
92%.,1
tema;,1
“operación,1
knock-knock),1
penolakannya.,1
observer,1
"03,26518",1
"antónio,",1
tirso,1
"sitoe,",1
edgar,1
barroso),1
(raul,1
"tati),",1
"ketagihan,",1
dielakkan.,1
saudi-qatar.,1
"“pemecatan”,",1
"poros,",1
"5,1%,",1
(nelson,1
"0,01%",1
veto,1
"$71,7",1
diidolakan,1
"mesias,",1
kantin,1
berlatar,1
reaktif.,1
ciptaan,1
"kemuliaan,",1
ditempatkannya,1
banteng,1
oral,1
mit,1
340,1
pmt-nya,1
"mw,",1
pmt,1
mw.,1
"triase,",1
statistik;,1
"maroko-mesir,",1
praktek-praktek,1
"puasa,",1
"kerabatnya,",1
pengacaranya.,1
"""telefouni""",1
"(stem),",1
"pahit”,",1
sabera,1
keras:,1
pertanyakan,1
keramaian,1
"poste,",1
medjeda,1
nadjoua,1
"rahem,",1
"femmes,",1
"cordoba,",1
internetnya.,1
bulannya,1
gérard,1
kewibawaan.,1
"sayapnya,",1
terbebaskan,1
menjelma,1
diajak,1
"sayap,",1
terangkat,1
pembangkang.,1
*ringkasan,1
"rutshuru,",1
"nyiragongo,",1
"masisi,",1
46%,1
"dikontraknya,",1
represif.,1
merayakannya.,1
613,1
amanat,1
"al-asimah,",1
"hajjah,",1
"amran,",1
"al-dhale'a,",1
"dhamar,",1
"ibb,",1
"sa'da,",1
"al-mahwit,",1
al-hudaydah.,1
waktu;,1
menghargainya.,1
dilma,1
rousseff,1
“takut”,1
tandingan”,1
mati-matian,1
“ladang,1
pembantaian.”,1
terkecuali,1
kerapuhannya.,1
moheb,1
"habashi,",1
"al-qabouti,",1
unitree,1
kelayakannya.,1
asramanya,1
kolase,1
"diy,",1
koper,1
pengrusakan,1
izin),1
kesopanan.,1
“sebagai,1
"diaspora,”",1
bukakata,1
"masaka,",1
gesit,1
pelabel,1
dikosongkan.,1
roshen.,1
economy,1
sergas,1
92.000,1
slam,1
strootman,1
net.,1
(northern,1
disembunyikannya,1
terlibat.”,1
"mikron,",1
pelet,1
menyewakannya,1
dilalui,1
"ke-27,",1
declan,1
"rice,",1
denzel,1
dumfries,1
ruiz,1
ke-24.,1
roda.,1
"""tuan",1
"presiden""",1
pelantikannya,1
menjamunya,1
“penaklukan,1
tasnim,1
mengklasifikasikannya,1
“makhluk,1
iv:,1
berkahnya,1
pos.,1
surendra,1
paudyal,1
"irorgi,",1
serrano,1
"pemesanan,",1
militer:,1
dipertanggungjawabkan.,1
"menyesal,""",1
(minoritas),1
surut;,1
kandung,1
sharghi:,1
‘bahan,1
impikan,1
"kamp,",1
tandingan,1
taipan,1
visioner,1
"fujimoto,",1
"cakarnya,",1
mencengkeram,1
berani:,1
"menjauh,",1
diparkir,1
berjaga,1
venezuela-kolombia.,1
"kehancuran.""",1
"""snapback"":",1
466,1
"lehernya,",1
baltik.,1
"""chai",1
"tepat"",",1
gulung,1
mendidihkannya.,1
memecahkannya.,1
evans,1
"energy,",1
’”,1
"ditandai,",1
"izmir,",1
cemil,1
07:30,1
"""bonbast""",1
"""alan",1
"chand"".",1
"greenalite,",1
"hessingerite,",1
ferroaluminosella,1
berganda,1
terkurung,1
"blackrock,",1
laporkan,1
meramaikan,1
mekanis,1
pemilihannya.,1
"al-kayaryah,",1
"take-two,",1
activision,1
"blizzard,",1
"capcom,",1
koei,1
tecmo,1
"dunite,",1
"spektral,",1
"teladan,",1
pemicu”.,1
"$3,772.20,",1
"pedofilia,",1
felca,1
tugar,1
​​poin,1
"golgappa,",1
"phuchka,",1
gupchup,1
daerahnya,1
20–25,1
"evans,",1
pakaiannya.,1
al-ahly.,1
region,1
yanbu,1
"garcía-sánchez,",1
brandão,1
"figueiredo,",1
pemetik,1
ceri.,1
"badweyn,",1
"menghubunginya,",1
dipadamkan.,1
berempati,1
menyembunyikannya,1
artis.,1
pembedahan,1
"witz,",1
"3,47",1
fosfatnya.,1
boodog,1
"kafe-kafenya,",1
nicole,1
restorannya,1
bercahaya,1
"mitologi,",1
(tertawa).,1
al-kilani,1
siapa-siapa”,1
dilakukan:,1
hirsch,1
memecatnya,1
"hegseth,",1
"jun,",1
vitalnya,1
asia-pasifik.,1
"buruk”,",1
bersuara.,1
pierrebonne,1
"bankir,",1
keruntuhannya.,1
badran:,1
besi?,1
kembali”,1
ferdinand,1
witz,1
front.,1
analisisnya,1
zaur,1
shiriyev,1
nikolaevich,1
"qbaada,",1
polyana).,1
merotasi,1
mendesain,1
"moraine,",1
"3.163,17",1
al-adala,1
menyerapnya.,1
kesebelas,1
"web,",1
el-saqqa,1
rakyat?,1
tipikal,1
"(au),",1
dasbor,1
"kooperatif,",1
"0,99%",1
"45.493,66",1
"0,49%",1
jebol.,1
tanda:,1
'marijuana,1
kesehatan'.,1
“postingan,1
dimuat.,1
oms,1
"farage,",1
gohar,1
"hayat,",1
nuwaiseeb,1
2031,1
seterusnya,1
"(36,9",1
gagasan;,1
"weikert,",1
magang,1
berhenti.,1
"morrissey,",1
konsernya,1
membatalkannya,1
“laporan,1
"tiongkok,”",1
persamaannya,1
pribuminya,1
orang”,1
(mayoritas),1
“bukan,1
dimakzulkan.,1
"terkristalisasi,",1
"mediator.""",1
dilepaskan.,1
"performanya,",1
“izin,1
waktu”,1
tawanan.,1
megah.,1
"ragu,",1
cangkir!,1
gueye,1
afcon.,1
"gaza,”",1
2630/2020,1
"magnesium,",1
potasium.,1
“mewakili,1
1940an.,1
rojo,1
penuh”,1
"10,8%",1
"play,",1
harmony.,1
menggembalakan,1
rusa,1
"kutub,",1
chumrabotnitsa,1
"chum,",1
beraroma;,1
"minumannya,”",1
begitulah,1
tainan.,1
signal,1
viber,1
"bergambar,",1
"mewarnai,",1
adonan,1
mainan.,1
xizang,1
tibet.,1
jaydon,1
sharif;,1
11:54,1
al-nahyan;,1
"davenport,",1
"""langkah-langkah",1
"pbb""",1
sembrono,1
petualangan,1
"tragedi,",1
betapapun,1
berbahayanya,1
deskriptif,1
mclaughlin-livrone,1
"jerman),",1
anti-terorisme,1
madboully;,1
arahan;,1
"terpesona,",1
"asal-usulnya,",1
horizontal,1
terkait—penindasan,1
"pembantaian,",1
penjara—dan,1
kelembagaan:,1
"volatilitas,",1
"bikalo,",1
ke-38,1
616kw,1
"""surplus",1
aghabor,1
azna,1
trilema,1
"“separatis”-nya,",1
"prediksi,",1
“koordinasi,1
"saudi-qatar,”",1
"meduza,",1
kemiripannya,1
"1,41",1
"dedikasinya,",1
dimakan.,1
digunakannya,1
"oladgobad,",1
"kekuasaan""",1
"selundupan,",1
"tabung,",1
karceral,1
krusial;,1
"pelantikannya,",1
iv,1
bourbon.,1
martabatmu,1
menaikkannya,1
perkiraannya,1
"jauhnya,",1
kompatibilitasnya,1
"disesuaikan,",1
christians,1
"""csec",1
reaksioner.,1
ledak.,1
bolivarian.,1
"161,1",1
289,1
"dukung,",1
emulasi,1
"store-nya,",1
"guba,",1
leyanis,1
perez,1
"14,94",1
juga.”,1
"east,",1
info.,1
instruktif,1
ekonomi:,1
haji.,1
menyaksikannya,1
tamim,1
"al-thani,",1
emir,1
qatar;,1
erdogan;,1
widodo;,1
shafiq,1
"mengejutkan.""",1
"pengungsiannya,",1
belarusia.,1
dinamis.”,1
kaja,1
pembesaran,1
marta,1
kos,1
“semangat,1
tempur”,1
daya”,1
"utara”,",1
"'aku',",1
diriku.,1
kecantikan.,1
"anglikan,",1
mission,1
injil,1
"""dipanggang""",1
(tostado).,1
jihadis,1
musleh,1
"al-aliani,",1
“tradisi,1
"pagan,”",1
al-sham.,1
leonie,1
“gemini”,1
tradisionalis.,1
"mcdonald's,",1
"pepsi,",1
bengali-muslim,1
filipe,1
"nyusi,",1
"30an,",1
mendivestasikan,1
etf-nya,1
330,1
serahkan,1
"jenderalnya,",1
"penggantinya,",1
sembunyikan,1
eksposur,1
“silent,1
"occupation,”",1
dystopian,1
pemasangan.,1
artisanal,1
tenunan,1
nozha,1
zhina,1
"“perempuan,",1
kebebasan”,1
"(amandemen),",1
serbaguna.,1
"abenet,",1
tunis,1
václav,1
“borjuis,1
reaksioner”,1
melahirkannya,1
"kampus,",1
personalisasi,1
"cabello,",1
knock”,1
"kluth,",1
"sekilas,",1
"franco,",1
"($2,23",1
berunjuk,1
barrandov,1
"usd),",1
"deepfake),",1
anti-demokrasi.,1
hosein,1
gharibnavaz,1
safashahr,1
terinformasi,1
1964.,1
"divisi,",1
kibirizibto,1
"brito,",1
"provokatif,",1
ofensif.,1
"dikeluarkan,",1
rivian,1
mesir-somalia,1
dimanipulasi.,1
subyek,1
"“panas”,",1
kerasnya.,1
chipnya,1
"dhl,",1
"korporatnya,",1
"utangnya,",1
relawan?,1
restitusi,1
perlawanannya,1
partisan,1
1.700,1
dibidik,1
al-mahasama,1
"ahwar,",1
abyan,1
brighton,1
"504,7",1
"11,8",1
bahwa:,1
ehab,1
"wasif,",1
4.963,1
4.920,1
aud,1
"ke-66,",1
"ke-85,",1
jacob,1
morell,1
berkemah,1
"1,02%,",1
"$70,13",1
"penyelesaian,",1
"5,17%.",1
adakah,1
fatimata,1
madeleine,1
silvestre,1
pence.,1
اقتحم,1
وأحرق,1
أهالي,1
بلدة,1
#درنة,1
تُطالب,1
بإسقاط,1
chi,1
lai,1
"“gema”,",1
cacing.,1
carragher,1
news/al-hadath,1
etika.”,1
"dikatakannya,",1
1945...,1
"sebaliknya.""",1
"kue-kue,",1
"manisan,",1
"restoran,",1
hijra,1
gharana,1
digiling,1
komunal,1
kulkas,1
lapangan?,1
tertentu?,1
"45%,",1
(@gazanotice),1
"bersalin,",1
"ivf,",1
"arabisme,",1
dalia,1
julia,1
البرلمان,1
ورئيسه,1
#عقيلة_صالح,1
kesuksesannya.,1
"perampokan,",1
giginya,1
dibuang.,1
تلاه،,1
koundé,1
"rashford,",1
"""dibedakan""",1
rashford,1
ronnie,1
"bardaji,",1
"roti,",1
maghrebi,1
بعد,1
أسبوعٍ,1
على,1
الإعصار,1
«دانيال»,1
"catatannya,",1
"quebec,",1
sekularismenya,1
"lobel,",1
ketidakjujuran,1
disertasinya,1
"casemiro,",1
kualitasnya,1
shenoy,1
"""brutané"",",1
anti-kapal,1
anti-pesawat.,1
nikos,1
tragganidas,1
“diolesi,1
"nick,",1
diselesaikannya,1
griezmann,1
responsnya,1
"abstrak,",1
butuhkan.,1
"nuseirat,",1
"baru',",1
putrinya...,1
trump...,1
termanis,1
dunia...,1
al-shati,1
"posazennikov,",1
"atasnya”,",1
jenderal.,1
"al-hayat,",1
al-watan.,1
madinah,1
"nabawi,",1
"seismik,",1
berolahraga.,1
etnografi,1
karel,1
"fuchs,",1
saudi-china,1
"$1,74",1
“siapapun,1
trust,1
"0,60%",1
"1.000,57",1
graeber,1
wallace,1
"""pencurian",1
dituju.,1
kooptasi,1
penghalang.,1
mengharuskannya,1
"parsial,",1
"supermarket,",1
pemuka,1
spdr,1
kontradiksinya.,1
"""kenyataannya",1
istirahat.,1
"kredibel,",1
rainey,1
"kalinya.""",1
myro,1
"rolim,",1
multidisiplin,1
"(abramd),",1
"(reduc),",1
kellogg,1
rubio.,1
pic.twitter.com/qm0b3jksdi,1
timimoun,1
[mantan,1
2024],1
namun...,1
“berbuah”,1
tizi-ouzou.,1
"""museum",1
"pertama""",1
beraspal;,1
"sweilem,",1
pengisiannya,1
"brooks,",1
"tegak,",1
bejaia,1
kebutuhannya,1
"4,82",1
"3,67",1
palestina-israel,1
kesalahan;,1
embun,1
kambuhnya,1
"kambuh,",1
christiane,1
desroches,1
"noblecourt,",1
menghilang.”,1
"memberitakan,",1
corniche,1
jeritan.,1
awami.,1
disinyalir,1
mainkan,1
ines,1
"lamloum,",1
"omct,",1
“kompensasi”,1
melestarikannya,1
homogenisasi,1
eknitti,1
nitithanprabhas,1
unggah,1
tangis,1
"“mengasumsikan,",1
"mengadopsi,",1
"“berpakaian,",1
"menampilkan,",1
"sebutinde,",1
ketidakberpihakan,1
disertakan.,1
transkrip,1
"berperkara,",1
otomatisasi:,1
"saku,",1
seniman.”,1
perang:,1
"greenland,",1
romana,1
"zolotnyk,",1
jonathan,1
keji.,1
“kebijakan,1
"rasis,”",1
ribuan.,1
2.5.,1
"anglophone,",1
"eksploratif,",1
properti-properti,1
residensial.,1
(tylenol),1
“komik,1
mengelak,1
merespons.,1
"berseru,",1
bertingkah,1
lahiriah,1
"rayuan,",1
"bujukan,",1
sejenisnya.,1
"(pdb),",1
"eufrat,",1
akun:,1
zijin,1
(紫金矿业),1
mekelle.,1
anónima,1
(ypf),1
katoda,1
catamarca.,1
"""sebenarnya,",1
negeri.”,1
pengibaran,1
"anarkis,",1
"mudah,”",1
"""tanggapan",1
"positif""",1
mengucilkan,1
menganeksasi,1
kategorisasi,1
ypf,1
irak-turki.,1
ons),1
mengimpornya,1
kemanjurannya.,1
digarisbawahi,1
“amazon,1
"seas,”",1
terjamah,1
"kepadaku,",1
bijaksananya,1
aku.,1
"sarah,",1
(cese),1
lage,1
“riyadh,1
"pembangunan.""",1
dipesan,1
cuny,1
painting,1
sculpture,1
"“bebas”,",1
kenakan.,1
negara),1
hammamet,1
tipper,1
$141,1
"28,23",1
"dion,",1
rocafonda,1
mataro.,1
"townsends,",1
"""prasmanan",1
"terbuka""",1
billie,1
schengen,1
"""gila""",1
"""amusing",1
ourselves,1
"death""",1
neil,1
cabut,1
tpa.,1
pakhlava,1
"shekerbura,",1
qogal,1
novruz.,1
aizouqi,1
"31,9%,",1
"179,1",1
"0,80%",1
"22.318,766",1
pbb-arab.,1
strategi.,1
"kader,",1
carrie,1
"obeid,",1
174,1
"al-jarrah,",1
1.730,1
8.954,1
cadang.,1
"pemberdayaan,",1
membahayakan.,1
"kegunaannya,",1
“menghilang”,1
act,1
globalisasi.,1
“tadawul”,1
"""arktik"",",1
besaran,1
$66,1
$67,1
chp.,1
"catat,",1
"dibersihkan,",1
"$38,22",1
"$1,9",1
tradisi;,1
bamiyan,1
"76,6",1
negosiasinya,1
mayoritas.,1
"rivian,",1
2.856,1
simeoni.,1
"howesen,",1
carreras,1
kehebatannya,1
penjajahan.,1
eugenol,1
implikasinya?,1
teman-teman.,1
teratasi,1
mengkodekan,1
kata-kata.,1
"napoli,",1
sadovnici,1
fayyad,1
"“flow”,",1
mendenda,1
truk.,1
sabotase.,1
dikecam,1
"25,73",1
"4,15",1
"3,6",1
novaya,1
"kakhovka,",1
"oganesov,",1
"mate,",1
bertingkat.,1
"siri,",1
murat,1
"kurum,",1
zombie,1
"distribusinya,",1
"ajudikasi,",1
picent,1
moniza,1
kakar.,1
"6,34%,",1
​​​​mengalami,1
"finansial/ekonomi,",1
nasionalis/etnis.,1
"harapan.""",1
"kakeknya,",1
lawan;,1
"""uli",1
hoeneß,1
"nagelsmann,",1
tuchel,1
"sendirian.'""",1
"o'hare,",1
"doha"".",1
"ditolak,”",1
suratnya,1
nyu.,1
"jezero,",1
tertutup.,1
suriah),1
(21:54,1
"$1,13,",1
"1,6%,",1
"""al-shater""",1
posting,1
"diblokir,",1
fasis.,1
corman,1
mohan,1
ranganathan,1
"""new",1
"express""",1
biasanya.,1
antikorupsi,1
rapat.,1
penyusup,1
hipoksia,1
(kekurangan,1
oksigen),1
gianfranco,1
"zola,",1
york:,1
african,1
"sciences,",1
diskriminasi”,1
ketidakjelasannya,1
representatif.,1
kabin,1
"imf,",1
"""id",1
deformasi,1
"disangkal,",1
mengkomunikasikan,1
“pemerkosa”,1
“penjahat”,1
"80,7%.",1
utara-barat,1
hadirin.,1
substantif,1
informatif,1
hiburannya,1
al-mariri,1
harian.,1
kios-kios,1
kontaminasi.,1
562,1
“neraka”,1
terfragmentasi.,1
imf.,1
"arada,",1
regal.,1
tripoli,1
"hourihanani,",1
​​menghadiri,1
"berpisah,",1
"memahami,",1
"78,0",1
"78,4",1
14.500,1
"10,8%,",1
joki,1
atasi.,1
hajja,1
"khadija,",1
turin,1
mauricio,1
"arrivabene,",1
"7,1%,",1
69.000,1
pedas.,1
northern,1
"territory,",1
qassam,1
engrist.,1
"10.35,",1
keseimbangannya.,1
"keterbukaan,",1
"universalitas,",1
"6,1",1
setempat:,1
limbah?,1
"pedas,",1
"“acar”,",1
"–5,5",1
balita,1
akta,1
"efisiensinya,",1
"perdamaiannya,",1
dialog-dialog,1
pasca-washington?,1
syria:,1
"����������������������������������������������������������),",1
“bunda,1
maria”),1
"pegunungan,",1
(4.900,1
kaki),1
"2040,",1
franca,1
"olabi,",1
daegu.,1
farhikhetkan,1
menyumbat,1
"drainase,",1
(cnm),1
permulaan.,1
"pbb.""",1
hammers,1
357,1
sporadis.,1
“tradisi”,1
(17,1
ubi,1
"2,7)",1
"1,7)",1
"nobekuh,",1
"dehbid,",1
berguncang,1
mendesak:,1
diri?,1
“radikal,1
"sindi,",1
"""setia"".",1
“prialah,1
positifnya.,1
“ekstraktif”,1
“tahap,1
penyiapan,1
terealisasi.,1
"novel,",1
"puisi,",1
teater.,1
"kajouk,",1
bising,1
anehnya,1
levelnya,1
534,1
"eks-kolonial,",1
“inklusif”,1
"hikmahnya,",1
executive,1
"rajin,",1
mardawi,1
"""perkembangan",1
luar?,1
kendo:,1
"(venezuela),",1
chan,1
santokhi,1
"(suriname),",1
irfaan,1
"(guyana),",1
"(kolombia),",1
"dilestarikan,",1
benihnya,1
mesopotamia,1
nonaktifkan,1
“luar,1
"negeri”,",1
“rumah”.,1
bercampur.,1
"bahkan,",1
"orunmila,",1
orisha,1
olodumare,1
gandum.,1
digit,1
"disepakati,",1
"redistribusi,",1
austin,1
"f-16,",1
pemeliharaannya.,1
selarasnya,1
"32,",1
edinburgh,1
sempitnya,1
"ftc,",1
"dipikir-pikir,",1
murah:,1
arce,1
"(bolivia),",1
hurd,1
fernandez,1
"(argentina),",1
"(chili),",1
"lasso,",1
"(ekuador),",1
abdo,1
benítez,1
"(paraguay),",1
"(uruguay),",1
otárola,1
perú).,1
komputasinya,1
merancangnya.,1
"(brasil),",1
signifikansi.,1
terapi:,1
teknokrat.,1
rca,1
konseptualnya,1
miguel,1
"díaz-canel,",1
el-ayoun,1
batna.,1
termudah,1
disidangkan,1
"chun,",1
kecilmu?’,1
mengkonsentrasikan,1
"ship,",1
djamel,1
smail,1
setif,1
sihir,1
al-qur'an,1
salibi,1
"penumpang),",1
"brandenburg),",1
movline,1
purna,1
movline-nya,1
"wordsworth,",1
taste,1
muammar,1
jarrah,1
perasaan.,1
semangkuk,1
menyegarkan.,1
sesampai,1
mengakumulasi,1
kekayaan?,1
"keberadaan,",1
407.000,1
"dilikuidasi,",1
coingecko.,1
mentahnya,1
tiga?,1
"galtieri,",1
"mahar,",1
zahran,1
"87,7%.",1
mencukupi,1
makanannya,1
"penampilannya,",1
keempat:,1
dilewatkan,1
solid.,1
cork,1
generasi.”,1
menyertainya.,1
"somo,",1
figuratif,1
haus.,1
al-murabit,1
tayangan,1
"kilogram,",1
"pasar"",",1
"$1,813",1
"$15,993",1
golan.,1
bionik.,1
visualisasi,1
anak.”,1
kencani,1
"kapasitasnya,",1
egoisnya,1
notice,1
"interpol,",1
"""asharq",1
"al-awsat""",1
dihitung.,1
"anggar,",1
menyalakannya.,1
tergantung.,1
dammam,1
7.200,1
notulensi,1
ketidakpercayaan.,1
"bersemangat,",1
"420,9",1
"perpecahannya,",1
utah,1
dituduh.,1
marzouk,1
"""sikap",1
"sah.""",1
kisah:,1
"berbisnis,",1
"manifestasinya,",1
ekspresif.,1
"eurocontrol,",1
"daratnya,",1
"""al-saqqa""",1
prioritas.,1
melakukannya!”,1
"femicide,",1
"cng,",1
"becak,",1
teregulasi,1
pasar;,1
"terpolarisasi,",1
hayom,1
"dikonsumsi,",1
memanifestasikan,1
teknologi:,1
repórter,1
meninggalkannya,1
koohrang-3,1
"pualawi,",1
bandara-bandaranya,1
mati?,1
merenungkan:,1
acar,1
load,1
"attar,",1
keheningannya,1
kepalsuan,1
"31,62",1
"100,00",1
"anti-zionis,",1
"100,00,",1
"sumpit,",1
"naturalisasi""",1
‘sampai,1
"kekasih,’",1
conference,1
birds,1
ahronoth,1
"11,77%,",1
"$4,187",1
"$3,746",1
"40,97",1
"""dipilih""",1
indrawi,1
dimilikinya:,1
"keberuntungan,",1
vaksin-vaksin,1
cossack”,1
"roubaud,",1
1847.,1
mitsui,1
"9,8%",1
"1,7",1
amiri.,1
rupununi,1
guyana.,1
"""rencana",1
"terjangkau""",1
“mengambil,1
pemilu”,1
“mematuhi,1
sekarang.”,1
"becker,",1
menggantungkan,1
"menyiratkan,",1
"penggusuran,",1
"aishalton,",1
berjangka.,1
"pendampingan,",1
individualisme,1
patel,1
kafi,1
"kayal,",1
(sana),1
belati.,1
nazrul,1
mengkompromikan,1
"meskipun,",1
ex-dividen,1
"walton,",1
148%,1
"76,9",1
"pengertian,",1
"kelengkapan,",1
"spiritualitas,",1
"aset-asetnya,",1
hosni,1
fattah.,1
kash,1
orangnya,1
mengatasinya?,1
(38,1
​​​​mengatakan,1
remajanya.,1
memperingatkannya,1
"nyata""",1
bijak.,1
winston,1
churchill,1
margaret,1
thatcher.,1
"balasannya,",1
"ouagadougou,",1
ocbc,1
12–17,1
"coding,",1
"robotika,",1
safeguarding,1
conflict,1
coalition,1
(properti,1
"(""spa"").",1
anti-pemerkosaan,1
"kriket,",1
vasu,1
"menon,",1
tecnolochicas,1
"43,72,",1
diapit,1
busang,1
collen,1
kebinatshipi,1
pembelajaran.,1
langkanya,1
(terbuka),1
rontok,1
kesengajaan.,1
"“fight,",1
menghapuskannya,1
"freeze,”",1
"1,89",1
"857,5",1
otonominya,1
"kedelapan,",1
pembangunannya,1
"lar,",1
kacau.,1
joynt,1
6-0,1
6-2,1
kelimanya,1
"flight,",1
digemari:,1
"disaring,",1
“mate”,1
"“mati”,",1
“pemangku,1
dikhianati.,1
bersinggungan.,1
skorsing,1
pelanggarannya,1
"43,53)",1
bayapo,1
jereem,1
"(44,20),",1
nabati,1
epidermis,1
sampo,1
menghidrasi,1
helaian,1
“yerba”,1
"“ramuan”,",1
rizzo,1
“ketidakhadiran,1
"paksa”nya,",1
249,1
ndori,1
atlet.,1
kontrasepsi,1
"hipertensi,",1
batas:,1
diulang,1
pergilah,1
"digantung,",1
entebbe,1
mengemuka,1
ratifikasi,1
pengayaan...,1
$20.000,1
"belaka.""",1
359,1
"akrobatik,",1
wells.,1
amara,1
(9-7),1
penghindar,1
domingo,1
larez,1
sucre.,1
diajukan.,1
terdesak,1
maksudnya?,1
"$30.000,",1
281.000,1
penampakan,1
aalborg,1
"(utara),",1
esbjerg,1
"(barat),",1
"sønderborg,",1
skridstrup,1
berangkat.,1
taruh,1
pra-columbus.,1
"itu?”,",1
"konya,",1
sekop,1
"perbincangan,",1
$74,1
"analisisnya,",1
milimeter.,1
spesifikasinya,1
mintalah,1
primitivisme,1
membudidayakan,1
guaraní,1
"bertanya-tanya,",1
márquez.,1
gas-gas,1
"81,5",1
bekris,1
netralisasi,1
balik.,1
pengecek,1
antivaksin,1
putihnya,1
semburat,1
kuning;,1
ketahanan?,1
kira,1
"vitamin,",1
lira,1
"disajikan,",1
biskuit,1
samosa,1
kambing.,1
al-nuwaibit,1
berambut,1
"terlihat,”",1
"nala,",1
"lakukan.""",1
batutah,1
"al-omari,",1
"plagiarisme,",1
musafir,1
menjiplak,1
disebutkannya.,1
"70,8545",1
"57,3430",1
"dilawan,",1
duri,1
transformasinya,1
"pillieri,",1
disiplinnya,1
"terpecah-pecah,",1
dagestan.,1
sembuh.,1
"sports,",1
"7,4",1
"kolesterol,",1
"bersabar,",1
janinnya.,1
rocío,1
"miguel,",1
biaggio,1
"rima,",1
sehebat,1
dan/atau,1
“kedua,1
"sisi,”",1
"sesekali.""",1
terancam?,1
"duka,",1
"kesendirian,",1
solidaritas;,1
mempostingnya,1
disadari.,1
diintimidasi,1
"briefing""",1
terlibat...,1
lachlan.,1
"disertakan.""",1
ibrani,1
reskin,1
nakba.,1
"company"".",1
"(hts),",1
militan.,1
klaus,1
"michelsen,",1
sunday,1
studio?,1
intelijen.,1
​​menjadi,1
"19,8",1
9%.,1
besar-besaran;,1
"khotbah,",1
muak,1
ha.,1
rasim,1
"musabeyli,",1
"musisi,",1
melampauinya.,1
onyango,1
weiss,1
"asad,",1
orientalis,1
austria-yahudi,1
"ditantang,",1
standar-standar,1
praktiknya.,1
"luna-25,",1
utsri,1
"penyair,",1
krusial:,1
medis”,1
"kyoto,",1
mpiche,1
pericard,1
"""f*ck",1
"chinese,""",1
walmart,1
"seseorang,”",1
saakashvili.,1
memesona,1
“al-ikhtiyar”,1
ruiz.,1
choice),1
"(2020),",1
36%.,1
logonya,1
gurman,1
cupertino,1
reina,1
ke-33,1
garcia.,1
"anti-oposisi,",1
tsulukiani,1
antsukhelidze,1
(t,1
1932,1
pendiri.,1
piramida.,1
"48,20",1
•lucas,1
walton,1
menularkannya?,1
moataz,1
"barshim,",1
golnya,1
"senégal,",1
gemini.,1
"produknya,",1
chrome.,1
ditarik.,1
"""al-hadath.net"",",1
"74/247,",1
"urmia,",1
semangka.,1
272,1
286,1
623,1
mimpinya,1
proletar.,1
"bertemu,",1
salahnya,1
5-0,1
achraf,1
"mendes,",1
persepsi;,1
longus,1
"perlambatan,",1
polimer,1
"""in",1
taduas,1
"salsa"",",1
“dikorbankan,1
"u-20,",1
"osvaldo,",1
1985,1
"1987,",1
efla,1
cabral,1
"faktual,",1
"representatif,",1
guizhou,1
1.420,1
paramedis”,1
mariupol,1
suárez,1
hartsfield-jackson,1
atlanta,1
komentar.,1
"collins,",1
"143,27",1
parsel.,1
(8),1
gothenburg,1
bersejarahnya,1
gitar,1
senar,1
ibadah.,1
skill,1
aryub.,1
"neves,",1
halaman?”,1
beldy,1
"banter,",1
dihalangi,1
mogok,1
cheetah,1
nicky,1
"nicole.""",1
saeeda,1
"14%,",1
khawatirkan,1
inggris;,1
ini).,1
$313,1
"gabbeh,",1
terenkripsi;,1
"komentar,",1
mchenry,1
"vaught,",1
"""kantor",1
"pemerintahan,""",1
šwijontek,1
mencekam,1
hagar,1
"kesenangannya.""",1
"menggunakannya,",1
project.,1
"york.""",1
"terdevaluasi,",1
"lgbtq+,",1
"rusia–kaukasia,",1
1864.,1
intelektual?,1
"bodoh.""",1
"10,000",1
wi-fi.,1
jabr,1
tegas;,1
kewenangan.,1
"banyak),",1
"""cityscape",1
"2025"".",1
upon,1
"tyne,",1
exchange-traded,1
nawalparasi,1
"11,2",1
20.000).,1
"watum,",1
kolwezi.,1
"sarrag,",1
"""profesor",1
teman-temannya;,1
"mempermalukannya.""",1
"sinis,",1
meminang,1
"sekolah?""",1
patungannya,1
(etf),1
"kelambanan,",1
"dilonggarkan,",1
"pembersih,",1
anti-india.,1
marca:,1
“cerita,1
anda?”,1
"sarapan,",1
"derajat,",1
"adanya,",1
"penggunaan,",1
wol,1
"ketentuan,",1
fitrat,1
bagram.,1
"""mengunjungi",1
"nuklir,”",1
rudalnya.,1
mengenakkan:,1
pemutakhiran,1
girls,1
brides,1
unicef.,1
cochrane,1
sengaja.,1
"karpet,",1
"kilim,",1
cyrus,1
"rubia,",1
"""zona",1
"pertumbuhan.""",1
bass,1
(domain,1
publik).,1
teh”,1
menjawab.,1
sosoknya,1
“kelaparan”,1
perisai,1
fasihuddin,1
"""qatar,",1
"reserve.""",1
403,1
pengawasannya,1
(ipea),1
591,1
"46,6",1
ismaily,1
diwaspadai,1
“genosida”,1
"16,2%,",1
"30,8%",1
“membuka,1
"matanya,”",1
lahan?,1
"afrin,",1
"mazour,",1
"al-amal,",1
"al-nahda,",1
"al-khalidiya,",1
al-andalus,1
"regal,",1
al-rayyan,1
hafr,1
al-batin.,1
hewani,1
"signia,",1
maja,1
"wierzycka,",1
rand,1
asia-amerika,1
"pemikiran,",1
"""asia"".",1
seberuntung,1
"al-sharqi,",1
"sphinx,",1
berpolusi,1
copd,1
fertilizers,1
"kema,",1
(dia,1
"palmas,",1
"camarones,",1
"tonsupa,",1
(胴):,1
"citrulline,",1
($20,1
potasium,1
unifil,1
mempraktekkan,1
"amin,",1
penyegelan,1
"""tafas""",1
idku-rashid.,1
gizi.,1
jenazah.,1
menggantikannya.,1
kehausan,1
kehausannya,1
arginin,1
"benposta,",1
influenza?,1
penginderaan,1
sebutir,1
berbaur,1
"rasa,”",1
"montesquieu,",1
"reality,",1
pintarnya,1
ar.,1
"database,",1
menimpanya.,1
55%.,1
"8,8",1
"slogan-slogan,",1
fisiologis,1
"šivušntek,",1
"tomasz,",1
dayung,1
"""ayahku",1
"2025-2028,",1
"non-minyak,",1
islamofobia,1
"($680,7",1
"8,1",1
al-khafji,1
"al-shati',",1
"al-nuzha,",1
"al-fayhaa,",1
"al-rayyan,",1
"al-durra,",1
tampungnya,1
"16,89",1
"17,66",1
"yakini,",1
dikaji,1
alhames,1
"1,03",1
"24,01",1
"22,98",1
"riko,",1
antisipasi.,1
kejutan.,1
mutu.,1
"""ur"".",1
tahanan:,1
“akhir-akhir,1
"takikardia,",1
panik.,1
seksisme.,1
"20,57",1
"2024-2028,",1
pembuatannya:,1
claro,1
hague,1
komodifikasi,1
horus.”,1
pemimpinnya,1
tampuk,1
"al-tawil,",1
redondo,1
"kooma,",1
"paulista,",1
kesenjangannya,1
kate.,1
'manusia,1
antropoid,1
"kebebasan,'",1
"periodik,",1
"energik,",1
"belize,",1
"9,199",1
penciptaan.,1
"antônio,",1
"ketinggian,",1
warung,1
baht,1
kesewenang-wenangan,1
penantang,1
diasingkan.,1
“bisa,1
dijual”,1
pro-rusia.,1
alckmin.,1
"1792,",1
minyaknya.,1
agenda.,1
"pengajaran,",1
“jajanan,1
"perempuan”,",1
"sewanya,",1
keberatan.,1
deuba,1
"deuba,",1
“program,1
dekarbonisasi,1
21%,1
"danau,",1
ukraina-rusia,1
815.000,1
"23,285",1
"24,112",1
tersapu,1
dataran.,1
konate.,1
"haven,",1
kejenuhan,1
$3400-$3500,1
disarankan.,1
"ahmadiyah,",1
samoa.,1
"tiebreak,",1
monopoli.,1
mengotomatisasi,1
penyusupan,1
238,1
2003.,1
comeback,1
mencela,1
(bamf),1
alexandra,1
(alexandrova),1
juara.,1
perorangan,1
dibedakan,1
pascal,1
"bryant,",1
"siprus,",1
panaderia,1
capão,1
kasino,1
"""fajar",1
"cerah"".",1
"pasarnya,",1
"1893,",1
perempuannya.,1
memecah-belah,1
"terekspos,",1
"13,796",1
minumlah,1
iran-israel,1
somar.,1
pesona;,1
khidmat.,1
selundupkan,1
"al-ela,",1
hyde,1
ditinjau.,1
berhadapan.,1
elektroda,1
"kelaminnya,”",1
cappuccino,1
3).,1
kebahagiaannya.,1
"lvmh,",1
“aktivis,1
imaan,1
mazari-hazir,1
"chattha,",1
prestasi.,1
"36%,",1
independen”,1
tudung,1
"pemukulan,",1
wewenangnya.,1
"jahra,",1
"sulaibiya,",1
933,1
namtaeryeong,1
blokade.,1
"$1,1798",1
"ke-64,",1
memamerkannya,1
“memverifikasi,1
yuwaalaraay,1
"kelistrikan,",1
mekanik,1
al-sawari,1
pala,1
kesegaran,1
cangkir.,1
dimaniskan,1
madu.,1
"fintech,",1
fantastis.,1
“mesin,1
"julian,",1
giuliano.,1
ditantang,1
“menghancurkan,1
perancis.”,1
anugerah,1
"1,17%",1
"""prioritas",1
cox’s,1
"bazar,",1
arakan.,1
parut,1
"nico,",1
"tiba,""",1
al-sharaa:,1
"pergi?""",1
legco,1
"58,28",1
dprd,1
brasil?”,1
lagi:,1
brasil?,1
berbunyi,1
sma,1
stavrianos,1
621,1
(385,1
"rekrutan,",1
misi-misi,1
"osiris-apex,",1
tsunami,1
"meter,”",1
seventy-square,1
"fakharany,",1
​​pada,1
"menghinanya,",1
"membelanya,",1
"sévaré,",1
camavinga,1
"$2,5.",1
"""al-watan,""",1
tech;,1
"pasukannya,",1
tirani,1
bulu.,1
(pyd),1
"tinnie""",1
laporan:,1
non-resident,1
"ketangguhan,",1
messer,1
"2,94",1
"71,2",1
tunawisma.,1
terrence,1
attman,1
"5-7,",1
6-0.,1
bersponsor,1
kegelisahan.,1
palestina-arab-islam,1
zionisme,1
(nri),1
pundak,1
"0,36%,",1
"$0,6571",1
"0,26%,",1
"$0,5791.",1
"“erad”,",1
menentang.,1
berspekulasi.,1
panutan,1
penambangan.,1
byer-rosmarin,1
memodernisasinya.,1
"dibubarkan,",1
kocok,1
"sirup,",1
"kunming-montreal,",1
"othman,",1
jaibas,1
“oshúm,1
water”,1
"anchicayá,",1
"dagua,",1
"melemah,",1
kayanya,1
diaplikasikan.,1
traoré.,1
airport,1
ditakdirkan,1
wajib.,1
"krim,",1
tahannya.,1
"formulasi,",1
"$47,50",1
"$22,50",1
redaktur,1
"putra-putranya,",1
ayu,1
"rizky,",1
"plasma,",1
"filosofi,",1
"menyampaikannya,”",1
chung.,1
"4,7%,",1
"3,577",1
musuh-musuhnya.,1
"kesadarannya,",1
"tergoyahkan,",1
jubah,1
purnama,1
"keruntuhannya,",1
"burkhard,",1
dovish,1
"mempertimbangkannya,",1
"sycamore,",1
murah;,1
mesinnya,1
dorong,1
"""titik",1
"utama""",1
piccadilly,1
toleran.,1
"(hiperkalsemia),",1
hiperparatiroidisme,1
primer.,1
aspen,1
iftin,1
"$1,2",1
457,1
"vergel,",1
“berskala,1
kecil”,1
potongan-potongan,1
"tepercaya,",1
lights.,1
sepakat:,1
u-23,1
pembangunannya.,1
(afc),1
"77,7%.",1
pelobi.,1
pengawasnya,1
"azizi,",1
abass,1
(zvei),1
memimpinnya.,1
insider.,1
"14,3",1
"48,1",1
ould,1
berdosa,1
utopia,1
cis-hetero.,1
"emailnya,",1
"tech,",1
temer,1
"(2016–2018),",1
"ditimbulkannya,",1
"perbatasan,”",1
mendidih.,1
"1992,",1
nuestro,1
mundo,1
buktinya.,1
"factoring""",1
terafiliasi,1
"east"".",1
printer,1
ketidaksesuaian,1
hari),1
hari).,1
menghangat,1
menimbang:,1
kuas.,1
(troika,1
“tegas,1
tegas”.,1
pride,1
mengemas,1
mengirimkannya.,1
penyeduhannya,1
"(dem,",1
"(mhp,",1
(dua,1
keseimbangan.,1
"jackson,",1
"akrilik,",1
nbc,1
"148,22",1
ocho,1
horas,1
[esperando],1
ver,1
médico.,1
carrier,1
al-sahha,1
quedas,1
"bermasalah.""",1
membebaskannya,1
"bawahan,",1
komandannya,1
"sanchez,",1
al-sartawi,1
pass.,1
"aditif,",1
brasilia,1
“vas,1
hospital,1
te,1
al-muniyyat,1
hervé,1
helai,1
rovshan,1
"menyewa,",1
lajang.,1
penyerapan.,1
"sianida,",1
justinian,1
*sumber:,1
ini*,1
ka:,1
iyi,1
“diktator”,1
"tatar?”,",1
terduga:,1
hotspur,1
mengontrak,1
£69,1
bizantium,1
mereknya,1
"seychelles,",1
bubuk.,1
perasan,1
es;,1
"cuitannya,",1
(partai,1
provinsi).,1
"“dingin”,",1
"bank"",",1
"48,13",1
"48,23",1
11:48,1
bearish,1
permusuhan;,1
"“halabi,”",1
"halab,",1
"""cairo",1
baelen.,1
buku:,1
memotret,1
berminat,1
pemula.,1
sara:,1
antarmukanya,1
ftc,1
“layak”,1
lukisannya,1
'24/7.',1
perenungan,1
"(“aleppo”),",1
konghucu,1
"ekologi,",1
"""lingkaran",1
"ada"",",1
"207,3",1
"632,2",1
kiev.,1
"fincher,",1
quentin,1
"tarantino,",1
scorsese.,1
bersenjatakan,1
"bassi,",1
membusuk,1
kepala.”,1
pasca-jihadi”,1
"empat,",1
pulih;,1
shooter,1
"hebron,",1
hollywood,1
hulwan,1
(dataran,1
balla,1
"34,7",1
"1,478",1
seni?,1
“perawatan,1
"pencegahan,”",1
“tes,1
intensif”,1
berpaling,1
disensor,1
"sun"",",1
tkp,1
tionghoa,1
kugambarkan,1
satelit.,1
punya.,1
"lin,",1
(nih),1
"""sewenang-wenang",1
"eksentrik"".",1
“kontra-budaya.”,1
"bekas,",1
antikvariát,1
(sering,1
bebas),1
kolam.,1
ukraina.”,1
folkowisko,1
"veeraraghavan,",1
"pengujian,",1
"pengemasan,",1
kieran,1
o'sullivan,1
limerick,1
"14,7",1
bersantai,1
bernapas.,1
golan).,1
a-2,1
"hawkeye,",1
wong,1
kar-wai.,1
kuprian,1
esai,1
“budaya,1
dipulihkan:,1
(selamluk),1
"(haremluk),",1
taman:,1
"(hajat),",1
kaushik,1
"show""",1
(mh):,1
jihadis”,1
"parnell,",1
"pandang,",1
"sivsagar,",1
(nasionalis,1
assam),1
cerukan.,1
"tandingan,",1
"kitts,",1
mengkurasi,1
"hanbok,",1
suasana.,1
ansar,1
"allah,",1
“agenda,1
"kiri”,",1
observatory.,1
keseluruhan:,1
"“haaretz,”",1
isaac,1
"habiba,",1
falkland,1
"gambaran,",1
(untuk,1
harga),1
harga).,1
"lama),",1
"kampanye,",1
konsesinya;,1
kuei,1
gbp,1
138.000).,1
"peer-to-peer,",1
perpesanan.,1
"10.780,69",1
menghipnotis.,1
"kritiknya,",1
anti-semit”,1
claire,1
o'neill,1
tergambar,1
"""diskualifikasi",1
"kali"".",1
didapat.,1
2.677,1
"terawatt-jam,",1
jiwa.”,1
masukan;,1
terakhir',1
moaz,1
(7,1
"najwa,",1
"bermartabat,",1
"land""",1
karis,1
"bashar,",1
"tayara,",1
idris.,1
“kebebasan,1
"“industri,”",1
peminjaman,1
"2025-26,",1
£50,1
moyes,1
manusia).,1
cleveland,1
shodri.,1
87:1,1
"63:1,",1
retracement,1
"""keadilan""",1
al-jarrah,1
berkeyakinan”,1
militerisasi,1
mengajarkannya,1
bertanya.”,1
fda,1
berebut,1
berturut-turut).,1
qura,1
"vesting,",1
vesting.,1
"pecahan,",1
konstitusionalnya,1
independensinya,1
"108,6",1
"0,23%",1
"46.206,69",1
josep,1
'jika,1
"anda.'""",1
membantu;,1
sini.”,1
saurya,1
"2,2%,",1
"tasi,",1
"3,13%",1
"9,059",1
penilaian?,1
"savannah,",1
betty,1
gerhard,1
pembengkakan,1
kelenjar,1
getah,1
anti-rohingya.,1
klasifikasinya,1
gugus,1
lae,1
"pemicunya,",1
kecamatan,1
“pengetatan,1
"dicabut.""",1
paspornya,1
kerabatnya.,1
kriminal.,1
payrolls,1
disiplin.,1
​​​​menimbulkan,1
(110,1
(441,1
bus.,1
"lae,",1
algoritme.,1
"observasional,",1
menyulut,1
berdayakan.,1
"""jeddah",1
"19,5%",1
luther,1
kehendak,1
"ilahi,",1
alkitabiah,1
"""anak-anak",1
einstein,1
siad,1
api.’,1
diaspal,1
“israel,1
hayom”,1
perangkap,1
lawas,1
"tunjangan,",1
guatemala.,1
abdurahman,1
"elite,",1
penciptanya.,1
al-balad,1
dinantikan.,1
"escoba,",1
cauca,1
(66),1
aaron,1
spitler,1
menambahkannya,1
sana!,1
stalin:,1
andai,1
bertargetnya,1
faden,1
"ghair"",",1
ayed,1
“kiai”,1
"(気合),",1
kendoka,1
sharraa,1
"penguasaan,",1
"eksportir,",1
"ham"".",1
bermerek.,1
algoritmenya,1
tersebut].,1
"yugoslavia,",1
rumitnya.,1
lebanon-australia.,1
"kasih.""",1
ruwaida,1
alamshozoda,1
"“biasa”,",1
"“sensasional”,",1
cavid,1
"agha,",1
studinya.,1
konselornya,1
peralihan.,1
catu,1
(ups),1
"""normal""",1
umurnya,1
tahan.,1
party,1
"al-sariti,",1
al-adl.,1
kekejamannya,1
komplikasi.,1
"tampon,",1
dimana-mana,1
“memaksa”,1
"pembatalannya,",1
valid.,1
mir,1
"jawad,",1
(wana).,1
ditempa,1
"penganggaran,",1
"ventura,",1
"fanatisme,",1
liz,1
besinya,1
alessandro,1
"cripsta,",1
zain.,1
an-nahar,1
anjurkan,1
"perwalian,",1
"mandat,",1
"""selatan""",1
kliban-bek,1
donetsk.,1
"5,8%.",1
"-11,7%.",1
carrigan,1
"protein,",1
penampilannya.,1
"ketidaktaatan,",1
"jalannya,",1
"sorotan,",1
hambatannya.,1
melokalisasi,1
"‘nasim,",1
"mekar,’",1
setara;,1
monteverde,1
"mengelola,",1
"mengaguminya.""",1
adat?,1
amado,1
"berwirausaha,",1
al-kharif.,1
"kenalan,",1
agama.”,1
"dievaluasi,",1
“tinjauan,1
pan,1
rahim,1
(cicitnya),1
diadopsi.,1
"mempercepatnya,",1
artikel.,1
didasari,1
hegemonik.,1
pertahankan,1
"nirlaba,",1
"canoas,",1
sorani.,1
segunda,1
garnesia,1
berpendirian,1
"ofensif,",1
"fahim,",1
safe-haven,1
mikro.,1
35.074,1
109.274,1
"aktor,",1
memaafkan,1
peternak,1
“pañuelazos”,1
(demonstrasi,1
teritorial.,1
"6,",1
"society,",1
"pandangan,",1
"perintah,",1
hosting,1
"pakar,",1
"bincang-bincang""",1
orografis,1
kamerun.,1
kortisol.,1
arteri.,1
“pembebasan,1
massal”,1
dimakamkan,1
relative,1
al-ahmad.,1
trans.,1
"disengketakan,",1
"tocuyito,",1
"usaid,",1
"antananarivo,",1
pendongeng.,1
"teorinya,",1
"""yanxian",1
(fadden,1
"membangun,",1
(mha),1
seksisme,1
slack.,1
zucman.,1
"(uawc),",1
benih.,1
(iea),1
"balfour""",1
grosso,1
"pará,",1
"tocantins,",1
amazonas,1
belasungkawa.,1
kandil.,1
"tangkap,",1
maharashtra,1
"$50,",1
$10.,1
atlantik:,1
"senegal""",1
ruwaiha,1
"al-mesbar,",1
"milenial,",1
strength,1
"penindas,",1
"tengah-barat,",1
“menyegarkan”.,1
pemutih,1
pengelupasan,1
menikah.,1
"$2,81",1
"temui,",1
ditumpangkan,1
"selaras,",1
menyapu,1
padat.,1
"pegunungannya,",1
kesadaran:,1
"merah""",1
separatisme,1
nuri,1
"8.500,",1
dirinci,1
‘universitas,1
rakyat’,1
393.800,1
chechnya,1
jørgen,1
watten,1
frednes,1
sepele;,1
melambangkannya.,1
"""singa",1
sama.”,1
botim,1
malvertising.,1
yashil,1
"energia,",1
(cis).,1
cincin,1
pompeu,1
"fabra,",1
paphos.,1
parnell,1
"""akan",1
"depan,""",1
marea,1
(gelombang,1
rabat.,1
"""tampaknya",1
terdistorsi,1
terlupakan,1
pembuatannya.,1
pertandingan;,1
bentrok,1
musuh”.,1
"shakoush,",1
albabi,1
kazdoura,1
"""kerusuhan"".",1
"menyelamatkannya,”",1
ketidakpercayaannya,1
darah”,1
ekspansi!,1
syriauntold,1
panasnya,1
kulthoum,1
11.00,1
"boikot,",1
dilindungi.,1
sesuka,1
ejekan,1
mulus...,1
"100%.""",1
"atasnya,",1
"manuskrip,",1
baru),1
"pembangkangan,",1
"fordham,",1
"delaware,",1
arab).,1
cet,1
(0900,1
"koperasi,",1
makanan”,1
"shika,",1
nihal,1
(sdgs),1
papua,1
topik...,1
"inginkan.""",1
intuitifnya,1
qasim:,1
“menerapkan,1
perlawanan!”,1
termal.,1
1907,1
"""positif""",1
"""stabil"",",1
"""stabil"".",1
ganas,1
el-hadary.,1
3540,1
"alamein,",1
matruh.,1
siswa?,1
covid,1
(tampaknya,1
kami),1
"müller-glesmann,",1
sachs.,1
"(34),",1
​​​​spanyol,1
prioritas”,1
"club,",1
slogan-slogan.,1
weliam,1
unsdg.,1
"austin,",1
cakar,1
terjepit,1
"""kiri",1
hesham,1
"hatem,",1
sepele.,1
"agnelli,",1
"pencitraan,",1
publikasikan:,1
djilali,1
“menata,1
sejari,1
menarche,1
ritus,1
(dem),1
"tentunya,",1
"okri,",1
"mencipta,",1
"mengatasi,",1
"mencintai,",1
ungguli,1
samakan,1
"bangladesh”,",1
sini.),1
"lomonosov,",1
planet-planet,1
potensial?,1
christy,1
chitengu,1
nolan,1
segenap,1
"radikal""",1
"""martir",1
"kebebasan.""",1
(silakan,1
"berasal,",1
"""kalah",1
ouagadougou.,1
northey,1
narda,1
natioranomena,1
tarik-menarik,1
tanyakan:,1
"darbar""",1
"""riad""",1
"""riads""",1
“rule,1
law”.,1
sektoral.,1
rajabboy,1
ahmadzoda,1
"bergizi,",1
mengü,1
"pfizer,",1
"metsira,",1
"$3,7",1
"badannya,",1
gelarku,1
"bahu-membahu,",1
"""itulah",1
"lain.""",1
tidaknya,1
barat?,1
bintangnya,1
mane.,1
gugatannya,1
“chai,1
"tea”,",1
teh”.,1
laten,1
bencana?,1
stc,1
79%.,1
mungkin.”,1
"al-ala,",1
belbeis,1
ismaila,1
sarr,1
"al-sayyad,",1
"maariv,",1
41%,1
"dikompromikan,",1
"push,”",1
merokok.,1
diambil;,1
regenerasi,1
adnan,1
bioma,1
"pantanal,",1
cerrado,1
46.101.798,1
(113.920.020,1
"""melatih""",1
harga-harga,1
penceritaan,1
kelompoknya.,1
penjelasannya,1
“angka,1
hurghada,1
kreativitas.,1
default,1
“daftar,1
non-manusia,1
siemens,1
healthineers,1
"3,4%,",1
terhambatnya,1
tersier.,1
"bandaranya,",1
(ada,1
"2028,”",1
7.800,1
"playoff,",1
$80.,1
“model,1
sempurna;,1
"pertama-tama,",1
"optimatica,",1
"el-beltagy,",1
"""gpt",1
"terbakar,",1
"46,1",1
rodrigues-pozzebom/agência,1
"gimenez,",1
"diaz-balart,",1
elvira,1
"salazar,",1
debbie,1
wasserman,1
"schultz,",1
"geopolitik,”",1
membangunnya.,1
28.500,1
kelautan,1
gambar:,1
"scott,",1
amiloid-beta,1
"tau,",1
al-hamed,1
"al-tatari,",1
"nováková,",1
memuncaki,1
difilmkan,1
"knesset,",1
"merekam,",1
situ,1
"soundcloud,",1
"tersebut),",1
"reklasifikasi,",1
2018-2019,1
msci.,1
baik;,1
sana'a.,1
flick,1
"ke-58,",1
semenit,1
"praha,",1
“kejahatan”,1
mekanismenya,1
paramiliter,1
spotify.,1
"kolusi,",1
"2,504",1
"122,330",1
"641,500",1
memecah-mecah,1
sentimental,1
"128,2",1
"paket,",1
"17,8%.",1
(kuna).,1
“mendorong”,1
"hariannya,",1
ariana,1
eta,1
yuliati.,1
menghadiahkannya,1
pembangkangan.,1
mengajarinya,1
“resgata,1
(retrieve,1
or,1
recuperate,1
menyeluruh”,1
maksudkan,1
tadamon,1
tangisnya,1
"mengabaikannya,",1
pengemis,1
umrah.,1
panda,1
dicontohkan,1
"khalifa,",1
"parwan,",1
172,1
194,1
157,1
"terdegradasi,",1
thailand-kamboja,1
"retakan,",1
"pecahannya,",1
diperbincangkan,1
basharat,1
peer,1
"friendship,",1
pandemic,1
death,1
beside,1
"highway,”",1
kebobrokan,1
ukm,1
infantino,1
“pertandingan,1
langsung”,1
"aisha,",1
"rojo,",1
membayangi.,1
"erectus,",1
“kekurangan,1
"$776,5",1
"$756,4",1
kerah,1
"dicintainya,",1
senegaranya.,1
helwan.,1
dunia;,1
"""masterpiece""",1
guardiola:,1
menyoroti:,1
"ketangkasan,",1
concordia.,1
701,1
"$730,7",1
"sweida,”",1
terharu,1
transatlantik,1
"diklasifikasikan,",1
"pretoria,",1
"halamanku,",1
mekhoni,1
*dilaporkan,1
"1996-2003,",1
winners,1
lens,1
panathinaikos,1
"""antoine",1
"murnau,",1
"($18,2",1
"radionya,",1
diteruskan,1
kaset,1
"""xinhua""",1
"liburan,",1
mopti,1
supermarket.,1
agi,1
"al-shammari,",1
operasionalisasi,1
"peluang.""",1
118.000,1
"lagu-lagunya,",1
usman,1
akuntan,1
"tepat,”",1
(kecuali,1
"sabtu),",1
18.00.,1
"""deir",1
"shelwit""",1
"shelwit"".",1
“harimau,1
“wanita,1
"el-bahri,",1
sahamnya.,1
curiga,1
tertentu?”,1
compare,1
tangani.,1
daftarnya,1
individual.,1
telekomunikasinya,1
"gothenburg,",1
luxor.,1
"karnak,",1
"habu,",1
besi”,1
tersembunyi”.,1
"inisiatifnya,",1
"16:27,",1
kiasan.,1
"analis,",1
"as-nepal,",1
"16,9",1
421,1
lammy,1
"“satu,",1
angka:,1
sesak.,1
6.275.182,1
156.000,1
"($183.000),",1
"($1,2",1
(dimulai,1
dimulai).,1
62.775,1
"mccarthy,",1
kewaspadaan.,1
"fundamentalis,",1
taktiknya,1
"2.759.256,",1
gilad,1
"besok.""",1
hizbullah;,1
(lebanon).,1
(jalan,1
"animator,",1
musisi.,1
iñigo,1
"igf,",1
fahrenheit,1
"18,5",1
"kerjasama,",1
"""very",1
"health"".",1
"keberanian,”",1
"pembangunan),",1
himanta,1
biswa,1
"sarma,",1
(sovjet,1
marketing,1
company).,1
"(jama),",1
gusi;,1
"celsius),",1
"atallah,",1
pemberantasannya.,1
birendra,1
multipartai.,1
nuba,1
"$3,809,",1
"world"",",1
"musaed,",1
“demokrasi.”,1
“selain,1
"""mengkhianati",1
"budak,",1
kantongnya.,1
maknanya.,1
45%.,1
ishiba.,1
exoplanet,1
“semangkuk,1
buah”.,1
mariani,1
memuntahkan,1
"tarjimly,",1
bahasa?,1
"42,9",1
"komunitas.""",1
dgcim,1
oropeza,1
krueger:,1
pandangan!,1
radwan,1
"""al-arabiya/al-hadath""",1
kurcaci,1
kurcaci.,1
ruhollah,1
tiket.”,1
"anti-bangladesh,",1
korektor,1
digulingkan,1
rezimnya,1
"""petrodolar""",1
dipopulerkan,1
“podcast,1
merawat.”,1
“dimiliki”,1
perkuat,1
menculiknya,1
"eurosentris,",1
perlukaan,1
non-medis.,1
hindu?,1
"jeju,",1
"“tenggelam”,",1
arakan,1
“palestina,1
timur”,1
eide,1
rusia-belarusia,1
"""barat-2025"".",1
"dilakukannya,",1
(saat,1
"kudeta),",1
"i24news,",1
sauaia,1
merebaknya,1
praktik.,1
"marc,",1
'ini,1
"tempatnya,'",1
"5,5%,",1
"akurasi,",1
tulangnya.,1
"mozabite,",1
tuareg.,1
"herat,",1
caramel,1
"""pahlawan"",",1
kisahnya.,1
“mempertahankan,1
nato.”,1
"al-hamawi,",1
qantas,1
kargo.,1
"121,6",1
"39,555",1
ramón,1
dimainkan.,1
tandang—dengan,1
50.798,1
41.500,1
67.873,1
ue-tiongkok,1
“penandatanganan,1
pengetahuan.”,1
berlalunya,1
"""dahab",1
"mubasher""",1
"holding,",1
2014-2015,1
kali—pertama,1
dibiasakan,1
"diambilnya,",1
dendam”,1
“tsunami,1
dosa”,1
bahunya,1
"'24/7',",1
kekaburan,1
"information"".",1
“gedung,1
tenar,1
mencoret-coret,1
guru-guru,1
sektornya;,1
"o'byrne,",1
"""rosh"",",1
"""kepala"".",1
"""batu",1
"merpati""",1
berteduh,1
stagnasi:,1
"3,000",1
orabi.,1
"""tembok",1
"anti-seret"".",1
avilis,1
pemberani,1
ross,1
konflik?,1
browsing,1
saja!),1
drone-nya,1
minggunya.,1
afghan,1
"pembersihan,",1
"sepele,",1
"1962,",1
arabnya.,1
"milenium,",1
sangi,1
melobi,1
hanoi,1
"panmunjom,",1
"penilaian,",1
fried,1
"kanaan,",1
"ottoman,",1
peristirahatan,1
burung.,1
menjauhkannya,1
"chaoui,",1
"familiarnya,",1
"3,187.02",1
"3,205.63",1
"wol,",1
"sutra,",1
pendirinya,1
"""alec""",1
modalnya.,1
($368,1
($381,1
"copilot,",1
gantz,1
annie,1
“penyihir,1
rose,1
hall.”,1
montego,1
jahatnya,1
"penayangan),",1
(hormuz,1
al-mandab),1
hormuz,1
al-mandab,1
dulu”.,1
relevan”,1
berdebat,1
[bukanlah],1
dipatenkan.”,1
tang),1
paten”,1
angkut,1
"""ktt""",1
retaknya,1
penuaan.,1
melengkapinya,1
"birol,",1
menahannya,1
"""frontline""",1
amerika:,1
"ada.""",1
tengi,1
ragi,1
tau,1
moraine.,1
“konkret”,1
salehabadi,1
anjloknya,1
fatihi,1
kelembapan:,1
mumbai,1
hyderabad.,1
"bulanannya,",1
"pra-pasar,",1
diraihnya.,1
penyesalan.,1
"kelemahan,",1
mengepul,1
comité,1
madres,1
"verdad,",1
"$3,99",1
didemobilisasi.,1
persyaratannya.,1
"peristirahatan,",1
bahagianya,1
salt,1
"spring,",1
"montego,",1
"96,8",1
"96,2",1
airlangga,1
hartarto,1
maros,1
terobosannya.,1
"gigabyte,",1
"$15,99.",1
"1952,",1
"(1950–1953),",1
"mikati,",1
“tekanan,1
jasa.”,1
"tabrakan,",1
awak.,1
sekoci,1
listrik;,1
zoroaster,1
239,1
"1,84",1
"petugas,",1
11:20,1
"$112,700,",1
ether,1
"$4,170.",1
"""plus""",1
2025!,1
"20,8",1
"hidrogen,",1
byd.,1
apotek.,1
mormon,1
penyerangnya,1
dilumpuhkan.,1
"menyukainya,",1
menumbangkannya,1
perundungan.,1
series,1
"alloy,",1
pendapatku,1
salah;,1
penghujatan,1
"room,",1
"terkuat,",1
"penahanannya,",1
"jabalia,",1
"hilarion,",1
montreal,1
mengantri,1
moral;,1
"“sunrise”,",1
nayef,1
"al-montashri,",1
"dipanggil,",1
ante.,1
8.,1
beast,1
"""revenge",1
"porn""",1
julius,1
diterima.”,1
diatur.,1
"$18,5",1
"88,62",1
rilisan,1
"literatur,",1
kita:,1
kepadaku:,1
"sendirian”,",1
"istimewa”,",1
“berlari,1
lakukan.”,1
siap.,1
sofiane,1
bakkali,1
winifred,1
mutili-yafi,1
"adra,",1
internews,1
tuaku,1
"sekarang”,",1
"hafez,",1
bersihnya,1
direalisasi.,1
pualui,1
"""ali",1
"baba""",1
sepersekian,1
"ketergantungan,",1
​di,1
pengingat.,1
pemirsanya,1
"kemanusiaan.""",1
keefektifannya.,1
"tu,",1
kebenaran”,1
hakimnya.,1
"nanopartikel,",1
revolusioner.,1
1992-95,1
(bih),1
lutein:,1
rasanah,1
banaras,1
diperkenalkannya,1
2003-2011.,1
"diperoleh,",1
portofolio.,1
"arabiya.net"",",1
"kepelatihan,",1
"huju,",1
“influencer,1
"hornet”,",1
bencana-bencana,1
mawani,1
(spa),1
"4,59%",1
"kesehatan,”",1
"al-rabdi,",1
"""nvidia""",1
ankabut,1
"tiongkok""",1
"""microsoft",1
ultra-canggih.,1
"afghanistan,”",1
penggunaannya;,1
"11.343,",1
pengedar.,1
master.,1
"menahannya,",1
"4,55%",1
fcra,1
ukuran.,1
dnevnik,1
darko,1
"rudaš,",1
"prekmurje,",1
berkembang…di,1
dialami.,1
"6,928",1
"11,9%",1
"1,007",1
arus.,1
"pengakuannya,",1
pertemuan.,1
plak,1
arteri,1
"misrata,",1
esens.,1
prediktor,1
kompensasinya,1
sanjeev,1
kapoor,1
lokasinya.,1
'tiga,1
"64,1%",1
gaziantep,1
glasgow.,1
"landgraf,",1
politeknik,1
bercukur,1
“voy,1
par,1
quiebra.,1
memalukan.,1
tujuannya:,1
‘egyptian,1
bebas;,1
"al-hallaq,",1
turki-suriah.,1
terkuras,1
“menunggu,1
"keputusan,”",1
mae,1
"sot,",1
hub.,1
"mengelolanya,",1
melaporkannya,1
"polisakarida,",1
metabolisme.,1
"misery’,",1
“momen,1
menentukan”,1
dipompa,1
"primer,",1
"menandatangani,",1
al-alujain,1
"51,9",1
kontestasi,1
"humanoid,",1
(ba):,1
bissell,1
"bar,'",1
"rintangan,",1
ke-67,1
karirnya.,1
guaroa.,1
"bird,",1
storytelling.,1
akuifer,1
merealisasikan,1
fanatisme,1
"khaldunian,",1
"mukhtar,”",1
benny,1
peso,1
"""misinya",1
mahalnya,1
"besent,",1
sommerlin,1
“pengabaian,1
"disalurkan,",1
justifikasi,1
"koordinasi,”",1
palestina…,1
kegelapan.,1
sepelemparan,1
rizvi,1
challenger,1
juaranya.,1
ai?,1
"anak-anak,”",1
kayal,1
terlacak,1
"traktor),",1
turkman.,1
salanfa,1
marah.,1
"tinggi,”",1
ruhul,1
"batu.""",1
"menyeluruh""",1
aragalaya,1
bersejarah:,1
interseksional,1
al-najma,1
"damac,",1
al-wahda.,1
“warga,1
98.000,1
"mewat,",1
"haryana,",1
(iuu).,1
hammad,1
mukhiddin,1
"sharifov,",1
"65,",1
rapuh;,1
"pro-palestina,",1
"anti-semit,",1
"""ketidakcocokan",1
"profil"",",1
semi/musim,1
panggung.,1
latakia,1
mencegatnya,1
“uea,1
israel.”,1
"1,36",1
“air,1
termurah,1
"dunia,”",1
biayanya?,1
shabana,1
"senjata,”",1
arahku.,1
"menyenangkan,”",1
"merah"",",1
singha,1
darbar,1
sepertiganya,1
"lemon,",1
"menggigitnya,",1
"asam,",1
tehnya.,1
ekstremisme.,1
jompo,1
administratif;,1
penyimpangan.,1
"""garis",1
yulia.,1
alimiyah,1
pendapatnya.,1
"phishing,",1
alt,1
multi-faktor.,1
di-jailbreak,1
roibi,1
cakap,1
"""krisis",1
"terburuk""",1
"airag,",1
akik,1
sutei,1
"kantong,",1
"memancing,",1
"berburu,",1
[dan],1
pembatasan;,1
[bahwa],1
toshaos,1
diukur.,1
biokompatibel,1
toksik.,1
"(unodc),",1
"difermentasi,",1
penopang,1
“individualisasi,1
peperangan”?,1
"10.000,",1
johannesburg.,1
bangga.,1
sopan.,1
“suasana,1
hati”,1
spanyol).,1
"birendra,",1
"2024.""",1
mabuk,1
putrinya.,1
ditransisikan,1
"wwe,",1
"disney,",1
krw,1
"3,900)",1
"usulnya,",1
"304,",1
rocafunda.,1
“keajaiban”,1
"""euro",1
aishwarya,1
davenport.,1
d'arts,1
"oficis,",1
royal,1
ma,1
saffron,1
"oxford,",1
titik.,1
mencicipi,1
pahitnya,1
alat-alatnya,1
sisi-sisi,1
berbahaya),1
llotja,1
escola,1
pashtun,1
dilecehkan,1
prasejarah,1
"6,6",1
impresif,1
informatics,1
quinindé.,1
aichi,1
(jika,1
(persentase,1
spanyol),1
"istana,",1
katedral.,1
pengetikan,1
"gboard,",1
dikte,1
"hk$4,6",1
us$592,1
"antar,",1
"""perbaiki",1
"berarti,”",1
madbouly.,1
"bankir.""",1
biadab,1
"alamnya,",1
(btu).,1
diagung-agungkan,1
furnitur.,1
"pengurangan.""",1
mempelopori,1
"penipu,",1
“eskalasi,1
pembalasan”,1
"anda"",",1
toksisitasnya.,1
“kecaman,1
manusia.”,1
operatornya,1
kajouk,1
terhutang,1
601,1
368,1
4.,1
propertinya.,1
"dipertaruhkan,",1
resmi;,1
diringkas,1
check-in.,1
"kegunaan,",1
"kesesuaian,",1
"dijk,",1
"konate,",1
gomez.,1
membobol,1
pemotong,1
bahrain-saudi,1
"60%,",1
"pengatur,",1
penghuninya.,1
"riobamba,",1
"cuenca,",1
quito.,1
kayu;,1
goknur,1
"karahan,",1
"hacettepe,",1
"""penemuan",1
km),1
(185,1
km).,1
111.000,1
al-waqyan,1
anjingnya.,1
"berencana,",1
theanine,1
arginine.,1
gandanya,1
berpacaran.,1
"ajax,",1
ajax,1
gua-gua,1
"""mata",1
"kripto""",1
basil,1
$4.000,1
penumpasan,1
memprogram,1
asir.,1
"menerjemahkan,",1
kenaifan,1
teraman,1
anomali;,1
pasien.,1
07:17,1
552,1
real”,1
fisil,1
"ledak,",1
jaffa.,1
"al-jawf,",1
"al-qassim,",1
anti-persaingan,1
aplikasinya.,1
"ramos,",1
nahua,1
bechara,1
"esafety,",1
julie,1
goyang,1
"sistolik,",1
"hipersonik,",1
"22.788,98.",1
"""ballon",1
"populer"",",1
"""benzema",1
"kedua.""",1
"pemain.""",1
menghalanginya,1
"""segalanya",1
terpakai,1
$3.500,1
"sporadis,",1
weickert.,1
dipajang.,1
kamus;,1
sinonim.,1
lana,1
nusseibeh,1
"157,50",1
diratifikasi,1
zachary,1
"cefaratti,",1
dalma,1
terburu-buru.,1
(ptr),1
"39,81,",1
"tangan,”",1
internalnya.,1
“penumpang,1
yahudi—apakah,1
sembrononya,1
"66,6",1
"60,6",1
terhebat,1
asuransi.,1
inman,1
aleš,1
pub,1
"panggilannya,",1
aco.,1
membungkamnya.,1
mendisiplinkannya.,1
"malard,",1
"hamedan,",1
arak,1
qeshm.,1
"mesoamerika,",1
“quinto,1
rajasa.,1
grant:,1
"kick,",1
(16),1
(13).,1
lancet,1
child,1
adolescent,1
"demografis,”",1
“50,1
“bangladesh”,1
“rohingya”,1
murid-guru,1
"ketidakpedulian,",1
ketegangan-ketegangan,1
ambisi-ambisi.,1
"klinis,",1
topografi,1
sherpa.,1
"takeuchi,",1
ini—amerika,1
"fasa,",1
liang,1
"wenfeng,",1
pengintegrasiannya,1
penuturannya,1
"saudara”,",1
konsultasi.”,1
partai.,1
bersentuhan.,1
(aliansi,1
lelo-strong,1
georgia;,1
gakharia’s,1
georgia),1
serta.,1
wang:依赖于国家投资和地方政府债务的不断扩张，形成了所谓的“债务型经济”。这种模式的重bisnis,1
"ćevapi,",1
berteriak-teriak,1
"membatalkannya,",1
pandang.,1
arab!,1
"149,81",1
"khudair,",1
acharya.,1
diselamatkan;,1
"lab,",1
earphone,1
mengaturnya.,1
obando,1
sehat”,1
"zionis""",1
"meneriakkannya,",1
jelas—ada,1
salam.,1
menyamakannya,1
"pencapaiannya,",1
“bedah”,1
"“tepat”,",1
"diplomatis,",1
"york"",",1
"$1,1665.",1
"cheb,",1
basem,1
"kesehatan政困境,也未能激发经济中的颠覆性创新能力。新质生产力untuk",1
‘ekonomi,1
utang’.,1
[ekstraktif],1
"jae-myung,",1
"sialkot,",1
"gujrat,",1
"bahauddin,",1
"""hizbullah.""",1
"""nawaf",1
ceko-jerman,1
fratantoni.,1
peserta?,1
"""sudah",1
jebol,1
"brumadinho,",1
"4-4,25%.",1
(34%),1
“muerte,1
digna”,1
(kematian,1
bermartabat),1
regio,1
berita:,1
valentin,1
vada,1
gezhouba,1
shieli,1
"(mei),",1
“batasan,1
etis”,1
membantu.”,1
“piala,1
(pasukan,1
"lebanon),",1
"sebelas,",1
evelyn,1
"balla,",1
etnoreligius,1
“solusi”,1
lindungi,1
kolombo,1
martabatnya.,1
al-mutawa,1
menyimpannya,1
es?,1
angkatnya,1
mengingatkannya,1
niloofar,1
"swamp,”",1
teratai,1
duvall,1
"07.30,",1
menerkam,1
punggungnya,1
pelipis,1
"ghani,",1
"""telepon""",1
rinciannya.,1
"sport""",1
"penuh,”",1
periksa,1
sekretarisnya,1
kalah.,1
"3,765",1
"3,736",1
mariken,1
brosgaard,1
"harpitz,",1
"etik,",1
"al-khuzaie,",1
tonnya.,1
“cukup,1
salinannya.,1
khomeini,1
patuh,1
"""cadangan",1
"energi"",",1
nunnun,1
baazley,1
(holy,1
basil),1
spirit,1
weed,1
(chadon,1
(turki,1
baik...,1
enigma,1
oleksandr:,1
membual,1
"“lihat,",1
ira,1
dnipro,1
apartemen.,1
soga,1
maged,1
rogina.,1
tangki.,1
"jajahan,",1
ke-69,1
"akure,",1
"ondo,",1
melewatkannya.,1
natalie,1
"derby,",1
"industri"".",1
"diakhiri,”",1
media/pexels,1
"doum,",1
memanipulasinya,1
amnesia,1
"52,1%",1
"19,3",1
"26,7%",1
pengecoran,1
"""194",1
"pound""",1
"$4.027),",1
dilebur,1
kriterianya,1
"huruf,",1
menyebarnya,1
beni),1
kosong”,1
(空巢青年),1
bertarget.,1
"al-fawiz,",1
"karki,",1
antikorupsinya.,1
"kematian,”",1
"17,8%,",1
panitia.,1
penandatangan,1
marquinhos,1
permanen?,1
sarang,1
pot.,1
5.070,1
"carabobo,",1
"jarinya.""",1
subkontraktor,1
"""tahun",1
"kolom,",1
“gen,1
z”,1
"impunitas,",1
perkiraannya.,1
intra-teluk,1
bongkar,1
"muat,",1
dabov,1
optimasi,1
(seo),1
konten.”,1
"akuntabel,",1
dilibatkannya,1
"lewat,",1
terlaksana.,1
2024).,1
(13,1
"minimum,",1
"222,000",1
"0,9",1
kevorkova.,1
nazrin,1
gadimova,1
anush,1
"petrosyan,",1
“percakapan,1
nasionalis.”,1
singkat:,1
2021–2023.,1
terkontrol,1
siap”,1
"pasaran,",1
ajarannya.,1
“kendaraan,1
subtropis,1
firas,1
al-braikan,1
"ke-72,",1
majrashi,1
berselang.,1
“persian,1
"rouse,",1
"doktoral),",1
asing;,1
alec,1
"6,75",1
"$1,84",1
"($1,91",1
"datanya,",1
tertabrak,1
sandi,1
resolve,1
cilia,1
"samat,",1
"panci,",1
"kapulaga,",1
didiamkan,1
antioksidannya,1
jessica.,1
abilov,1
pengkhianatan;,1
downtime.,1
kupikirkan.,1
"59,4",1
"asimetris,",1
"menghasut,",1
laptop.,1
levothyroxine.,1
"ciprofloxacin,",1
"gemifloxacin,",1
moxifloxacin.,1
antibiotik.,1
vokalnya,1
membombardir,1
baladi,1
al‑qarara,1
"deportivo,""",1
dolce,1
place,1
medianya,1
"fleksibilitas,",1
jalal,1
uddin,1
"sikder,",1
"dilenyapkan,",1
"terhenti.""",1
“penghargaan,1
keadilan”,1
kategorikan,1
"penerbangan""",1
"ladang,",1
"gabbana,",1
"""mengikuti",1
kepeloporan,1
"berbahaya.""",1
"studio,",1
"berkoar-koar,",1
“ethiopia,1
syria,1
"inklusivitas,",1
479,1
"belarusia,",1
sherida,1
"levothyroxine,",1
"menantang,""",1
pro-palestina?,1
"iran,""",1
"teheran.""",1
"malu,",1
"maut,",1
mensyaratkan,1
“saudara”,1
“melawan.”,1
turnamen-turnamen,1
diresepkan,1
dolutegravir,1
"al-kaabi,",1
"diizinkan,",1
edes,1
tersebut).,1
koherensi,1
membingkainya,1
accra,1
memprivatisasi,1
"meteran,",1
"turbin,",1
leone,1
1700-an,1
(master,1
sequoyah,1
wiredcharging,1
"100w,",1
wirelesscharging,1
"50w,",1
reversecharging,1
"22,5w.",1
frazão/,1
"pengambilan,",1
"regulator,",1
bertumpu,1
pemesanan.,1
kesehatannya.,1
"pilih,",1
mengacaukan,1
“petrodolar”,1
animasi.,1
"""argentina",1
"padanya,",1
israel-hamas.,1
pencahariannya,1
berharga!,1
total;,1
biasa—dengan,1
"$3.000,",1
125.000,1
metro,1
loyalis,1
(orang-orang,1
maroon,1
freetown,1
liberia,1
memukimkan,1
colonization,1
society.,1
"tuzlić,",1
"multimedianya,",1
1.090.000,1
menjanjikannya,1
kolonisasi,1
acuhnya,1
bertransaksi.,1
al-duhail.,1
(4-2).,1
(1-2).,1
drone”,1
pemiliknya.,1
betlehem,1
"akleh,",1
rd,1
"iran-irak,",1
mousavi,1
“musuh,1
“isef,1
2024”,1
“itex,1
"flores,",1
fuerte,1
"tiuna,",1
"27,5%",1
"diploma,",1
"sarjana,",1
"jenin,",1
86.393.000,1
‘three,1
"bar,’",1
adrian,1
6.300mah,1
"$47,6",1
"almeida,",1
memancing;,1
"pisang,",1
"singkong,",1
hilang;,1
"elamri,",1
meiran.,1
"penjahat,",1
"riang,",1
"benang,",1
"""makam",1
"osiris""",1
spiral,1
astana,1
putra-putra,1
mengolok-olok,1
kendalikan,1
2024”.,1
ternaknya,1
"gaziantep,",1
"guardian"",",1
horizon,1
tagar,1
#エレン先生,1
(#ellensensei).,1
jacinda,1
ardern,1
christchurch,1
pecandu,1
ai:,1
al-awsat”,1
"mengintensifkannya,",1
bissy,1
(kacang,1
"kola),",1
"keterlaluan,",1
seok,1
yeol?,1
nathalie,1
"chibanguka,",1
dicat,1
henna,1
"yurt,",1
(drc),1
"11.308,11",1
"9,188",1
"“husain,”",1
template,1
"""bellingham",1
jean-noel,1
barrot,1
pezeshki,1
melanggarnya.,1
205%,1
smythchie,1
"change,",1
"dilling,",1
fokus.,1
"infrago,",1
"""tasi""",1
"4,89%",1
khawatir.,1
terkikis.,1
ramadhan.,1
menyeimbangkannya,1
dijabat,1
apapun.,1
"yayasannya,",1
"kadugli,",1
"itu,""",1
kepolisian.,1
properti?,1
‘golrokh,1
"iraee,",1
"potret,’",1
anti-rezim.,1
"ofer,",1
"""tipe",1
"akselerator,",1
pengabaiannya,1
"3,0%.",1
technologies.,1
berwawasan,1
"""klik""",1
"""canal",1
kanal-kanal,1
"""qanat""",1
kincir,1
"""iphone",1
"fold"",",1
"pemogokan,",1
(cagr),1
“keseimbangan,1
fox;,1
393,1
alpen,1
5.745,1
6.300,1
mengatasnamakan,1
buta:,1
"griffith,",1
26%,1
diadu,1
"campurannya,",1
"patriotik,",1
"kebohongan.""",1
kashveti.,1
"bsat,",1
313,1
keterkejutannya,1
"hasiba,",1
"al-amin,",1
"maha,",1
qaddih.,1
hts,1
annalena,1
"baerbock,",1
"plus""",1
katedral,1
maksimalnya.,1
"hamada,",1
emas),1
geologi.,1
(4-3),1
playoff,1
"keganasan,",1
namtaeryong,1
light,1
stick,1
“keluarkan,1
"pacho,",1
kop,1
"tertawa,",1
menari.,1
usianya;,1
letusan,1
“kimberlite”,1
“lamproite”,1
"""harta",1
"firaun"",",1
samsung.,1
“keadaan,1
"represifnya,",1
[polisi]!”,1
ke-37.,1
sayatan,1
"pandangnya,",1
al-damluji,1
al-qura,1
al-qarqani,1
tradisi.,1
penentang.,1
cadas,1
sekundernya.,1
“asharq,1
"rahmani,",1
"produk,”",1
"mengantisipasi,",1
"mendeteksi,",1
“bergerak,1
sesuatu.”,1
kosakata,1
patuh.,1
associate,1
"ruidad24,",1
keasliannya.,1
bijan,1
mosaffar,1
“keselamatan,1
kicauan,1
camar,1
"bosphorus,",1
donat,1
german,1
kejujuran.,1
meluas;,1
patahan,1
kerentanannya,1
syura:,1
"prime,",1
operación,1
"ritme,",1
alkitab;,1
1843.,1
perpajakan:,1
"golden”,",1
rutin/luar,1
435,1
"khaled,",1
biayanya:,1
lakukan?,1
biden-harris,1
kembangkan.,1
penyembuhannya,1
knock),1
“seiring,1
kompromi,1
sentimen-sentimen,1
revanchis,1
etnonasionalis.”,1
duri.,1
nuklir”,1
urbanisme,1
"gacem,",1
7amleh,1
berada:,1
latihan.,1
institusinya,1
pernyataannya;,1
"""sdaya"",",1
diri!,1
"(fintech),",1
bioteknologi.,1
"serta,",1
philip,1
gamaghelyan,1
sevin,1
huseynova,1
“meta,1
"190,000",1
laurence,1
broers,1
"""meet",1
"press""",1
nbc.,1
meneriaki,1
keluhan.,1
"41%,",1
bersayap,1
fermentasi,1
"(kamarija),",1
"kimchi,",1
asinan,1
probiotik,1
preferensial.,1
membayarnya.”,1
keberaniannya,1
"obsesif),",1
fandom,1
selatannya,1
hts.,1
"memperingatkannya,",1
"kefir,",1
koalisi.,1
"membahayakan,",1
"""materi",1
"anak-anak,""",1
seks.,1
bersabar.,1
"penyiksa,",1
hughes,1
turki-as,1
sdf/ypg,1
diasimilasi,1
"180,000",1
bongkahan,1
danau;,1
(@laurencebroers),1
cendekiawan,1
kaukasus,1
“penangkapan,1
fazil,1
pra-sidang.,1
lokakarya.,1
"berwujud,",1
"penggadaian,",1
pengetahuan.,1
"1848,",1
"2,32",1
"diamati,",1
finlandia.,1
interpersonal,1
"keperawatan,",1
awadhi,1
arab-yahudi?,1
"organix,",1
hub,1
sipri.,1
asia-afrika-pasifik,1
neraka.,1
cup.,1
sedikit:,1
"instan,",1
"nasi,",1
"“ngapi,”",1
terasi,1
udang,1
burma.,1
"purchase,",1
"berdirinya,",1
"kilang,",1
zafnetem,1
challenge,1
'yang,1
israel',1
dikibarkan,1
"yaman.""",1
"cleberson,",1
manajerial,1
sendirinya,1
deudas,1
persona.,1
"""batu-batu",1
kekal,1
"services,",1
(propagandis,1
berbayar),1
“wibu”,1
(penggemar,1
kota.”,1
etihad.,1
orban,1
didengar.”,1
mammadova.,1
"zelensky,",1
tanggapannya,1
wartawan.,1
“buzzer”,1
el-bahri,1
konstruktor,1
(tim),1
"nakashima,",1
casper,1
vukic,1
6-2.,1
dennis.,1
booster,1
anomali.,1
"keruntuhan.""",1
剣術).,1
"frei,",1
deshna,1
"al-hatim,",1
jarhum,1
"konvensi,",1
"sektarianisme,",1
“visi,1
2030.”,1
youtuber,1
"mhyochi,",1
hyojeong,1
(perwakilan,1
torsten,1
torres:,1
"al-zaher,",1
"al-diyafa,",1
elegan.,1
"""replikator"",",1
"pengembangannya,",1
"13,5%",1
“menghabiskan,1
"sembarangan,”",1
"“stateless,”",1
larkin,1
"shuhada,",1
"kwonil,",1
"posisi,",1
mekkah,1
"khalidiya,",1
"rusayfa,",1
"hamra,",1
"badr,",1
"asila,",1
"maqam,",1
batha,1
"quraysh,",1
"nuzha,",1
durey,1
mitsubishi,1
"10,2%,",1
"itochu,",1
"ucapkan,",1
(uffner,1
"liu,",1
hubungkan,1
depresiasinya.,1
melingkupi,1
al-shaar,1
"al-khoei,",1
masyarakat),1
pasti;,1
"helmy,",1
"ap,",1
"peña,",1
''kemenangan,1
langka'',1
schmatta,1
feodal,1
edo,1
(1603–1868),1
samurai,1
"(kenjutsu,",1
"al-ayyara,",1
cevdet,1
julio,1
henriquez:,1
“juga,1
988,1
pemilu.”,1
alumniku.,1
"berorganisasi,",1
didengarkan.,1
"intra-arab,",1
"marubeni,",1
"kaldas,",1
memilukan.,1
eurowings,1
mart,1
market,1
strategi-strategi,1
1913,1
al-obeid.,1
korsleting,1
"resah,",1
henley,1
al-tawil,1
timothy,1
diimplementasikan.,1
demokrasi”,1
"50,16%",1
"24,19%.",1
"7,97%,",1
"""nashii",1
"partei""",1
"6,20%,",1
"negeri""",1
"5,62%",1
teraniaya,1
dunia.”,1
930,1
kinetik.”,1
petrochemical,1
metanol,1
"internasional""",1
"sahara),",1
wonderland,1
lucu.,1
lucu?,1
bercanda?,1
"sini?""",1
“[lo,1
“kehadiran,1
perubahannya:,1
street.,1
"16%,",1
mendekontekstualisasikan,1
akarnya,1
"re,",1
kerdil.,1
"karowe,",1
"gaborone,",1
"77,8",1
(naik,1
"termuda,",1
"2019),",1
pudong,1
"76,8",1
2019).,1
"jedou,",1
22*,1
"antusias,",1
lecornu,1
nanterre,1
"hauts-de-seine,",1
amir-abdollahian,1
qin,1
"13,6%",1
quo.,1
15–30,1
pengangguran;,1
bidangnya:,1
"taksi,",1
mal,1
chandan.,1
menyibukkan,1
eurostat,1
"57,9%",1
"27,8%.",1
primero,1
communications,1
"argyle,",1
dallas.,1
"kelaparan""",1
gedaref,1
jejak-jejak,1
tergantikan,1
106,1
"(50,75",1
"41,75",1
"masoud,",1
manassat,1
frontier,1
impactante],1
"“sedang”,",1
“sedang,1
stadion.”,1
fisikawan,1
jiangmen,1
"kaiping,",1
"diprioritaskan,",1
dibenarkan”,1
alice,1
ceko-vietnam?,1
perikanannya,1
miya.,1
"mudah-mudahan,",1
"ditengahi,",1
"diucapkan,",1
dilanggar.,1
fahim,1
"kuncinya,”",1
“menjamin,1
kealamian,1
riak.,1
£45.000.,1
respons-respon,1
"bengali,",1
"kelangkaannya,",1
sinar-x,1
endoskopi.,1
“hentikan,1
urea.,1
"marei,",1
bursa.,1
"soleimani,",1
"minat,",1
555.000,1
411.000,1
poloni,1
kabardino-balkaria],1
nalchik,1
kabardino-balkaria.,1
membelinya.,1
barclays,1
"""garasi""",1
"wars,",1
leia,1
"solo,",1
"storybundle,",1
kejar.,1
menukarkan,1
mengakhirinya,1
“haha”,1
"smiley,",1
830,1
​​flick,1
spontan?,1
elektoral,1
"al-sawafi,",1
"finis,""",1
reilly,1
"opelka,",1
cerundolo.,1
inferensi,1
"montclair,",1
"jersey,",1
1.900,1
takjub.,1
zekry,1
1.063,1
“dapat,1
publik.”,1
kegelapan”,1
mobarakeh,1
"""mega-cluster""",1
nanjing.,1
"manhattan,",1
"atamao,",1
"“terlibat”,",1
damai”,1
jaisle,1
galeino,1
bourla.,1
"""penindasan",1
direndam,1
"matang,",1
nipis.,1
"1800-an,",1
taka,1
lada,1
"$176,3",1
"remaja),",1
pembunuhan;,1
houmin,1
al-fawqa.,1
"2,978",1
"2,703",1
"score,",1
"2,1%",1
"2015-2016,",1
laszlo,1
sejumput,1
berdebu.,1
future,1
dasar),1
bundaran,1
mwangeji,1
strands,1
resilience.,1
melambai,1
optimusk,1
"kejernihan,",1
aspirasional,1
lanzi,1
excellence,1
cotonou.,1
"""segera",1
lehernya.,1
pengukuran,1
penjajahnya,1
(mereka,1
misionaris,1
carey,1
1814.,1
"duterte,",1
"""khabar""",1
24-30,1
"relizane,",1
bel,1
"abbes,",1
"naama,",1
"bayadh,",1
"tiaret,",1
tsemsilt.”,1
"guntur,",1
"qandishah,",1
emban,1
"pemirsanya,",1
darnley,1
cuomo.,1
lembutnya,1
relaksasi.,1
indra.,1
lelap,1
ada?,1
mengedarkan,1
“formulir,1
menjual”,1
jordi,1
alba,1
ponselnya,1
kwan,1
fosil;,1
"pelengkap.""",1
improvisasi,1
"karya,",1
amerika...,1
"terkepung,",1
qadhi,1
letter,1
intent,1
"2020-2030,",1
"mascara,",1
khalaf,1
"""memperkenalkan",1
"signifikan,""",1
"""transisi",1
diselidiki.,1
"""gelang""",1
sensasional,1
pendendam,1
issues,1
belarus-ue,1
"saïda,",1
"tlemcen,",1
“terlindungi”,1
mensistematisasikan,1
ceis,1
kolom,1
cuomo,1
mamdani.,1
memblokade,1
"al-hawl,",1
maali,1
"al-jazeera"",",1
al-jazeera,1
"sumou"".",1
kesepuluhnya,1
pengendaliannya,1
"""restore""",1
66%,1
qassem.,1
judul:,1
"""hizbullah""",1
patriotik,1
"sumou""",1
"anara"",",1
753,1
al-sahab,1
748.022,1
"program,",1
al-azraq,1
"al-hillal,",1
azan,1
puskesmas,1
"pencalonan,",1
"diculik,",1
"propertinya,",1
"1,3%,",1
"5,63",1
"8,04",1
"penyebarannya,",1
basa,1
vestas,1
al-akhedod,1
faure,1
kekurangannya,1
kepelatihan.,1
sepihak;,1
düsseldorf-essen,1
toulouse,1
economics,1
"edbouche,",1
"tangier,",1
semi-pemerintah.,1
bermutasi,1
losion.,1
oksidatif,1
"""genom""",1
lingkungannya,1
"faraj,",1
40.800,1
"“mengiler”,",1
efek-efek,1
"squalene,",1
“hizbullah”,1
bsaiso,1
yuen,1
numbers,1
"embabé,",1
5.829,1
4.371,1
nakashima.,1
dihancurkan;,1
mendekam,1
"asal,",1
“bertindak,1
(ab):,1
menyerah;,1
17–35,1
are,1
gagalnya,1
(01:00,1
"$0,5848.",1
grup?,1
"(pl,",1
"liberal),",1
penyiksa.,1
aqsa,1
diramalkannya,1
"sekarang,""",1
(osce/odihr),1
"pori-pori,",1
dekade:,1
"reguler,",1
silinder,1
anastasia,1
"pestova,",1
terselubung.,1
"beremigrasi,",1
audio.,1
zizo,1
burgess,1
terhidrogenasi,1
melembapkan,1
"nyala,",1
cargill,1
bunge,1
penawarannya,1
$277,1
“gencatan,1
"nyawa,”",1
bencana.”,1
"""zionis""",1
nato;,1
komprehensifnya,1
kelonggaran.,1
"eritritol,",1
"$269,9",1
"depresiasi,",1
amortisasi,1
"2,08",1
($566,1
"1,32",1
($358,1
"7,62",1
"liter,",1
"komputasi,",1
jelas;,1
"patriotisme,",1
chs,1
baratnya.,1
jenazah;,1
wujud,1
"marmer,",1
"ubin,",1
nyawa;,1
"akar,",1
“memburu”,1
unitnya,1
ic,1
"tampilan,",1
"contohnya,",1
jobs.,1
"berkelana,",1
asmaa,1
"harish,",1
325,1
"34,9%.",1
leningrad,1
"""liberal"".",1
"juri,",1
algojo,1
mil”,1
menderita”,1
"mikrokontroler,",1
"""seiring",1
"terampil.""",1
brandao,1
"figueredo,",1
"iraorgi,",1
"48,98%",1
"lembab,",1
berventilasi,1
"kelembapan,",1
utara:,1
(snm).,1
permintaan?,1
"intelijennya,",1
lisensinya.,1
],1
tractor,1
(día,1
hispanidad,1
colombus),1
columbus,1
“harta,1
karun.”,1
"konferensi,",1
"academy,",1
rasnya,1
crioulo,1
"criollo,",1
"pampas,",1
andalusia,1
"""hidden",1
"7,21",1
atasannya,1
misinya.,1
"penerimaan,",1
stone,1
"pompa,",1
"pemainnya,",1
tomás,1
"garcés,",1
"serrano,",1
pemalsuan.,1
informa,1
bas,1
"al-qatn,",1
"hadramaut,",1
"15,5%",1
"al-khatib,",1
seo,1
"taraba,",1
ukraina:,1
mazloum,1
"abdi,",1
"$34,7",1
"henderson,",1
"seven,”",1
ciaf,1
ghost,1
nets,1
masterclass,1
lavinia,1
terlihatnya,1
arts.,1
"tertahankan,",1
"nasional,”",1
6.500,1
“korean,1
"meritocracy,”",1
“keadilan”,1
rapor,1
sekelasku,1
memanggilku,1
abda,1
1976,1
ketchell,1
mekanika,1
pendaur,1
[,1
"48,6%.",1
unctad.,1
"retal""",1
“pelanggaran,1
yaman.”,1
"pembaharuan,",1
jasa-jasa,1
"charnvirakul,",1
bijihnya,1
bisnis-bisnis,1
"dibiayai,",1
epistemisida,1
"mengetahui,",1
"bertumbuh,",1
"rekayasa,",1
"restart,",1
al-jubail,1
al-jabalain,1
"al-fateh,",1
al-orouba,1
"platina,",1
"ukm,",1
membangunkanku,1
"peledak,",1
"merz,",1
"blessing,",1
"commerzbank,",1
tarwirri,1
indigenous,1
"lulusan,",1
304,1
"adil,”",1
"teks-ke-gambar,",1
"albayan,",1
tutul,1
"angkasa""",1
“kebahagiaan,1
ketidaktahuan”,1
"akademis,”",1
"al-kharabsheh,",1
"penayangan,",1
strait,1
islander.,1
"anak-anaknya,",1
mengenalinya,1
"pesepakbola,",1
"""kucing",1
payah.,1
berkesan.,1
kemakmuran.,1
lisensi:,1
ekspansionis,1
pihak—baik,1
pemaksaan—adalah,1
"azagaia,",1
musiknya,1
"demonstrasi,",1
royce,1
"223,13",1
"bahan-bahan,",1
hidangan.,1
"yunani,""",1
"retensi,",1
bernardo,1
kraus,1
"ruhma,",1
"cermat,”",1
"5,668",1
"15,6",1
"2,4%,",1
"727,25",1
lamberth,1
xinyu,1
pencalonan.,1
terangkut.”,1
flushing,1
meadows.,1
wajan,1
cacerolazo.,1
"lain,""",1
"hasil.""",1
antaranya.,1
terbukanya,1
terpelajar).,1
"pro-kemapanan,",1
doreen,1
"worlds""",1
"""his",1
"excellency""),",1
"paper""",1
hefaa,1
"millett,",1
keajaiban...,1
menggencarkan,1
diburu,1
"adamu,",1
knesset.,1
midwest,1
"44,9",1
dilibatkan.,1
sedrenik,1
"čurćić,",1
wakaf,1
gazi,1
husrevbeg.,1
diterapkannya,1
ambisinya,1
vendor,1
zhang,1
dpi,1
"hidup,”",1
nderitu.,1
1.055,1
tonase,1
"6,8%",1
astrazeneca,1
pemilih”,1
(pemilih,1
"hispanik,",1
chi-yuen,1
gary,1
"sandvine,",1
"25,6%,",1
"alternatif""",1
rusia),1
"8,3%,",1
"kita""",1
seimbang),1
"5,7%",1
segi.,1
kriket.,1
pameran?,1
"al-julani,",1
memaar,1
"duboff,",1
"spotify,",1
hari:,1
menggerogoti,1
"sama.""",1
zijn,1
sujay,1
"shetty,",1
pwc,1
ciptakan,1
dunia-dunia,1
“membiarkan,1
pikirannya.,1
"kota,”",1
juarez,1
"oliveira,",1
"prize,",1
"entri,",1
7.920,1
“memecahkan,1
rekor”,1
121,1
"""yatim",1
"weekly,",1
“persahabatan,1
nagla,1
"$4,000",1
“gubernur”,1
+2,1
stabilisasi”,1
forbes,1
"kesamaan,",1
naskahnya,1
epistemik,1
shargh,1
seda,1
penyerang.,1
kontroversial:,1
effendi,1
munib,1
agha,1
"ulama,",1
vakif,1
(orang,1
masyarakat).,1
"""teroris",1
"sutherland,",1
orbex,1
"pendorongnya,",1
tren.”,1
"defensif,",1
dalam?,1
(solusi),1
non-pemerintah.,1
"chiapas,",1
femisida.,1
this,1
can,1
antiguan,1
janice,1
(hakim,1
"mariri,",1
mencoreng,1
turki.”,1
ilham,1
aliyev.,1
​​​​agama.,1
"salehi,",1
"logitrans,",1
tangkapan.,1
efsi,1
facilities,1
"16,8",1
monako,1
swiss-italia,1
gianni,1
"infantino,",1
(tl):,1
qadi,1
"mufakat,",1
polandia;,1
balap,1
"tinju,",1
"golf,",1
menanyai,1
melihat.,1
terjamin.,1
"“integrasi”,",1
"mudah,""",1
"wawasan,",1
"terindividualisasi,",1
"""roshen"".",1
"aguilar,",1
"31,99",1
"al-battah,",1
karl-heinz,1
afghanistan.”,1
bilbao,1
"podium,",1
repositori,1
ditekankan.,1
"persahabatan"",",1
membaiknya,1
durant,1
"tamunya,",1
(badan,1
venezuela):,1
"neo-fasisme,",1
menegang,1
acak.,1
mercury-lah,1
persiapan.,1
"ifad,",1
"margasatwa,",1
padam.,1
pengajar,1
non-pns,1
merasuk,1
"jamestown,",1
sekeranjang,1
"(wafa),",1
"al-tineh,",1
"brengsek,",1
mesto.,1
takeuchi.,1
"al-sudani,",1
sehat).,1
jamnya.,1
pengajaran.,1
terbaru;,1
“temuan,1
termodinamika,1
larutan,1
lengkap.”,1
sabrijan,1
"jurkovič,",1
dikatakan.,1
"karnaval,",1
karnaval.,1
"dayanya,",1
watt,1
berkabel,1
nirkabel.,1
gerilyawan,1
salvador;,1
"sandinista,",1
"sodic,",1
ahmar,1
terharu;,1
ungkapkan,1
karamoko,1
jean-marie,1
"imperialisme,",1
spirovski,1
keluarga-keluarganya,1
"erat,",1
sigifredo,1
ochoa,1
"perez,",1
"kontra-pemberontakan,",1
israel”,1
"trump-zelensky,",1
dinaikkan,1
lur,1
“mencuri”,1
koohrang,1
beheshtabad.,1
"396,5",1
"argentina,”",1
tulisnya,1
november;,1
“selalu,1
belajar.”,1
"25-30%,",1
unggul.,1
"ghazgi,",1
melebar,1
"2,75",1
"""birokrat",1
"brussel""",1
"harga-harga,",1
anti-fgm,1
latin:,1
“kesejahteraan,1
"0,74",1
1998.,1
riga,1
persenjataannya.,1
anti-femicide,1
(pria),1
"badolato,",1
mengepalkan,1
"volume,",1
dial,1
"aeronautika,",1
norman.,1
pergi.”,1
burung-burung,1
islam),1
memo.,1
“lufthansa”,1
kargonya,1
“lufthansa,1
cargo.”,1
tinggi”.,1
berkicau,1
hammelgaard,1
11.026,1
40.049,1
facetime.,1
meleleh,1
"4,1%",1
normal.”,1
"villa,",1
"sherwood,",1
"bersosialisasi,",1
bersenang-senang,1
"bersenang-senang,",1
"momen,",1
serba,1
robotik.,1
pegasus,1
al-awadi.,1
cerna,1
"elektronik""",1
"perplexity,",1
israel-gaza,1
"ukraina-rusia,",1
liat;,1
"jack,",1
victory,1
sadruddin,1
hasanov,1
bunyodkor,1
pengobatan;,1
"pembangkang,",1
2.559,1
nominalnya,1
kosmik.,1
mengungkapkan:,1
“ibuku,1
merahasiakannya,1
"ice,",1
penekanannya,1
"stereotip,",1
"thame,",1
luapan,1
"dihukum,",1
ama,1
dablam,1
"deras,",1
mahakuasa.,1
"butuhkan,",1
diperbesar,1
interbank,1
"3,5%.",1
opt-out,1
opt-out.,1
sesegera,1
bandingkan,1
nare,1
mematuhinya,1
"""hay'at",1
"muslim""",1
kayes,1
"upayanya,",1
politik-ekonomi.,1
“cockpit”,1
membiarkanku,1
sepupuku,1
lagi.”,1
ouardia,1
7.441,1
"sérieuses,",1
"travailleuses,",1
fumeuses?,1
“pihak,1
keasyikan,1
"tahanan,”",1
iriqat.,1
lusoga,1
"dikecualikan,",1
sosialisasi.,1
pembacanya,1
riilnya,1
“sudahkah,1
hitam).,1
"hajjaj,",1
zena,1
mukjizat;,1
"sosio-ekonomi,",1
direstorasi.,1
kecam,1
takano:,1
"dalit,",1
madhesi.,1
"1833,",1
jujur.”,1
mencukupi.,1
menyelipkan,1
tembok.,1
‘broken,1
"balance,’",1
diramalkan,1
senioritas,1
pertandingan:高野,1
「あれは三人が一心同体でやらないといけないですね」,1
solusi-solusi,1
mendigitalkan,1
"kekebalan,",1
awaknya,1
(ue),1
pikiran-pikiran,1
moto,1
260.000,1
“jihad”,1
balasan.,1
"lokal"".",1
"""kekuatan",1
"penuh""",1
"visibilitas,",1
berkelahi,1
(dekade,1
fiktif,1
jumlahnya.,1
bayaran.,1
"(stc),",1
"313,4",1
pucuk,1
penyelarasan,1
“draw,1
line”,1
"presse,",1
“decénnie,1
noire”,1
kehancuran;,1
“desa,1
ukraina-tyrolean”,1
innsbruck.,1
anjak,1
piutang.,1
"viewer"",",1
login.,1
(non-suriah),1
rajoelina,1
"93,6",1
"93,7",1
kimiawi,1
"akrobat,",1
kamilah,1
(mereka),1
"diterima,”",1
"moralitas,",1
bocoran,1
dimatikan.,1
anonymous,1
"diakuinya,",1
​​​​tentang,1
​​kepada,1
"diri,""",1
qna.,1
konstan.,1
peminjam.,1
sim,1
"dibobol,",1
1929,1
"(kendoka),",1
sasaburou,1
takano,1
(高野佐三郎,1
1862–1950),1
kengo,1
helps,1
(富永堅吾,1
1883–1960),1
tenran,1
budō,1
(天覧武道大会),1
hadath.net.,1
“hnizdo”,1
​​bahkan,1
“frontera”,1
lutsk,1
"“sens”,",1
culture,1
tominaga,1
“mata,1
tertutup”,1
arab-rusia,1
"hal.""",1
(stj),1
mengkonsep,1
"kiddo,",1
al-rabiah,1
timbulnya,1
railway,1
219,1
cnnc,1
bolivia.,1
"chudakov,",1
"sungguh-sungguh,",1
"meyakinkan,",1
nahla,1
positif”,1
sarannya,1
‘sick,1
french:,1
sekolah.’,1
bergerak;,1
"uyuni,",1
pemborosan.,1
dikorupsi,1
transparency,1
"komposisinya,",1
sub-komite.,1
membosankan,1
dark,1
zone,1
"​​warfare,”",1
jurnalismenya,1
"afrique,",1
"kredit”,",1
klein.,1
narasi-naratif,1
"hampa,",1
dilegitimasi.,1
abdeljalil,1
al-haffar,1
"mische,",1
"temanya,",1
"defisit,",1
idoba,1
ubtech,1
walker,1
fred,1
ganda.,1
guarani,1
tupi,1
domestiknya.,1
drone;,1
"“kecil,",1
"murah,”",1
journal.,1
(uang,1
soviet).,1
kelengkapan,1
azimut,1
"neymar,",1
teixeira,1
eksistensi,1
pengacara.,1
“si,1
"terbangnya,”",1
romana.,1
pergaulan,1
$440.000,1
“friends,1
"korea”,",1
sakitlah,1
seninya.,1
"kondisinya,",1
kredo,1
terkoordinasi.,1
"mastercard,",1
dibimbing,1
lusa.,1
"pejuang,",1
“kedalaman,1
(sids),1
prerogratif,1
armenia-azerbaijan,1
"leonardo,",1
terkomputerisasi,1
"tabu,",1
"konservatisme,",1
"350.org,",1
jiyun,1
gim,1
environment,1
“palestinisasi”,1
"198,12",1
"114,30",1
(78,1
"al-aqsa,",1
genggaman,1
378,1
"reptil,",1
berharap.,1
"keruntuhan,",1
"model,",1
terpakai.,1
visual?,1
"frederiksen,",1
berani.,1
"marzouk,",1
35%.,1
sentuhan;,1
menyusuri,1
memperhatikannya.,1
"ingat,",1
kerajinan.,1
"pendarahan,",1
mubadala,1
kedamaian.,1
"intens.""",1
"singkat"",",1
berbahaya:,1
netanyahu-trump,1
repot,1
jaksa.,1
"al-ashraf,",1
peringkat世界第一，顺利晋级东京500锦标赛的半决赛，在周日以6-2和6-4轻松击败了美国选手brandon,1
nakashima。,1
sukses;,1
keramahan,1
pengairan,1
invertebrata.,1
“strands,1
"resilience,”",1
"""mengikuti""",1
"""klip"",",1
berdatangan,1
"""semua""",1
ikuti;,1
"""teman""",1
"""terbaru""",1
latvia,1
menjemputnya,1
"pembebas,",1
pemusnah,1
modernis,1
sosial?,1
"menyerangnya,",1
pukulannya,1
pengguna:,1
kemaluan,1
dilalui.,1
"khalayak,",1
"hosein,",1
"jenkins,",1
iluminasinya,1
ingrid,1
"persaud,",1
"lovelace,",1
“raksasa,1
sastra”,1
slot,1
lit,1
fest,1
ke-90.,1
knowledge,1
“mini,1
episentrum,1
pleno,1
dpr.,1
"pelaksanaan,",1
penugasan,1
142.,1
mis,1
bocas,1
pesawat-pesawatnya,1
soleimani.,1
kuasai,1
proxy.,1
"""banjir""",1
porosnya,1
auranya,1
"babi,",1
perang;,1
pro-soviet,1
pro-as.,1
komputerisasi,1
freelance.,1
sharon,1
"millar,",1
400),1
3.500),1
"little,",1
(eco).,1
menghiburnya.,1
"spider-man,",1
"sekolah,""",1
arahkan,1
kemarahannya.,1
kompensasi:,1
reddit.,1
hamoudi,1
"al-lami,",1
"kandidat,",1
memihak.,1
integritas.,1
“patriot”,1
timor,1
"menyetujuinya,",1
rousseau,1
reproductive,1
merawatnya.,1
sadari,1
“dalih,1
targetnya,1
françois,1
"bayrou,",1
ameya,1
"nagarajan,",1
megaproyek,1
"""iblis""",1
senjatanya.”,1
"piano,",1
"orkestra,",1
lanjut.”,1
"morillo,",1
"sana,”",1
"1,43%,",1
"4,960",1
“mengatakan,1
kebenaran.”,1
"pro-beijing,",1
“mempolitisasi”,1
"""araqchi",1
game:,1
nintendo,1
"linkedin,",1
selhurst,1
gvasalia,1
clock,1
"rencananya,",1
27-28,1
820.000,1
berchmans,1
"hatungimana,",1
perpajakan.,1
kemal,1
"kılıçdaroğlu,",1
"twitter),",1
switch),1
"hopkins,",1
miltrust,1
"""penekanan",1
sébastien,1
"uea-afrika,",1
pelosi,1
28-31,1
"alckmin,",1
"bushehr,",1
"mengalaminya,",1
krisis:,1
bakatnya.,1
"quaker,",1
"trafalgar,",1
asalkan,1
resolusi;,1
1”,1
"tiongkok-afrika,",1
"rusia-afrika,",1
"turki-afrika,",1
memadai;,1
"gonzález,",1
"44,2",1
"sklyar,",1
"budha,",1
menentu,1
kratochvílová,1
e-reader,1
detoks,1
dibesarkan;,1
terbiasanya,1
akram,1
al-sadd,1
al-dosari,1
"asia"".",1
bertarung,1
"1,61",1
berdedikasi.,1
lecorno,1
tse,1
memfilter,1
"majid""",1
"majidiya),",1
"marina,",1
761,1
al-ta'zim,1
implementasi.,1
(minders),1
(musandarams).,1
supremasi.,1
bebas”,1
dnipropetrovsk,1
odessa.,1
rehabilitasi.,1
felix,1
bergwijn,1
kuning.,1
"""roydad",1
"24""",1
"aksesorinya,",1
520,1
rubí,1
"""bbi"".",1
375,1
"modon,",1
"al-kharif,",1
al-arqoubi.,1
"ottawa,",1
penerbitnya.,1
"texas,”",1
castillo.,1
rowaida,1
"attia,",1
pertunangannya,1
(peškuni),1
orisinal.,1
silla,1
"""jadi,",1
pembeli;,1
"mesir.""",1
"al-baroudi,",1
wever,1
"“jalur”,",1
al-ittihad),1
penalti.,1
ayala,1
“hampir,1
introspeksi,1
"redistributif,",1
"kuk,",1
retinopati,1
"kabur,",1
"pembelajar,”",1
pelacakan.,1
"terjual,",1
lainnya),1
"danang,",1
bart,1
"gram),",1
ziaya,1
tutup.,1
"3.479,23",1
“laki-laki,1
termotivasi,1
"keterkejutan,",1
"halligan,",1
kekalahan;,1
ketidakberesan,1
sibuk;,1
"perusakan,",1
"politik.""",1
attia,1
$281,1
"mode,",1
sargassum,1
"inspeksi,",1
di-wax,1
"1946,",1
bertetangga,1
protokol;,1
efrat,1
sungainya.,1
"pemotretan,",1
berpose,1
"""hespress,""",1
trimester,1
sofra,1
gadget,1
"(mangal),",1
memutih,1
"berkerut,",1
"sulungnya,",1
"haroun,",1
"kampala,",1
uganda.,1
"bergema,",1
bayer-rosmarin.,1
pasca-brexit,1
£7,1
heroik,1
busuk.,1
gr,1
mengeluh,1
kekokohan,1
"kokoh,",1
ketidakrataan,1
diplester,1
(sadafco),1
"255,94",1
brexit.,1
nigeria:,1
pronatalis,1
(fgm),1
15–49,1
"tekun,",1
​​​​menjadikannya,1
catalan.,1
"teknologinya,",1
"""jendral""",1
"ma'rib,",1
$780,1
"berguncang,",1
"kekuatannya,",1
prasyarat-prasyarat,1
"kejelasan,",1
memanggangnya,1
pala.,1
"kediamannya,",1
indo-pasifik,1
dampak-dampak,1
"polong-polongan,",1
1993?,1
1995.,1
$412,1
silinder.,1
toyota.,1
"bawahannya,",1
ecovybz,1
khadija,1
kinerja.,1
h-1b.,1
"kentang,",1
margarin.,1
diriyah,1
"sidra,",1
"$1,99",1
"jemuran,",1
penjahit,1
viviane,1
meresahkan:,1
guardias,1
"kelas”,",1
manal,1
dingin”.,1
ketidakpastian:,1
melembabkan,1
gigabyte,1
"""memories"",",1
menjemur,1
"menghantui,",1
anda;”,1
beruang;,1
federer.,1
mao.,1
ahna,1
"47,5%",1
"$3,3",1
359%,1
$455,1
estate),1
melambat:,1
gabungannya,1
"45,02",1
angsuran.,1
"rumahku,",1
lindi,1
sub-komite,1
menindaklanjutinya.,1
juta?,1
penyidikan.,1
(hamad,1
1984.,1
"kinerjanya,",1
amriya,1
jalurnya,1
ditinggalkannya.,1
mug,1
"ml,",1
hari!,1
diseret,1
awale,1
"(btu),",1
"btu,",1
"pencaharian,",1
"artis,",1
mengejutkan:,1
hamas!,1
"11,5%",1
"28,2",1
kewajibannya.,1
"tawar,",1
keyakinan.,1
pelaut,1
tsushima,1
muda-mudi,1
runcing,1
themar,1
(2019-2022).,1
"pegawai,",1
165,1
gasifikasi.,1
"pelabuhannya,",1
pelabuhan-pelabuhan,1
cuitannya,1
(中国将大力支持发展中国家能源绿色低碳发展).”,1
(cbirc),1
“pedoman,1
aktifkan,1
us$1.538,1
us$2.270.,1
irit,1
luang),1
nuwakot,1
"$3,759.02",1
"1971,",1
"fesyennya,",1
mempromosikannya,1
anodisasi,1
mengkilap,1
halus.,1
sikkim,1
memporak-porandakan,1
kagbeni,1
us$5.000.,1
"transkripsi,",1
tahap.,1
"mecca,”",1
pfnoscm,1
bertekanan,1
restrukturisasi.,1
"kegagalannya,",1
sesuaikan,1
president,1
announced,1
would,1
tulisannya.,1
up,1
other,1
countries,1
"harapan,”",1
ray.,1
membelanjakan,1
keamanannya”,1
pelarian.,1
"$30,28",1
dijamin.,1
arana,1
"antarmanusia,",1
“step,1
penyalahgunaan.,1
muntah.,1
tersayang,1
$37,1
wuhu.,1
‘tren’,1
diversi,1
sustainable,1
ocean,1
alliance,1
lesya,1
"mustang,",1
telinganya.,1
65.926,1
2!,1
“materi,1
ekstremis”,1
alves,1
"dikonstruksi,",1
sosio-politik,1
"direplikasi,",1
"dicari,",1
“online”,1
“offline”.,1
memulihkannya,1
himalaya.,1
mengaduk,1
dadih,1
bersalju.,1
"melakukannya,”",1
“kuburan,1
anak-anak.”,1
(ai);,1
versinya,1
"etno-nasionalis,",1
non-negara.,1
"ekstremis,”",1
melamchi,1
menyadarinya,1
pendukungnya.,1
"2017,​laporan",1
talibé,1
"29,46247",1
"07,22484",1
"pasta,",1
sayuran.,1
"malaria,",1
"kolera,",1
“tentang,1
"""kepalsuan""",1
"hamun,",1
cyber-fasis.,1
nasionalis.,1
definitifnya,1
danang.,1
penyesuaian.,1
"beralkohol,",1
"padat,",1
"jang,",1
gyeongbok.,1
non-makanan,1
"direalisasi,",1
"fasis,",1
"neo-fasis,",1
mellon.,1
kelulusan.,1
"tiongkoknya,",1
"minta,",1
(sa):,1
"6-0,",1
mengklarifikasi:,1
prima,1
1),1
rupee.,1
shiwen,1
guangdong,1
timbulkan,1
89%,1
223,1
"70,7",1
"""paten""",1
organisasi),1
aras,1
protes:,1
내란부역자,1
masalit,1
막아섰습니다.,1
"rezaei,",1
(parlemen,1
"iran),",1
manusia-komputer,1
"kegelapan,",1
terang.,1
canggihnya.,1
"sintetis,",1
oregon.,1
ditawan,1
"geneina,",1
경찰이,1
ketujuh:,1
"(m/191),",1
1444,1
"(pboc),",1
1987,1
dibantai,1
"barre,",1
"kekayaannya,",1
"2045,",1
hijab.,1
meagan,1
"kristus,",1
“terkadang,1
"menyelesaikannya,”",1
"mavrić,",1
komikus,1
bih.,1
kehilangannya.,1
menggiling,1
3.215.764,1
"15,2%.",1
"424,462",1
"2,791,301",1
iii.,1
doll,1
"injil,",1
ortodoks;,1
2),1
“gereja,1
"sports"",",1
nikaragua-kosta,1
rika;,1
pbb:,1
riyadh:,1
"fahad,",1
"(kimarc),",1
irgc.,1
"menegangkan,",1
šwijtek,1
krajcikova,1
pantulan,1
"kepicikannya,",1
keterpencilannya,1
eksogen,1
terpikirkan,1
kassir,1
“mendapatkan,1
“mengkoordinasikan,1
keuangan”,1
fahad,1
"kerumitan,",1
"lain-lain,",1
terhadapmu,1
kesalahanmu.,1
yisa,1
"usman,",1
"diintimidasi,",1
profesinya,1
jurren,1
"timmer,",1
fidelity,1
terburuk.,1
"$16,4",1
"73,2%",1
ismet,1
erdić,1
(industri,1
kertas),1
"coba,",1
gulungan,1
kuku,1
"2,6%.",1
handelsblatt,1
"746,",1
investments,1
"dibangunnya,",1
“pengumpulan,1
massal.”,1
teachers-student,1
(tsc),1
koersif,1
“mempermalukan”,1
anti-intimidasi,1
promosinya.,1
pajaknya.,1
"diakui,""",1
"​​​​mengatakan,",1
"menang.""",1
"gansu,",1
terdampak.,1
"timbul,",1
(eib),1
"aktivitas,",1
"bih,",1
"miniatur,",1
menguasainya.,1
"konstituante,",1
perkumpulan,1
"marquez,",1
"kalimat,",1
kedaulatannya.”,1
keuntungannya,1
"“snapback”,",1
"lanjutan,",1
fasher.,1
terpolarisasi,1
gün,1
dibuat-buat.,1
"hamadan,",1
"tanahnya,",1
"nyawanya,",1
pertengahan.,1
"4,19%",1
"4,16%.",1
"pikat.""",1
"yermak,",1
geordie,1
"beamish,",1
el-bakali,1
sebab-sebab,1
mencantumkan,1
"walikota,”",1
liptako-gourma.,1
"diktator,",1
pemegangnya.,1
"grupnya,",1
3-3.,1
karnataka,1
as;,1
"tongzhou,",1
"cccc,",1
"yunis,",1
diberitahu.,1
121%,1
"""besar-besaran"",",1
konsentrat,1
penyesalannya.,1
verbal.,1
"al-ismaili,",1
sfaxien.,1
kulin,1
cari.,1
168,1
1.680,1
"rafael,",1
"287,5",1
"pais,",1
disandera.,1
vitali,1
​​tentang,1
alterasi,1
"topan,",1
anti-feminisme,1
sekolahnya,1
"trabelsi,",1
pengungsi:,1
bhote,1
"kosis,",1
tama,1
anti-kecanduan,1
kepunahan.,1
etiopia.,1
“seksisme,1
"pemerintah,""",1
"chichewa,",1
"igbo,",1
"kikuyu,",1
"rundi,",1
"shona,",1
"somali,",1
ndebele,1
"swati,",1
"tigrinya,",1
terkenalnya,1
​​dalam,1
filmnya,1
(ronaldo,1
assist).,1
"2,63",1
"“berani,”",1
"çınargik,",1
"ketinggian"".",1
multi-triliun,1
(fta),1
teh—jumlahnya,1
"spirolope,",1
intim:,1
terdiversifikasi,1
"suntikan,",1
"infus,",1
diagnosa,1
membahagiakan,1
"""unite",1
"right""",1
charlottesville,1
indeksnya,1
"obo,",1
benitez,1
siapkan.,1
udaranya.,1
"""gerbang",1
"(eug),",1
karlovy,1
vary,1
"evangelis,",1
kamp.,1
semestinya,1
"bahas,",1
pembuangan”,1
menghadapkan,1
"twi,",1
“membingungkan,1
pascatrauma,1
"(ptsd),",1
zat.,1
"58,5",1
"59,3",1
"61,6",1
"62,9",1
reruntuhannya.,1
peserta:,1
"""tuhan",1
menghantui.,1
kebenaran:,1
"tswana,",1
"pidgin,",1
1.735,1
haag,1
terkoordinasi”,1
(icc).,1
menumbuhkannya,1
“pond,1
mikro”,1
"pipa,'",1
"wquaboard,",1
bersidang,1
kepahitan.,1
"tur,",1
berongga,1
cerdik,1
"ancaman.""",1
el-gamal,1
"progresifnya,",1
470.000,1
populasi),1
"kinshasa,",1
"kigali,",1
$257,1
imajinatif,1
"kedamaian,",1
maharjan,1
timbulan,1
135,1
(tps).,1
"peralatannya,",1
"aturannya,",1
latihannya.,1
penentangan,1
"$253,",1
"$255,",1
jelaskan,1
arabian,1
"""sinomi",1
tanzania,1
kapitanya,1
aragua.,1
"""masar"",",1
550.000,1
"organ,",1
organnya.,1
“imajinasi,1
nabin,1
bernyanyi.,1
"$257,",1
"berevolusi,",1
"tenggorokan,",1
sinus,1
tersumbat.,1
"menggigil,",1
"rmc,",1
"lokernya,",1
minnesota,1
mentransplantasikan,1
dikriopreservasi,1
"keretakan,",1
"memulihkan,",1
"bersamanya,",1
menangis.,1
"hadiah,",1
pendapat;,1
"minglong,",1
"rozstaje.art,",1
visegrad,1
"centers"",",1
dimoderatori,1
arab-israel.,1
"“romani”,",1
"bersamanya.""",1
ledakan.,1
jung,1
7.198,1
penimbunan,1
hidrometeorologi,1
kuartalan,1
“искусство,1
строить,1
века.,1
235,1
kejauhan.,1
"berhati-hati,",1
"""majestic",1
lobster,1
2022:,1
"theune,",1
menafkahi,1
dituntut.,1
"$1,22,",1
"$64,50",1
people’s,1
multinasional.,1
moneternya,1
mengaplikasikan,1
bukan.,1
"mackerel,",1
"seven""",1
menominasikan,1
terbaru!,1
manajemennya,1
revolution,1
wind,1
kelautan.,1
5–7,1
"kilo,",1
burundi,1
"tuna,",1
hwang,1
psikologisnya,1
"“modon,”",1
"konsultasinya,",1
"“indel”,",1
"mengembangkan,",1
keahliannya.,1
membengkak,1
$72,1
roh,1
menyandera,1
"""ambry,""",1
bushehr,1
"rona,",1
"3,67%",1
kuat:,1
kontra-terorisme,1
azm-e-istehkam.,1
berpatroli,1
‘,1
የኢትዮጵያ,1
እናቶች,1
ይፍረዱኝ!,1
tae-sik,1
64.000,1
zionisnya,1
"calf,",1
louise,1
bennett-coverley,1
(miss,1
"lou),",1
duppies,1
blackheart,1
"man,",1
diabadikan,1
bunny,1
wailer.,1
chatgpt,1
rolling,1
"persidangan.""",1
apresiasinya,1
waktu.”,1
editorialnya,1
‘larangan,1
bayangan’.”,1
“bersifat,1
"logis,”",1
"3,69%",1
"memalukan.""",1
frustasi,1
"selisihnya,",1
"""penolakan",1
individualisme.,1
talangan,1
$57,1
"diaktifkan,",1
"""pengaturan""",1
prague,1
ekonomi?,1
"pengesahan,",1
"peninjauan,",1
bosch,1
"pascasarjana,",1
sepatah,1
konsisten”,1
dipinggirkan,1
"""solan"",",1
"kirinya,",1
penyelenggara.,1
"hipp,",1
"arcapita,",1
"quito,",1
lapangan:,1
rekornya.,1
"rekreasi,",1
"kausalitas,",1
"1990–92,",1
erico,1
"randriarimalala,",1
vinh,1
an.,1
menyapanya,1
ekspedisinya,1
"(desember),",1
berdokumen.,1
pakistan-afghanistan,1
low-carbon,1
pengaturan.,1
"1972,",1
"""inovatif""",1
"""baru""",1
"muda”,",1
sejarah;,1
misogini,1
istimewa:,1
"lancet,",1
yangtze.,1
pendahulu.,1
“kaum,1
ulas.,1
“kenyamanan.”,1
perjanjiannya,1
760,1
"10,9",1
390.000,1
sakralnya,1
"""transaksi",1
"aktif.""",1
“imigran,1
ilegal”,1
(@elonmusk),1
"bastos,",1
bolsonarismo,1
protes?,1
"nyalakan.""",1
pengumpul,1
mendaur,1
(wh):,1
alawi,1
tarjimly:,1
"medhouny-laouina,",1
tarjimly;,1
"munge,",1
tarjimly.,1
tahu?,1
"lanjutan"".",1
emin,1
"koramaz,",1
memintaku,1
kukatakan,1
"athena,",1
pemuatan,1
playstation,1
"adboosh,",1
striker.,1
houri,1
selesaikan.,1
"rinderkneich,",1
tmmob,1
nyata:,1
“segel,1
"buatan,”",1
buatan”,1
proaktif”,1
denda.,1
"“anti-gipsiisme,”",1
“memberikan,1
kecil-kecilan,1
medis;,1
"justine,",1
hoot,1
"grimes,”",1
isaacson,1
biografinya.,1
"sentimennya,",1
sistemis,1
diabaikan.”,1
(bmo),1
(tpd),1
"bayaran,",1
rock:,1
"""oh",1
"hoot,",1
"pacarnya,",1
"(4,7",1
baniyas,1
generasi-generasi,1
berbisik,1
“besok,1
disesatkan.,1
interpersonal.,1
kekerasan?,1
"53,",1
albany.,1
"theresia,",1
"3/6,",1
"jago,",1
dongeng.,1
"minnesotaite,",1
"lempung,",1
"klinoptilolit,",1
"zeolit,",1
‘mengapa,1
ethiopia’,1
tldr,1
"""aplikasi""",1
"""safari""",1
"""opsi",1
"lebar,",1
marozsan,1
"muller,",1
"ing-wen,",1
“horror”,1
"senimu,",1
maksud?,1
"sepertiku,",1
"depanku,",1
genetiknya,1
"berkecamuk,",1
memasangnya,1
12.173,1
poz.,1
duduki.,1
"""sindrom",1
"evan"",",1
autoimun,1
kekebalan.,1
1999.,1
"""gunners"".",1
romesh,1
thappar,1
malvinas/falklands,1
3.662,1
tiongkok:,1
$100.,1
2034,1
"13,3%,",1
"$371,2",1
"gcc,",1
depan”,1
(unm),1
mandatnya,1
$22-25,1
779,1
"rebolledo,",1
"walikota,",1
"day,",1
"papazian,",1
al-qaeda.,1
menangkal,1
internasional”,1
"semesteran,",1
terlaris,1
alchemist,1
(ihr),1
1.452,1
"dieksekusi,",1
palsu;,1
"keistimewaan,",1
negara-negara.,1
melikuidasi,1
ragobeer,1
penyu,1
"peretas,",1
operasi.,1
"hawaii,",1
"1929,",1
tonton:,1
"‘marooned,’",1
ketenangan.,1
vishani,1
550),1
sewanya,1
"41,24%,",1
"$3,790.74",1
sadiq,1
"""proyek""",1
9/11,1
menyehatkan,1
"—1,5",1
"dibuat-buat,",1
"menunggu,",1
(animasi,1
lagharibi,1
lempar,1
"lembing,",1
abdelati,1
ikdir,1
"""al-masry",1
"al-youm"".",1
"zaïre,",1
diselaraskan,1
semalam;,1
mensch,1
"daraya,",1
pekerjaannya;,1
gagasannya,1
"omong-omong,",1
kibira.,1
khareef),1
kharj.,1
"214,55",1
"$3,741.71",1
00:33,1
"10,6%",1
"$2,43",1
"sosial""",1
“menyukai”,1
zhahonzeb,1
"""tadweer""",1
"""chery""",1
peleburan,1
b787,1
boeing.,1
"2,137",1
“otoritas,1
“perwalian,1
menghujaninya,1
voli,1
orleans,1
eunice,1
kirwa,1
maraton.,1
bakteri.,1
"timimoun,",1
badji,1
"mokhtar,",1
"adrar,",1
"tindouf,",1
al-shorouk.,1
ai+bahasa,1
kerugiannya,1
montreal.,1
fadil,1
dokumennya,1
beres,1
"$45,3",1
"$42,6",1
"6,5%.",1
603,1
640,1
1.142,1
raqqa,1
al-hasakah,1
“dialog,1
"diabaikan,”",1
tertarik.,1
zafer,1
"(kemenangan),",1
ümit,1
"özdağ,",1
“imigrasi,1
online),1
roncero,1
"""saddam""",1
al-hujayrat.,1
tragis.,1
sana.”,1
bukit,1
(sumber:,1
irna,1
"pengendalian,",1
surridge,1
fiocruz,1
(oswaldo,1
latin),1
"terakhir,”",1
910,1
($11,1
fahmi,1
kronor,1
"($1,19",1
"22,8",1
"14,5%",1
"19,9",1
"""masar""",1
"tadawul"",",1
"televisinya,",1
sheka.,1
sheka,1
[partai]”,1
"(14,57",1
penerimanya,1
3.306,1
narkoba.”,1
instagram),1
twitter).,1
"nasional,""",1
al-hajji,1
perbatasannya.,1
kompleksitasnya.,1
"sentuhan,",1
1951,1
429,1
"“misalnya,",1
musuhnya,1
sepakat.”,1
"""pelanggar",1
"dalam""",1
"""pertunjukan""",1
katz.,1
"menentukan""",1
ghashghai,1
mad,1
"4,959",1
920.000),1
"landasan,",1
“penelitian,1
mengejarnya,1
615,1
"79,5%",1
"20,5%",1
104.000,1
"bennisi,",1
(eff),1
"dhahirah,",1
performatif:,1
(mengunggah,1
39.680,1
4.251,1
rival.,1
"""mencuri""",1
"broadband,",1
diborgol,1
"""seorang",1
"pergi"",",1
"roti.""",1
penuturnya,1
"bulldog,",1
"""kuba""",1
"""le",1
"chatelier"".",1
publik?,1
"cinta,""",1
sorak-sorai,1
antusias.,1
geolokasi.,1
"""bahaya",1
"ada,""",1
"normal.""",1
"iran""",1
sasaran-sasaran,1
"147,79",1
"147,74",1
"intrusi,",1
"$1,1802.",1
didatangkan,1
"kdp,",1
"berobat,",1
"berbelanja,",1
"mammoth,""",1
mamut,1
kejar-kejaran,1
"mughni,",1
"tharwat,",1
lea,1
"$1,1803",1
"25,5",1
kenyataan:,1
diandalkan:,1
nechirvan,1
"barzani,",1
dikompromikan.,1
adeba,1
“mota,1
"keraniyo,”",1
"gorila,",1
"chatgbt,",1
"""idlib",1
krauss,1
hytalo,1
"browser,",1
bersebelahan,1
tab.,1
malaka,1
"""nomor",1
orbán,1
egon,1
"durban,",1
"diperhatikan,",1
brutalnya,1
mereda.,1
barisnya.,1
al-habbash.,1
189,1
digembar-gemborkan,1
“amerika,1
palestina!”,1
israellah,1
"gila.""",1
peshekishi,1
terjadinya.,1
"lachin,",1
suwaidan.,1
1.150,1
"1,9",1
berperikemanusiaan.,1
"matt,",1
"spesifikasi,",1
"""hamas",1
alkohol,1
memalsukan,1
berimigrasi,1
"tandu,",1
blanc.,1
"1767,",1
"karabakh,",1
layarnya,1
teleponnya.,1
"solusi,""",1
pensiunnya.,1
"$6,55",1
"""oscar",1
"properti""",1
"pemiliknya,",1
"deskripsi,",1
"dihasilkannya,",1
"wirausaha,",1
"data,”",1
"kerugian,”",1
"total"".",1
kenaikannya.,1
"""khud-kafai""",1
"(swasembada),",1
"""juche""",1
380.000,1
menginstal,1
"bazargan,",1
kemanfaatan,1
postingannya.,1
"“btk,",1
"tirani,",1
"ikuti,",1
ekspektoran,1
melarutkan,1
dahak,1
"atajine,",1
couscous,1
"ayam,",1
wafa:,1
preferensi.,1
"$44,92",1
"$1,538.15",1
745,1
"impian,",1
476,1
"""madinaty""",1
kairo-suez,1
"antaranya,",1
"""agen",1
"buatan"".",1
nba.,1
prediksinya,1
pelayat,1
kanonik?,1
gustaf,1
hamra,1
"dibongkar,",1
korteks,1
serebral.,1
2.430,1
"pihak.""",1
al-khatib,1
pipit,1
"kualitatif""",1
lasania,1
"""menghadapi",1
"lama""",1
"figar,",1
syikal.,1
palestina:,1
shviñtic,1
september/oktober,1
kadaluarsa,1
al-hogail,1
"""lompatan",1
"$1,255.72",1
mingguan.,1
"bremen,",1
ke-104,1
"prabayar,",1
paspornya.,1
wifa,1
"5,49%,",1
"5,41%",1
"5,16%",1
baltimore.,1
"(rabu),",1
110,1
tudor,1
al-hayya.,1
"jessica,",1
"nanshan,",1
masa.”,1
"tahun-ke-tahun,",1
pencemar,1
kelarutan,1
"alpukat,",1
sepupunya,1
samire,1
"šiljić,",1
"""ya...",1
"cepat.""",1
terperosok,1
deflasi,1
"traveller,",1
"daratan,",1
tuhan”,1
"ikonis,",1
ini”.,1
warsawa.,1
mombasa,1
nairobi.,1
"sgr,",1
"bechtel,",1
lipton.,1
$429,1
($263.000).,1
“meningkatkan”,1
maradona,1
menit;,1
“tangan,1
memiliki.,1
chickering,1
peledakan,1
"pager,",1
“spirit,1
weed”,1
“chadon,1
beni”,1
trinidad.,1
armando,1
chandra,1
poudel,1
"arcelormittal,",1
abiram,1
"2,2%.",1
"5,2%.",1
"singh,",1
"ke-34,",1
merino,1
ke-84.,1
"lebanon""",1
"atiyah,",1
menandainya,1
bawakan,1
brunnesund,1
nordland,1
"county,",1
"nrk,",1
avinor.,1
"melacak,",1
organik.,1
tua”,1
"(老人茶),",1
"pendengaran,",1
"(nhc),",1
(setelah,1
"emily,",1
2005).,1
"ketidakamanan,",1
voltmadhe,1
komunal.,1
"5,9",1
"sofascore,",1
milos,1
kirkez.,1
ram,1
zuckerberg.,1
access,1
"now,",1
saeed?,1
terorisme”,1
telegramnya.,1
mengucurkan,1
$80,1
“al-haq”,1
magalliès,1
"margot,",1
pembelanja,1
bara.,1
tharwat,1
"okasha,",1
"wan,",1
magazine,1
thich,1
nhat,1
hanh,1
"ghosananda,",1
beriman,1
menyinarinya,1
"arkan"".",1
"""my",1
musiknya.,1
"menyiapkannya,",1
“pembuat,1
"teh”,",1
menuang,1
"gelas,",1
carab,1
"midtjylland,",1
pesta-pesta,1
"fitri,",1
havel,1
subyektif,1
mengeditnya.,1
simito,1
likud,1
sekutunya;,1
diplomatis,1
“perjanjian,1
"oslo,”",1
al-bashir.,1
"vuitton,",1
"dior,",1
moët,1
"hennessy,",1
mikrogram,1
"graham,",1
estimasi,1
nuraninya,1
terbujuk,1
3.350,1
bone,1
petroecuador.,1
diakali.,1
"terganggu"".",1
(sdaia),1
dimulai:,1
tekanan-tekanan,1
perdamaiannya.,1
"kehinde,",1
"""vogue""",1
"klubnya,",1
didokumentasikan.,1
minggu;,1
pendanaannya.,1
direproduksi.,1
"pengeluaran,",1
yucatán,1
tzotzil,1
acteal.,1
wikimedian,1
pencerahan,1
"kreditur,",1
lng,1
al-tarjuman.,1
"melukis,",1
jurnalisme?,1
panelis,1
"nits,",1
"nits),",1
"terang,",1
kontrasnya,1
"stabilitasnya,",1
(bnp),1
mempersulitnya,1
perdue,1
welle.,1
menghormati”,1
paulista.,1
"andronik,",1
milorad,1
"vicanović,",1
senad,1
dijlian,1
waktunya.,1
mubarak.,1
"otomasi,”",1
commons:,1
"aksha,",1
"1968,",1
"buhen,",1
thutmose,1
"""darwish"",",1
"el-sherbini,",1
tara,1
"emad,",1
"gharib,",1
saba,1
“bias,1
"guiyang,",1
"jiyan,",1
azadi”,1
"(wanita,",1
"unhcr,",1
dalam:,1
proyek:,1
"nantes,",1
"pelatihnya,",1
"compare,",1
pengendara,1
568.000,1
"“jin,",1
geng-geng,1
oportunistik,1
“menyelamatkan”,1
pesimis.,1
barcelona-paris.,1
151,1
"14,89",1
thea,1
lafond,1
cto,1
"sardar,",1
jalannya.,1
"pengikut,",1
(biasanya,1
dasar!),1
dubes,1
"ma,",1
prek,1
takeo,1
"kandal,",1
tiene,1
"mejora”,",1
dadu,1
"segalanya,",1
"operator,",1
"terang-terangan,",1
globalnya!,1
penguasa.,1
sesinya,1
pendirinya.,1
al-tijari,1
barat;,1
"didukung,",1
perompakan,1
“jalur,1
"metropolitano"".",1
"kingston,",1
pahit;,1
tong,1
tematik,1
"1,20%,",1
14.260,1
weighted,1
egx30,1
"1,24%",1
43.893,1
tamayoz,1
"7,31%,",1
"internalnya,",1
virus.,1
sejelas,1
e-sports.,1
"""sejarah",1
"renaisans.""",1
berketahanan.,1
interfax,1
penggilingan,1
fathallah,1
"fawzi,",1
"ditegaskannya,",1
"default,",1
"15,760",1
"al-moubayed,",1
manasat,1
"ke-31,",1
dikhususkan,1
"paspor,",1
"senang,",1
"bangga,",1
"puas,",1
"bersyukur.""",1
"ke-200,",1
“revolusi”,1
"kerja-rumah"",",1
"defa,",1
"talenta""",1
netanyahu-smotrich.,1
"""perpustakaan",1
"depan"",",1
43.000,1
factset.,1
turki—mungkin,1
(organisasi,1
bangsa-bangsa),1
"pendekatannya,",1
pengembara.,1
guy,1
akreditasi,1
ditengahi,1
ganas.,1
"mammadova,",1
membantu.,1
pelayaran.,1
"yakni,",1
kamomil.,1
efeknya,1
kamomil,1
bangsanya.,1
mengkodekannya.,1
reaktivasi,1
menukarnya,1
magnificent,1
"pasca-trauma,",1
disangka,1
comecon.,1
tekadnya,1
“pelajaran,1
"dilahirkan,",1
powership,1
satiris,1
duka.,1
bulan?,1
menyusutnya,1
help,1
desk,1
"memorial,",1
"kronika,",1
zimin,1
–2024.,1
hadath.,1
“fueran,1
"berfungsi?”,",1
begitu.,1
"sindyan,",1
suaranya.,1
kontraterorisme.,1
israel-suriah,1
"mendekat,",1
"kencang,",1
"keturunan,",1
dipenuhi;,1
dibunuh?,1
"jamal,",1
spesial.,1
kebahagiaan.,1
"ibumu,",1
gemetar,1
makhluk.,1
"morocco,",1
"9,02",1
"10,61",1
dirham.,1
"lucena,",1
"cebador,",1
al-saloum,1
"aramco,",1
tasi.,1
"norfolk,",1
reklame,1
لمساعدة,1
المهاجرين,1
والخدمات,1
الإنسانية,1
25.000.,1
padamu?”,1
"wuppertal,",1
tertimbang,1
"""prancis",1
bahasa;,1
kompleks;,1
"akal.""",1
“pria”,1
"dunia.""",1
"etanol,",1
simbolisnya,1
tirani.,1
gajah”,1
(karena,1
kemasannya),1
“jalan,1
"pedang”,",1
penilaiannya.,1
"lockdown,",1
ketidakterikatan,1
“do”,1
(sisi,1
"badan),",1
“kote”,1
(pergelangan,1
“tsuki”,1
"(突き,",1
tenggorokan).,1
pertapaan,1
buddhisme,1
"theravada,",1
"dari,",1
"(kepala),",1
"merger,",1
sudan?,1
“terorisme”,1
"rekening,",1
"faktur,",1
"pemeriksaan,",1
kejelasan;,1
"semantik,",1
kipernya,1
"chavismo,",1
kredit.,1
vivien,1
"aksesoris,",1
aura,1
menyilaukan.,1
"keberadaannya,",1
anti-hak,1
fawkes.,1
kambingnya,1
"rif,",1
"""kontrak",1
"arab""",1
peziarah,1
makkah.,1
menutup-nutupi,1
"sansour,",1
مؤسسة,1
العابرين,1
"amoroso,",1
rodriguez.,1
"masnaa,",1
perkenalan,1
merah.”,1
“konferensi”,1
pembantaian”,1
"perintahnya,",1
ling,1
‘selamatkan,1
"sa’d,",1
sa’d,1
"binasa,’",1
jilbab?,1
piksel,1
richmond,1
barkin,1
banker,1
privy,1
fei,1
cern,1
“sampai,1
"amonia,",1
golob,1
gugat,1
impunitas”,1
membukakan,1
“selamat,1
pagi”,1
"mate/chimarrão,",1
sindirnya,1
"terkekeh,",1
saudari-saudariku?”,1
discord.,1
penggembala.,1
"petropavlovsk-kamchatsky,",1
kamchatka,1
ditingkatkan.,1
pixabay.,1
maglio,1
sadaya,1
yazid,1
al-humaidan,1
"perpustakaan,",1
sattam,1
genggamannya.,1
"1919,",1
resminya;,1
pemberhentian,1
"pengemudi,",1
lod.,1
menggubah,1
"majemuk,",1
59%,1
"-0,4%",1
marileidy,1
paulino,1
teka-teki.,1
pas,1
pesan.,1
luc,1
"frieden,",1
luksemburg.,1
"tuchel,",1
jovic,1
€148,1
yusuf,1
"al-qaradawi,",1
variabilitas,1
konflik:,1
(“渔业公司却先做了建筑公司的活”),1
bantaran,1
direvitalisasi.,1
card,1
$15.000,1
oblique,1
seville,1
kishane,1
thompson,1
lyles,1
"terlokalisasi,",1
lagi!,1
al-subaie,1
novosti,1
atas:,1
candice,1
c.,1
"artian,",1
"peralihan,",1
"terapi,",1
hubungannya.,1
"percakapannya,",1
(yordania),1
"jabatan,",1
85%,1
penahanannya?,1
sadaya.,1
hasilkan,1
diminati.,1
piatek,1
bassam,1
al-rawi.,1
murad,1
"muradov,",1
topchubashov,1
$150,1
"canggihnya,",1
krzysztof,1
"probabilitas,",1
"kepastian,",1
minum.,1
"sumbunya,”",1
sapiens.,1
balok,1
"penza,",1
oleg,1
"minkarsky,",1
almoez,1
edmilson,1
verratti,1
kejahatan-kejahatan,1
russian,1
"literature,”",1
timbulkan.,1
paspor.,1
"""menggeneralisasi",1
"rutin,""",1
650.000,1
“peluang,1
"fosil,”",1
twitch,1
buffalo,1
"konsuler,",1
mengarang,1
"akun,",1
kehidupan;,1
собор”,1
арманжан,1
байтасов.,1
frontale,1
caf.,1
sundowns,1
kompetisinya,1
perang.”,1
"“bersimpati,",1
figur,1
penyisiran,1
pemimpin.,1
g20.,1
"1816,",1
"""snapback"".",1
"cornu,",1
"""patriot""?",1
terjemahan.,1
"""menerapkan",1
"sehat.""",1
balao,1
​​berbagi,1
permintaan-permintaan,1
diredam,1
"memenuhinya,",1
"sensitif"",",1
"digitalisasi,",1
saing.,1
"guci,",1
bingungnya,1
semuanya?,1
"oslo,",1
palestina),1
perantaraan,1
44.000,1
"""alm",1
diadaptasi.,1
tunisia”,1
"memikirkannya,",1
"""menanggapi",1
"berikut:""",1
pemodal.,1
cicilan,1
asean,1
"penobatan,",1
menyenangkan...,1
sama”,1
"""meskipun",1
"usaha.""",1
"17,2%",1
"$2,4",1
bersilang,1
“one,1
piece”,1
topi,1
estate;,1
penyebutannya,1
"al-hadath,",1
"abdel‑fattah,",1
"""alibaba",1
"evreux""",1
mengawasinya.,1
"l'herveur,",1
pogba,1
riyad,1
mahrez,1
irak-turki,1
ceyhan.,1
jalurnya.,1
keanggotaan.,1
13.319,1
berhalusinasi,1
mulanya?,1
вознесенский,1
кафедральный,1
"ganti.""",1
"diri,”",1
ulaş,1
karasu,1
gülay,1
"ertürk,",1
pengeluarannya.,1
'potret,1
"wanita,'",1
0,1
"umum”,",1
meledakkannya.,1
“pemrograman,1
preferensial,1
fms,1
210.000),1
jabal,1
"1864–1870,",1
berlangsungnya,1
sea,1
mall.,1
diselundupkan,1
berserakan,1
"(道場,",1
pedang),1
krama,1
berjerawat,1
dioleskan,1
occidental,1
"petroleum,",1
menggantikannya?,1
"pengorganisasian,",1
"membiayai,",1
"styrofoam,",1
"mampu,",1
"terbarukan,”",1
202,1
125-01.,1
“kecil”,1
selanjutnya:,1
"metanol,",1
hiperrealisme:,1
"legitimasi,",1
3.840,1
ndrrma,1
penjamin,1
hijau”,1
"start,",1
berlakunya,1
bagmati.,1
“giotto’s,1
"fy,”",1
[182.88,1
243.84,1
cm].,1
yadong,1
"""hambatan",1
dipersempit,1
“paru-paru,1
moden,1
perseroan.,1
hdfc,1
“keberadaannya”.,1
"jernih,",1
"11,641",1
28.000,1
"rusia-kaukasia,",1
"kaukasus,",1
terek,1
"$6,5",1
"mengorganisir,",1
rebound,1
teredam,1
"""kiper"",",1
eksternal”,1
francophonie,1
(oif).,1
“pager”,1
simpatisan,1
shahab,1
bowler,1
“hal-hal,1
buruk”,1
$700,1
(blair),1
salju—yang,1
"tertindas,”",1
"ait,",1
"(revolusi),",1
(1200,1
"utc),",1
zamzam,1
badannya.,1
berakhir;,1
(selama,1
poll,1
dojo,1
"(2,6",1
galon).,1
"tempur”,",1
“diizinkan,1
"ashkelon,",1
agendanya,1
anti-penuaan,1
dipenjara.”,1
sanchez.,1
imunisasi.,1
exit,1
terakhir).,1
"mendengarkan"")",1
"(""kurangnya",1
"hormat"").",1
"sesepuh,",1
"kediktatoran,",1
dasar:,1
preciso,1
produzam,1
músicas,1
digam,1
pegolf,1
rukun,1
wave,1
dipotong,1
"coklat,",1
romani.,1
kirkuk,1
nineveh,1
"people,",1
persyaratan.,1
ev,1
"$1,6",1
"arkan.""",1
"setidaknya,",1
fresh,1
[62,1
mil],1
"buku,”",1
kewajaran,1
lee.,1
benarkan,1
"dibantah,",1
memenangi,1
claramente,1
ao,1
povo,1
"(""tidak",1
possamos,1
"livrar,",1
necessário,1
desencadear,1
uma,1
revolução,1
“karakter-karakter,1
"""bersejarah""",1
menyusutkan,1
"""penelitian",1
"penghapusan,",1
silvia,1
"que,",1
nakal,1
menyusahkannya,1
institusi:,1
(dulu,1
"“死了么”的每日签到机制,恰好提供了一种“低打扰式安全保障”：",1
"bisnis一道数字保险。这种“不麻烦别人,也能被看见”的设计,精准击中了现代青年的社交痛点,也让8元定价成为一种“买个心安”的情感消费。",1
‘apakah,1
mati?’,1
‘jaminan,1
interupsi,1
rendah’:,1
selatan),1
solo.,1
administrator.,1
55.000,1
650),1
"druzhba,",1
“menerima,1
2026;,1
vano,1
"nadiradze,",1
upeti,1
"""kemungkinan",1
"hominid.""",1
sering-sering,1
menghantam.,1
azmoun,1
percobaan.,1
"9,4",1
al-salloum,1
perancis),1
sekarang),1
gallant,1
oktober:,1
kompos,1
sao,1
tertutupnya,1
"ceko-nya,",1
"(anvisa),",1
cbd,1
diekstrak,1
"kejang,",1
energinya.,1
“prioritas,1
pemerintah.”,1
ben-gurion:,1
peniru,1
menginterogasi,1
delegasi.,1
"viktor,",1
menggembirakan:,1
"2020-an,",1
ungkapan.,1
ashdod,1
ingatlah.,1
anti-demokrasi,1
"$17,534",1
"$18,158",1
al-tineh,1
(irgc),1
dk,1
"dawoud,",1
"“kewaspadaan,",1
kegelisahan”,1
meletakkannya,1
garis.,1
smp,1
"chatbot-nya,",1
-3,1
westmoreland.,1
damai!,1
247.000,1
"putin,",1
monopolinya,1
kedelainya,1
bukaannya.,1
"profesi,",1
arabs”,1
memoar,1
"menimpanya,",1
"kebijakan-kebijakannya,",1
kerem,1
shalom,1
"pelacakan,",1
ghf.,1
interior.,1
"membutuhkannya,",1
diawetkan,1
"mendetail,",1
"perkelahian,",1
"3,35%",1
"3,33%",1
"3,38%",1
sofal-e,1
kanak-kanaknya,1
protektif.,1
rabeh,1
"qadi,",1
“sewenang-wenang”,1
"kebebasan,”",1
guaido,1
memahami:,1
"tingkatan,",1
“al,1
nihil,1
guadeloupe.,1
(118,1
fahrenheit).,1
fusion,1
meksiko-india,1
megi,1
salsa,1
watch.,1
kontaknya,1
pwc.,1
"profitabilitas,",1
penjualannya,1
menguranginya,1
tawar.,1
aurelius,1
“semakin,1
kekuatan.”,1
"1,600",1
berbumbu,1
diasamidze,1
taza,1
wajahnya;,1
spesialis.,1
vivas,1
(39,1
"gudang,",1
nissan,1
janeiro.,1
"nassar,",1
cumhuriyet,1
kontinjensi,1
hamas”,1
idf;,1
malpraktek,1
"(imf),",1
paleo-asia,1
amur,1
sakhalin.,1
"""menyenangkan",1
"semangat""",1
"menyimpulkan,",1
mensponsori,1
"reboisasi,",1
"ijazah,",1
"cme,",1
prerogatif,1
titik-temu,1
"penghuni,",1
"6,0%,",1
"70,6643",1
“mari,1
"cintai,”",1
"tertidur,",1
“sekali,1
diajari,1
"3.788,66",1
"mendapatkannya.""",1
negara).,1
stagnaro,1
terdampar.,1
“persatuan,1
nasional”.,1
sekularisme.,1
sofia”.,1
"fatma,",1
"sesudahnya.""",1
jijiang,1
ditempuh,1
"""selamat,",1
niyazov-adyljan,1
88%,1
"kurang,",1
keterbatasannya,1
menitikkan,1
ditembaki,1
niscaya,1
173,1
output,1
"mendung,",1
"earth),",1
aktivitas.,1
orsi,1
awal?”,1
jogging,1
"queen,",1
"pelari,",1
perawakan,1
mataku.,1
"terpandu,",1
diwariskan.,1
"al-manfi,",1
transisi.,1
dalam.”,1
yamandú,1
tiktok:,1
amerika!,1
asal-usul,1
"""bertanggung",1
"adil""",1
al-majri,1
berargumen,1
"benar"",",1
peragaan,1
dipertegas,1
"""troika""",1
guram,1
damascus,1
"time,",1
raghdan,1
"shehadeh,",1
"barel""",1
“ibérica,1
latina”,1
instrumental,1
"berjasteh,",1
"jalan"",",1
fleksibel.,1
"26.125,56",1
“inkremental”,1
"rogava,",1
terigu,1
al-samoud.,1
xiomara,1
"pacheco,",1
"buka,",1
"bekerja,”",1
"kounde,",1
​​mengungkapkan,1
busana.,1
"disembunyikan,",1
"(spanyol),",1
"adraee,",1
mirai,1
"kenkyujo,",1
kesehatanに一本となっている場合、それで剣道への“信頼感’’が揺らぐ。“剣道ってカッコいいね’’と言う人は多いのだが、何のゆかbisnis,1
kendo.,1
"tawar-menawar,",1
cuacanya,1
otot-otot,1
band,1
"gaélica,",1
madeira,1
"(portugal),",1
avichay,1
pilihan-pilihan,1
"radikal,",1
1916.,1
1927,1
"1938,",1
"harrach,",1
"retorika,",1
piket,1
menyenandungkan,1
“lagu,1
protes”,1
"205,5",1
demokratisasi,1
1980an.,1
"penempatan,",1
sisanya.”,1
"resapan,",1
aspal.,1
pmu.,1
melapor.,1
"kepuasan,",1
"keterbatasan,",1
perekrut,1
"(민중가요),",1
"683,7",1
"saudara,",1
"engsel,",1
panelnya,1
asimetri,1
kutukan,1
"york"".",1
(pemegang,1
"balfour),",1
dideklarasikan,1
"$39,9",1
"pertukaran,",1
"sekolahnya,",1
alma,1
"jokinen,",1
au-eu,1
luanda,1
"mistis,",1
"“migrasi,",1
"terpinggirkan,”",1
diwariskan.”,1
teroris?”,1
berperforma,1
“zatiran”,1
"$34,9",1
"reskin,",1
"utsri,",1
anti-netanyahu,1
"baikonur,",1
zenit-2.,1
"kaitannya,",1
"wanita,”",1
incel.,1
"menciptakannya,",1
alban,1
nkontcheu,1
hadirnya,1
"berbahaya""",1
"hadhreen,",1
"(sapa),",1
"siha),",1
“tun,1
ketukan,1
pintu.,1
lanskap.,1
rumit:,1
"kelambatan,",1
gerakannya,1
abjar,1
"keselamatannya),",1
"sinema,",1
tinggal”,1
"dinaturalisasi,",1
126,1
“manufaktur,1
lokal”,1
"520,",1
"sebutannya,",1
gigitan,1
renyah,1
anti-semit,1
pengedit,1
de-eskalasi,1
mendasarinya.,1
​​lionel,1
"kebahagiaan,",1
"kebanggaan,",1
monoton;,1
berorganisasi,1
dinanti,1
safieh,1
“berita-berita,1
"3,953%",1
"nominalnya,",1
demonstrasi.,1
c,1
sirkadian,1
ثورة,1
thawra),1
diteriakkan,1
abzas,1
asabali,1
mustafayev,1
dampaknya].,1
antibakteri,1
serangga,1
disetor,1
(md):,1
lenovo,1
ijazah.,1
selatan;,1
ground,1
“made,1
irak.”,1
"genel,",1
38.000,1
gunners,1
"al-arabiya.net,",1
al-muntashari,1
pengganggu.,1
pemborosan),1
tips,1
"desktop,",1
led.,1
"""tentu",1
"verifikasi.""",1
"mengunjunginya,",1
"kedekatan,",1
kekeluargaan,1
meksiko:,1
lebar.,1
"asif,",1
pribadi”,1
“menyelamatkan,1
"perang,”",1
"oolong,",1
oksidasi,1
oolong,1
"oksidasi,",1
"bilang,",1
‘kendo,1
kelihatannya,1
"keren’,",1
penggemarnya.,1
“terapis,1
kuningnya.,1
"jejaknya,",1
membengkokkan,1
"39,7",1
"alhamdulillah,",1
"sadar,",1
kontemporer:,1
"solomon,",1
terkuat.,1
pengasingannya,1
nawaf”,1
terdiagnosis,1
"schulz,",1
muncul?,1
dream.,1
kualitas.,1
"mengatasinya.""",1
"euthanasia,",1
memprihatinkan.,1
sul,1
"orleans,",1
"2025-2026,",1
"lansia,",1
"13,2",1
"14,4%.",1
"otonomi,",1
"taba,",1
kejuruan,1
revolusi”,1
al-fakhariya,1
"20,1",1
"""degioya"",",1
132,1
kairo-alexandria,1
reli,1
hipotesis,1
“foto”,1
mengkhawatirkan.,1
​​bayern,1
mengontraknya,1
dahulu:,1
fatimata.,1
"diana,",1
bankak,1
platformnya,1
"real-time,",1
abdulmohsen,1
$228,1
(22),1
"terkonfirmasi,",1
[asia,1
utara].,1
disiksa.,1
"paru-paru,",1
"perokok,",1
“janji,1
diam-diam.”,1
"buldoser,",1
andil,1
"$381,4",1
"$438,5",1
"225,",1
"(chp),",1
by-nc-sa,1
2.0,1
biosfer,1
pikirannya,1
"profesionalnya,",1
lafarge,1
"kalium,",1
nitrogen.,1
"penyebab,",1
advance,1
awot,1
kassym-jomart,1
tokayev,1
bartholomew.,1
"dadanya,",1
"72%,",1
eu,1
see,1
eksplosif.,1
"""mediapar""",1
"info""",1
"makedonia,",1
swana,1
'al-masry,1
al-youm',1
"ganja,",1
stigma.,1
tempuh,1
95%.,1
310,1
sabar”,1
younis.,1
"""al-shater.""",1
sini:,1
“sulit,1
13.,1
"asistennya,",1
"""janji",1
ai-nya,1
"""grok""",1
cuitan,1
"""b",1
psychology,1
"today"",",1
pengurasan,1
energi;,1
andi,1
"local,",1
"makassar,",1
"nimbuzz,",1
baterainya,1
diikuti.,1
frankly,1
speaking,1
mcknight,1
mengudara,1
"sirkulasi,",1
4992%,1
brasileño.,1
"""oracle""",1
"mariani,",1
irak-suriah,1
baniyas.,1
"terdemoralisasi,",1
menyiapkannya,1
membagikannya,1
"al-asbahi,",1
"delapan,",1
realokasi,1
"keamanan,”",1
jun,1
kameranya,1
"jebakan!""",1
"""predator""",1
"""reaper""",1
juve,1
dijelaskannya,1
alexe,1
mayuko.,1
penduduknya:,1
individualis,1
"maputo,",1
kawin,1
biak.,1
terjebak.,1
"teror""",1
"udmurtia,",1
udmurt,1
pualawi,1
"""praktis""",1
"lengan,",1
nyata?,1
pengusahalah,1
keterbacaan,1
terakhirnya:,1
organiknya,1
merugikannya.,1
"sertifikat.""",1
2020-2024,1
"simpanan,",1
125%,1
66%.,1
chatgpt.,1
paru,1
obstruktif,1
kronik,1
(ppok).,1
kaukasia.,1
muram.,1
semasa,1
"hakikatnya,",1
"lepas,",1
sepotong,1
"kairo,”",1
thoraya.,1
"drone"".",1
4%;,1
9%;,1
3%;,1
"fugro,",1
"11,9%.",1
el-baz,1
millwall.,1
pemersatu,1
belah;,1
mempersatukan.,1
"bahayanya,",1
partisannya,1
ouest,1
2-2.,1
mustafa.,1
hemat.,1
al-gezira,1
"almanagil,",1
omdurman.,1
sinai.,1
du,1
dimanche,1
"""tidak.""",1
sesendok,1
tamu),1
teko.,1
clásico,1
al-samoudi,1
2.5,1
"""emas""",1
performa.,1
​​​​namun,1
menyiksa,1
"hibrida"".",1
"menganggur,",1
"""jiminy""",1
"tonton,",1
komedi.,1
tentangnya.,1
5.060,1
"$16,",1
"$3,752.",1
anil,1
(ndrrma),1
kiprahnya,1
"antisipasi,",1
koheren,1
mozambik.,1
19%.,1
"pengembangan,",1
"pengamanan,",1
komersialnya.,1
alurnya,1
ketinggian.,1
“peringatan,1
"merah”,",1
calon.,1
haret,1
hreik.,1
"737,3",1
(hat-trick),1
"kabardino-balkaria,",1
"adygea,",1
"karachay-cherkessia,",1
hawa,1
bawahku,1
"bergeser,",1
sanggup,1
"""oreed"".",1
dikalahkan.,1
graz,1
museliantsi,1
tsaro,1
"oshakmashvili,",1
mengadopsinya.,1
pernafasan,1
alahly,1
persiapannya.,1
substansi.,1
"permen,",1
patwa,1
kulit?,1
kehilangan.,1
deepa,1
sindhuli,1
bhotekoshi,1
sindhupalchok,1
pendidikan;,1
archil,1
domestik”.,1
tontines,1
[kelompok,1
"barat],",1
kingston,1
"lilly,",1
obatnya,1
kejutan-kejutan,1
penindas,1
melaporkannya.,1
"jazz,",1
bossa,1
"nova,",1
funk,1
“oriental,1
jazz”,1
comey.,1
nilgiris,1
"ambulans,",1
nordisk,1
ochakov,1
kirovograd.,1
rela,1
"olisa,",1
heboh,1
"online-nya,",1
bernuansa.,1
subeeh,1
"14,05",1
nonesuch,1
alam”,1
"menemukan,",1
“kebanyakan,1
fakta.,1
"al-mutawa,",1
dirasakannya,1
po,1
"sosiologi,",1
berjuang.,1
kritis:,1
"“modernisasi”,",1
“kemungkinan,1
"moody's,",1
konsekuensinya?,1
penontonnya,1
"curhat,",1
menyelam,1
laut...,1
haifa.,1
"""inilah",1
"kay,",1
"mengenalinya,""",1
pyongyang,1
‘wartawan,1
kerugiannya?,1
"penginapan,",1
"toilet,",1
earth),1
kalaupun,1
"non-identifier,",1
kambing,1
bebannya,1
"perdana,",1
(cna),1
rute.,1
"merokok,",1
“penganiayaan,1
“hizbullah”.,1
marak,1
association.,1
“teroris,1
"deepsec,",1
“bahasa,1
anggrek,1
"""itqan",1
"peperangan.""",1
abderrahman,1
"zahid,",1
"tawjeeh,",1
sekolah?,1
"nazih,",1
"""seseorang",1
makannya,1
fisiknya.,1
horner,1
miquez,1
"bermil-mil,",1
memekakkan,1
telinga.,1
astronot,1
orbit.,1
eli,1
"ababa,",1
"""ejar"":",1
"""ejar"",",1
"""ejar.""",1
urbanisasi,1
"non-pemerintah,",1
"kosmetik,",1
madagaskar:,1
"diego,",1
"toamasina,",1
"toliara,",1
"mahajanga,",1
chidindu,1
menghargainya,1
"sangi,",1
"nivkh,",1
koran.”,1
"mendatang,""",1
"pembacanya,",1
bersama:,1
"viber,",1
"wetalk,",1
mencoba.,1
"perselisihan”,",1
magdy,1
"sipil”,",1
"kasih”,",1
"“prasangka”,",1
“pengenaan,1
"legitimasi,”",1
“seorang,1
"mengawasinya,",1
"menjaganya,",1
"takhayul,",1
pendaftaran.,1
pencahar,1
ibuprofen,1
"konflik”,",1
هذه,1
اللغة.”,1
waduk-waduk,1
"piketty,",1
mentor,1
membelanya,1
piketty,1
"""berbicara",1
"kosong""",1
niña,1
pasat,1
fianarantsoa.,1
“mengidentifikasi,1
kong”,1
“mencari,1
kesalahpahaman”,1
botnya.,1
itaquaquecetuba,1
"itapevi,",1
"api,”",1
"(yök),",1
evangelis.,1
kriminal”,1
​​ke,1
(opec),1
mencerahkan,1
41.300,1
"baluchestan,",1
isis-khorasan,1
"pendaftaran,",1
moderator,1
"discus,",1
silinda,1
moráles,1
laith,1
"bazeshkian,",1
إلا,1
"fisik.""",1
"mitra-mitranya,",1
wuhan,1
mm,1
—37,1
$42,1
"$3,791.",1
alawi.,1
"suyoung,",1
namtaeryeong.,1
peradilan.”,1
تقدمها,1
"""merupakan",1
"20,744",1
"81,562,",1
"sebab,",1
memblender,1
lahirlah,1
montevideo,1
"berkomunikasi,",1
"bernegosiasi,",1
"urusan-urusan,",1
"menyatukannya,",1
"perhubungan,",1
"outsourcing,",1
"pengrusakan,",1
kronoslav,1
pra-penjualan.,1
pendapat-pendapatnya,1
“penipuan,1
"kartu,",1
beregenerasi,1
ternak.,1
(sad).,1
"“berbahaya,”",1
mendamaikan,1
maytham,1
mary,1
"20,9%.",1
rui,1
menyangkalnya.,1
spons,1
damietta,1
david.,1
"sehingga,",1
bdt,1
478.000,1
3.900),1
"oro,",1
"baotou,",1
"""serangan"".",1
antarbenua.,1
spanduk-spanduk,1
tersiar,1
pertanahan,1
non-kekerasan,1
"lilin,",1
gallant.,1
“cong”,1
higaonon,1
cagayan,1
perkataannya,1
“mourinho,1
"benfica,”",1
"costa,",1
"kesukuan,",1
"aku,”",1
meninggalkanku,1
al-aanna,1
mimpi;,1
"kucapai,”",1
mengulanginya,1
menjangkiti,1
tiongkok-afrika,1
forbes).,1
penyemprot,1
pengharum,1
ngobrol,1
ayeyarwady,1
"bago,",1
"“merah”,",1
kemerahan,1
"tambahannya,",1
(minggu,1
12.00,1
shabans,1
195,1
lingkungan?,1
"chang,",1
izakaya,1
kulinernya,1
(56,1
"“surga”,",1
"islam,""",1
otak-komputer,1
(bci),1
indera.,1
dzhemal,1
"varanasi,",1
menara-menara,1
"10,4%,",1
"7,2%,",1
keharuman,1
“hijau”,1
"“kuning”,",1
“pohon,1
"semak-semak,",1
bangunan.”,1
objek.,1
hiroshi,1
"suzuki,",1
geydar,1
"46,1%",1
"$1,51",1
gulat,1
panahan,1
naadam.,1
atiyah,1
"1935,",1
noureddine,1
reservasi,1
yerli,1
474.018,1
"9,2",1
"puyol,",1
​​​​di,1
puyol,1
rey,1
"""picasso",1
kebudayaan.,1
perputarannya,1
"mengurangi,",1
stok.,1
pannist,1
"trinbagonian,",1
regrello,1
carles,1
pesaing-pesaing,1
kuna,1
hammoud.,1
pun?,1
bangsa-bangsa.,1
menganalisisnya,1
fokusnya.,1
"oposisi”,",1
“perlawanan,1
"lunak”,",1
florencia,1
"$3,42",1
ke-35,1
"dicatat,",1
lutwak,1
nasserallah,1
dell.,1
beras,1
"irna,",1
"rosatom,",1
4.800,1
"""bekerja",1
"paloma.""",1
"14,9%",1
manisnya,1
shalwar,1
"kameez,",1
choker,1
"lanjutannya,",1
"awot,",1
amhara.,1
"daly,",1
kcc,1
“bush”,1
mengekspresikannya.,1
"el-zeini,",1
record,1
retail,1
168.5%.,1
perang?,1
"""kesepakatan",1
"mendasarinya,",1
soundtrack,1
rodney,1
mengharapkannya.,1
statelessness,1
inclusion,1
(institut,1
"inklusi),",1
cinomy,1
"diinterogasi,",1
"kejahatannya,",1
keterampilan.,1
akef,1
najem,1
berkenaan,1
pesaing;,1
$865,1
guardian.,1
"stok,",1
cho,1
payet.,1
line,1
transatlantik.,1
rupanya,1
"penerbitan,",1
"masakan,",1
"bonekanya,",1
nenek-nenek,1
kekecewaannya.,1
catalunya.,1
toor,1
manikhil,1
tulle,1
mackensen,1
saurabh,1
"sethi,",1
"gastroenterologi,",1
sethi,1
fda.,1
"belasungkawa,",1
ampunan,1
"mendiang,",1
lahannya,1
"dixon,",1
fulbright,1
reorganisasi.,1
medicines,1
agency),1
minimal.,1
“lighting,1
body”,1
disinfektan.,1
"menit,""",1
menyuntikkannya,1
rakyat;,1
selamatkan,1
"atmosfer,",1
“ribuan,1
(european,1
liberalisasi,1
"sosiokultural,",1
clinical,1
nutrition,1
88.000,1
"""cosmic",1
"orange""",1
"keanggunan,",1
"(死了麼?),",1
ursa”,1
(beruang),1
(fia),1
vision,1
2.800,1
al-khateeb,1
netizen,1
fransiskus.,1
wisuda.,1
lipton,1
"healthday,",1
independent.,1
ditebang.,1
rasionalitas,1
"minimal.""",1
"recife,",1
2.158,1
rahman.,1
"""arada",1
"london"",",1
diakuisisinya.,1
separah,1
"6,2",1
"kelamnya,”",1
menggugat,1
terakhir”,1
teknofest,1
ransomware.,1
eff,1
“konvensi,1
transnasional.,1
ptolemeus,1
“mantan,1
imran,1
"kewarganegaraan,”",1
"pashtoon,",1
dipenuhi.”,1
"balochistan,",1
"peshawar,",1
ramping,1
(oas),1
komponen:,1
"""periode",1
"menantang""",1
mandatnya.,1
sedetik,1
fayval,1
keuangan;,1
morris,1
huaxin,1
berin,1
tuzlić,1
statista,1
"memerlukannya,",1
memintanya.,1
“benar-benar,1
memelopori,1
perluasan”,1
tersulitnya,1
"vinnikov,",1
sm,1
hazrat,1
"shahjalal,",1
"6,35",1
"6,25",1
bih,1
"""emas",1
"digital"".",1
"""kopi",1
"lainnya.""",1
"mensponsori,",1
"meminta,",1
"individualisme,",1
anat,1
ebgi,1
"frieze,",1
harper's,1
koruptif,1
armory,1
show,1
"syukurlah,",1
motor-motor,1
pengoperasiannya,1
"senyap,",1
"eksplisit,",1
"eksploitatif,",1
non-ferrous,1
"menonjol,",1
“menyatukan,1
kao,1
"gallery,",1
shabans.,1
"wikipedia,",1
alfabetnya,1
cdc,1
“prakualifikasi,1
(who)”,1
“buatan”.,1
"sugud,",1
"ditambahkannya,",1
“persetujuan,1
diartikan,1
$118.000,1
pelaksanaannya.”,1
"54,052",1
mampir,1
nyc.,1
‘the,1
felled,1
trees,1
"candelaria’,",1
puisi-puisinya,1
pimpin,1
33.800,1
$110.000,1
pengesahan,1
"antsiranana,",1
atletiknya,1
"remajanya,",1
1980-an,1
berfoto,1
"terlukiskan,",1
menjalari,1
tubuhku.,1
ido,1
"yitzhak,",1
runner-up,1
wafiq,1
tekeze.,1
"awan,",1
"""shortss""",1
palace.,1
januari-juli.,1
penasihatnya,1
topaz,1
luk,1
pualaui,1
"bambu,",1
“ketinggalan,1
jaman”,1
kedaulatannya.,1
mempedulikan,1
pun!,1
usulnya.,1
"universitas-universitas,",1
"6,04%",1
"93,96%.",1
sikat,1
indira,1
gandhi,1
bire,1
"abd,",1
"act,",1
"(nrk),",1
bardufoss,1
troms,1
"kakek-neneknya,",1
"al-gameel,”",1
indikasinya,1
"koordinasi,",1
(setidaknya,1
venezuela),1
“menyarankan”,1
"banyak,”",1
pintas,1
sultan.,1
"hotel-hotel,",1
"papel,’",1
"pohon,”",1
bukit.,1
archives,1
luttes,1
"algerie,",1
tertulis.,1
kandangnya,1
392.000,1
69%,1
ramil,1
tubrukan,1
“mineral,1
hidrous”.,1
halala),1
"absolutnya,",1
komoditas.,1
mendistribusikannya.,1
"berserakan,",1
langit-langitnya,1
tergenang,1
‘tanpa,1
602.000,1
"fgm,",1
humor.,1
"$1,1752",1
"0,12%",1
“الوطن,1
“العالم,1
"3,85",1
2023/24.,1
memadati,1
"restoran-restoran,",1
"terprogram,",1
"rakash,",1
"sandi,",1
wajah).,1
"26,3%,",1
"gorman,",1
“bank-bank,1
"baloch,",1
diikutinya,1
seri).,1
(6-15,1
maret).,1
"jagal,”",1
turki?,1
"pin,",1
"sulyandziga,",1
nanai,1
"dada,",1
melawannya.,1
bolong,1
"adidaero,",1
"alamata,",1
"togoga,",1
relevansi,1
thebes,1
langit.,1
"samovar,",1
keharmonisan.,1
"hinterdoppler,",1
lasertech,1
"8,4%,",1
sumco,1
"7,5%,",1
disco,1
"7,1%.",1
kontraktif,1
‘ilmu,1
masyarakat.’,1
diario,1
pandey,1
kerja?,1
"ramping,",1
council,1
3.661,1
$115,1
meloni,1
hipersonik.,1
"""hanya",1
komoditas:,1
"festival,",1
wewenangnya,1
(vr):,1
statis;,1
kodenya,1
resminya:,1
"artis.""",1
(pemerasan),1
yum,1
al-hikma.,1
"31%,",1
"meroket,",1
wellness,1
institute.,1
"$34,6",1
intel.,1
“lidah”,1
"​​lainnya,",1
“hizbullah.”,1
berputar-putar,1
"56%,",1
"$8,6",1
'laut,1
fintech.,1
fair-play.,1
tempi,1
ekuador.,1
menghormatinya.,1
"futuro,",1
"film-filmnya,",1
"batasan,",1
melangsungkan,1
shari,1
node,1
olisa,1
selangka,1
inter-amerika.,1
"kontraknya,",1
"harun,",1
"musa,",1
país/planeta,1
mozdok,1
"al-hogail,",1
departemennya,1
"lain’,",1
"mengelilinginya,",1
magadha,1
(544–322,1
"sm),",1
ritual/keagamaan,1
"""protein",1
"baru"",",1
"terkuatnya,",1
2025',1
online?,1
"3,493",1
formulasinya,1
"kemasannya,",1
dijauhkan,1
"""tim-tim",1
seru,1
"menghibur.""",1
‘dilihat,1
"non-tiongkok,",1
kemungkinan:,1
mikrobioma,1
trent,1
alexander-arnold,1
"rudiger,",1
disalin,1
ensiklopedia,1
(bahkan,1
leptin.,1
"lanzilotta,",1
keduabelas,1
hanggarnya,1
"kesatuan.""",1
"tuntutannya,",1
menangkan,1
“milei,1
anti-israel,1
non-tradisional”,1
kekeluargaan”.,1
cilik,1
disaksikan,1
pembentukannya.,1
desanya.,1
"el-bayar,",1
"aref,",1
thoraya,1
"fa,",1
"boeing.""",1
"4-3,",1
memanfaatkannya.,1
"983,66",1
"""mengutuk",1
66-155,1
1966,1
brik,1
"indah,”",1
semikonduktor:,1
"diubah),",1
adidas,1
"sekalipun,",1
"kucing,",1
pertolongan.,1
"fold,",1
kompak,1
“sejarah”,1
1902.,1
"hebat”,",1
1990an.”,1
shapiro,1
vínculo,1
libertad,1
tergelincir,1
dortmund,1
kekuasaannya.,1
"""mazi,""",1
"32,6%",1
targetkan,1
"145,32%,",1
"227,91",1
"92,9",1
"(236,77)",1
"(29%),",1
(31),1
"uno,",1
“korupsi,1
“kemalangan”,1
1860an.,1
unsdg,1
(x),1
"bellingham,",1
"ke-23,",1
mcallister,1
"trotoar,",1
"usang,",1
"iran-amerika,",1
neom.,1
diskurs,1
"science,",1
computerized,1
tomography,1
(ct),1
memodelkan,1
kakaknya,1
jarak.,1
"$375,3",1
villa,1
karara.,1
geraci,1
"kesengsaraan.""",1
"monako,",1
malta.,1
statistik.,1
manis.,1
(biaya,1
penggantian),1
adin,1
kadrić,1
"pahlavi,",1
"ke-22,",1
serho,1
'al-shater',1
"central,",1
"metropolitano""",1
salinas,1
"gortari,",1
“pertemuan,1
"""bees""",1
"frank,",1
"platinum),",1
"terencana,",1
massa.,1
yih,1
masdar,1
tenun.,1
berkebutuhan,1
"97,326",1
fellowship,1
vitalik,1
buterin,1
sombong,1
pektin,1
beta-karoten,1
dunianya.,1
"jaman,",1
"""prospek",1
"adidas,",1
"kesultanan,",1
aktivisme.,1
"ekspresif,",1
non-verbal,1
"minyaknya,",1
1986,1
"bolivar,",1
department,1
al-fayed.,1
"terjalin,",1
diamond,1
oirooms).,1
"norgaard,",1
yoanee,1
wissa,1
memperumitnya.,1
“kembali,1
manfaatkan,1
blockbuster.,1
"ethereum),",1
dylan,1
"figma),",1
ritesh,1
agarwal,1
"tottenham,",1
figur-figur,1
"petahana,",1
"tertentu""",1
rasionya,1
150%.,1
"80%,",1
"api.""",1
"38,82",1
server.,1
jalur-jalur,1
vox,1
rontgen,1
"(pp),",1
cayetana,1
álvarez,1
toledo,1
"amlo,",1
“psikosis,1
"ai”,",1
“koalisi,1
rekomendasinya,1
pembelaan.,1
demanding,1
coordinator,1
abascal,1
"dimiliki,",1
"akuifer,",1
keringnya,1
akuntabel,1
dioperasikan.,1
sekjen,1
lenyap,1
haimon,1
riasannya,1
"duforc,",1
"0,59%,",1
dewa.,1
"0,31%.",1
logis.,1
"4,3%",1
"yaowen,",1
urbanis,1
passo,1
"fundo,",1
sul.,1
"“lelucon,",1
oke.,1
"delusi,",1
mesias,1
"6643,68",1
3.300,1
$22).,1
tumasie,1
lipatan,1
"cityscape,",1
"berri,",1
"""gol""",1
"""marca""",1
sabtu:,1
"tertarik,",1
kooperatif.,1
venezuelan,1
pemasok.,1
broadband,1
tumor,1
"leo,",1
unggun,1
“babi”,1
(sdf)”,1
(“qasd-i’).,1
3.739,1
evolusinya,1
"""pembaruan",1
"strategis""",1
"""de-eskalasi"",",1
education,1
"(provea),",1
jinnah,1
"penggantian,",1
diisolasi,1
"dapat,",1
"seharusnya,",1
"68%,",1
pemecatannya.,1
berenang,1
menggerutu,1
$60),1
"penggunanya,",1
rhine-westphalia,1
cologne,1
truck,1
"1930-an,",1
"(pkk),",1
"öcalan,",1
"i̇mralı,",1
satorov,1
menunggunya,1
hime,1
8.800,1
lapis.,1
"mclaughlin,",1
qandarisha,1
olahraga.”,1
vanna.,1
metalurgi,1
"al-faisal,",1
bersaudara.,1
amadou,1
(bukan,1
yobe,1
(jama'at,1
kabardino-balkaria,1
"wal-muslimin),",1
situasinya;,1
comfort,1
"ero,",1
semi-resmi,1
wsis,1
ustyurt,1
mengucap,1
"bahagia,",1
hamba-nya,1
petahana.,1
nusrat,1
nuba.,1
digeledah,1
"schmerling,",1
"sesuatu.""",1
[tuan,1
"rumah],",1
menolak.,1
baik?,1
ketipisan,1
huni,1
sigma,1
tricia,1
"sebenarnya),",1
128%,1
(520),1
214,1
"banding,",1
mengelabui,1
“prajurit,1
penunggang,1
"kaukasia,”",1
oskar,1
"mikroelektronik,",1
"vulkanik,",1
"lithium,",1
"persalinan,",1
neonatal.,1
zakir,1
"jalali,",1
(iphone,1
air).,1
tk,1
ketidakbersuaraan,1
tewas”,1
datanya,1
enira,1
"""mengerikan""",1
"constanta,",1
belarus.,1
mengkondisikan,1
"tetapi,",1
sepenting,1
"modernitas,",1
menjijikkan.,1
"alpine,",1
"snowboarding,",1
"biathlon,",1
hoki,1
curling,1
bronitskaya,1
mengunggahnya,1
"""sepertinya",1
"as.""",1
troels,1
tillaberi,1
"edelson,",1
"northeastern,",1
"efektif.""",1
konsuler,1
potter.,1
"leone,",1
"berhasil.""",1
diskriminasi:,1
“ayah,1
[chuvash],1
dirayakan.,1
hendaknya,1
"bar,",1
veeraraghavan,1
teknik.,1
"marathon,",1
check-innya,1
citranya,1
"pengawasnya,",1
perempuanlah,1
states,1
highway,1
"dayton,",1
mengujinya,1
salif,1
aly,1
"guindo,",1
"barahogon,",1
"dogon,",1
instruksi;,1
perencana,1
darfuri,1
e-pemerintahan,1
e-devlet,1
"(e-state),",1
keriput?,1
"09:09,",1
"gong,",1
hun,1
manet,1
currency,1
66.,1
m²,1
"penduduk,”",1
sadari.,1
sharifov,1
shekab,1
"rupa,",1
"[1996–2001],",1
himne,1
nazi.,1
space,1
kigali,1
kagamé.,1
"keystroke,",1
memata-matai,1
ditabrak,1
287,1
menyemprot,1
etil,1
pematangan,1
tomat.,1
"45.043,75",1
gubernuran,1
sekolah;,1
multibahasa.,1
information.,1
ke-57,1
1992-1993.,1
"heroik,",1
politik!,1
diotomatisasi;,1
"memalukan,”",1
penutupannya,1
"wales,",1
"scully,",1
"peristiwa.""",1
bendahara,1
jim,1
chalmers,1
sesungguhnya”,1
cudisevich.,1
"bibir,",1
"bezsekian,",1
"patungan,",1
akuisisi.,1
"ghannouch,",1
"gabès,",1
"[covid-19],",1
berwajah,1
mengeringnya,1
gavkhouni,1
akun-akun,1
"sektarian,",1
alamatnya,1
via,1
campesina,1
friends,1
earth,1
mig-31,1
hausa.,1
iga,1
"świątek,",1
(500,1
poin).,1
ekaterina,1
pasca-perjanjian,1
"1-6,",1
"(7-3),",1
7-5.,1
mitologi,1
mengefektifkan,1
"teluk.""",1
"peto,",1
"bessiebaker,",1
axe-and-adze,1
desahan,1
"berdatangan,",1
ottawa.,1
alexandrova,1
ambani,1
"26,4%",1
mencontoh,1
"""sdaya""",1
"23,7",1
pendalaman,1
tianwen-1,1
planet.,1
"(liga,",1
"11,982",1
"3,52",1
"merosot,",1
awal:,1
pemilahan,1
biodegradable,1
alternatifnya,1
guyana),1
abstain,1
pengujiannya,1
gautam,1
anti-kulit,1
diekstradisi,1
pembelanya,1
"cita-cita,",1
990,1
"pay""",1
"berbincang,",1
"berfoto,",1
“cinta”,1
malapetaka.,1
lektur,1
raf,1
"billing,",1
sophos,1
“idaenam”,1
"(이대남),",1
mukesh,1
super).,1
"""80%""",1
"""ai",1
"fisik"".",1
"minecraft,",1
tunku,1
darul,1
"ta'zim,",1
"""asosiasi",1
kamis!,1
restore,1
"""apple",1
kependekan,1
"produsen,",1
"ielts,",1
importir.,1
'siapa,1
kamu?,1
"49,7%",1
"$23,2",1
"$15,5",1
kalem,1
"berlapis,",1
kelembutan.,1
"metodenya,",1
"16,92",1
"11,3",1
jemaah.,1
"rasional,",1
perkotaan;,1
"beraktivitas,",1
"pengawas,",1
"interior,",1
70.000,1
hiroshima,1
nagasaki,1
konsumsinya,1
jemaah,1
wisma,1
"kodok,",1
zebra,1
seotentik,1
serealistis,1
hat-trick,1
keterangannya.,1
gurion,1
"zionis,",1
(no.,1
"181),",1
bukavu,1
penyanyi.,1
"baca,",1
"pencapaian,",1
"ambisiusnya,",1
"1964,",1
bersumber,1
zamanku.,1
nawah,1
"hizbullah),",1
abboud,1
bashombe,1
"pnn,",1
1947?,1
kolektif:,1
"maría,",1
anotatornya.,1
qimah,1
"18,1%",1
corners,1
books,1
conférence,1
les,1
changements,1
climatiques,1
"ghrelin,",1
(konferensi,1
maroko),1
"al-mowasat""",1
295,1
"al-jaafari.""",1
yanbo.,1
"diasingkan,",1
"york,”",1
el-qadir.,1
"""belly",1
"whale""",1
"original"",",1
maroc,1
rekornya,1
"renaissance,",1
"pesaing,",1
teaser,1
"al-nuwaibit,",1
300-400,1
"""teman-teman",1
"cerdas.""",1
rusia-jepang,1
1904.,1
"algoritma,",1
merowe,1
"""pembuangan",1
"bendungan""",1
rumus,1
"khashoggi,",1
atallah,1
"kimbap,",1
"bibimbap,",1
"tteokbokki,",1
jjajangmyeon,1
al-gameel,1
"nahda,",1
tempati,1
terkumpul,1
“pencemar,1
membayar”,1
"bakau,",1
"terkubur,",1
amfibi,1
antipesawat,1
pechora,1
kami”,1
faizabad,1
"impianku,",1
"cita-citaku,",1
menerimaku,1
kedalamannya,1
empati.,1
"(unhcr),",1
779.473,1
1.694.418,1
omset,1
2.890,1
great,1
“earth,1
"cleft,”",1
(hormon,1
"senang),",1
harapanku.,1
"8,6%",1
"36,2%",1
"""pabrik",1
(spark),1
"aramco.""",1
memburuk?,1
(1936-1939).,1
"hammans,",1
"witness,",1
bungsu,1
terabaikan.,1
"harfiah,",1
karakter?,1
penindasan.”,1
kegembiraan.,1
dermawan;,1
"dengan,",1
(hamas).,1
"membedakannya,",1
"tebal,",1
"""setelah",1
"tapi...""",1
nantes,1
ashfaq,1
(eiec),1
yahya.,1
“lobi”,1
kompeten,1
"favoritisme,",1
(afp).,1
hnizdo.innsbruck,1
(“hnizdo”,1
“sarang”),1
bonyan,1
"yoon,",1
mosi,1
daniela,1
ponsel;,1
“ketidakpercayaannya”,1
uniknya.,1
"121,92",1
"187,96",1
pendapat”,1
“rapat,1
"umum,”",1
pengarah,1
didanai.,1
dekat”.,1
yoon.,1
soundscape.,1
"el-hafny,",1
assist.,1
dikonstruksi,1
"4,9%",1
"4,7%.",1
"membina,",1
"""mawhiba"".",1
mawhiba.,1
visibilitasnya,1
spesifiknya.,1
"score"".",1
72%,1
terbit.,1
diminimalkan.,1
“kolonialisme,1
sampah”,1
nasha,1
"sakhina,",1
seharian,1
(48,1
dart,1
"""qoul"",",1
"""sova",1
"christchurch,",1
h,1
m).,1
diupayakan,1
"interpretasi,",1
"abstraksi,",1
(7/4).,1
tenis.,1
"""kalau",1
"lakukan?""",1
terkalahkannya,1
helicoide,1
raga,1
mengebor,1
tindakannya.,1
ulbra.,1
mengolahnya,1
"kota-kota,",1
"""sepuluh",1
"biasa"",",1
"bersponsor,",1
menjerat,1
"kolonisasi,",1
terelakkan?,1
hotel-hotel,1
setan?,1
"ohod,",1
"al-ittifaq,",1
"hajer,",1
"tameemi,",1
saudi),1
spasial.,1
"guanghua,",1
"licheng,",1
haiping.,1
berdaulat:,1
melistriki,1
1446,1
"11,12",1
"2,7%,",1
“negara”,1
(fpic),1
“impor,1
abu-abu”,1
"(1976–1983),",1
muesli,1
pemanis.,1
eddy,1
"ditangani.""",1
"petanya,",1
"beratnya,",1
"perbuatannya,",1
sektarian.,1
gurih,1
"al-sulami,",1
"tema,",1
"malawi,",1
roma:,1
pembalasan.”,1
dini.”,1
kabinetnya,1
clarke.,1
cinéma-mémoire,1
(turkstat),1
kolik,1
diare.,1
universal;,1
"jaibi,",1
rachid,1
"chamakhi,",1
sahnoon,1
al-jawhari,1
nabil,1
"barakati,”",1
menunjukkan:,1
"rangel,",1
artefak.,1
digelarnya,1
sloat,1
buatannya,1
komunikasi.”,1
"perlukan,",1
“seribu,1
(socar),1
baku-tbilisi-ceyhan,1
(btc),1
sintesis,1
pembelajar,1
orihime,1
al-waslati,1
berjamaah,1
647,1
"daejeon,",1
"performatif,",1
"perpisahan,",1
glaxosmithkline,1
luke,1
mills,1
korespondensi,1
"terjamin,",1
rusak;,1
belupo,1
zagreb,1
"stimac,",1
kroasia.,1
"dallah.""",1
(chiller),1
nabea,1
al-munisiyah,1
"emirat,",1
mawhiba,1
olympic,1
dumping,1
"ukuran,",1
"""mega",1
"lab""",1
hosh,1
2004,1
bersemangat.,1
berbisnis,1
komunis.,1
"$3,790.82.",1
"sipil.""",1
berpuasa.,1
"kastrup),",1
initiative,1
isinya;,1
jins,1
"1980,",1
"kiri-tengah,",1
“kelas,1
pekerja”,1
"gentrifikasi,",1
exarchia,1
“omct,1
rached,1
jaidan,1
slaven,1
"""damac"",",1
"""aldar"",",1
patungan.,1
paradoks:,1
peningkatannya,1
konfusianisme,1
"mukwege,",1
shahin,1
finansialnya,1
kakha,1
kaladze;,1
dihukum.,1
qusai,1
pro-ethiopia,1
somalia-amerika,1
ilhan,1
"terminal,",1
mino,1
euna,1
"“biru”,",1
chrome-nya.,1
"(fao),",1
karakter-karakter,1
35.671,1
okupansi,1
medicaid,1
kuliahnya,1
"kashmir,",1
frente,1
amplio,1
(fa),1
país.,1
"beta-glukan,",1
sejenis,1
"barley,",1
"komitmennya,",1
"""obamacare"",",1
diingkari?,1
huawei.,1
merelokasinya,1
clementine,1
"nkweta-salami,",1
residen,1
kavone,1
k.,1
gharibashvili,1
"'tidak.'""",1
keriting,1
mengkategorikannya,1
"sepihak,",1
rusia-islam:,1
"kazanforum,”",1
kazan,1
[rusia],1
14-19,1
patrice,1
"talon,",1
"dna,",1
kodrati,1
"college,",1
srinagar.,1
"masak,",1
linquit.,1
"penyintas,",1
koneksi.,1
"keagamaan,",1
"wohltmadhe,",1
"rekor,",1
howe.,1
(rna):,1
"memang,",1
"4,2%",1
(kuartal,1
khuzestan,1
fasa,1
gubernur.,1
(nwc),1
kerugiannya.,1
farghali,1
terbersih,1
dirugikan.,1
"malaikat,",1
andy,1
"stone,",1
"house,",1
reaksi;,1
"fiskal),",1
lorestan,1
“sidik,1
fallaci,1
"menceritakan,",1
manusiawi:,1
"garansi,",1
definitif.,1
(面):,1
"burrabazar,",1
ezz,1
"al-salaymeh,",1
elenzaniant,1
dipisahkan.,1
terpersonalisasi,1
berinteraksi.,1
"mufflin,",1
"diduduki,",1
mendatang.”,1
nothing,1
so,1
it,1
“sekitar,1
"air,”",1
"$3,817.70,",1
"investments,",1
donasi.,1
15.000.,1
hinaan;,1
"membingungkan,",1
crowdfunding,1
“lampu,1
menyala.”,1
"""romeo",1
"juliet""",1
bertempo,1
"""2028",1
"moskow"",",1
hebey,1
"paper""),",1
"kulthum"",",1
sinematik.,1
"""pengingat:",1
(apakah,1
"berlaku?).""",1
'di,1
"air,'",1
"transfer,",1
menukar,1
misalkan,1
hefaa',1
80-90,1
kamarnya.,1
7/6,1
"analisis,",1
berhubungan.,1
"terdekat.""",1
"sakit,""",1
anand,1
mobile,1
banking,1
"bankak,",1
"2010–2020,",1
emosional”,1
kobakhidze,1
karakternya.,1
(sejalan,1
2030).,1
suami.,1
konduktivitas,1
termalnya,1
"celup,",1
grey.,1
kerjanya.,1
monetisasi,1
reaktif”,1
"times""",1
kiprah,1
internalnya,1
pengawas.,1
gbagy.,1
"protagonis,",1
tembus,1
menyambung,1
terbesar.,1
cécile,1
"kongo-brazzaville,",1
"akp,",1
progressive,1
mercator,1
1.748,1
"termahal""",1
biru”,1
"rdr,",1
"pemicu,”",1
dattatray,1
"solanki,",1
gastroenterologi,1
rejimen,1
"""mengabaikan",1
"online""",1
"atacama,",1
"olise,",1
ke-30,1
dijk,1
ke-28,1
"""dunia",1
"tersembunyi,""",1
"mulia"")",1
medellín,1
membendung,1
"agennya,",1
pembenaran?,1
"sampaghi,",1
"""acwa",1
"power"",",1
"""thiel",1
"fellowship"",",1
"thiel,",1
paypal.,1
$200.000,1
16-27,1
opinion,1
polls.,1
shoubir,1
badou,1
(mossad),1
katic,1
bostjan,1
poklukar,1
“berkontribusi,1
"situasi”,",1
“memikul,1
obyektif.”,1
barometer,1
102%,1
setara:,1
"bersama.""",1
kayunya.,1
"hewan,”",1
(hampir),1
kufra.,1
nihon,1
"hidankyo,",1
"atom,",1
1918,1
"1940,",1
studio-studio,1
aktornya,1
erica,1
choi,1
il-sun,1
jeon,1
il-chung,1
amnokgang,1
manaka,1
matsukubo,1
courage,1
tumpahan:,1
pesan:,1
pemilu;,1
tuduh,1
"pembatalan,",1
pandangan;,1
"inferioritas,",1
pencapaian-pencapaian,1
pencantuman,1
"""epstein",1
"pulaunya,",1
"menolaknya,""",1
"ferreira,",1
bouna,1
"thiaw,",1
"bayangan""",1
"memaafkan""",1
putrinya:,1
thiaw,1
​​sukses,1
tunji,1
"alausa,",1
abuja,1
"berlindung”,",1
inacio,1
macron.,1
"674,6",1
"127,9",1
melambaikan,1
solukhumbu.,1
campuran.,1
"bhaijaan,”",1
yinghuo-1,1
wasiatnya,1
1895.,1
"wasiatnya,",1
"ke-36,",1
"guler,",1
"suk-yul,",1
"liberal,",1
(dprk),1
"pertempuran,",1
kebangkrutan,1
"kripto,",1
“uang,1
"tunai”,",1
"sekularisme"",",1
nasser.,1
"""misi",1
"neraka.""",1
“angkatan,1
"tengah,”",1
al-khobar,1
layanan-layanan,1
“tadawul.”,1
"""zellige""",1
chow,1
"hang-tung,",1
aktivismenya,1
irwin,1
"cotler,",1
pelayanannya,1
janin.,1
validitasnya,1
"emara,",1
membeda-bedakan,1
pasir;,1
cathay,1
pacific,1
pascamenopause,1
vasomotor,1
padat:,1
"pembuangan,",1
(11.,1
laos,1
tudingan,1
ayahnya.,1
"sensitif.""",1
sylhet,1
meyakinkanku,1
"akademisku,",1
"tipisku,",1
panjangku.,1
​​dari,1
pkl,1
higienis.,1
"chung,",1
"dohing,",1
alegre.,1
"baltik,",1
latvia.,1
"menghiburku,",1
"amodei,",1
canva,1
"perkins,",1
"rihanna,",1
yiwen.,1
"anorganik,",1
"hierarkis,",1
katun,1
"kamarku,",1
tidurku,1
"short,",1
"(ppn),",1
"1910,",1
menjajah,1
jepang-korea.,1
chemical,1
kejayaannya,1
"israel""",1
mengelilinginya,1
kembali:,1
"1""",1
"berharga),",1
"""landasan""",1
"68,25",1
guncangan.,1
"""sherif"",",1
periang,1
kebetulan;,1
militer”,1
beraksi”,1
o'reilly,1
diaz,1
luis.,1
profit-taking.,1
kepercayaanmu.,1
serangannya?,1
penyok;,1
menyertainya,1
sistem-sistem,1
"khanibodom,",1
conteros,1
datang.”,1
"proporsional,",1
"evenk,",1
"nanai,",1
"nivkhshave,",1
umumnya.,1
"khasi,",1
austroasiatik,1
selambat-lambatnya,1
menggigil,1
selimut.,1
"856,3",1
"830,8",1
erol,1
kandungnya,1
angkatnya.,1
dicelupkan,1
beraroma,1
suapannya,1
chiesa,1
"2028"",",1
universalashic.,1
"polarisasi,",1
seunghee,1
jurcic.,1
(sohr),1
1.470,1
"""orang-orang",1
cemas;,1
metin,1
berbakat”.,1
"komedi,",1
"""time",1
handball,1
asal-usulnya,1
"deputi,",1
dibaca…,1
menemukan.,1
u-21,1
"inglés,",1
"grenada,",1
louis.,1
kimie,1
"suemoto,",1
inisiatif:,1
"berlutut,",1
"(iphone,",1
"ipad,",1
"mac),",1
"saadi,",1
tulisan-tulisan,1
“masnavi”,1
"rumi,",1
world”,1
ernest,1
gombrich.,1
anti-india,1
dipungkiri,1
labs,1
(csp),1
17.841,1
12.298,1
1.068,1
ibuku,1
fatiha,1
"rouibi,",1
ardi,1
komersial;,1
fantastik,1
"diuji,",1
liat.,1
sudder,1
kolkata,1
kemudahan.,1
berdosa.,1
buraq,1
"(piramida),",1
palantir,1
135%,1
“pintu,1
belakang”,1
pertamaku,1
tanganku,1
marquis,1
ranjang,1
kunikmati,1
"malamnya,",1
mac-nya.,1
nino,1
"ligamen,",1
digitalnya,1
bundesliga.,1
segenggam,1
"neutrino,",1
bermassa.,1
"benderang,",1
lessor,1
teorinya.,1
hepatitis,1
“hepatitis,1
"seksual,”",1
marais,1
"lithium”,",1
terkering,1
"bouquillon,",1
telepon:,1
pohon;,1
"dipotong,",1
hantu”,1
"hipercor,",1
corte,1
"datashvili,",1
istrinya.,1
untoldmag,1
b.,1
"berusaha""",1
useless,1
sex”,1
"fallaci,",1
handmaid’s,1
"al-salam""",1
"“girl,",1
wash,1
your,1
face”,1
rachel,1
"hollis,",1
tandasnya.,1
“cairan,1
cantik,1
"pengulangan,",1
ketekunan.,1
"""shatt",1
tale”,1
khaldun”,1
"obsesi,",1
"belenggu,",1
olympique,1
"bernabeu,",1
danielsen,1
hochstein,1
dorothy,1
"shea,",1
pelantikannya.,1
berkumur,1
tengah-selatan,1
"1884,",1
"keajaiban,",1
daniil,1
lerner,1
tenn,1
braket,1
"nutrition,",1
nurses',1
study.,1
"50-an,",1
"delijani,",1
"ringkasan,",1
adyghes,1
fbi.,1
dipikul,1
dipilih.,1
amitabh,1
bachchan,1
pemarah”,1
penggambarannya,1
anti-pahlawan,1
“my,1
name,1
khan”,1
“fanatisme,1
"khan,",1
"9/11,",1
"“pink,”",1
“bajrangi,1
(selasa).,1
"asir,",1
salma,1
saputangan,1
"terusan,",1
(entah,1
tidak).,1
“meyakinkan”,1
rukh,1
"14,609",1
menghujani,1
"vrbas,",1
vintage,1
antik.,1
dipermalukan,1
"dokumen),",1
"yaitu,",1
pikirku,1
(deepfake).,1
"20,",1
"observatory"".",1
haynes,1
"anz,",1
"al-jaza',",1
universalitas,1
menyematkan,1
korsase,1
prom,1
mitzvah,1
"kelelawar,",1
"tawke,",1
tawke,1
fishkhabur.,1
"nafha,",1
championsnya,1
berhijab,1
non-hijabi,1
kemurnian.,1
diaspora:,1
"29,7%.",1
19%,1
741,1
"mei/juni,",1
"dihitung,",1
pemenangnya,1
"kelahiran,",1
"sociedad,",1
"menghapus,",1
2×2,1
storytelling,1
"grant,",1
“fight,1
freedom.”,1
cédric,1
"alviani,",1
non-sudan,1
“sofal-e,1
"berjasteh”,",1
"berdialog,",1
rashed,1
miliarder.,1
(uni,1
"arab),",1
intervensinya,1
"""kadang-kadang",1
"tindakan"",",1
selanjutnya?,1
isolasi;,1
"rumah,”",1
"tosya,",1
gaza’,1
pernikahannya.,1
arabiya/al-hadath,1
dressage,1
memalukan:,1
"minaur,",1
tergesa-gesa.,1
kecurigaan?,1
"vegas,",1
skotlandia,1
"nyawa,""",1
hati-hati.,1
azm,1
"intervensi,",1
rumah:,1
chinois,1
"hamadeh,",1
bnp:,1
"mingguan,",1
"$950,36",1
"$132,29",1
"reece,",1
datar,1
chuvash,1
lelehan,1
“teknologi,1
"‘lotus,’",1
"aquaboard,",1
"304,8",1
(120,1
"85,6%,",1
dikelompokkan,1
"“ai”,",1
"dibedakan,",1
al-kayaryah,1
"mortir,",1
membom,1
"dingin,”",1
anderlecht,1
cercle,1
mazaya,1
ghaf,1
"lunit,",1
penyeimbangan,1
ftse,1
dipindai,1
sosioekonomi,1
"berkumpul,",1
shannon,1
balistik.,1
kote,1
(小手):,1
"berkendara,",1
"sonko,",1
"""lapangan",1
"siber.""",1
ekstremnya.,1
terpecah.,1
"2025.""",1
"yassin,",1
1.148,1
"pertanahan,",1
“berkonsentrasi,1
900.000,1
$513,1
engineering,1
corporation.,1
seharusnya.,1
"0,09–89),",1
jantan,1
"absinthe,",1
(enam),1
brugge,1
3-2.,1
"impresif,",1
chavismo.,1
"hinkel,",1
membongkarnya,1
"blok,",1
"halfa,",1
memuatnya,1
bantalan,1
anti-spanyol,1
advanced,1
studies,1
neuralink.,1
berschkot,1
"modi,",1
"$0,098",1
"""pertemuan",1
"multilateral""",1
nutrisi.,1
"muntah,",1
“konsepnya,1
"dioksida,”",1
direlokasi.,1
48.,1
threads.,1
dilokalkan.,1
"penerangan,",1
"(sdgs),",1
"1,081",1
"dimuat,",1
"text-to-speech,",1
(80,1
keperluan:,1
"""ozimbic""",1
"""monjaro""",1
"0,8%,",1
"$65,23",1
"aryubi,",1
"aryub,",1
melonjak.,1
"wind,",1
karnak.,1
"$69,55",1
04:54,1
gmt.,1
"$65,20",1
"4,1%,",1
"occidental,",1
"buffett,",1
"$5,8",1
“jelas,1
"connecticut,",1
bicarakan,1
lain.”,1
688,1
$183,1
non-biner,1
exxon,1
meroketnya,1
kredit;,1
mahabir,1
ramon,1
magsaysay,1
layanannya,1
ambigu”,1
premiumnya,1
diikutsertakannya,1
"tamu,",1
patriotik.,1
pharos,1
siku,1
amiri,1
"netanyahu?""",1
"1892,",1
surkhuri,1
menghina.,1
"taliban],",1
"corp""",1
consumer,1
"olin,""",1
"2,59",1
al-medawah,1
"712,5",1
"23,75",1
beredar.,1
dikirimkan.,1
"al-mufarrej,",1
nashret,1
al-foura,1
india-as,1
"terbelakang,",1
retina.,1
saira,1
nuveen,1
"siklus,",1
berkapitalisasi,1
queen,1
alia,1
"66,13",1
"95,51",1
narasi.,1
"desainnya,",1
urawa,1
gamba,1
ulsan,1
pra-penutupan,1
“pahlawan-pahlawan,1
violet.,1
"sun,",1
loncatan,1
sereal,1
"insulin,",1
menyerapnya,1
"york-gaza""",1
"""flashback"",",1
ul,1
35.891),1
faez,1
isa.,1
linkedin-nya.,1
2.492,1
498,1
kilogram),1
"""motswedi"".",1
terparah,1
"disandera,",1
mengoleksi,1
krem,1
distopia.,1
"corbyn,",1
mencampur,1
"bahan,",1
122,1
al-fadhli.,1
"28,8",1
"pertaruhan,”",1
balistiknya.,1
etos,1
pasca-yugoslavia,1
naskahnya.,1
penyutradaraan,1
"“sanksi,",1
"asia,”",1
italia.”,1
eropa:,1
berlemak,1
tatar:,1
"1902,",1
peranan,1
al-sakka,1
zaheer,1
fahmy,1
"al-rafi'i,",1
"abdel-wahab,",1
rushdi,1
"al-shami,",1
lotfi,1
ghada,1
razek.,1
wahab,1
rishi,1
"sunak,",1
tlp,1
"ahmed""",1
23.000),1
kehijauan,1
"menabung,",1
"penulisan,",1
tamil,1
nama.,1
sinema.,1
ue-afrika,1
pagar,1
"websitenya,",1
"0-50,",1
hiper-meritokrasi,1
bagus;,1
151-200,1
"""bloomberg"",",1
kluth,1
“bersama,1
buruk.”,1
al-qassam,1
engrist,1
al-sabra,1
agadez,1
"""halusinasi",1
"ai"",",1
ratingnya,1
hankook,1
anti-redistributif.,1
digagalkan,1
alborz,1
duniawi.,1
rudal-rudal,1
"ditafsirkan,",1
"pendanaan.""",1
menghosting,1
“terima,1
"bu,",1
"digit,",1
kataku,1
"nayef,",1
"mackensen,",1
"4,50%",1
menyedihkan:,1
"5,994",1
"6,141",1
"barra,",1
“dunya,1
akhira”,1
(“kehidupan,1
"akhirat”),",1
"datang,”",1
krai,1
"""ratusan",1
"rudal""",1
sepersepuluh,1
"(abstraksi,",1
"ekspresionisme,",1
ezell,1
menggeser,1
frankfurt,1
bajakan.,1
ketagihan,1
darwish,1
"al-anzi,",1
dicanangkan,1
"dunki,",1
iphone.,1
adaptif.,1
"""al-amaq"".",1
“penggunaan,1
"genosida,”",1
"kewajibannya,",1
"34,9",1
provisi,1
"seperti,",1
balasannya,1
jawabannya.,1
"20,4%",1
terjaminnya,1
kedaulatan.,1
40.160,1
senat.,1
"29,39",1
"ball,",1
me-remix,1
"berbagi,",1
"allen,",1
khabarovsk,1
"bahaya.""",1
dll.)?,1
5.737,1
4.303,1
3.347,1
"medhaq,",1
"zrik,",1
"shenin,",1
dahaga,1
berpuasa,1
"goiás,",1
berproduksi,1
kontaminan,1
"hirak,",1
abdelaziz,1
"bouteflika,",1
nablus,1
penataan,1
"pengintaian,",1
ulasannya,1
menguatnya,1
kontennya.,1
pemenangnya.,1
"begitulah,",1
"sulit,”",1
ubs,1
wealth,1
"""meremehkan",1
insulin.,1
$170,1
(gpu),1
“ibukota,1
“creuseurs”,1
"(penggali),",1
gerombolan,1
asam.,1
"(kims),",1
"vorobyov,",1
menelepon…”,1
caf,1
wydad,1
ham.,1
kejuaraan.,1
1811.,1
"krimea,",1
"""uss",1
gerald,1
r.,1
"ford""",1
"besma,",1
strike,1
"25-3"",",1
"pemeriksaan,”",1
assam;,1
"kangra,",1
nilgiri.,1
"""memalukan"",",1
"teknis""",1
"dapto,",1
"keuangan.""",1
membengkaknya,1
"penggagasnya,",1
"""neptune",1
bdr,1
"tartous,",1
didinginkan,1
meringkas,1
chatbots.,1
“mustahil,1
"""warga",1
"menyerah.""",1
“ketiga,1
anak),1
tps.,1
revolutionary,1
"spbu,",1
globalnya;,1
haupt,1
"racing,",1
dipiloti,1
pinsent,1
kolb,1
stabler.,1
apa.,1
“ciri,1
batch,1
burqa.,1
"bakkeresamy,",1
bio-optik,1
mencukur,1
kumis,1
"yemeksepeti,",1
berlakunya.,1
"dinantikan,",1
"antarkota,",1
payol.,1
"pakai,",1
$317,1
"kecepatan,”",1
21%.,1
"ketidaknyamanan,",1
ekososialisme,1
kotamadya.,1
"kecantikannya,",1
"okinawa.""",1
hitam-putih,1
buram,1
al-mushaiti,1
jacek,1
"czerniak,",1
caranya,1
$262,1
"meksiko,""",1
menginvestasikannya,1
546,1
kebisuannya,1
"entebbe,",1
entebbe.,1
pasca-kerja,1
eldar,1
mamedov,1
“sejauh,1
[azerbaijan],1
"$4,8",1
opininya,1
eurasianet,1
teleskop,1
"teropong,",1
artistiknya?,1
profesor.,1
0-0,1
bournemouth,1
nahil,1
latarnya,1
“orang-orang,1
"brasil,”",1
"lakukan,”",1
"67%,",1
"$12,5",1
dikuasainya.,1
tadeo,1
allende,1
ke-36,1
benteke,1
ke-53.,1
dukungan”,1
gudangnya.,1
kuat;,1
pengontrol,1
ditimpakan,1
sheika.,1
"fahmi,",1
"taiz,",1
aleksandrovich,1
disemai.,1
"norris,",1
bystry,1
tikungan,1
"""mampu""",1
cabello.,1
keluhannya,1
merendamnya,1
interferensi,1
(fimi).,1
mendiskusikannya,1
nicol.,1
substitusi.,1
yih.,1
kontak.,1
ceko?,1
"menterinya,",1
konstitusionalnya.,1
mengelolanya.,1
muthukumaran,1
deniz,1
perdamaian:,1
anwar,1
menachem,1
"begin,",1
peres.,1
"""sensitif"".",1
tuapse,1
2017).,1
nagla.,1
tni,1
pimpinannya.,1
"menyusul,",1
"11,2%",1
peran-peran,1
"""insiden",1
nico.,1
robben,1
"kontraknya.""",1
kesesuaian,1
"inkonstitusional,",1
12:30.,1
(14:30,1
rabu),1
"jasper,",1
gulat.,1
ruangan.,1
"anti-drone,",1
"menetralisirnya,",1
jamming,1
penghancur,1
masaryk,1
brno.,1
giancarlo,1
"tulisannya,",1
pasca-kolonial.,1
bias-bias,1
13:30.,1
media!—semua,1
sumbangkan.,1
baidu,1
test,1
arnie,1
kirinya.,1
varian-varian,1
tetesan,1
kot,1
"addu,",1
kecepatan;,1
taif.,1
bethlehem,1
"dagnachew,",1
kaspersky,1
boros:,1
70–90,1
kecelakaan”,1
“mengandung,1
"rusia,”",1
anginnya,1
"""gul",1
"tut"",",1
"fotosintesis,",1
oas,1
“setengah,1
"kuning,”",1
biafran,1
"6,858",1
"12,9",1
menerusnya,1
"29,493",1
"3,186,271",1
oh,1
"sejong,",1
percival,1
—penelitian,1
"petersburg-tampa"".",1
pertaruhannya.,1
shahed-136,1
gvl:,1
(manusia),1
penting?,1
efek.,1
ignacio,1
vazquez,1
cormann,1
habisnya,1
non-tradisional.,1
fansler,1
kenzi,1
"arabia,",1
"sipil""",1
"al-habbash,",1
"""balon",1
"uji"",",1
"keasliannya,",1
"al-aqidi,",1
"al-sanabi,",1
"al-yami,",1
raghed,1
“petugas,1
"al-harbi,",1
"zikri,",1
"suleiman,",1
"al-musa,",1
"timbukti,",1
"majrashi,",1
bushel.,1
"hinterdobler,",1
treadmill,1
"rileks,",1
"bergantian,",1
diafragma,1
mutaib,1
barat”,1
"pedri,",1
lewandowski.,1
mengutak-atik,1
berawak.,1
"""flight",1
"24"",",1
lublin,1
zissow,1
04.00,1
(senin),1
"arkan,",1
"konstelasi,",1
"membunuh,",1
mayat-mayat,1
nisan-nisan,1
terbang.,1
jeda.,1
filantropis,1
"“terorisme,”",1
"​​rafinha,",1
jamaat,1
"negosiator,",1
didiskusikan,1
"""aktivitas",1
massachusetts,1
pengkhotbah,1
suami-istri,1
baotou:,1
bahunya.,1
"metro,",1
"madeleine,",1
evreux,1
normandia,1
"penghalang,",1
panchayat,1
pertimbangan.,1
mengarsipkan,1
diapresiasi.,1
"bertahannya,",1
"swahili,",1
"kapasitas,",1
"dibutuhkan,",1
philips,1
"""kemampuan",1
"diikuti.""",1
"6,1%,",1
"($24,7",1
pendaki,1
otokratis.,1
perdamaiannya,1
"""tujuh",1
"perang""",1
suram:,1
"agendanya,",1
milisinya.,1
semata.,1
"0,11%",1
"22.606,592",1
soumoud,1
jangkauan.,1
"$38,68",1
iran-kurdi,1
ditransformasikan,1
sentuhan.,1
"terdeteksi,",1
dipasangkan,1
"spyware,",1
"misoginis,",1
"rasis,",1
meme.,1
membakukan,1
nupe,1
igbo.,1
kompensasi.,1
melaju.,1
"advokasinya,",1
“obrolan,1
ataya”,1
khotbahnya,1
“sesungguhnya,1
"bodoh,",1
kesesatan,1
membabi,1
berpraktek,1
pemungut,1
"escazú,",1
"ejekan,",1
"embaby,",1
"""i",1
"goldsmiths"",",1
"5,100",1
"5,075",1
"metaforanya,",1
sistem…atau,1
isfahan.,1
"2,525",1
kemenangannya.,1
"daftarnya,",1
lahore.,1
menjual.,1
"kerman,",1
mewah.,1
dicoreng,1
heaven.,1
jiwa—didorong,1
migrasi—kampanye,1
"dipermasalahkan,",1
"guevara,",1
penandatanganannya.,1
"oluchi,",1
peringkatnya,1
beit,1
"liqia,",1
"buta,",1
kezaliman,1
neraka,1
"bodohmu,",1
bijakmu,1
bahir,1
terguncang,1
"berkreasi,",1
"berimajinasi,",1
tunggal.,1
"pelacur,",1
"gunakan,",1
langkah.,1
"pemicu"",",1
(disebut,1
"troika),",1
“mengakhiri,1
dimiliki.,1
ditahannya.,1
'pemberlakuan,1
kembali',1
natasha,1
"menyindir,",1
akhir?,1
"diinginkannya,",1
menginginkannya,1
"olympus,",1
yunani?,1
ifi,1
amadiume,1
"perempuan,”",1
gender;,1
kristiani,1
"$2,99,",1
merestui,1
kofoworola,1
al-qaeda?,1
"protokol,""",1
mehar,1
"ijaz,",1
terkonfirmasi,1
roja.,1
​​​​superstar,1
robotikanya,1
meretas,1
"pembuatannya,",1
moderasi.,1
ceylon,1
“bangun,1
"siap,”",1
membangunkanku.,1
kriminal;,1
'pengkhianat'.,1
pementasan,1
diboikot.,1
penghidupan.,1
"""",1
"quist,",1
"vaxsen,",1
rewel,1
aoun.,1
"serang),",1
(pemain,1
"mobile),",1
(otak,1
"tim),",1
kayed,1
"shiftnya,",1
kadkoy.,1
punjabi,1
mabany,1
al-jazira,1
(jdi),1
punds,1
"chiringuito"":",1
"seseorang.""",1
"""sedang",1
"kemenangan,""",1
csec,1
pemenjaraannya,1
pinto/agência,1
antisemitisme,1
menirunya,1
disegani,1
club.,1
bezerra,1
"""haseen"",",1
"site,",1
tepercaya.,1
"kegigihan,",1
"mencoba,",1
teruslah,1
maju!”,1
mempercayainya.,1
magnetik.,1
"6,46",1
(gelandang,1
"kantuk,",1
bargiel,1
menuruni,1
everest,1
oksigen.,1
"tersendiri,",1
"bhutan,",1
diskresioner.,1
naguib,1
“pemandu,1
sorak”,1
al-dabbagh,1
"6,6%",1
keabadian”,1
wordsworth,1
"imajinasi,",1
kembali?,1
"3.000,",1
"kawkarate,",1
karen.,1
"148,62",1
"$148,59",1
ishiba,1
"sithi,",1
"fugitive"".",1
saraf.,1
neisseria,1
rothia.,1
oksida,1
merelaksasi,1
sanksinya.,1
$779,1
364%,1
ode,1
intimasi,1
“panenka”,1
édouard,1
"jessore,",1
"""buronan""",1
ekspatriat.,1
masih...,1
linier.”,1
“pengenalan,1
repatriasi”,1
meritocracy,1
trap,1
meritokratis,1
“diperoleh,1
sejfić,1
"school,",1
pasca-konflik,1
(pcrc).,1
peshtegan,1
tangannya.,1
tetua,1
fisioterapisnya,1
sinti,1
"roma,”",1
f.,1
"hierarki,",1
"markovitz,",1
yale,1
"diskurs,",1
"nitrat),",1
pilihlah,1
diproses.,1
sabayek,1
tabungan;,1
andranik,1
"simonyan,",1
faith,1
cherutich,1
tahun—seperti,1
j.p.,1
kehidupan?,1
senang.,1
ganti.,1
ryusei,1
akazawa,1
diunggulkan,1
"pejuang""",1
katanga,1
(tenggara,1
tersebut),1
jaramana,1
ashrafiyet,1
sehnaya,1
citigroup.,1
working,1
police,1
"commander,”",1
“ninth,1
"sunbula,”",1
"intisarinya,",1
terlucuti,1
akhirat,1
membengkak.,1
bunga;,1
"2%.""",1
nitrit,1
322,1
kriogenik,1
inertnya.,1
"rekan-rekan,",1
pun—baik,1
"daily,",1
“bagram,1
"prison,”",1
al-genina,1
penggunaan”,1
"fosfor,",1
pengawet,1
"idtechx,",1
dinasehati,1
"lapangan.""",1
"diyarbakir,",1
"sanliurfa,",1
"""ma'aden""",1
barrick,1
ivanhoe,1
"hancock,",1
"disarankan,",1
bezerra.,1
"lini,",1
semi-otonom,1
berkewajiban,1
"minya,",1
samalut,1
kejaksaan.,1
"thulagi,",1
"manaslu,",1
manang,1
berg,1
konteksnya,1
harpviken,1
"kewajaran,",1
#rent_control_decision,1
"[turki],",1
18.000).,1
"d'arguin,",1
hiduplah,1
"imraguens,",1
nouadhibou,1
nouakchott,1
stand,1
"ahmar,",1
kreatif!,1
"kazakh,",1
pasca-soviet,1
"mencair,",1
“kumulatif,1
komprehensif”.,1
terdeteksinya,1
(nrk).,1
atribusi-berbagi,1
"kesepian,",1
kebugarannya,1
"""degioia",1
"plaza""",1
farid.,1
boudhaina,1
"hammamet,",1
emmanuelle,1
“aljazair,1
saxon,1
zaugg,1
vlast.,1
lishai,1
"miran-lavi,",1
“satu-satunya,1
karin,1
elharrar,1
"""akuisisi",1
"sejarah.""",1
mendy.,1
$772,1
$558,1
afrika-ue,1
lisbon,1
km/jam),1
patokannya,1
aldrich,1
goerke,1
bendungan:,1
mamloo,1
mengkarakterisasi,1
$877,1
"intimnya,",1
undp,1
"tertandingi"",",1
warisannya.,1
jesús,1
"pérez,",1
yamily,1
"yama,",1
"chi,",1
"kuyoc,",1
marlene,1
seibert,1
nehemias,1
"chable,",1
"18,2",1
yves,1
jorgensen,1
lo,1
yishan:,1
berkembang?,1
“kevorkova.”,1
"komandan,",1
"tweet,",1
lauren,1
"vázquez,",1
perseteruan,1
ditransfer.,1
marks,1
discord,1
“menyerang,1
kantipur.”,1
"realisasi,",1
diremehkan.,1
penerus.,1
diogo,1
pro-rezim,1
"arsip,",1
"ke-57,",1
georginio,1
wijnaldum,1
ke-65.,1
kemampuanku;,1
kuterima,1
mengingatkanmu,1
kantipur,1
(dem,1
"parti),",1
"anthedon,",1
"buffalo,",1
kuhdasht,1
manual.,1
glasiologi,1
tenzing,1
chogyal,1
sherpa,1
tülay,1
hatimoğulları,1
tuncer,1
"bakırhan,",1
spencer,1
rover.,1
penyambungan,1
berprinsip,1
okinawa.,1
keliru.,1
harmonis.,1
(unhcr),1
"hawa,",1
tanduk.,1
terpisah;,1
membereskan,1
"sami,",1
ditunda.,1
"betis,",1
knightsbridge,1
sarden,1
"tulangnya,",1
"sulfat,",1
"brokoli,",1
terhapusnya,1
anggotanya.,1
"kecepatan,",1
"kesetiaan,",1
"memukau,",1
"""jelas",1
"sederhana""",1
"upah,",1
pokharel,1
"bavaria,",1
dirampok,1
damai;,1
bimbingan;,1
bermimpi.,1
nonsteroid,1
(nsaid),1
"opioid,",1
(cpi).,1
premi,1
shiv,1
garav,1
"plc,",1
chase,1
mizuho,1
lumpuh.,1
"noor,",1
"adrian,",1
sakara,1
"life,",1
"prevotella,",1
pemindahannya,1
pelelangan,1
salmon,1
"denda,",1
"penyitaan,",1
melelang,1
bentaek,1
(bek,1
"kuat),",1
gaber,1
pertahanan).,1
"pemecatan,",1
dimodernisasi.,1
"keju,",1
cottage.,1
al-jaza,1
bani,1
diklasifikasi,1
portugis.,1
telegram.,1
"30,4",1
"ecowas,",1
36.000,1
posteriornya.,1
kasumi,1
ranasinghe,1
"integratif,",1
sahai,1
cade,1
kombatan,1
"rumania,",1
gómez,1
cristina,1
álvarez.,1
trans,1
"mikrofon,",1
"speaker,",1
"saint-germain.""",1
"""cawan",1
"individu,""",1
advokat,1
mathur,1
(ketua,1
dewan),1
viswanathan,1
haritaran,1
kolingode,1
(anggota).,1
banknya,1
ifadola,1
afofun,1
(ia):,1
videonya,1
"candida,",1
"“ragi”,",1
“de-eskalasi”.,1
"serangannya,",1
wellspun,1
"26,49%",1
"pipe"",",1
vipul,1
curang.,1
"lihat.""",1
diadopsi.”,1
keburukan;,1
"hidupku,",1
mainkan.,1
otak:,1
pemecahan,1
itu),1
"berdarah,",1
tingkatkan,1
mood,1
"“agitator,”",1
rahem,1
presse,1
"hannibal,",1
"gardener,”",1
14.00,1
neurologis,1
"non-rem,",1
"otot-ototnya,",1
pasif;,1
roosevelt,1
"integritas,",1
clinton,1
"""harapan"".",1
(ibu,1
merespon,1
jumat:,1
"anki,",1
okultisme,1
"permata,",1
"ramalan,",1
intuisi,1
rumus.,1
"goffe,",1
favoritnya.,1
material:,1
lignit,1
"1,285",1
traktor.,1
10.285,1
spanyol:,1
gullo,1
"03.00,",1
dipersilakan,1
kandidat!,1
"genena,",1
ditutupnya,1
tujuan.,1
"al-sharjah,",1
"al-sadd,",1
"al-shorta,",1
($350,1
gundy,1
afrika;,1
mapan:,1
ilegal?,1
"disempurnakan,",1
"chirigüile,",1
1920,1
keanehan.,1
"(ppi),",1
“inkonstitusional”,1
"“berbahaya”,",1
“kurangnya,1
lamin,1
"""copa""",1
urmia.,1
"louisville,",1
"kentucky,",1
sebanding.,1
al-farshishi,1
ketidaktaatan,1
disipliner.,1
“kebebasan”,1
paria.”,1
kliring,1
"2-1,",1
"menguning,",1
"gatal-gatal,",1
urine,1
"gelap,",1
feses,1
"pucat,",1
impuls,1
ritmis.,1
fotorealis,1
"inspirasi,",1
mendekat.,1
"""montjuic"".",1
1.100,1
mengenang:,1
2–5,1
miniaturisasi,1
peliharaannya,1
polifenol,1
"aterosklerosis,",1
"al-shaqaya,",1
publik-swasta.,1
"thholee,",1
cruz.,1
companis,1
domino,1
berayun,1
wisnumati,1
"teku,",1
teoretis:,1
betis.,1
"12,69",1
"57,8%.",1
remeh.,1
perayaan;,1
menunggu.,1
sharm,1
kaget,1
pengakuan.,1
investasinya.,1
(37),1
fulam,1
"""sitco",1
"pharma""",1
"14,000",1
"kotamadya,",1
5.570,1
verifikasi.,1
zelenskiy,1
tertindas.,1
"el-sheikh,",1
tuy,1
coati,1
(nasua,1
"nasua),",1
"rakun,",1
kepiting,1
(cardisoma,1
"crassum),",1
"jumlah,",1
“gaza,1
"arabesque,",1
"11,550",1
"pernikahannya,",1
undang-undang!’,1
"""al-shater"",",1
tayang,1
main,1
kalsium.,1
bersertifikat.,1
mencapainya,1
"sepekan,",1
"358,9",1
"395,6",1
"8,031",1
puluhan.,1
desa-desanya,1
nuklir;,1
peraturan;,1
uruguay),1
sadar.,1
ilmiah;,1
zawink,1
1968,1
"bogotá,",1
“musim,1
haus”,1
pelindung.,1
anki,1
non-konvensional,1
pseudo-ilmiah,1
"fondasinya,",1
fasanara,1
"filia,",1
filia,1
konkrit.,1
fernández,1
"(argentina,",1
"tasnim,",1
dee,1
"astrologi,",1
aksi-aksi,1
"layar.""",1
"nbc,",1
"31,1%",1
"$2,7",1
totem,1
2002,1
"ditemui,",1
trek,1
kemudi,1
sewaan,1
kebunnya,1
"melihatnya,",1
apa-apa.,1
(donald,1
trump),1
ketidakpeduliannya,1
“great,1
firewall”,1
"permanen""",1
snapdragon,1
mencocokkan,1
terendahnya,1
"memperbarui,",1
leclerc.,1
"negosiasi.""",1
"sikorski,",1
“finlandia,1
"berakhir,”",1
meiji,1
1868,1
tersentuh,1
meliodata,1
kliennya.,1
"bayer,",1
lanjutan.,1
"didirikan.""",1
"clippve,",1
putih:,1
liberen,1
presos,1
políticos,1
(bebaskan,1
politik).,1
elias,1
"nader,",1
jasper,1
"keberhasilan,",1
membuktikannya.,1
equality,1
"inggris),",1
"ibuku,",1
dokter.,1
"airpods,",1
unite,1
multikulturalismenya.,1
"sekaligus,",1
"payet,",1
cor,1
"terpikirkan,",1
momentumnya.,1
sitb,1
rashidiya,1
"al-qass,",1
"nafi,",1
"al-shatti,",1
laila,1
"najdi,",1
shaman.,1
noura,1
al-muhanna.,1
al-ain,1
3-0.,1
(5-6).,1
akkad,1
carabobo.,1
"tersentuh,",1
qasir,1
"pleno,",1
mehdi,1
"taremi,",1
olympiacos,1
"irannya,",1
takefusa,1
"kubo,",1
"kang-in,",1
"bbc,",1
'jangan,1
feu,1
"follet,'",1
“seharusnya,1
konsekuensinya.,1
tercengang,1
“pul-e,1
"company,”",1
“kabul,1
retaining,1
"walls,”",1
“state,1
utaranya,1
"60,000",1
"18,000,000.",1
menopause,1
pemanjaan,1
bergantian.,1
"3,25-4,25%.",1
pertanahan.,1
jauh;,1
"sunni-syiah,",1
tanpanya,1
"kemajuan.""",1
"intersos,",1
“hukuman,1
teroris.”,1
tahanannya,1
disinformasi.,1
jones.,1
dipatahkan.,1
muslim”,1
non-muslim,1
grata.,1
"care,",1
save,1
"children,",1
"27,3%.",1
"$8,8",1
"1913,",1
moulay,1
abdellah,1
anti-muslimnya.,1
terdampak,1
ave,1
gil,1
pormpuraaw,1
centre,1
carpentaria:,1
"claudia,",1
"centre,",1
queensland.,1
teralihkan,1
hidrolipidik,1
sebum,1
kelembapan.,1
"chandan,",1
"kepabeanan,",1
nyamannya,1
"mendidik,",1
"yunnan,",1
tiongkok-bangladesh,1
pinporro,1
"sekunder.""",1
"semesta,",1
casa.,1
“terang-terangan.”,1
hati;,1
rolls-royce,1
aerospace,1
(42,1
sen),1
aktivitasnya.,1
valuasinya,1
ketat—sebuah,1
azeri,1
"pinporro,",1
"asrama""",1
"senapan,",1
muatannya.,1
‘pasukan,1
"ganda,’",1
179.000,1
“oshúm”,1
"“orisha,”",1
billetes,1
narratives,1
etno-demografis,1
laun,1
ketertarikanku,1
mineral-mineral,1
"45,354.99",1
"45,754.93.",1
"landas,",1
pelancong.,1
"mengemukakan,",1
"sejuk,",1
"""kluster",1
"super""",1
"čišić,",1
212.000,1
araqchi.,1
internasional?,1
penerimaan;,1
"berantakan,",1
tujuan;,1
aran,1
karya-karyanya.,1
“apokaliptik”,1
hamedan,1
‘kami,1
"cintai,’",1
tunjangan.,1
"marvel,",1
pengeluarannya,1
"2010an,",1
"hormat,",1
politico,1
“tiktok”.,1
yeung,1
“pertaruhan,1
kolomnya,1
…pemerintah,1
replikator,1
keterwakilannya,1
"beta,",1
"""tekanan",1
$3640-$3650,1
selendang,1
47.454,1
review,1
"""konten",1
"tertentu.""",1
tematis,1
"phulki,",1
magadha.,1
"prestisiusnya,",1
"yavorczyk,",1
"74,289",1
visibilitas.,1
geografis.,1
"pilihannya,",1
"4,14%,",1
kaos,1
"bengkel,",1
deloitte,1
audit.,1
(tsmc),1
"sterilisasi,",1
"23,2%,",1
kunjungannya.,1
“malka,1
‘informasi,1
multi-perspektif,1
"empati’,”",1
magistad.,1
stan,1
"coloplast,",1
"philips,",1
hutannya,1
"amini,",1
simultan,1
1990-an,1
selfie.,1
keilmuan,1
"65,1%.",1
"14,5%.",1
dragana,1
ilibašić,1
tersegmentasi,1
"rekonstruksi,",1
menghadiahi,1
2-2,1
massanya,1
"tahir,",1
"""gangguan",1
reaktif,1
"pemicu,",1
rouhad24.,1
interdisipliner,1
(observatório,1
"imprensa),",1
"etika,”",1
gazete,1
duvar.,1
dikejar,1
(zamalek),1
"pembebasannya,",1
hukumnya.,1
zahiris,1
priscila,1
pra-pertandingan,1
menarik.”,1
sipil...,1
bjorn,1
borg,1
swedia.,1
agassi,1
"digambarkan,",1
thb,1
"212,9",1
‘pengungsi,1
lagi-lagi,1
"perang’,",1
"1976,",1
annapolis,1
"diplomasinya,",1
"tindih,",1
"36,",1
nabaruh,1
"dakahlia,",1
mcenroe.,1
aztec,1
inca.,1
"$0,5825,",1
anna,1
bryman,1
"“netral,”",1
bicara.”,1
“membungkam,1
"barat,”",1
aasi.,1
"kortisol,",1
"jindires,",1
amfibi.,1
menyesal;,1
triase,1
ubah.,1
"qasimi,",1
"""perisai",1
"bersama""",1
"kien,",1
"0,31%,",1
pengebomannya,1
16.500,1
"ketidakakuratan,",1
"layanannya,",1
‘solidaritas,1
amal’,1
‘pelucutan,1
ue!’,1
herzi,1
pinki,1
"economist,",1
"takjub,",1
rain,1
clouds,1
gather”,1
taima,1
berat”,1
penerjemahan.,1
"martin,",1
"1,14%,",1
"$65,72",1
sekolah-sekolah.,1
"113,9%",1
"112,1%.",1
disubkontrakkan,1
clickworker,1
"""taruhan",1
"reality"",",1
"sehari-hari.""",1
“menyerah”,1
anti-semit.”,1
"mencurigakan,",1
58%,1
"98%,",1
postmodern,1
scmp,1
ketidakmungkinan,1
"salju,",1
penguapan,1
"""kaca",1
austria:,1
ui,1
causeway,1
labanya,1
perry,1
"warjiu,",1
kebiasaan.,1
"fiskal,",1
"diolah,",1
"atkins,",1
triwulanan.,1
pompeo,1
"""pembantaian""",1
"cair""",1
"9,7",1
"menelepon,”",1
"""keuangan",1
"jawab""",1
"(2024)"",",1
xiamen,1
"kalender,",1
patrik,1
324,1
ouellet,1
299,1
“times,1
sheldon,1
"whitt,",1
"(unicef),",1
"meningkat""",1
didirikan.”,1
ketatnya,1
97%,1
"diplomasi.""",1
junta.,1
robinhood,1
perang),1
"land"",",1
"bersyarat,",1
israel”.,1
blak-blakan:,1
microsystems,1
laboratory,1
bio-optics,1
bioenergi,1
bogu,1
(防具):,1
kendoka.,1
angka;,1
"palsu,”",1
generations,1
"suf,",1
"penyelundupan,",1
penyelundupan.,1
85.000,1
prize,1
"$20,956",1
$981,1
"$1,347",1
(qna).,1
"0,25%,",1
"al-shehri,",1
next,1
"operasionalnya,",1
digambarkannya,1
akal”,1
(1.491,1
(2.362,1
hackathon,1
(default),1
“memberantas,1
"internasional,”",1
“penikmatan,1
orang.”,1
setim,1
tadi.,1
"menit.""",1
"""generasi",1
"z""",1
"oli"".",1
ketidakefektifannya,1
"pencemar,",1
sigal,1
"kecurigaan,",1
birol,1
"pinkerton,",1
"panggang,",1
"sial,",1
"quetta,",1
bersudut,1
"melengkung,",1
anodized,1
terkelupas.,1
"format,",1
"apeti,",1
"fregat,",1
"simon,",1
"""keras""",1
dirantai,1
"7,8%",1
"surganya,",1
"faksi,",1
partisan.,1
"diperebutkan,",1
janasekar,1
"thiagarajan,",1
"rookie-nya,",1
sinan,1
"ülgen,",1
edam,1
"1,16",1
"$163,33",1
bibinya,1
kemartiran,1
"accenture,",1
"konsultan,",1
memangkas,1
"(10,4",1
"fc,",1
dolphins,1
"berbeda"",",1
rahang,1
"pengisap,",1
kemaslahatan,1
egg,1
"ecb,",1
15.,1
al-sisi,1
aliyev,1
“tragedi,1
depolitisasi,1
despotisme,1
tercerahkan,1
teknokrasi,1
dahra,1
$266,1
non-pertanian,1
"stirling,",1
"tart,",1
1950-an.,1
demokrat.”,1
pengembangannya.,1
03.00,1
dibatalkan.”,1
terbatuk-batuk,1
tie-break,1
ini...,1
1961.,1
dipersatukan,1
(sar),1
juri.,1
333,1
267,1
pandangnya,1
mempertahankannya,1
"senang.""",1
"ke-65,",1
"synan,",1
penggumpalan,1
terombang-ambing,1
algérien,1
"realitas,",1
peluit,1
blumenthal,1
"menghormati,",1
pemberitaannya,1
"$1,4",1
"dikirim,",1
"nobel,",1
631,1
"1,984",1
"1,998",1
“perpindahan,1
"perkotaan”,",1
"bakelite,",1
mika,1
hamano,1
yui,1
hasegawa,1
gelar.,1
“entitas,1
batasan-batasan,1
“madleen”,1
yeongil,1
"pohang,",1
emansipasi,1
"diperbudak,",1
catley,1
mertua,1
overton,1
“saling,1
antaragama,1
"bermunculan,",1
"dilihat,",1
alawwal,1
katalis,1
"61,9",1
"63,2",1
farzin,1
richard,1
"keindahannya,",1
"kebijakannya,",1
“hak”.,1
"libur,",1
"36,7",1
"token,",1
"jahangir,",1
ke-37,1
non-manusia.,1
"kemaluan,",1
chifir,1
moussa.,1
"patri,",1
"al-qabas,",1
al-rumi,1
botas,1
milliken,1
$17,1
51.000,1
perban,1
ataukah,1
thame.,1
kepergiannya.,1
"terhormat,",1
merangkum…,1
dihormati—hanya,1
mengetahuinya,1
tahu.,1
"somoza,",1
contras,1
rika,1
anti-komunis.,1
kaleswari,1
"intercontinental,",1
sawit.,1
menggeneralisasi,1
160%,1
contemporary,1
mandiri.”,1
mosaik,1
rehat,1
"624,7",1
tonjolan,1
tiktoker,1
"xiaohongshu,",1
"rednote,",1
“larangan,1
jual”,1
"mollywood,",1
andean,1
"sembuh,",1
"aborsi,",1
terapeutik,1
kekecilanku,1
telingaku,1
panggilanku:,1
memfilmkannya.,1
billings,1
skuadron,1
10.,1
antikolonial,1
mentransformasi,1
laris,1
al-qahtani,1
plantar,1
"svrzo,",1
"indikator,",1
nurgal,1
bergunung-gunung,1
"kunar,",1
solidaritasnya;,1
"permesinan,",1
722,1
"juara,",1
hanukkah,1
"ceramah,",1
hewan—yang,1
"halal,",1
gabon,1
lariku,1
"erat-erat,",1
"ponselku,",1
"headphone,",1
jariku,1
"eksekutifnya,",1
berpengalaman.,1
digital—mulai,1
1945.,1
thiago,1
memperkecil,1
kebun.,1
€270,1
siuji,1
"shihab,",1
t-wei,1
(spark).,1
“partainya”,1
terbaring,1
fawaz,1
mast,1
“sinyal,1
"kosong,”",1
"""hadiah",1
"ii.""",1
"(april),",1
zahiran,1
"hijau""",1
"kebun,",1
zambia,1
disiagakan,1
cangkang,1
"reruntuhan,",1
jean-pierre,1
papin,1
"(1991),",1
zinedine,1
zidane,1
"(1998),",1
(2022),1
prestasinya.,1
109,1
karenia,1
sáez,1
beiruti,1
"2,79",1
"moderasi,",1
"ezell,",1
"shaban,",1
8.500,1
ditinggalkannya,1
sistematik,1
chatelet,1
platini,1
"(1983,",1
"1984,",1
1985).,1
"dikendalikan,",1
cahaya;,1
tayouna,1
kompor.,1
ton;,1
al-rashid,1
pemirsa.,1
dibanggakan.,1
"mempermalukan,",1
"menyerang,",1
"merampok,",1
"senna,",1
1962.,1
senna,1
tipu,1
muslihat,1
menggiring,1
“hingga,1
berbeda”,1
monogami?,1
merasuki,1
abdel-wahhab,1
al-sayyid,1
"""antara",1
"allah,""",1
"""penipu""",1
menyaingi,1
jadwalnya.,1
captagon,1
(sejenis,1
"14,5",1
145).,1
“motorizados”,1
(umumnya,1
"motor),",1
pin,1
(islam),1
kasiheddie.”,1
sistema,1
económico,1
mínimamente,1
anti-rusia”,1
fiktif.,1
nivkhs.,1
"personalia,",1
"nasionalisasi,",1
penjaminan,1
dikelolanya,1
sekuritisasi,1
mengutuk.,1
país,1
teknologi;,1
lembaga.,1
afiliasinya.,1
dilucuti.,1
“sh”,1
"ajar,",1
"vulgar,",1
senjata),1
"""kota",1
"media""",1
al-awza'i.,1
spionase”,1
[israel],1
"anda,""",1
membangun.,1
al-desouci.,1
dinonaktifkan.,1
terdegradasi.,1
flat,1
dipukul,1
"tinah""",1
hüseyin,1
"gün,",1
“kegiatan,1
"jembatan,",1
nature,1
medicine.,1
kekompakan,1
"independensinya,",1
(fed),1
ke-26,1
shishko.,1
“terakhir”,1
“pendekatan,1
pelayan.,1
"adyghe,",1
leandro,1
dimusnahkan,1
otokrasi,1
"ottoman,”",1
"66,27",1
"46.381,54.",1
"andalkan),",1
"saudi-iran,",1
sektarianisme.,1
"richards,",1
membayangkan;,1
#keadilan,1
#terima,1
"kabardian,",1
"horie,",1
departamento,1
intersindical,1
estadística,1
socioeconómicos,1
"(dieese),",1
beneficio,1
fue,1
inflación,1
niveles,1
"civilizados,",1
"fantasi,",1
pelukan,1
"solihull,",1
"midlands,",1
halewood,1
merseyside.,1
‘mengarang’,1
"sebelumnya,”",1
kanton.,1
inkonstitusional.,1
"petasan,",1
37.000,1
"4,46",1
cualquier,1
"pendampingnya,",1
lorelle,1
semley,1
“keibuan,1
publik”,1
keibuan,1
juaranya,1
berkane,1
web.,1
"2010-an,",1
k-drama,1
kopa,1
bragantino,1
tso.,1
"25,3",1
"48,19",1
“nasional”.,1
"robotics,",1
huazhong,1
"hubei,",1
magnetik,1
(xinhua).,1
temukan...,1
batas-batasnya,1
berperan.,1
"(1930–1991),",1
rhizome.,1
budayanya,1
dihargakan,1
perkantoran.,1
hermon,1
"mitigasi,",1
al-majalla.,1
pemerataan,1
"2-2,",1
menuliskannya,1
2nm.,1
سيول,1
جارفة,1
#مدينة_الكفرة,1
الليبية،,1
إثر,1
الأمطار,1
الغزيرة،,1
مخلّفة,1
أضرارا,1
كبيرة,1
selang,1
mikroprosesor,1
اجتاحت,1
"dahal"",",1
"""sher",1
bahadur,1
"deuba"".",1
"pulver,",1
"linux,",1
"(meta),",1
(layanan,1
"pencarian,",1
"e-commerce),",1
al-alsun,1
b787-10.,1
"semalaman,",1
menggilingnya,1
amman.,1
"dianalisis,",1
skeptis.,1
amy,1
"luttwak,",1
"waze,",1
ptr,1
"41,92.",1
menggaungkan,1
tambahan”,1
shams.,1
pesawat-pesawat,1
"rups,",1
beruntung;,1
menyemangatiku.,1
"au,",1
sprint,1
"diondori,",1
socoura,1
"amunisi,”",1
"""berita",1
menemukannya.,1
"""pushpa",1
sinisme,1
kemunafikan,1
email.,1
niamey,1
bamako,1
ouagadougou,1
b787-9,1
"""absen",1
"pekerjaan"".",1
cakupannya,1
sakhalin,1
"oli"",",1
teladan,1
"akomodatif,",1
isagha.,1
diutarakan,1
“kesepian”,1
"sekarang.""",1
derita.,1
berbagi.,1
"yunani-bulgaria,",1
“pengangguran”,1
"diputus,",1
mangkir,1
didigitalkan,1
kerja”,1
kehilangannya,1
eksplorasi.,1
"huaxin,",1
facebook:,1
"kepada-mu,",1
"kesulitan.""",1
"carney,",1
albanese.,1
dipaparkan,1
watum,1
makutano,1
“absen,1
"(1958),",1
yucatan,1
ke-70,1
hoeness,1
gyeongju.,1
tempat?”,1
kerinduan.,1
menyerah.,1
sosialitas,1
tuding,1
"kubu,",1
mendirikannya,1
"eksistensial""",1
pendapatannya.,1
fellows,1
gathering,1
kesendirian,1
"kepenulisan,",1
"arabs,”",1
"günterman,",1
lintasannya,1
"dituju,",1
mawasi,1
"asdaa,",1
"""momen",1
legislatif.,1
$912,1
bullish,1
persediaan.,1
"transformasional,",1
hyoungsu,1
(televisi,1
tertutup),1
“duduk”.,1
cedi,1
weiping,1
kinshasa,1
cost),1
"sampaikan,",1
penulis?,1
behs,1
"baghdadi,",1
baghdadi,1
stewart,1
“melihat,1
saya”,1
dana-dana,1
"subkontrak,",1
kreatifnya.,1
(sink,1
"""hostage",1
"square"",",1
eksekutifnya.,1
dameel,1
dortmund.,1
"menerima,",1
"menyampaikan,",1
"""siapa",1
dunia),1
"tangannya.""",1
"madžarević,",1
292,1
"seismiknya,",1
inkremental.,1
anti-korupsi,1
"gelarnya,",1
berpraktik,1
"9a,",1
puncaknya;,1
"botim,",1
"""qiwa""",1
pdb).,1
tepercaya”,1
"al-homsani,",1
"""egas""",1
cangkir-cangkir,1
berperang?,1
"bioteknologi,",1
"pasar,”",1
utang-utang,1
kairo:,1
ditutup-tutupi,1
402,1
(105,1
"praperadilan,",1
"pelapor),",1
izz,1
"tarnopolsky,",1
‘fiery,1
"descent,’",1
silkscreen,1
"104,14",1
(41,1
keperawatan,1
dicari.,1
elinor,1
"moreland,",1
cairan.,1
noga,1
"jenisnya.""",1
tungku,1
busur,1
"nyatanya,",1
sekira,1
4.405,1
"poundsterling,",1
3.426,1
41.120,1
"reseptif,",1
menyesalkan,1
palestina?,1
kyat,1
ai;,1
"mengendalikan,",1
eksplisit),1
megapiksel,1
telefoto,1
memperbesar,1
makro.,1
mereka”.,1
non-diskriminatif,1
tindakannya?,1
cawan,1
"17,4%,",1
senjatanya?,1
berhadapan?,1
pirogue.,1
penyimpanannya,1
al-faisal,1
"inggris"":",1
ríos,1
montt,1
hamas;,1
161.600,1
mahasiswanya.,1
tiktokers,1
"pertimbangan,",1
peraturannya.,1
‘menemukan,1
roda’”,1
"outletnya,",1
annapurna,1
"tinkune,",1
"merasa,",1
"banyak,""",1
"fryar,",1
"""lihat",1
mmx,1
testimoni,1
"lemon8,",1
"douyin,",1
1992,1
"kontradiksi,",1
"gaddafi,",1
"60,2%",1
tenggara.”,1
“kurdistan,1
"raya,”",1
"97,74",1
"0,44%,",1
"allah.""",1
"0,65%",1
"303,56",1
"0,66%,",1
"46.250,88",1
"0,15%",1
"47,2",1
monetary,1
pool.,1
hizbullah?,1
"karbalai,",1
"eksistensial,",1
insya,1
"22,482.44",1
reservasi.,1
"""semuanya",1
"komputasi.""",1
supace,1
keputusan;,1
"preseden,",1
penalaran,1
maknanya,1
"film.""",1
presidennya.,1
"69,19%",1
duca,1
"charlie,""",1
anti-liga,1
"anti-sekularisme,",1
ortodoksi,1
ultra-nasionalisme,1
pasti!,1
sesi),1
oknum-oknum,1
"fedwatch,",1
probabilitas,1
81%.,1
programmer;,1
mengunggah:,1
mengeluh”,1
zayandeh,1
rud,1
safawi,1
sadovinici,1
teman…,1
terburuk”,1
tergelap,1
"""genosida,""",1
"1829,",1
"tampico,",1
"kontak,",1
saharawi.,1
madame,1
chitour,1
bukti.,1
maois,1
"""pemberontakan",1
"nepotisme"".",1
"1990”,",1
tegasnya.,1
(1979–2017),1
insufisiensi,1
dianjurkan.,1
1862,1
cengkih:,1
dibelikan,1
vhs,1
tambahan;,1
everton.,1
54.000,1
halfa,1
darija,1
quilombola,1
(quilombos,1
ilgar,1
persuasif.,1
perayaan-perayaan,1
dicermati,1
"48,8%,",1
fitch.,1
korda,1
"(5-7),",1
broxby,1
rone,1
​​menegaskan,1
"klasisme,",1
hadath,1
"grimsby,",1
"abilov,",1
reagan,1
kabinetnya.,1
"isinya,",1
memberitahunya:,1
rasis.,1
"pengurungan,",1
konstitusionalitas,1
(stf),1
berseragam,1
maitighar,1
mandala,1
anti-peradangan,1
bersorak,1
fritz.,1
tabassés,1
creuseurs,1
bersentuhan,1
jubail,1
belajar;,1
pembuatan.,1
etnokratis,1
"2030"".",1
saud.,1
ditimbulkannya.,1
duduknya,1
"bermacam-macam,",1
al-enmaa,1
konfederasi.,1
memanfaatkannya,1
subur.,1
memento,1
"mencapainya.""",1
"favorit,",1
hassett.,1
"sering,",1
factoring,1
menonjolnya,1
canal,1
"egypt,",1
"""skizofrenia",1
"politik"".",1
tumbangnya,1
hasina.,1
"seale,",1
globe,1
pdb-nya,1
pengadilan;,1
kasusnya.,1
"bank-egypt,",1
320,1
“dilakukan,1
kejutan.”,1
somalia),1
pan-somali,1
djibouti.,1
dalingat,1
"""klinik",1
"masa""",1
mori,1
vanitas,1
stratifikasi,1
"positifnya,”",1
becker.,1
melepasnya,1
"premier,",1
thierry,1
"henry,",1
“kadang-kadang,1
bertengkar,1
"penghancuran,",1
minggu”,1
"awal"".",1
"pasca-pandemi,",1
"pengepungan,",1
stalin,1
"mata-mata,",1
dekstrin,1
"pektin,",1
pati,1
"resisten,",1
"selulosa,",1
mikrobiota,1
"11,09",1
"($1,56",1
"(2016-2020),",1
"hibrida"",",1
"40,24",1
ketekunan,1
keberhasilannya.,1
"saudi-vietnam,",1
"9,58",1
"14,11",1
ma'ale,1
"adumim,",1
"$219,7",1
bain,1
$800,1
"54,1%",1
"17,37",1
berkecimpung,1
perfilman.,1
"game,""",1
berdarah.,1
preseden.,1
”kamu,1
"berhikmat,",1
bodoh.”,1
"""prosedur",1
kazakhstan?,1
mcguirk,1
"1941,",1
dekan,1
bamakhrama.,1
serat.,1
ione,1
pellara,1
dikirim.,1
(bencana),1
kekacauan.”,1
"novel-novelnya,",1
"1,92",1
dibandingkan.,1
"asin,",1
acaranya,1
"berbahaya,”",1
"dimatikan,",1
"pembongkaran.""",1
menyerangnya,1
cebador,1
"didapat,",1
dihasilkannya.,1
berkaca,1
"tambahan—inggris,",1
portugal—termasuk,1
24/7;,1
kesal.,1
"salameh,",1
(karton),1
pundaknya.,1
kampus-kampus,1
perpustakaan.,1
‘suka.'”,1
"atef,",1
"kandungnya,",1
sisinya,1
dilahirkan.,1
(fln),1
"mulanya,",1
laku.,1
khairkhana,1
masak,1
pengunjung?,1
berbuka,1
"bissam,",1
"tajmakht,",1
baobab.,1
memfokuskan,1
"kehutanan,",1
zad,1
"al-raqeeb,",1
abadan,1
cihan.,1
"15:35,",1
"membumi,",1
harmoni.,1
lelam,1
"kontradiktif,",1
berimbang,1
2026-2028.,1
362,1
$502,1
"jumah,",1
palu,1
"ceyhan,”",1
"idris,",1
memberangkatkan,1
ag,1
"rhissa,",1
"semula,",1
haluan,1
"bentuknya,",1
cannes,1
venesia.,1
tradisi-tradisi,1
“dibutuhkan,1
adnadin,1
2.870–3.587),1
meratakan,1
ditanami.,1
film?,1
berijazah,1
997,1
"federasi,",1
azman,1
"perceraian,",1
al-hamdan,1
"""emek",1
"shaveh""",1
1.000.000,1
"jašarević,",1
"zenica,",1
"analitik,",1
“lahan”,1
bertentangan:,1
serikat;,1
"menangkap,",1
"mengeksekusi,",1
ketidaknyamanannya,1
menenangkan.,1
anti-konservatif,1
hayek,1
kedangkalan,1
terkekangnya,1
isna.,1
ihr,1
hrana,1
mujahidin,1
fln,1
"pejuangnya,",1
"suci”),",1
komunitas',1
"palestina-israel,",1
"arab-amerika.""",1
hiruk-pikuk,1
ponsel.,1
"aizouqi,",1
"henti-hentinya,",1
shoubair,1
kondisi:,1
komposisinya,1
"dipasarkan,",1
kamar.,1
fuk,1
"roc,",1
“ide,1
“venezuela,1
"sini,”",1
"5,75%",1
"$2,334",1
"sindikat,",1
observasi.,1
disalahpahami,1
"""rakan,""",1
"ehsaas,",1
kesalahannya.,1
elm,1
"16,7",1
innsbruck,1
muslim:,1
malu”,1
عورة,1
"bosworth,",1
skybron,1
renewables,1
dilanjutkan.,1
tai,1
"wong,",1
"16,8%,",1
"8,5%.",1
melisensikan,1
"terentyeva,",1
hnizdo.innsbruck.,1
“obat,1
mujarab,1
awet,1
muda”,1
eksentrik,1
"bukele,",1
sesumbar,1
diklarifikasi.,1
zaitun.,1
ritualnya.,1
oleksandra,1
diberkahi”,1
iklannya,1
($232,1
quebec,1
scanner,1
bangla,1
prothom,1
alo,1
268,1
kelalaiannya.,1
al-bastawisi,1
"batumi,",1
1.850).,1
"meletus,",1
70-an.,1
maksudnya.,1
beruntungnya,1
"kuliah,",1
"sendirinya,",1
"kalori,",1
singkatnya:,1
chama”,1
"pana,”",1
"boothman,",1
lengannya,1
london;,1
mendeleev,1
brazil.,1
berjubah,1
sistem;,1
akhiri,1
"frustrasi.""",1
mutawakkilit,1
imamah,1
"$400,000",1
"$2,661",1
air?,1
"6,25%,",1
"$2,463,",1
harimau,1
tampil.,1
tumbuh?,1
"pembunuhannya,",1
microsoft.,1
dimakan,1
komunitas;,1
"kerinduan,",1
transformasi;,1
terbuka;,1
"bunga),",1
mercedes-benz,1
dacia,1
i̇stanbul,1
"ayvalik,",1
(sarjana),1
mbbs,1
“menghasilkan,1
"daring,",1
obialunamma,1
"chidindu,",1
esteem,1
beranda,1
"ibeju-lekki,",1
"0,09",1
berguna.,1
"sekuritisasi,",1
(00.00,1
“troika,1
"bhotekoshi,",1
adrenalin,1
sub-kota,1
pakistan.”,1
"oseania,",1
muncul;,1
"abijo,",1
"al-qassam,",1
"ingatkan,",1
centro,1
"periféricos,",1
parelheiros,1
plano,1
martines,1
"kasacs,",1
aegea.,1
anatolia,1
turki),1
peugeot,1
portal.,1
"15-25%,",1
uap.,1
t-shirt.,1
jahangir,1
"parhamat,",1
fararu,1
"bhakkar,",1
qamar,1
sulungnya,1
siap…,1
renault,1
"keyakinan,",1
materai,1
"""barang",1
tavarella,1
modelnya,1
"diaudit,",1
"antwerpen,",1
villerick,1
eaaf,1
ayotzinapa/iguala,1
(meksiko),1
mozote,1
ditinggalkan.,1
‘awra).,1
membentur,1
"nuklir.""",1
panen.,1
"hammad,",1
derna.,1
inses,1
wolverhampton.,1
"agustus),",1
herba,1
tereré,1
bermacam-macam,1
(el,1
"dikarakterisasi,",1
“snapback”,1
(icpi),1
"terhibur,",1
"teknis,”",1
"grigoropoulos,",1
polisinya,1
penelitiannya,1
$42.,1
hue.,1
tenggelamnya,1
alexandros,1
salvador).,1
pasca-liberal,1
"(trianon,",1
"sèvres,",1
"regional”,",1
seterusnya).,1
403.000,1
"3,45%,",1
"3,40%",1
"20,7",1
menyinkronkan,1
terpercaya”,1
"ceballos,",1
"balik,",1
menjamur.,1
“ai,1
"gogh,",1
"mizan,",1
bahman,1
"pertarungan,",1
"karakternya,",1
"""isagha"".",1
zoey,1
anti-larangannya.,1
"loquan,",1
diminta.,1
memborgol,1
eksplorasinya,1
darryl,1
"clark,",1
perjuangan.,1
06:30,1
"$69,70",1
delijani,1
"""peaks",1
"mountain""",1
permasalahan:,1
statusku,1
kulit;,1
kemanjurannya,1
kusam,1
"oregano,",1
peledak.,1
"(ber),",1
beracun.,1
tanya,1
"haj-hassan,",1
"bukan,",1
"objektifikasi,",1
"2000-an,",1
asl,1
"""salah",1
"iran.""",1
“murka,1
"allah,”",1
keselamatannya.,1
35–50,1
"popplewell,",1
diujicobakan,1
agustus/september,1
duisburg,1
bejana,1
choubi,1
jamieson,1
menggabungkannya,1
spontan.,1
woca,1
"advokasi,",1
louisiana,1
"diserahkan,",1
"meresahkan,",1
berlarian,1
"yanardağ,",1
necati,1
terlewatkan.,1
special,1
"one"",",1
diekstraksi.,1
"$800,",1
austria's,1
"sumbernya,",1
perpanjang,1
"""teaser"",",1
"$173,58",1
"$71,6",1
"hukumannya,",1
"anfield,",1
"özkan,",1
al-samer,1
terserap,1
sunni-arab,1
merampok,1
memonopoli,1
850,1
otzma,1
"yehudit,",1
limor,1
har,1
"melech,",1
han-koo,1
iowa,1
roblox.,1
"jari,",1
"2025/2026,",1
masanya,1
"mandela,",1
rabin.,1
ekstensifnya,1
"pengayaan,",1
quadcopter,1
benfica.,1
moda,1
diculik.,1
ventures,1
"benang-benangnya,",1
jerat,1
kelopak,1
rios,1
"diidam-idamkan,",1
crown,1
khusyuk,1
mahakuasa,1
“telah,1
kepalaku,1
"dilanggar,",1
bauran,1
"4,00%",1
"galtung,",1
preventif,1
"orascom,",1
vinci,1
ferrovial.,1
"keputusasaan,",1
"tripartit,",1
terstandarisasi,1
“kebanggaan,1
kita”,1
"genteng,",1
cliff,1
"romeo,",1
cocoa,1
"tea,",1
pola-polanya,1
"40,9",1
terendah.,1
luton,1
ioseb,1
"kheoshvili,",1
qbaada,1
stride,1
perpanjangannya,1
perbudakan.,1
"$899,3",1
"$733,5",1
"22,6%.",1
"4,8%",1
$858,1
menetap.,1
dipusatkan,1
"multipihak,",1
berbingkai,1
"sebelumnya"".",1
polyana,1
kolusi,1
rochester,1
serebrospinal,1
"""platform",1
"thyme),",1
"madu,",1
"(apel,",1
pir),1
"(stroberi,",1
"raspberry),",1
berry.,1
australian,1
"""phobos-grunt""",1
"""tanah",1
"phobos""",1
(pembalut/pembalut,1
"wanita),",1
prasekolah,1
“realitas”,1
"celah,",1
"lapisannya,",1
memaksanya.,1
“kelemahan,1
struktural”.,1
"nafkah,",1
network:,1
"""penyelidikan",1
"jelas.""",1
(covid-19).,1
mediados,1
"xvi,",1
hasta,1
casi,1
mitad,1
"xx,",1
1942.,1
pijakannya,1
dna-nya,1
quay,1
“atribusi,1
diagnosis;,1
"kontribusinya,”",1
polusi),1
terdekatnya),1
dengan:,1
kemerdekaan.”,1
menyakitiku.,1
"""adalah",1
mereduksi,1
yoghurt,1
