Term,Frequency
the,44240
of,19437
to,17797
and,17569
in,15307
a,12410
that,7698
for,6708
on,5353
is,4571
by,4504
with,4429
as,4212
from,3933
this,3926
their,3198
has,3048
at,2971
its,2948
was,2610
it,2301
are,2274
have,2254
an,2185
he,2046
his,2023
which,2011
or,1785
not,1784
they,1664
be,1547
will,1544
according,1543
who,1487
over,1468
these,1455
been,1331
also,1273
were,1219
but,1203
during,1202
i,1182
",",1174
significant,1111
new,1101
one,1062
while,1037
about,996
president,993
more,993
against,988
through,970
into,939
such,928
between,921
when,882
following,873
within,869
both,839
after,826
international,820
would,798
where,796
saudi,782
all,782
can,772
—,757
we,755
two,752
due,747
her,740
had,737
there,735
"however,",723
than,721
us,721
like,705
those,703
government,702
united,678
global,677
stated,675
other,674
first,662
she,650
people,645
could,639
including,638
what,624
any,612
among,610
just,609
my,605
most,604
million,593
since,591
emphasized,585
economic,584
them,583
up,579
approximately,578
if,565
company,564
recent,561
under,556
national,552
being,549
many,545
.,544
despite,532
emmanuel,530
minister,529
some,528
no,521
israeli,516
social,515
out,504
even,502
public,499
our,497
across,497
political,495
made,481
state,478
how,476
support,471
security,460
billion,455
palestinian,451
local,451
financial,449
media,449
particularly,441
market,439
announced,437
only,436
increase,435
without,435
data,434
before,434
military,429
current,422
foreign,420
trump,419
years,418
last,416
per,413
countries,402
european,398
three,395
should,390
potential,388
israel,385
ongoing,384
now,384
"additionally,",381
gaza,375
reported,373
american,373
development,370
oil,370
various,369
part,365
time,364
do,360
investment,358
you,356
human,354
companies,354
same,350
regarding,350
remains,349
several,344
city,344
real,343
world,342
rights,341
around,340
previous,335
digital,331
country,331
energy,330
often,325
aimed,323
nations,321
percent,321
increased,318
efforts,316
nuclear,314
general,311
agreement,309
states,305
"year,",304
prime,304
rate,304
him,301
donald,301
crucial,301
individuals,301
may,300
chinese,298
further,296
water,296
place,294
because,289
total,286
major,286
ministry,283
china,283
official,282
role,281
making,280
women,278
highlighted,278
iran,276
become,275
work,272
interest,271
revealed,271
conflict,270
another,269
might,269
health,269
along,268
end,267
take,266
egyptian,265
young,262
news,261
un,259
south,259
did,258
each,257
yet,257
project,257
still,257
war,255
leading,254
statement,254
used,253
russian,252
federal,252
report,251
second,251
u.s.,250
year,249
set,247
sanctions,245
legal,243
towards,242
future,241
former,241
arab,241
led,240
need,239
information,239
central,236
expressed,236
significantly,236
until,236
experienced,235
bank,235
noted,235
remain,235
artificial,234
region,234
use,234
does,234
power,234
country's,234
day,232
group,231
situation,231
syrian,231
your,229
face,228
plans,228
marking,227
ai,226
team,225
impact,224
alongside,224
september,224
continue,224
number,223
aims,223
four,222
agency,222
decision,222
authorities,221
so,219
compared,219
rise,218
peace,217
"years,",216
past,216
growth,214
reached,212
gold,212
"2024,",210
authority,210
five,210
intelligence,210
potentially,210
law,210
address,210
production,210
thereby,209
faced,208
plan,208
certain,207
different,207
value,206
cultural,205
currently,205
reaching,204
trade,204
issue,202
key,202
using,201
own,200
control,199
iranian,199
me,198
year.,197
must,196
community,196
anticipated,195
forces,195
upcoming,194
price,194
every,194
period,194
concerns,193
system,192
based,192
response,191
early,191
capital,191
well,190
few,190
access,190
children,190
make,190
reports,190
october,190
"2025,",189
process,188
rather,188
regional,188
once,188
then,187
industrial,187
traditional,187
"time,",186
estate,185
strategic,185
found,184
civil,184
emphasizing,184
beyond,182
arabia,182
high,182
involved,181
initiative,181
challenges,181
given,180
demand,177
“,176
player,175
lead,175
african,174
users,174
it's,174
back,173
additional,173
sector,172
"2023,",172
projects,171
working,170
western,169
goal,169
natural,169
attacks,168
lack,168
achieving,168
years.,168
meeting,167
head,167
league,167
life,166
land,166
issues,165
top,165
home,165
latest,165
research,165
though,164
investors,164
stock,164
return,164
previously,164
match,163
very,162
food,162
whether,162
diplomatic,162
held,161
language,161
aiming,161
french,160
actions,160
upon,160
white,159
shared,159
move,159
known,159
west,159
trump's,158
already,158
saw,157
least,156
pressure,155
long,155
russia,155
increasing,155
way,155
services,155
daily,154
stands,154
egypt,154
down,154
council,153
via,153
party,153
video,153
position,153
content,152
personal,151
july,151
start,150
especially,150
measures,149
began,149
prices,149
right,149
reach,149
family,149
domestic,149
israel's,149
medical,148
provide,148
online,147
company's,147
tea,147
prevent,146
cannot,146
thousands,146
index,146
help,146
numerous,146
operations,146
al,146
officials,145
much,144
involves,144
took,143
large,143
house,143
de,143
ensuring,143
days,143
small,143
areas,142
strong,142
represents,142
"""the",142
center,142
primary,142
cooperation,141
study,141
environmental,140
point,140
multiple,140
growing,140
six,140
said,140
policy,140
expected,139
include,138
points,138
published,137
december,137
humanitarian,137
conditions,137
action,136
next,136
third,136
safety,136
related,135
enhancing,135
became,135
court,135
importance,135
similar,134
members,134
highlights,134
located,134
left,134
gas,134
established,134
share,134
spanish,134
north,133
technology,133
largest,133
months,133
commercial,133
throughout,133
deal,133
industry,133
initial,132
august,132
continues,132
behind,132
german,132
defense,132
important,131
release,131
maintaining,131
violence,131
broader,131
others,130
clear,130
crisis,130
risk,130
create,130
workers,130
experience,130
severe,130
approach,130
opportunities,129
opposition,129
climate,129
half,129
administration,128
best,128
university,128
experts,128
private,128
seen,128
citizens,128
less,128
hamas,128
society,128
program,128
specifically,127
comes,127
concerning,127
resulting,127
supply,127
organization,126
called,126
country.,126
decline,126
rates,125
iraqi,125
infrastructure,125
football,125
nearly,125
come,125
taken,125
leaders,125
influence,124
activities,124
recognition,124
living,124
toward,123
free,123
recently,123
focus,123
police,122
near,122
resources,122
imposed,122
direct,122
specific,122
issued,122
exports,121
assembly,121
strategy,121
air,121
january,121
released,121
substantial,121
times,121
associated,121
history,120
offer,120
essential,120
threat,120
them.,120
lower,120
find,120
taking,120
area,120
committee,119
highlighting,118
discussions,118
netanyahu,118
costs,118
egypt's,117
indigenous,117
event,117
commitment,117
2024,117
higher,117
main,117
2025,116
member,116
widespread,116
believe,116
creating,116
either,116
unique,116
groups,116
platform,115
gulf,115
tech,115
systems,115
aid,115
middle,115
developing,115
ensure,115
platforms,115
iphone,115
beginning,114
service,114
press,114
kingdom,114
business,114
trading,114
"region,",114
supporting,114
communities,114
never,114
british,113
terms,113
see,113
rising,113
critical,112
close,112
policies,112
advanced,112
signed,112
negotiations,112
march,112
"meanwhile,",112
providing,112
lives,112
long-term,112
school,112
caused,111
residents,111
"week,",111
board,111
open,111
result,111
region.,111
union,111
secure,111
amount,110
collaboration,110
"states,",110
having,110
popular,110
limited,109
individual,109
annual,109
"day,",109
interview,109
noting,109
considered,109
stating,109
lebanese,109
facing,109
el,109
overall,109
indicating,108
palestinians,108
10,108
presence,108
students,108
outside,108
clarified,108
markets,108
case,108
launched,108
cup,107
indicates,107
serves,107
allowing,107
victory,107
understanding,106
continued,106
families,106
implementation,106
competition,106
education,106
today,106
positive,106
resulted,106
"country,",105
"countries,",105
performance,105
independent,105
internet,105
southern,105
added,105
population,105
shares,105
started,105
2025.,104
level,104
la,104
syria,104
investments,104
involving,104
incident,104
illegal,104
democratic,104
always,104
secured,104
usd,104
change,104
offering,103
”,103
enhance,103
"china,",103
primarily,103
itself,103
decrease,103
loss,103
conducted,103
pounds,103
reduction,102
manufacturing,102
solar,102
challenge,102
although,102
form,102
capacity,102
order,102
space,101
protests,101
reducing,101
movement,101
full,101
economy,101
products,101
june,101
designed,101
journalists,101
ability,101
"today,",101
necessary,101
received,100
rapid,100
means,100
experiencing,100
-,100
failed,100
bin,100
source,100
initiatives,100
comprehensive,100
includes,99
africa,99
serve,99
northern,99
parties,99
hundreds,99
challenging,99
far,99
november,99
exchange,99
regulatory,99
meet,98
changes,98
it.,98
came,98
away,98
organizations,98
followed,98
time.,98
forced,98
am,98
cities,98
increasingly,98
committed,97
korean,97
events,97
coach,97
killed,97
sources,97
series,97
institutions,97
conference,97
india,97
highest,97
tiktok,97
stability,97
responsible,96
club,96
seeking,96
director,96
investigation,96
targeting,96
"israel,",96
training,96
mentioned,96
sunday,96
vision,96
present,96
holds,96
risks,95
worth,95
award,95
tools,95
why,95
seven,95
death,95
regions,95
"gaza,",95
justice,95
east,95
airport,95
story,94
go,94
protect,94
states.,94
occurred,94
"company,",94
electricity,94
attack,93
maintain,93
building,93
players,93
final,93
cost,93
framework,92
highly,92
later,92
boost,92
20,92
stance,92
leadership,92
"response,",92
diverse,92
2024.,92
significance,92
historical,92
17,91
managed,91
live,91
apple,91
available,91
deep,91
palestine,91
included,91
figures,90
english,90
department,90
it’s,90
crude,90
carried,90
reserve,90
woman,90
leaving,90
15,90
urged,90
fund,89
play,89
"monday,",89
housing,89
concern,89
opportunity,89
levels,89
off,89
"government,",88
technological,88
king,88
leader,88
30,88
hold,88
prince,88
technical,87
participation,87
eight,87
"market,",87
described,87
spread,87
becoming,87
opening,87
turkey,87
success,87
professional,86
entire,86
lost,86
property,86
underscores,86
directly,86
instead,86
goals,86
aim,86
construction,85
debt,85
sector.,85
"""we",85
merely,85
cases,85
china's,85
religious,85
visit,85
brazilian,85
achieve,85
york,85
europe,85
inflation,85
stories,85
iran's,85
targeted,85
"this,",85
ceo,85
informed,85
dollar,85
offers,85
eastern,85
prior,84
suggesting,84
brought,84
hours,84
played,84
funds,84
starting,84
themselves,84
reuters.,84
urban,84
establishing,84
responsibility,84
election,83
fully,83
culture,83
newly,83
field,83
"""i",83
communication,83
child,83
management,83
earlier,83
freedom,83
nature,83
sustainable,83
solution,83
"instead,",83
average,83
practices,82
engaged,82
lies,82
focused,82
market.,82
benjamin,82
ultimately,82
internal,82
12,81
longer,81
interests,81
confirmed,81
act,81
art,81
agricultural,81
france,81
armed,81
"it,",81
achieved,81
shift,81
successfully,81
"stated,",81
whereas,81
single,80
refugees,80
better,80
affected,80
two-state,80
accused,80
proposed,80
receive,80
progress,80
office,80
needs,80
term,80
effective,80
immediate,80
gaza.,80
“the,80
managing,79
promoting,79
50,79
"sunday,",79
tax,79
round,79
expansion,79
relationship,79
silver,79
again,79
renewable,79
call,79
emerged,78
campaign,78
likely,78
app,78
modern,78
recognized,78
state.,78
fact,78
export,78
won,78
attention,78
week,78
basic,78
2023,78
implementing,78
hope,77
financing,77
labor,77
regulations,77
"egypt,",77
consider,77
marked,77
mining,77
relations,77
complex,77
100,77
amid,77
countries.,77
claims,77
announcement,77
introduced,77
stated:,76
residential,76
remained,76
network,76
"sector,",76
champions,76
protection,76
"later,",76
attempt,76
newspaper,76
speaker,76
riyadh,76
benefits,76
addressing,76
"people,",76
nation,76
april,75
educational,75
short,75
reduced,75
border,75
identity,75
"iran,",75
indian,75
temporary,75
electric,75
ceasefire,75
person,75
feature,75
mohamed,75
centers,75
noteworthy,75
hezbollah,75
"now,",75
speech,75
"tuesday,",75
features,75
agreements,75
body,74
elections,74
estimated,74
sectors,74
cause,74
created,74
"2022,",74
criminal,74
halt,74
quality,74
force,74
millions,73
army,73
figure,73
together,73
list,73
customs,73
turkish,73
lebanon,73
causing,73
"agreement,",73
journey,73
"context,",73
something,73
late,73
electronic,73
understand,73
required,73
joint,73
factors,73
fiscal,72
weapons,72
coming,72
establish,72
country’s,72
active,72
facilities,72
ukrainian,72
involvement,71
ahmed,71
girls,71
man,71
sense,71
warning,71
tensions,71
surrounding,71
light,71
republic,71
absence,71
hong,71
represent,71
balance,71
existing,71
him.,71
typically,71
goods,71
threats,71
engage,71
scheduled,70
banks,70
operation,70
"billion,",70
distribution,70
proposal,70
initially,70
korea,70
men,70
tariffs,70
bill,70
healthcare,70
israel.,70
:,70
environment,70
"ago,",70
monetary,70
sales,70
status,70
model,70
reduce,69
conflicts,69
dr.,69
life.,69
ten,69
question,69
establishment,69
message,69
fourth,69
say,69
common,69
"arabia,",69
driven,69
results,69
"nations,",69
requires,69
"france,",69
prompting,69
2022,69
massive,69
funding,69
majority,69
film,69
relevant,69
islamic,69
fundamental,69
fear,68
there's,68
world.,68
account,68
moment,68
languages,68
matches,68
faces,68
makes,68
"furthermore,",68
capable,68
approved,68
felt,68
effectively,68
executive,68
raised,68
frequently,68
generation,68
reportedly,68
aligns,68
"friday,",67
inside,67
paris,67
kingdom's,67
addition,67
reality,67
deeply,67
thousand,67
sudan,67
"bank,",67
fuel,67
totaling,67
manchester,67
commission,67
restrictions,67
meters,67
arrested,67
powerful,67
fall,67
"points,",67
"media,",67
rental,67
tehran,67
show,67
parts,67
expanding,67
side,67
considering,67
day.,67
physical,66
regime,66
require,66
article,66
almost,66
age,66
week.,66
view,66
consumption,66
people.,66
great,66
fire,66
applications,66
2023.,66
"them,",66
assets,66
experiences,66
shows,66
kurdistan,66
thus,66
contributing,66
asian,66
"capital,",66
association,66
suffering,66
name,65
demands,65
sudanese,65
struggle,65
claim,65
decided,65
prominent,65
valued,65
alternative,65
prestigious,65
arabia's,65
becomes,65
greater,65
referred,65
contribute,65
rare,65
external,65
showing,65
presidential,64
effects,64
trend,64
"riyals,",64
connection,64
violations,64
destruction,64
"development,",64
whose,64
"state,",64
disclosed,64
mass,64
"technology,",64
record,64
strip,64
returning,64
displaced,64
moving,64
occur,64
know,64
told,64
future.,63
25,63
get,63
operating,63
image,63
youth,63
ever,63
red,63
emergency,63
turned,63
tourism,63
assistance,63
decisions,63
"system,",63
views,63
avoid,63
transfer,63
"months,",63
asked,63
promote,62
little,62
questions,62
sexual,62
projected,62
calling,62
closing,62
green,62
ruling,62
"therefore,",62
details,62
detained,62
employment,62
weight,62
quickly,62
adding,62
expectations,62
trillion,62
carry,62
claimed,62
met,62
contract,62
"added,",62
"city,",61
planned,61
washington,61
laws,61
ban,61
"month,",61
kurdish,61
world's,61
warned,61
went,61
"work,",61
remarks,61
holding,61
reflects,61
discovered,61
al-ahly,61
says,61
placed,61
protesters,61
images,61
amidst,61
intense,61
objective,61
offered,61
extremely,61
playing,61
damage,61
collective,60
receiving,60
"companies,",60
mark,60
governments,60
range,60
conclusion,60
intention,60
barrels,60
special,60
served,60
intended,60
extensive,60
remaining,60
participate,60
effort,60
victims,59
statements,59
linked,59
spokesperson,59
ties,59
attributed,59
"example,",59
securing,59
someone,59
units,59
spoke,59
complete,59
process.,59
trust,59
presented,59
"statement,",59
product,59
stable,59
village,59
strength,59
explained,59
riyals,59
evident,59
failure,59
sparked,59
scored,59
"2021,",59
participating,58
stop,58
extreme,58
seek,58
matter,58
follows,58
safeguard,58
currency,58
studies,58
models,58
here,58
feel,58
difficult,58
treatment,58
journalist,58
star,58
billion.,58
directors,58
pointed,58
streets,58
abdel,58
suggests,58
plays,58
specialized,58
successful,58
aircraft,58
rose,58
vehicles,58
madrid,58
travel,58
serious,58
gains,58
initiated,57
",”",57
period.,57
technologies,57
activists,57
"industry,",57
"water,",57
talks,57
rural,57
attempts,57
blood,57
provides,57
align,57
sometimes,57
pakistan,57
implemented,57
"council,",57
homes,57
confidence,57
peaceful,57
"syria,",57
teams,57
large-scale,57
heavy,57
researchers,57
"reports,",57
target,57
black,57
good,57
indicate,57
affairs,57
debate,57
heart,56
"data,",56
bring,56
step,56
"war,",56
possibility,56
prepared,56
gain,56
stage,56
context,56
waste,56
prison,56
line,56
consecutive,56
resolution,56
viewed,56
solely,56
characterized,56
venezuelan,56
landscape,56
allow,56
reliance,56
ground,56
"security,",56
"team,",56
closely,56
america,56
passed,56
put,56
secretary,56
government's,56
representatives,56
engaging,56
win,56
seeks,56
x,56
devices,56
reporting,56
winning,56
low,56
true,55
purchase,55
allows,55
desire,55
said.,55
design,55
phase,55
able,55
old,55
sensitive,55
organized,55
helping,55
preventing,55
practical,55
forms,55
voices,55
iraq,55
barcelona,55
supreme,55
geopolitical,55
monday,55
enforcement,55
artistic,55
born,55
games,55
turn,55
enabling,55
imports,55
tool,54
photo,54
dialogue,54
revenue,54
visa,54
china.,54
consumer,54
soon,54
"infrastructure,",54
provided,54
targets,54
videos,54
requiring,54
choice,54
cubic,54
possible,54
moroccan,54
carrying,54
"individuals,",54
"days,",54
"history,",54
featuring,54
scale,54
"july,",54
street,54
solutions,54
kilometers,54
reveals,54
works,54
heavily,54
manage,53
afghan,53
"life,",53
develop,53
helped,53
conditions.,53
mere,53
qatar,53
observed,53
approval,53
nor,53
aspects,53
surpassing,53
addressed,53
people's,53
improve,53
portion,53
suggest,53
february,53
deaths,53
–,53
emerging,53
immediately,53
safe,53
premier,53
date,53
ahead,53
rich,53
regular,53
impacted,53
job,53
40,53
amounts,53
weeks,53
season,53
keep,53
voice,53
migrants,53
capabilities,53
chairman,53
abu,53
phone,52
issues.,52
build,52
decades,52
larger,52
focusing,52
bilateral,52
"lebanon,",52
lived,52
"contrast,",52
expressing,52
rent,52
muhammad,52
"law,",52
widely,52
draw,52
evidence,52
agreed,52
effect,52
representing,52
consequences,52
1,52
supported,52
title,52
budget,52
accounts,52
drawing,52
pay,52
entities,52
want,52
month,52
developments,52
actively,52
application,52
"me,",52
system.,52
conflict.,52
mother,51
fell,51
"conflict,",51
industries,51
enhanced,51
18,51
increases,51
purchasing,51
stood,51
positions,51
ukraine,51
demanding,51
scientific,51
13,51
advantage,51
intellectual,51
book,51
google,51
benefit,51
eu,51
"platform,",51
denied,51
"minister,",51
"conditions,",51
ranging,51
sharing,51
developed,51
instagram,51
situated,51
launch,51
ali,51
district,51
plant,51
recorded,51
books,51
meetings,51
leads,51
anticipates,50
"recently,",50
investing,50
declined,50
chance,50
"systems,",50
attempting,50
russia's,50
simply,50
affecting,50
seems,50
drones,50
recognizing,50
money,50
ancient,50
officially,50
agreement.,50
electoral,50
actually,50
nine,50
leave,50
user,50
nations.,50
mohammed,50
ending,50
square,50
transformation,50
path,50
document,50
registered,50
returned,50
dedicated,49
points.,49
defeat,49
innovative,49
creation,49
basis,49
losing,49
notable,49
roughly,49
comments,49
above,49
suffered,49
raising,49
algerian,49
car,49
joined,49
post,49
monthly,49
"times,",49
protest,49
asia,49
filled,49
accusations,49
truly,49
named,49
monitoring,49
elon,49
findings,49
senior,49
"result,",49
declared,49
resistance,49
programs,49
city.,49
concluded,49
himself,49
posted,49
"moreover,",49
extends,49
shown,49
everyone,48
explore,48
demonstrated,48
unable,48
appears,48
reflecting,48
believes,48
think,48
entity,48
kong,48
"britain,",48
"russia,",48
"plan,",48
renowned,48
"trump,",48
largely,48
session,48
historic,48
civilians,48
idea,48
escalating,48
operational,48
speaking,48
violent,48
sports,48
parents,48
missile,48
institutional,48
urgent,48
contributed,48
youtube,48
practice,48
particular,48
"august,",48
imported,48
spending,48
year's,48
uae,48
extended,48
game,48
quarter,48
"program,",48
hospital,47
placing,47
"rights,",47
acknowledged,47
version,47
awareness,47
principles,47
fields,47
emphasizes,47
iraq's,47
maintained,47
"violence,",47
facility,47
expand,47
hassan,47
"that,",47
gained,47
types,47
negative,47
participated,47
supporters,47
latter,47
note,47
vast,47
music,47
"situation,",47
attempted,46
pounds.,46
"yet,",46
robust,46
fair,46
fans,46
creative,46
consuming,46
transparency,46
artist,46
musk,46
"consequently,",46
"canada,",46
posed,46
strategies,46
"women,",46
stay,46
claiming,46
argue,46
utilizing,46
campaigns,46
communities.,46
carbon,46
brazil,46
"process,",46
government.,46
calls,46
anyone,46
planning,46
volume,46
recognize,46
"services,",46
intensified,46
care,46
marks,45
2,45
criticism,45
"economy,",45
showed,45
drone,45
injuries,45
season.,45
follow,45
finance,45
utilize,45
reflect,45
worked,45
front,45
student,45
tons,45
colonial,45
houthi,45
whom,45
"league,",45
gender,45
surpassed,45
express,45
procedures,45
port,45
cover,45
taliban,45
displacement,45
safeguarding,45
duties,45
transition,45
governance,45
deputy,45
facilitate,45
syria.,45
narratives,45
flight,45
serving,45
location,45
storage,45
eventually,45
lowest,45
summer,44
slight,44
criticized,44
discussed,44
dropped,44
relationships,44
3,44
"hand,",44
standards,44
"specifically,",44
too,44
allowed,44
continuing,44
enter,44
"us,",44
"decades,",44
kuwait,44
strengthen,44
reason,44
harm,44
prisoners,44
governor,44
companies.,44
unveiled,44
sustained,44
bodies,44
agencies,44
revealing,44
"instance,",44
core,44
improved,44
withdrawal,44
exceeding,44
"australia,",44
sea,44
"health,",44
sign,44
"saturday,",44
female,44
believed,44
70,44
learning,44
vote,44
tuesday,44
implement,44
narrative,43
history.,43
immigration,43
months.,43
"children,",43
riyals.,43
burden,43
chief,43
entirely,43
"projects,",43
2026.,43
room,43
60,43
en,43
climbed,43
psychological,43
cyber,43
sold,43
speak,43
"report,",43
fight,43
activities.,43
processing,43
ways,43
enable,43
accept,43
muslim,43
competitive,43
mechanism,43
responded,43
course,43
device,43
trying,43
"him,",43
search,43
host,43
abroad,43
14,43
leveraging,43
subject,43
reforms,43
actors,43
strengthening,42
schools,42
"2019,",42
airstrikes,42
flow,42
"world,",42
coastal,42
crown,42
latin,42
built,42
"growth,",42
abdul,42
"india,",42
annually,42
"then,",42
shape,42
produced,42
genuine,42
"energy,",42
atomic,42
"season,",42
impacts,42
predict,42
subsequent,42
concept,42
"germany,",42
"palestine,",42
"emphasized,",42
delivery,42
unprecedented,42
factory,42
older,42
hit,42
fostering,42
factor,42
dangerous,42
firm,42
reports.,42
parliament,42
compensation,42
needed,42
properties,42
bangladeshi,42
net,42
underscored,42
truth,41
mobile,41
myself,41
"addition,",41
risen,41
"noted,",41
systems.,41
score,41
ambitious,41
community.,41
steps,41
harsh,41
bonds,41
encounter,41
surged,41
women’s,41
vice,41
goes,41
employees,41
integration,41
"resources,",41
genocide,41
sale,41
fishing,41
ballon,41
voting,41
silence,41
missiles,41
mate,41
solidarity,41
"power,",41
takes,41
didn’t,41
germany,41
indicated,41
"turkey,",41
rules,41
crisis.,41
"efforts,",41
institute,41
om:,41
distinct,40
"project,",40
expanded,40
gap,40
type,40
integrated,40
appeal,40
media.,40
drinking,40
journalism,40
cement,40
(usd,40
statistics,40
fees,40
"period,",40
components,40
request,40
spaces,40
profound,40
crimes,40
appropriate,40
deemed,40
flights,40
friday,40
selling,40
outcome,40
(the,40
academic,40
produce,40
situation.,40
relatively,40
structural,40
administrative,40
appointed,40
exploring,40
turning,40
corporate,40
site,40
2030,40
cash,40
2026,40
smaller,40
completed,40
sell,40
bangladesh,40
"and,",40
"president,",40
equipment,40
payment,40
venezuela,40
requested,40
dam,40
mutual,40
delay,40
vulnerable,40
los,40
"wednesday,",40
import,40
favor,39
refused,39
"production,",39
pricing,39
emotional,39
sleep,39
structure,39
transportation,39
rates.,39
opened,39
closed,39
consistently,39
advancements,39
"cases,",39
drop,39
river,39
"sectors,",39
"pounds,",39
wanted,39
ownership,39
milestone,39
"information,",39
combat,39
"measures,",39
discussion,39
don’t,39
morocco,39
losses,39
entry,39
thought,39
migration,39
words,39
comply,39
today's,39
pharmaceutical,39
summit,39
heightened,39
rights.,39
imposing,39
love,39
island,39
implications,39
facebook,39
syrians,39
"said,",39
dominance,39
staff,39
night,39
strip.,39
utilized,39
euros,38
documents,38
"brazil,",38
fresh,38
peak,38
devastating,38
(,38
"authority,",38
"africa,",38
struck,38
analysis,38
numbers,38
nepal,38
introduce,38
periods,38
spent,38
below,38
covering,38
growth.,38
wealth,38
16,38
aged,38
participants,38
strikes,38
talent,38
saying,38
"tiktok,",38
"journalists,",38
formal,38
producing,38
japanese,38
"""a",38
influenced,38
fifth,38
"peace,",38
"simultaneously,",38
acquisition,38
save,38
incidents,38
lasting,38
witness,38
material,38
challenges.,38
development.,38
work.,38
"2020,",38
relying,38
directed,38
pose,38
partnership,38
republican,38
concluding,38
sent,38
embassy,38
likelihood,38
meta,38
d'or,38
tension,38
measure,37
security.,37
component,37
lebanon's,37
elements,37
survey,37
realm,37
"education,",37
drug,37
"globally,",37
publicly,37
24,37
"thursday,",37
determined,37
settlement,37
methods,37
items,37
partners,37
"september,",37
2019,37
company.,37
waiting,37
assault,37
injury,37
czech,37
accompanied,37
encountered,37
impose,37
remarkable,37
big,37
town,37
"sanctions,",37
finding,37
sheikh,37
4,37
war.,37
thanks,37
lake,37
"2018,",37
respective,37
possess,37
stocks,37
employed,37
arrived,37
hurricane,37
knowledge,37
launching,37
suggested,37
2015,37
run,37
adopted,37
conversation,37
radio,37
earth,37
abbas,37
moved,37
"party,",37
assist,37
resolving,37
signing,37
"areas,",37
people’s,37
forest,37
moments,36
involve,36
done,36
notes,36
society.,36
insights,36
collapse,36
authority.,36
achievement,36
website,36
kingdom.,36
economy.,36
arrest,36
minor,36
objectives,36
destroyed,36
corruption,36
delegation,36
plastic,36
join,36
discuss,36
look,36
privacy,36
wall,36
"agency,",36
networks,36
ceremony,36
industry.,36
declaration,36
pro,36
"culture,",36
projects.,36
britain,36
respond,36
things,36
uranium,36
11,36
"markets,",36
month.,36
forum,36
don't,36
false,36
dealing,36
wave,36
well-known,36
guidelines,36
5,36
activist,36
tied,36
encompassing,36
urging,36
foundation,36
transformed,36
vital,36
protecting,36
simple,36
contemporary,36
subsequently,36
injured,36
emphasize,35
hand,35
league.,35
spot,35
attract,35
resilience,35
asset,35
entertainment,35
sites,35
percentage,35
"language,",35
handle,35
dollars,35
doing,35
channel,35
reasons,35
mineral,35
calcium,35
transaction,35
areas.,35
cairo,35
completely,35
father,35
affect,35
wind,35
borders,35
equal,35
give,35
detention,35
information.,35
charges,35
passengers,35
contracts,35
operations.,35
payments,35
broad,35
lines,35
transport,35
activity,35
marriage,35
everything,35
abdullah,35
citizens.,35
clean,35
troops,35
doesn't,35
ethnic,35
delays,35
authorities.,35
relief,35
painting,35
software,35
"university,",35
(ai),35
animal,35
province,35
facilitating,35
walk,35
banned,35
neither,35
uncertainty,35
added:,35
issue.,35
"sudan,",35
aspect,35
begin,35
"1,",35
"groups,",35
(approximately,35
alleviate,35
caribbean,35
beijing,35
visual,35
mental,35
tasks,34
conducting,34
halting,34
world’s,34
amounting,34
markets.,34
swift,34
younger,34
"riyadh,",34
vehicle,34
liverpool,34
improving,34
"there,",34
surge,34
eagerly,34
entered,34
seeing,34
expert,34
places,34
"crisis,",34
bronze,34
500,34
stability.,34
area.,34
compete,34
example,34
iran’s,34
2020,34
scene,34
escalated,34
provisions,34
"match,",34
arms,34
materials,34
cease,34
"home,",34
keeping,34
revolution,34
push,34
regardless,34
granted,34
immense,34
optimism,34
stand,34
detailed,34
factories,34
ended,34
ministers,34
signs,34
accountability,34
"rates,",34
hard,34
discussing,34
gave,34
pain,34
anticipate,34
departure,34
"million,",34
harmful,34
reuters,33
consumers,33
commence,33
sovereignty,33
costs.,33
peace.,33
connected,33
alone,33
determine,33
supports,33
enduring,33
guarantee,33
"ukraine,",33
occupied,33
science,33
credit,33
salah,33
proper,33
"assembly,",33
refugee,33
"york,",33
representative,33
failing,33
falling,33
coverage,33
reform,33
"challenges,",33
"costs,",33
disruptions,33
team's,33
fighting,33
preliminary,33
unified,33
anger,33
nation.,33
al-sharaa,33
necessitates,33
facilities.,33
china’s,33
rapidly,33
unlike,33
reaction,33
driving,33
finally,33
perhaps,33
developers,33
standing,33
resolve,33
shaping,33
heritage,33
brutal,33
ambassador,33
occurring,33
women's,33
store,33
support.,33
investors.,33
stake,33
6,33
worldwide,33
posts,33
neighboring,33
sought,33
prepare,33
"family,",33
mission,33
candidate,33
mean,33
healthy,33
"platforms,",33
"meeting,",33
poor,33
al-nasr,33
interested,33
bond,33
80,33
regions.,33
setting,33
us.,33
seem,33
"regions,",33
phenomenon,33
shut,33
encompass,33
demanded,32
giving,32
sugar,32
rest,32
outlined,32
8,32
extending,32
visitors,32
gathered,32
times.,32
valuable,32
unemployment,32
exist,32
judge,32
raise,32
japan,32
lives.,32
separate,32
"population,",32
region's,32
anniversary,32
sparking,32
friends,32
impossible,32
conversations,32
legitimate,32
easily,32
roles,32
looking,32
party's,32
involved.,32
plants,32
era,32
beneficial,32
"morning,",32
y,32
platforms.,32
bringing,32
innovation,32
problems,32
"kingdom,",32
closer,32
spain,32
struggling,32
20%,32
"society,",32
"forces,",32
universities,32
unless,32
"pakistan,",32
welcome,32
population.,32
saturday,32
going,32
welcomed,32
isolated,32
balanced,32
"cities,",32
division,32
decreased,32
agency.,32
defensive,32
fled,32
faisal,32
aligning,32
iran.,32
poses,32
one's,32
orders,32
customers,32
erupted,32
"""this",32
review,32
efforts.,32
restore,32
"solution,",32
pass,32
discourse,32
legislative,32
passing,32
road,32
sole,32
"policies,",32
marketing,32
invest,32
listed,32
ordered,32
inspired,31
infrastructure.,31
aviation,31
democracy,31
powers,31
running,31
combined,31
shutdown,31
globally,31
bear,31
"group,",31
coalition,31
2022.,31
reveal,31
power.,31
tadawul,31
loans,31
promising,31
place.,31
rely,31
businesses,31
battery,31
shortly,31
locations,31
tragic,31
skilled,31
capability,31
signifies,31
"activities,",31
sovereign,31
skills,31
turkey's,31
condemned,31
"strip,",31
sunday.,31
grew,31
investor,31
steel,31
closure,31
extend,31
witnessed,31
asserts,31
problem,31
arabian,31
200,31
"equipment,",31
india.,31
rejected,31
regards,31
al-ittihad,31
thursday,31
22,31
values,31
lifting,31
civilian,31
candidates,31
"affairs,",31
professor,31
conduct,31
learn,31
brain,31
income,31
registration,31
temperatures,31
usually,31
feeling,31
italian,31
repeated,31
sectors.,31
data.,31
days.,31
depend,31
generated,31
"support,",30
pushed,30
banking,30
robots,30
highlight,30
federation,30
filed,30
ukraine.,30
worldwide.,30
shaped,30
permanent,30
leaves,30
estimates,30
treaty,30
arsenal,30
writing,30
perceived,30
dpa.,30
generations,30
hub,30
recovery,30
"leaders,",30
transactions,30
portuguese,30
documented,30
semiconductor,30
prices.,30
commitments,30
aggressive,30
stressed,30
tell,30
forward,30
helps,30
mexico,30
smart,30
walking,30
investigations,30
isn’t,30
bank.,30
analysts,30
warn,30
"authorities,",30
"organizations,",30
citing,30
respect,30
i’ve,30
aware,30
reading,30
founder,30
indeed,30
commerce,30
policies.,30
"investors,",30
"saying,",30
fifa,30
ball,30
americans,30
maduro,30
standard,30
update,30
founded,30
weather,30
evolved,30
unity,30
"east,",30
pivotal,30
flood,30
rohingya,30
trump.,30
solution.,30
"management,",30
assess,30
firms,30
withdraw,30
secretary-general,30
relative,30
"prices,",30
treasury,30
designated,30
independence,30
promises,30
violation,30
movements,30
museum,29
discovery,29
struggles,29
feels,29
strict,29
equivalent,29
wish,29
written,29
technology.,29
processes,29
adequate,29
"event,",29
offensive,29
"pressure,",29
transform,29
artists,29
flooding,29
perspective,29
showcasing,29
fake,29
hands,29
bolstered,29
permission,29
simultaneously,29
generate,29
alter,29
vladimir,29
lamine,29
buildings,29
i’m,29
nearby,29
crime,29
danish,29
strike,29
"others,",29
palestine.,29
abuse,29
politically,29
clearly,29
pipeline,29
accessible,29
reserve's,29
stations,29
draft,29
agriculture,29
trees,29
capital.,29
"7,",29
da,29
"coach,",29
describe,29
reserves,29
removal,29
asking,29
health.,29
moscow,29
"content,",29
judicial,29
netanyahu's,29
"intelligence,",29
securities,29
efficiency,29
peoples,29
governing,29
critics,29
tiktok's,29
democrats,29
individuals.,29
envoy,29
revenues,29
captured,29
appear,29
route,29
extra,29
options,29
opinion,29
matters,29
"families,",29
renewed,29
scenario,29
completing,29
rule,29
“we,29
delivered,29
familiar,29
exposed,29
law.,29
me.,29
encouraging,29
"2030,",29
temporarily,29
demonstrate,28
dembélé,28
option,28
forces.,28
feminist,28
issuance,28
aerial,28
"korea,",28
impressive,28
presents,28
que,28
belief,28
requests,28
occupation,28
floods,28
2018,28
charge,28
actual,28
controversial,28
collaborate,28
concerned,28
expression,28
handling,28
tesla,28
allegations,28
reconstruction,28
legislation,28
"center,",28
moral,28
ranks,28
removed,28
cut,28
institution,28
collection,28
screenshot,28
intelligence.,28
killing,28
declining,28
exploration,28
corporation,28
levels.,28
cloud,28
nothing,28
afghanistan,28
jobs,28
"june,",28
home.,28
program.,28
champion,28
layer,28
"cup,",28
exclusive,28
authority's,28
"operations,",28
max,28
mechanisms,28
"decision,",28
allegedly,28
discrimination,28
modest,28
minutes,28
government’s,28
"community,",28
storm,28
table,28
parliamentary,28
"events,",28
ones,28
tv,28
precise,28
unexpected,28
ranked,28
eliminate,28
disaster,28
films,28
votes,28
preparing,28
repeatedly,28
worker,28
300,28
ethical,28
bolster,28
awards,28
standards.,28
rooted,28
alleged,27
societal,27
telecommunications,27
ousmane,27
enough,27
belonging,27
completion,27
scoring,27
morning,27
timber,27
allies,27
excessive,27
creators,27
crises,27
scientists,27
grow,27
25%,27
whole,27
symbol,27
lithium,27
interior,27
chips,27
provision,27
energy.,27
retail,27
advancing,27
opportunities.,27
politics,27
robot,27
nationals,27
exit,27
cold,27
arabia.,27
memories,27
jordan,27
taxes,27
"america,",27
original,27
fine,27
getting,27
"30,",27
continent,27
acknowledge,27
sixth,27
emphasis,27
allocated,27
pushing,27
factions,27
breaking,27
advance,27
"japan,",27
match.,27
"issue,",27
coast,27
grand,27
21,27
detainees,27
doesn’t,27
let,27
enables,27
"1,000",27
commonly,27
profits,27
dynamic,27
destination,27
wearing,27
indicators,27
frequent,27
partner,27
limit,27
answer,27
got,27
coordination,27
subjected,27
congress,27
race,27
"school,",27
relies,27
apple's,27
compliance,27
satellite,27
size,27
son,27
"levels,",27
missing,27
aligned,27
"europe,",27
vietnamese,27
dismissed,26
remember,26
routine,26
90,26
fragile,26
"case,",26
loved,26
sentenced,26
identify,26
meaning,26
traffic,26
systematic,26
systemic,26
asylum,26
warnings,26
maintains,26
london,26
caution,26
starlink,26
android,26
inclusive,26
advancement,26
concentrated,26
train,26
territory,26
india's,26
shareholders,26
"justice,",26
2030.,26
meat,26
choose,26
supplies,26
maximum,26
ibrahim,26
nicolás,26
australian,26
services.,26
integral,26
themselves.,26
memory,26
realities,26
"nevertheless,",26
"old,",26
"25,",26
fighter,26
intends,26
"airport,",26
animals,26
demonstrations,26
"level,",26
neighborhood,26
repression,26
television,26
heat,26
fears,26
names,26
owner,26
gradually,26
"area,",26
leverage,26
disputes,26
high-level,26
cybersecurity,26
"initiative,",26
prolonged,26
"communities,",26
quite,26
transforming,26
apps,26
slightly,26
trip,26
lee,26
attend,26
salman,26
household,26
requirements,26
combating,26
attended,26
arrival,26
france's,26
permission.,26
education.,26
advisor,26
integrating,26
soldiers,26
cinema,26
edition,26
influential,26
violence.,26
visited,26
outcomes,26
chose,26
method,26
watch,26
africa.,26
existence,26
"asia,",26
emphasized:,26
"stability,",26
aspirations,26
"term,",26
loan,26
"point,",26
trial,26
"incident,",26
southeast,26
airports,26
children.,26
covid-19,26
escape,26
brings,26
deployment,25
"sources,",25
"news,",25
persistent,25
hosted,25
golden,25
sources.,25
hosting,25
avoiding,25
transferred,25
continuous,25
ballistic,25
50%,25
"social,",25
fail,25
prioritize,25
competition.,25
manager,25
"""if",25
russia.,25
araqchi,25
normal,25
weapons.,25
nile,25
referring,25
"weeks,",25
apply,25
"medals,",25
"weapons,",25
writer,25
drink,25
tourist,25
team.,25
prevented,25
groups.,25
inaugural,25
chain,25
"institutions,",25
"currently,",25
constant,25
"stating,",25
happened,25
concrete,25
danger,25
beneath,25
position.,25
obtaining,25
career,25
oracle,25
onto,25
"first,",25
gram,25
1%,25
chemical,25
environment.,25
statement.,25
generating,25
defending,25
boosted,25
identified,25
"u.s.,",25
appeared,25
23,25
surveillance,25
2021,25
"future,",25
"oil,",25
carries,25
featured,25
frustration,25
liberation,25
everyday,25
communications,25
interim,25
opposing,25
fellow,25
advertising,25
terrorist,25
outstanding,25
"leader,",25
favorable,25
engagement,25
cuts,25
pm,25
advice,25
dozens,24
argentine,24
"action,",24
sound,24
"iraq,",24
cycle,24
norwegian,24
regulating,24
citizen,24
nato,24
adapt,24
triumphed,24
eyes,24
kuwaiti,24
translation,24
35,24
magazine,24
2019.,24
manufacturers,24
died,24
unauthorized,24
observe,24
lose,24
threatened,24
purpose,24
transported,24
yemeni,24
mind,24
interests.,24
"issues,",24
base,24
survival,24
romani,24
landlords,24
describing,24
christian,24
victim,24
"facilities,",24
"her,",24
imprisoned,24
municipal,24
airspace,24
elected,24
dutch,24
economist,24
entering,24
principle,24
maritime,24
operate,24
usage,24
behavior,24
joy,24
sharp,24
raises,24
heard,24
"environment,",24
"actions,",24
constitution,24
troika,24
"house,",24
song,24
"place,",24
creates,24
"investment,",24
wrote,24
7,24
nationalist,24
accounting,24
drive,24
ai-generated,24
yamal,24
israel’s,24
assassination,24
"website,",24
amazon,24
willingness,24
meant,24
19,24
sophisticated,24
monitor,24
announcing,24
owned,24
control.,24
boasts,24
grant,24
platform.,24
sanctions.,24
gearing,24
underscore,24
efficient,24
all-time,24
elite,24
"evening,",24
stages,24
civic,24
cars,24
caught,24
"industries,",24
brief,24
group's,24
union's,24
10%,24
maintenance,24
"8,",24
function,24
prompted,24
vessels,24
45,24
algorithm,24
rescue,24
championship,24
body.,24
exposure,24
"interests,",24
updates,24
curb,24
pursue,24
underlying,24
trump’s,24
identity.,24
labeled,24
protective,24
insufficient,24
returns,24
moderate,24
"products,",24
clashes,24
desert,24
bombing,23
there.,23
pandemic,23
analyst,23
extraordinary,23
forcing,23
bank's,23
"factors,",23
causes,23
importing,23
constructed,23
jeddah,23
royal,23
umm,23
determining,23
secondary,23
permit,23
personnel,23
"strategy,",23
resources.,23
acknowledging,23
dream,23
tradition,23
church,23
celebrate,23
records,23
demonstrates,23
field.,23
headquarters,23
precious,23
"28,",23
9,23
worst,23
egypt.,23
guarantees,23
shipping,23
resume,23
broke,23
ran,23
landscape.,23
jordanian,23
fox,23
"food,",23
website.,23
burkina,23
recep,23
chamber,23
showcase,23
chaos,23
"10,000",23
channels,23
break,23
(a,23
kind,23
26,23
ideas,23
gdp,23
attacked,23
emissions,23
attracting,23
witnessing,23
water.,23
obtain,23
read,23
saint-germain,23
adhere,23
symbolic,23
tayyip,23
circumstances,23
production.,23
"uae,",23
governmental,23
anything,23
swiftly,23
originally,23
paid,23
"index,",23
opposed,23
august.,23
deeper,23
“i,23
ordinary,23
stage.,23
rhetoric,23
competing,23
600,23
change.,23
benefiting,23
municipalities,23
slow,23
unit,23
"21,",23
suspended,23
engineering,23
consume,23
consumed,23
naval,23
appearance,23
"elections,",23
divided,23
tuesday.,23
applied,23
memorandum,23
researcher,23
2021.,23
regulation,23
concentrate,23
raw,23
lease,23
biggest,23
representation,23
undermining,23
rape,23
controls,23
bashar,23
"reality,",23
difficulties,23
"policy,",23
visas,23
striker,23
distance,23
delayed,23
comment,23
hezbollah's,23
mayor,23
focuses,23
historically,23
midfielder,23
girl,23
double,22
spokesman,22
fertilizer,22
acquiring,22
colleagues,22
“a,22
gonzález,22
undergo,22
gratitude,22
degrees,22
shifted,22
billions,22
winner,22
"committee,",22
hot,22
stringent,22
shortage,22
extent,22
goals.,22
distributed,22
decree,22
reflected,22
oversee,22
reaffirmed,22
comprising,22
lebanon.,22
hopes,22
demand.,22
code,22
"2,000",22
tel,22
opponent,22
possibly,22
dead,22
"alone,",22
gaining,22
"control,",22
villages,22
sustainability,22
enjoy,22
29,22
acquired,22
evolving,22
diplomacy,22
"competition,",22
"reuters,",22
kuwait's,22
toll,22
contribution,22
screen,22
"2026,",22
podcast,22
fashion,22
muslims,22
invasion,22
group.,22
rivers,22
seventh,22
400,22
surpass,22
stress,22
"argentina,",22
&,22
suitable,22
breach,22
york.,22
renaissance,22
safety.,22
condition,22
frameworks,22
overseeing,22
exclusively,22
uses,22
sending,22
agence,22
strain,22
famous,22
remove,22
restrict,22
camp,22
seized,22
exceptional,22
"again,",22
connections,22
mauritanian,22
followers,22
photos,22
enriched,22
more.,22
controlled,22
decision.,22
"one,",22
picture,22
"matches,",22
try,22
presenting,22
test,22
text,22
trigger,22
ready,22
controversy,22
ultimate,22
vibrant,22
tactics,22
mention,22
ease,22
"politics,",22
fed,22
"together,",22
"speech,",22
algeria,22
paintings,22
"hours,",22
institutions.,22
invited,22
legally,22
refuge,22
content.,22
suspension,22
thursday.,22
submitted,22
pezeshkian,22
out.,22
quick,22
"3,",22
harassment,22
topics,22
sentence,22
controlling,22
"change,",22
"movement,",22
resource,22
“it,22
episode,22
guard,21
worry,21
"neighborhood,",21
connecting,21
promise,21
jewish,21
decide,21
hair,21
kazakhstan,21
professionals,21
"attack,",21
regulations.,21
stating:,21
"remarks,",21
extremist,21
justice.,21
today.,21
guidance,21
"venezuela,",21
authoritarian,21
"province,",21
cast,21
rsf,21
considers,21
drawn,21
friend,21
lacks,21
globally.,21
celebrating,21
passenger,21
automatically,21
berlin,21
fulfill,21
confusion,21
geographical,21
native,21
defeating,21
azerbaijan,21
"initiatives,",21
sdf,21
resumption,21
medals,21
ask,21
link,21
istanbul,21
fewer,21
adopt,21
casualties,21
citizenship,21
file,21
navigate,21
wasn’t,21
"citizens,",21
retain,21
navigating,21
150,21
determination,21
"practices,",21
waters,21
promotion,21
purposes.,21
calm,21
report.,21
adopting,21
bytedance,21
conclude,21
assistant,21
mitigate,21
weekly,21
lowering,21
constitutional,21
electrical,21
encompasses,21
deployed,21
truck,21
deliver,21
performing,21
luxury,21
reputation,21
pakistan’s,21
practices.,21
door,21
attracted,21
taiwan,21
dark,21
itself.,21
trucks,21
"saint-germain,",21
initiatives.,21
daughter,21
"deal,",21
smartphone,21
observers,21
households,21
"economic,",21
mahmoud,21
easy,21
begins,21
station,21
soviet,21
endured,21
adherence,21
abdulaziz,21
plan.,21
fierce,21
somalia,21
cup.,21
gross,21
reject,21
administration.,21
pride,21
contributions,21
mainly,21
priority,21
prize,21
pakistani,21
defend,21
weak,21
oversight,21
smuggling,21
week's,21
"materials,",21
acts,21
anticipating,21
chelsea,21
thing,21
tomorrow,21
drew,21
ben,21
bridge,21
exercise,21
fails,21
"attacks,",21
giant,21
stems,21
canceled,21
committing,21
learned,21
kept,21
creativity,21
spoken,21
author,21
pressures,21
80th,21
employing,21
seed,21
profit,21
evening,21
ago,21
lacking,21
gives,21
celebrated,21
para,21
aggression,21
operates,21
"course,",21
spend,21
censorship,21
"corruption,",21
purchases,21
male,20
"changes,",20
tried,20
spirit,20
studying,20
"art,",20
"yemen,",20
openly,20
disclose,20
"increase,",20
prisoner,20
can’t,20
contact,20
capture,20
dar,20
library,20
camps,20
quoted,20
"madrid,",20
forecast,20
atmosphere,20
billionaire,20
dividends,20
atlantic,20
expect,20
exists,20
camera,20
"may,",20
track,20
hour,20
egyptians,20
unusual,20
hospitals,20
measuring,20
yield,20
28,20
duration,20
chosen,20
earned,20
perceive,20
"students,",20
rarely,20
childhood,20
instances,20
fines,20
one.,20
proposals,20
organizing,20
rio,20
illegally,20
ago.,20
opens,20
century,20
influence.,20
triggered,20
striking,20
didn't,20
capitalize,20
interactions,20
limits,20
state's,20
tariff,20
"conference,",20
medal,20
weeks.,20
2017,20
autonomous,20
pieces,20
messages,20
internationally,20
blocked,20
conservative,20
finds,20
notably,20
roots,20
value.,20
accusing,20
enhances,20
"age,",20
parallel,20
amnesty,20
migrant,20
"office,",20
"technologies,",20
preparation,20
club's,20
captain,20
del,20
limiting,20
"organization,",20
petroleum,20
"finally,",20
club.,20
nobel,20
happen,20
organizations.,20
"investments,",20
right-wing,20
intensify,20
isn't,20
egypt’s,20
equality,20
online.,20
cautious,20
non-oil,20
neighborhoods,20
strongly,20
occurs,20
differences,20
ratio,20
brazil.,20
korea's,20
charging,20
"music,",20
exporting,20
malaysian,20
wife,20
formidable,20
rejection,20
doubt,20
"qatar,",20
project.,20
"18,",20
arts,20
quiet,20
traders,20
accurately,20
quantities,20
tally,20
defined,20
"11,",20
minority,20
conventional,20
emerge,20
hostile,20
fish,20
autonomy,20
faith,20
"transactions,",20
cognitive,20
"officials,",20
counterparts,20
sides,20
"users,",20
replace,20
easing,20
accumulated,20
"rather,",20
defeated,20
"hezbollah,",20
pursuing,20
singer,20
khartoum,20
warfare,20
torture,20
president's,20
immigrants,20
integrity,20
exact,20
cm,20
tests,20
ensures,20
"100,000",20
"trade,",20
readiness,20
xi,20
trapped,20
boundaries,19
negotiations.,19
garnered,19
occurrence,19
governorate,19
nearing,19
contributes,19
formed,19
"devices,",19
showcased,19
"unfortunately,",19
"manufacturing,",19
dynamics,19
grown,19
penalty,19
manipulation,19
bureau,19
lionel,19
luis,19
turkey.,19
removing,19
agenda,19
courts,19
forecasts,19
"injuries,",19
assad,19
integrate,19
uphold,19
changed,19
microsoft,19
horse,19
use.,19
mandatory,19
obstacles,19
wealthy,19
"model,",19
"experts,",19
none,19
eligibility,19
qatar's,19
"position,",19
"all,",19
visiting,19
30%,19
letter,19
treat,19
officer,19
australia,19
imposition,19
possesses,19
futures,19
appealing,19
railway,19
inadequate,19
japan's,19
"pandemic,",19
inspection,19
"newspaper,",19
"standards,",19
europe.,19
"regime,",19
acceptance,19
begun,19
messi,19
regulate,19
election.,19
urgency,19
assessment,19
advised,19
themes,19
airlines,19
specialist,19
reference,19
emirates,19
stopped,19
"exports,",19
"rise,",19
acting,19
"tools,",19
escalation,19
equipped,19
"moment,",19
brazil's,19
expertise,19
"race,",19
partnerships,19
observatory,19
"abroad,",19
demonstrators,19
argentina,19
putting,19
city's,19
transferring,19
stronger,19
customer,19
risks.,19
preserve,19
certificates,19
computing,19
alliance,19
necessity,19
contrast,19
perform,19
"regulations,",19
lasted,19
"5,",19
add,19
competitions,19
short-term,19
"barcelona,",19
bangladesh’s,19
incident.,19
sector's,19
ecosystem,19
inform,19
gone,19
measures.,19
wide,19
lawyer,19
task,19
"fact,",19
compelled,19
minimal,19
secret,19
thermal,19
exceed,19
severely,19
mostly,19
"worldwide,",19
"transparency,",19
misinformation,19
language.,19
priced,19
effectiveness,19
"capabilities,",19
senate,19
threatens,19
tend,19
acquire,19
block,19
grants,19
dedication,19
considerable,19
"hamas,",19
marco,19
engineer,19
"night,",19
territorial,19
zelensky,19
inter,19
inclusion,19
capabilities.,19
agents,19
encourage,19
decision-making,19
piece,19
covered,19
tracking,19
italy,19
"universities,",19
celebration,19
dependence,19
"lives,",19
worsening,19
topic,19
insurance,19
funds.,19
countless,19
putin,19
stars,19
recommended,19
riyadh.,19
coup,19
(spa).,19
deadline,19
surprising,19
receives,19
spreading,19
introduction,19
automotive,19
thinking,19
breaches,19
norms,18
gathering,18
"session,",18
signal,18
"assets,",18
expenses,18
"union,",18
documentary,18
notion,18
nasrallah,18
audience,18
revolutionary,18
chatbot,18
comfort,18
actor,18
"experience,",18
ourselves,18
"refugees,",18
"decade,",18
"resistance,",18
houses,18
elections.,18
arabic,18
"performance,",18
belgian,18
availability,18
partial,18
"models,",18
land.,18
humanoid,18
"territory,",18
sufficient,18
ukraine's,18
forefront,18
"safety,",18
fleeing,18
reactions,18
wikimedia,18
gather,18
hostages,18
firmly,18
"27,",18
suspected,18
parent,18
homeland,18
"identity,",18
debates,18
owners,18
corina,18
connect,18
india’s,18
selected,18
oil.,18
"nation,",18
safeguards,18
testing,18
identifying,18
predicted,18
organization.,18
matter.,18
couple,18
performed,18
megawatts,18
violate,18
"republic,",18
ounce,18
"club,",18
"activity,",18
scrutiny,18
permitted,18
yoruba,18
god,18
skin,18
style,18
states',18
75,18
slowly,18
"rate,",18
coordinated,18
"leadership,",18
demonstrating,18
counterpart,18
aluminum,18
employ,18
forth,18
affects,18
zamalek,18
outlets,18
greek,18
talk,18
pound,18
informal,18
tennis,18
undoubtedly,18
"so,",18
"century,",18
flag,18
grounded,18
bosnia,18
germany's,18
proceed,18
"meters,",18
"morocco,",18
humans,18
restricted,18
questioned,18
ground.,18
seoul,18
algorithms,18
48,18
intricate,18
volunteer,18
"similarly,",18
pressing,18
transparent,18
reiterated,18
lot,18
heads,18
uk,18
uefa,18
unfair,18
macron,18
mandate,18
survival.,18
"17,",18
"opportunities,",18
virtual,18
replacing,18
presidency,18
others.,18
"study,",18
argued,18
paying,18
techniques,18
ancestral,18
prohibited,18
mediterranean,18
"streets,",18
voters,18
sets,18
"29,",18
"healthcare,",18
"october,",18
promised,18
2011,18
qassem,18
inspectors,18
realized,18
titled,18
"initially,",18
journal,18
achievements,18
"programs,",18
"past,",18
"risks,",18
metal,18
rahman,18
darfur,18
intensifying,18
capitalization,18
rivals,18
welfare,18
laws.,18
disasters,18
concerns.,18
ramadan,18
"15,",18
culture.,18
performance.,18
unclear,18
"26,",18
silent,18
eligible,18
impacting,18
officers,18
sudden,18
lifted,18
spiritual,18
action.,18
attacks.,18
assert,18
admiration,18
un's,18
demographic,18
won't,18
delivering,18
"research,",18
"plans,",17
families.,17
jets,17
issuing,17
"bangladesh,",17
narrow,17
long-standing,17
devices.,17
knowing,17
lula,17
winter,17
bitcoin,17
frenchman,17
houthis,17
fishermen,17
"workers,",17
publication,17
ship,17
awarded,17
shot,17
legacy,17
fundamentally,17
heading,17
whenever,17
"tournament,",17
somaliland,17
grappling,17
applies,17
mounting,17
minimum,17
"12,",17
dog,17
ii,17
"""saudi",17
sacred,17
diaspora,17
portfolio,17
"previously,",17
"laws,",17
"on,",17
edge,17
except,17
equally,17
users.,17
madrid's,17
accurate,17
relentless,17
birth,17
são,17
extension,17
hate,17
"meetings,",17
subsidiary,17
her.,17
operated,17
implies,17
beauty,17
viewers,17
upper,17
valid,17
investment.,17
’s,17
painted,17
way.,17
2027.,17
sitting,17
expensive,17
"players,",17
excellent,17
east.,17
san,17
cooperation.,17
rebuilding,17
changing,17
venezuela.,17
lands,17
"uk,",17
elderly,17
"2016,",17
cancel,17
perspectives,17
replaced,17
"negotiations,",17
sees,17
affordable,17
underground,17
damaged,17
defender,17
preparations,17
depending,17
protected,17
switch,17
legitimacy,17
consistent,17
"involved,",17
owing,17
deal.,17
members.,17
diminished,17
undermine,17
outlook,17
"mexico,",17
treated,17
entities.,17
arabs,17
"exchange,",17
posing,17
tasked,17
grande,17
reproductive,17
poland,17
"3,000",17
remote,17
intervention,17
refers,17
"essence,",17
wider,17
"friends,",17
encouraged,17
roma,17
"march,",17
improvement,17
guided,17
airline,17
angeles,17
represented,17
raouche,17
computer,17
territory.,17
panels,17
added.,17
weakening,17
mentioning,17
visible,17
behalf,17
traditionally,17
trained,17
opponents,17
knew,17
poverty,17
assembly.,17
pace,17
apparent,17
backing,17
submit,17
influencers,17
responsibilities,17
"approach,",17
accepted,17
friday.,17
notice,17
telegram,17
warm,17
emotions,17
"expectations,",17
pointing,17
pyramids,17
"freedom,",17
deals,17
fluctuations,17
struggled,17
farmers,17
negatively,17
centers.,17
collaborative,17
nepali,17
faster,17
uprising,17
funded,17
milk,17
shortages,17
chip,17
clay,17
feed,17
atletico,17
cities.,17
diseases,17
zone,17
deepening,17
stadium,17
"itself,",17
suffer,17
fattah,17
"minute,",17
invested,17
wedding,17
reality.,17
"goods,",17
audiences,17
tea.,17
"south,",17
edmundo,17
diversity,17
foldable,17
environments,17
explains,17
reductions,17
ethiopia,17
nigeria,17
college,17
"second,",17
fixed,17
"notably,",17
party.,17
attending,17
"instagram,",17
sri,17
"""in",17
economists,17
65,17
death.,17
"association,",17
"reserve,",17
cooling,17
vaccine,17
species,17
variety,17
this.,16
barcelona's,16
adoption,16
wednesday.,16
archaeological,16
finished,16
press.,16
rainfall,16
yuan,16
stakeholders,16
syria's,16
students.,16
palace,16
"4,",16
ships,16
territories,16
palestine's,16
zones,16
improvements,16
disinformation,16
clubs,16
understands,16
"gold,",16
obtained,16
"""trigger",16
absolute,16
america's,16
explicitly,16
erosion,16
nationwide,16
pattern,16
"innovation,",16
minute,16
kirk,16
fueled,16
reliable,16
super,16
morocco's,16
buy,16
decisions.,16
negotiating,16
falls,16
timing,16
senator,16
"dembélé,",16
"award,",16
commit,16
"father,",16
speaks,16
"homes,",16
executed,16
"app,",16
"nature,",16
politicians,16
druze,16
shops,16
criteria,16
containing,16
oppose,16
instructed,16
direction,16
family.,16
percent.,16
praised,16
"studies,",16
greatest,16
really,16
sales.,16
tournament,16
negotiate,16
contested,16
originating,16
adhering,16
proof,16
license,16
chronic,16
easier,16
john,16
reporters,16
constantly,16
"networks,",16
comics,16
"importantly,",16
disappointment,16
liquidity,16
preservation,16
traded,16
dual,16
million),16
"heritage,",16
check-in,16
persist,16
drugs,16
ranking,16
progress.,16
approaches,16
damascus,16
disrupting,16
combination,16
re-imposition,16
exports.,16
inability,16
"1990s,",16
thorough,16
crossing,16
present.,16
exile,16
sea.,16
viable,16
translate,16
joining,16
arrests,16
charged,16
unlikely,16
debut,16
"circumstances,",16
events.,16
overcome,16
send,16
decisive,16
"force,",16
attractive,16
viral,16
pacific,16
doctors,16
medicine,16
typhoon,16
arrive,16
category,16
coffee,16
scores,16
agree,16
irrigation,16
rating,16
disrupt,16
write,16
incentives,16
literature,16
deported,16
uncertain,16
dubai,16
"23,",16
centre,16
dominated,16
"percent,",16
no.,16
akin,16
winds,16
reimposition,16
songs,16
gen,16
z,16
protocols,16
flooded,16
speed,16
festival,16
machado,16
experience.,16
"words,",16
disease,16
wholesale,16
vietnam,16
miles,16
outrage,16
commencement,16
chapter,16
"announcement,",16
guyana,16
trafficking,16
foreigners,16
hectares,16
temperature,16
appointment,16
consulting,16
farhan,16
instruments,16
region’s,16
avenues,16
"value,",16
amendments,16
century.,16
250,16
advocating,16
settlements,16
ninth,16
driver,16
sentiment,16
victorious,16
founding,16
bagram,16
defenders,16
"),",16
"more,",16
surrender,16
interviews,16
word,16
map,16
monday.,16
"governments,",16
pani,16
digestive,16
shocking,16
wars,16
exert,16
"allies,",16
shelter,16
buying,16
traditions,16
exposing,16
signals,16
"such,",16
ally,16
communicate,16
motivated,16
accordance,16
bangladeshis,16
specify,16
borrowing,16
interaction,16
"mother,",16
persecution,16
islands,16
maría,16
2.5,16
repercussions,16
glass,16
pledged,16
anxiety,16
ruled,16
complaints,16
recurring,16
80%,16
reminder,16
amounted,16
steady,16
"2017,",16
fired,16
impact.,16
hours.,16
responses,16
paper,16
reconciliation,16
trauma,16
brother,16
"opinion,",16
threatening,16
results.,16
"independence,",16
desalination,16
relied,15
preventive,15
occupational,15
models.,15
"31,",15
surface,15
bayern,15
borders.,15
wage,15
somali,15
july.,15
alert,15
palestinians.,15
bubble,15
2016,15
ends,15
homes.,15
tropical,15
superior,15
morning.,15
alignment,15
momentum,15
perilous,15
collect,15
talking,15
cross,15
eur,15
corresponding,15
travelers,15
"members,",15
religion,15
resignation,15
necessarily,15
overwhelming,15
"significant,",15
lengthy,15
texas,15
teaching,15
minerals,15
freeze,15
level.,15
"framework,",15
broadcasting,15
nvidia,15
olympiad,15
"figures,",15
transactions.,15
broadcast,15
decades.,15
"capacity,",15
"threats,",15
vowed,15
resistance.,15
difference,15
"sovereignty,",15
separation,15
"governorate,",15
examined,15
believing,15
suppliers,15
"election,",15
regime.,15
"yamal,",15
non-proliferation,15
price.,15
cardiovascular,15
"land,",15
khaled,15
blue,15
comprises,15
restoration,15
stakes,15
projections,15
afternoon,15
tokyo,15
annexation,15
automated,15
greece,15
providers,15
isolation,15
investments.,15
transporting,15
slowdown,15
tunisian,15
dollars.,15
wait,15
verification,15
university.,15
"political,",15
display,15
equitable,15
abuses,15
sudan.,15
before.,15
"agriculture,",15
jaguar,15
"2,",15
"2015,",15
benzema,15
"base,",15
depth,15
adds,15
"24,",15
exploiting,15
refrain,15
dispute,15
shares.,15
violating,15
voted,15
covers,15
preceding,15
"algeria,",15
1967,15
"tariffs,",15
explaining,15
dominican,15
married,15
"gas,",15
disruption,15
color,15
willing,15
weapon,15
approve,15
stark,15
erdogan,15
relatives,15
ethiopian,15
conspiracy,15
20th,15
treating,15
executing,15
genetic,15
landmark,15
producers,15
warns,15
restart,15
intercontinental,15
exceeds,15
eye,15
james,15
alternatives,15
huge,15
"salman,",15
mixed,15
accessing,15
meaningful,15
contains,15
explain,15
depends,15
park,15
inspiration,15
africans,15
iron,15
worries,15
capacity.,15
2020.,15
proven,15
comparison,15
output,15
tb,15
"body,",15
giants,15
affairs.,15
jamaican,15
needs.,15
processes.,15
prosecution,15
comparable,15
options.,15
yields,15
degree,15
ministry's,15
ones.,15
"internet,",15
toxic,15
"""x""",15
regarded,15
reclaim,15
27,15
said:,15
commenced,15
"injury,",15
"protests,",15
nepal’s,15
tomahawk,15
"yesterday,",15
catastrophic,15
patterns,15
characters,15
machine,15
"bytedance,",15
"tourism,",15
sub-saharan,15
murder,15
"centuries,",15
confront,15
tensions.,15
enhancement,15
ignoring,15
destroy,15
divisions,15
olympic,15
dispatched,15
decade,15
"facebook,",15
silva,15
resumed,15
"many,",15
twice,15
neck,15
fraudulent,15
sudan’s,15
arabiya.net,15
"electricity,",15
milan,15
technologies.,15
anticipated.,15
"player,",15
well.,15
cancer,15
"end,",15
elevated,15
nation's,15
"palestinians,",15
offices,15
mandates,15
clarity,15
revised,15
award.,15
abroad.,15
47,15
"present,",15
force.,15
flee,15
taught,15
addresses,15
quarterly,15
ethiopia’s,15
visits,15
ronaldo,15
joe,15
justification,15
seemed,15
"bonds,",15
"vietnam,",15
cited,15
consideration,15
"summer,",15
exchanges,15
indirect,15
dire,15
drought,15
earnings,15
libyan,15
"parties,",15
carlos,15
origin,15
700,15
logistics,15
musk's,15
"parliament,",15
"tehran,",15
plane,15
declare,15
europe's,15
"tea,",15
"economics,",15
chains,15
"series,",15
mobilization,15
"""our",15
bureaucratic,15
translates,15
journalists.,15
deportation,15
hundred,15
explored,15
portugal,15
fueling,15
4%,15
parties.,15
city’s,15
"pain,",15
distant,15
expectation,15
teammate,15
starts,15
children's,14
succeeded,14
privilege,14
"10,",14
certainly,14
that’s,14
france.,14
denies,14
dirhams,14
unidentified,14
georgian,14
influx,14
violated,14
libya,14
xiaomi,14
evolution,14
dismissal,14
span,14
constructing,14
marriage.,14
lawsuit,14
filing,14
ceiling,14
por,14
directives,14
upward,14
assume,14
quarter.,14
"statements,",14
ai-powered,14
photovoltaic,14
indonesian,14
movement.,14
clothing,14
excluded,14
grassroots,14
examples,14
trinidad,14
exactly,14
factors.,14
pentagon,14
propaganda,14
listen,14
"residents,",14
poised,14
derived,14
"values,",14
sessions,14
"fund,",14
promptly,14
structures,14
night.,14
meeting.,14
liquid,14
prevailing,14
circumstances.,14
ideological,14
sun,14
happens,14
"online,",14
phase.,14
exclusion,14
complexity,14
office.,14
killings,14
bacteria,14
optimal,14
"relations,",14
purchased,14
lift,14
patients,14
cook,14
steve,14
google's,14
polish,14
register,14
populations,14
"complex,",14
viewing,14
athletes,14
"love,",14
trends,14
necessitating,14
civilians.,14
corporations,14
fulfilling,14
tourists,14
"protection,",14
minimize,14
advocates,14
"solutions,",14
fatalities,14
networks.,14
forests,14
refusal,14
shifts,14
deforestation,14
flows,14
"loss,",14
fate,14
$1,14
amazigh,14
fahd,14
provinces,14
saving,14
together.,14
outlet,14
"unity,",14
instability,14
"meta,",14
disclosure,14
"netanyahu,",14
recording,14
supportive,14
device.,14
couldn’t,14
bloomberg,14
rival,14
boosting,14
session.,14
"airports,",14
extraction,14
paint,14
forming,14
afc,14
cooking,14
economically,14
june.,14
footage,14
handed,14
qualified,14
meter,14
shifting,14
condemning,14
yen,14
jerusalem,14
altering,14
"13,",14
cases.,14
million.,14
character,14
goods.,14
volodymyr,14
grandmother,14
surprise,14
efficiency.,14
describes,14
forcibly,14
surprised,14
pursued,14
ghana,14
"activists,",14
malicious,14
transgender,14
senegal,14
rock,14
capturing,14
groundbreaking,14
"ai,",14
constitutes,14
sidelined,14
marine,14
speculation,14
wednesday,14
"tunisia,",14
acknowledges,14
glasses,14
painful,14
cat,14
"april,",14
tackle,14
protests.,14
"arsenal,",14
exceeded,14
yemen,14
estimate,14
"date,",14
"al-ahly,",14
2%,14
comparing,14
seat,14
urge,14
"secondly,",14
prove,14
"court,",14
agreements.,14
triumph,14
rubio,14
congo,14
leaders.,14
visibility,14
acknowledgment,14
settle,14
rumors,14
therefore,14
tragically,14
fearing,14
sovereignty.,14
admitted,14
canal,14
contain,14
"possible,",14
victory.,14
"9,",14
promotes,14
33,14
confirmation,14
robotics,14
enjoyed,14
15%,14
accident,14
leftist,14
confined,14
"london,",14
second-largest,14
mine,14
republicans,14
earn,14
"account,",14
"out,",14
scenes,14
"science,",14
technique,14
affiliated,14
dominate,14
vulnerability,14
survive,14
emergence,14
venezuelans,14
deadly,14
herself,14
"borders,",14
"conflicts,",14
surpasses,14
volumes,14
"stance,",14
enterprises,14
tiny,14
writers,14
women.,14
translated,14
indonesia,14
afford,14
"annually,",14
workers.,14
"google,",14
holy,14
threaten,14
"displacement,",14
suppress,14
province.,14
restructuring,14
"jobs,",14
later.,14
collectively,14
preserving,14
"benefits,",14
backed,14
"progress,",14
siege,14
compensate,14
connectivity,14
border.,14
announces,14
diplomat,14
"dollars,",14
compel,14
mainstream,13
judges,13
"efficiency,",13
generally,13
specializing,13
enrichment,13
160,13
venture,13
dried,13
goal.,13
five-year,13
maturity,13
exemption,13
activity.,13
journey.,13
livelihoods,13
applications.,13
commons,13
supplied,13
collected,13
registering,13
priorities,13
"procedures,",13
background,13
wear,13
subscription,13
empty,13
100%,13
soil,13
injuries.,13
soccer,13
uncovered,13
hearing,13
obligations,13
asia.,13
linguistic,13
"sea,",13
overseas,13
"concerns,",13
correct,13
confronting,13
crystal,13
"roads,",13
dry,13
portrayed,13
fertilizers,13
purposes,13
dismantle,13
stores,13
revolution.,13
embargo,13
movie,13
praise,13
"service,",13
stem,13
reviving,13
savings,13
promoted,13
pressure.,13
varying,13
collecting,13
requirements.,13
safer,13
presentation,13
pakistan.,13
"january,",13
intent,13
enforced,13
"visit,",13
vaccines,13
"stories,",13
zaki,13
ecological,13
fritz,13
explosion,13
denying,13
megawatts.,13
benchmark,13
service.,13
goalkeeper,13
favored,13
upgrade,13
policy.,13
saudi-french,13
shocked,13
clients,13
thoughts,13
consequences.,13
possessing,13
vance,13
"death,",13
demonstration,13
faculty,13
economics,13
besieged,13
scenarios,13
desperate,13
nvidia's,13
victories,13
withdrawing,13
check,13
"trend,",13
experts.,13
sustain,13
saydnaya,13
condemnation,13
"in,",13
strength.,13
“in,13
equilibrium,13
mandated,13
flexible,13
statistical,13
terrorism,13
literary,13
shutdowns,13
teachers,13
generative,13
battle,13
empire,13
locally,13
zealand,13
productivity,13
transitional,13
ice,13
prior.,13
values.,13
registry,13
perfect,13
"expression,",13
prospects,13
"woman,",13
leaked,13
predicting,13
34,13
"space,",13
mirrors,13
imagery,13
encrypted,13
stoppage,13
realizing,13
"landscape,",13
executives,13
punishment,13
belong,13
complaint,13
aziz,13
famine,13
plants.,13
levitt,13
strengthened,13
cross-border,13
perpetrator,13
refer,13
"""it",13
class,13
abuse.,13
constraints,13
assistance.,13
skill,13
ras,13
jamaica,13
deficit,13
hotel,13
michael,13
dating,13
nasser,13
yellow,13
orascom,13
dissent,13
crackdown,13
precedent,13
fossil,13
atrocities,13
spans,13
exploit,13
alarm,13
amir,13
fairness,13
"interview,",13
shipments,13
partially,13
strive,13
cancellation,13
"video,",13
predictions,13
palm,13
"spaces,",13
straightforward,13
bolsonaro,13
cholesterol,13
universal,13
barely,13
introduces,13
gasoline,13
arm,13
permitting,13
humanity,13
undermines,13
barrel,13
flexibility,13
ocean,13
confrontation,13
generation.,13
dungan,13
oman,13
anticipation,13
"list,",13
typical,13
guide,13
hinder,13
apart,13
beautiful,13
socialist,13
"defense,",13
outlines,13
stray,13
"adding,",13
optimus,13
"narratives,",13
dignity,13
bitter,13
segments,13
dates,13
element,13
"football,",13
hiding,13
wise,13
shock,13
"inflation,",13
industries.,13
“if,13
soon.,13
watching,13
"cairo,",13
"al-ittihad,",13
budget.,13
relocate,13
"robots,",13
symptoms,13
"network,",13
clash,13
tangible,13
council's,13
africa’s,13
positioning,13
tough,13
asserting,13
silence.,13
hope.,13
gemini,13
"pressures,",13
balancing,13
51,13
surrounded,13
"themselves,",13
grams,13
"developments,",13
documentation,13
"property,",13
artisanal,13
bahrain,13
return.,13
deploying,13
hasn't,13
"quarter,",13
voter,13
hurdles,13
sleep.,13
fat,13
listening,13
"goals,",13
repair,13
ngo,13
yesterday,13
america.,13
modifications,13
"source,",13
approached,13
quietly,13
miss,13
pursuit,13
whatsapp,13
links,13
"nigeria,",13
stemming,13
43,13
management.,13
opinions,13
intentions,13
kim,13
passion,13
expose,13
claims.,13
innovation.,13
"long,",13
"tax,",13
meets,13
suez,13
exploitation,13
implying,13
reward,13
duty,13
protection.,13
participation.,13
eighth,13
finish,13
residing,13
scope,13
longest,13
architecture,13
healing,13
collaborating,13
"losses,",13
transcends,13
absent,13
"amazon,",13
interference,13
traveled,13
feelings,13
laboratory,13
threat.,13
"paper,",13
"wife,",13
economies,13
60%,13
ritual,13
i'm,13
repeating,13
"reforms,",13
objectives.,13
governance.,13
urges,13
fire.,13
deepfakes,13
positively,13
tender,13
"still,",13
"ones,",13
feet,12
warehouse,12
"schools,",12
cryptocurrency,12
suicide,12
54,12
attention.,12
characteristics,12
escalate,12
"missiles,",12
georgia,12
diversifying,12
warfare.,12
utilization,12
again.,12
reinstated,12
adults,12
whatever,12
accountable,12
lawyers,12
freezing,12
tenants,12
electronics,12
hear,12
proportion,12
awaiting,12
(in,12
shoes,12
rover,12
strategies.,12
handled,12
expenditures,12
arrangements,12
crops,12
we're,12
entitled,12
boasting,12
internet.,12
weaken,12
prosecutor,12
empowering,12
euro,12
cups,12
sleeping,12
situations,12
"videos,",12
adjusted,12
mortgage,12
waves,12
"order,",12
),12
denmark,12
threats.,12
"counterpart,",12
halted,12
embraced,12
tells,12
jazeera,12
realization,12
"firstly,",12
"500,000",12
"cooperation,",12
"civilians,",12
exiled,12
units.,12
union.,12
populist,12
abundant,12
game.,12
incorporating,12
entrance,12
gradual,12
story.,12
"form,",12
neglect,12
formally,12
"board,",12
karim,12
israelis,12
cutting,12
"zone,",12
counter,12
appreciation,12
submission,12
convicted,12
fan,12
shapes,12
midst,12
jeddah.,12
afghans,12
recycling,12
evacuate,12
cessation,12
alliances,12
"plants,",12
oslo,12
52,12
coinciding,12
"sites,",12
strategy.,12
charlie,12
"military,",12
package,12
preferred,12
"dialogue,",12
dinars.,12
ignited,12
limitations,12
fruit,12
"governance,",12
"back,",12
logistical,12
stomach,12
approach.,12
labeling,12
"opponent,",12
fatal,12
puts,12
"6,",12
repressive,12
continental,12
organization's,12
exacerbated,12
wants,12
se,12
introducing,12
now.,12
endangered,12
precarious,12
afghanistan.,12
gaming,12
consultations,12
"river,",12
guests,12
brand,12
preference,12
popularity,12
imagine,12
convened,12
wasn't,12
"journey,",12
investigating,12
peoples.,12
authentic,12
select,12
licenses,12
arguing,12
mexico.,12
niger,12
"""it's",12
busquets,12
relation,12
independently,12
"14,",12
antonio,12
identities,12
mike,12
"indonesia,",12
"prison,",12
december.,12
inquiries,12
"mechanism""",12
"far,",12
jinping,12
dangers,12
reaches,12
hence,12
traveling,12
hidden,12
meters.,12
side.,12
backlash,12
conservation,12
page,12
you're,12
circulating,12
plagued,12
programs.,12
"ceremony,",12
"funds,",12
shadow,12
"border,",12
"other,",12
persisted,12
employee,12
tens,12
isis,12
count,12
"overall,",12
mohammad,12
collaborated,12
"fruits,",12
substance,12
marches,12
hoping,12
"instability,",12
beliefs,12
"""there",12
missed,12
exported,12
dishes,12
120,12
diamond,12
eating,12
france-presse.,12
elevate,12
foster,12
"powers,",12
forward.,12
"partners,",12
discusses,12
earning,12
staying,12
frozen,12
"torture,",12
"is,",12
varies,12
southeastern,12
unilateral,12
rendered,12
sport,12
cutting-edge,12
misuse,12
distribute,12
turmoil,12
gabriel,12
sporting,12
proved,12
eliminating,12
deliberately,12
today’s,12
populated,12
shoulder,12
naturally,12
activism,12
grim,12
severity,12
seasonal,12
attacking,12
evs,12
swap,12
voluntary,12
maduro's,12
publish,12
friendly,12
medicines,12
myanmar,12
competitions.,12
else,12
1.4,12
"tensions,",12
retirement,12
31,12
"0.6%,",12
manner,12
fruits,12
prevention,12
shed,12
complicated,12
pregnant,12
"kong,",12
"books,",12
injustices,12
branches,12
converting,12
gates,12
"game,",12
1.5,12
"perspective,",12
las,12
"story,",12
crossed,12
errors,12
courage,12
tang,12
thoroughly,12
21st,12
$350,12
interviewed,12
resident,12
"metals,",12
imperative,12
slogan,12
superstar,12
doctor,12
directorate,12
coincides,12
plans.,12
cybercrime,12
chat,12
"expected,",12
interact,12
5%,12
jump,12
conflicts.,12
"narrative,",12
nour,12
produces,12
hanging,12
item,12
airport.,12
"sleep,",12
unknown,12
dynamics.,12
insisted,12
flowing,12
explanation,12
diet,12
dietary,12
batteries,12
essence,12
stabilizing,12
nations',12
section,12
"centers,",12
lawmakers,12
reimposing,12
"estimates,",12
producer,12
alarming,12
player's,12
routes,12
"purposes,",12
f-35,12
explores,12
"""party""",12
commissioner,12
rebels,12
radical,12
burning,12
mountain,12
possibilities,12
dhabi,12
"yes,",12
satisfaction,12
"to,",12
year-over-year,12
outcomes.,12
event.,12
"planning,",12
(dpa).,12
evaluating,12
boiling,12
phones,12
dress,12
unlawful,12
constitute,12
powered,12
domain,12
caracas,12
"chile,",12
favorite,12
alone.,12
recognizes,12
chances,12
unchanged,12
airports.,12
"international,",12
justify,12
"december,",12
locals,12
emerges,12
resuming,12
incorporate,12
tony,12
detection,12
"senegal,",12
penalties,12
high-speed,12
portland,12
versions,12
scarcity,12
editorial,12
(ina).,12
residence,12
maneuvers,12
anywhere,12
"fire,",12
recommend,12
breached,12
imagined,12
tools.,12
"says,",12
javier,12
oral,12
responsibility.,12
dreams,12
dinars,12
billion),12
sharply,12
"""new",12
"vision,",12
another.,11
feasible,11
jerome,11
abruptly,11
pathway,11
standings,11
accumulating,11
composite,11
salt,11
solidify,11
bold,11
simplify,11
blow,11
grave,11
beverage,11
weapon.,11
biological,11
wake,11
imagination,11
honor,11
dembele,11
footballer,11
"campaign,",11
nikkei,11
shortfall,11
tom,11
renewal,11
approving,11
window,11
far-right,11
boy,11
rescued,11
"diet,",11
rehabilitation,11
distributing,11
concentrating,11
operation.,11
marital,11
clarify,11
empowerment,11
yemen.,11
2007,11
assisting,11
what’s,11
"strategies,",11
glacial,11
lakes,11
consisting,11
stopping,11
inhabitants,11
"debt,",11
somewhat,11
accompanying,11
detected,11
knee,11
"""my",11
neighbors,11
neutral,11
"supporters,",11
pollution,11
confirming,11
"professionals,",11
old.,11
i̇mamoğlu,11
david,11
mix,11
joseph,11
societies,11
urgently,11
justified,11
"housing,",11
obesity,11
officials.,11
"smartphones,",11
succeed,11
corner,11
propose,11
outage,11
mitigating,11
recovering,11
"villages,",11
supplying,11
"administration,",11
refined,11
reopening,11
differ,11
"person,",11
articles,11
misleading,11
products.,11
expression.,11
blanc,11
school.,11
exceptionally,11
currencies,11
boat,11
katz,11
spare,11
weaponry,11
comprehend,11
"daily,",11
publishing,11
nigerian,11
adjust,11
stephen,11
diplomats,11
martian,11
speakers,11
nominal,11
submitting,11
exercises,11
dramatic,11
certificate,11
"vehicles,",11
"guterres,",11
long-range,11
"well,",11
postal,11
studio,11
space.,11
membership,11
accounted,11
steadily,11
rosemary,11
britain's,11
"payments,",11
transpired,11
activating,11
challenge.,11
cabinet,11
cry,11
email,11
"way,",11
"5,000",11
dogs,11
debris,11
blasphemy,11
ahmad,11
unmanned,11
imprisonment,11
inflicted,11
"continued,",11
releases,11
transfers,11
moves,11
"campaigns,",11
speeches,11
kitchen,11
decade.,11
squad,11
implemented.,11
mali,11
sex,11
bias,11
narrative.,11
intimate,11
cargo,11
walls,11
"documents,",11
porto,11
mauritania,11
businessman,11
targets.,11
sahel,11
trials,11
audience.,11
"voters,",11
0.6%,11
perception,11
inequality,11
theories,11
"results,",11
"arts,",11
automatic,11
"messages,",11
"forms,",11
restored,11
"writing,",11
guterres,11
inherited,11
"name,",11
formula,11
career.,11
abundance,11
"oversight,",11
there’s,11
advantages,11
lowered,11
strongest,11
territories.,11
"mali,",11
"opposition,",11
shooting,11
“this,11
yet.,11
understood,11
away.,11
mostafa,11
interpretation,11
choices,11
cuba,11
vehemently,11
stance.,11
minutes.,11
finalize,11
made.,11
charles,11
fill,11
tear,11
apartment,11
bad,11
mars,11
"career,",11
depicted,11
36,11
kyiv,11
"million),",11
examining,11
"subsequently,",11
protections,11
developments.,11
array,11
case.,11
"19,",11
"up,",11
weakened,11
opec+,11
guilty,11
movies,11
own.,11
bbc,11
yonhap,11
"microsoft,",11
korea.,11
designs,11
beirut.,11
"ministry,",11
fiber,11
"""two-state",11
facts,11
sure,11
strained,11
processed,11
photographs,11
forecasted,11
strengthens,11
age.,11
interconnected,11
complexities,11
framed,11
bodies.,11
prohibiting,11
dawn,11
distinctive,11
ziad,11
freedom.,11
permits,11
on.,11
"vegetables,",11
trainer,11
difficulty,11
altered,11
shareholder,11
significantly.,11
grasp,11
sweet,11
precisely,11
"2013,",11
shiva,11
"minutes,",11
exploitation.,11
"participation,",11
happening,11
iraq.,11
grid,11
deposits,11
(which,11
"stage,",11
inheritance,11
"fear,",11
"generations,",11
coupled,11
similarly,11
systematically,11
$10,11
confirm,11
arbitrary,11
showcases,11
steadfast,11
"jordan,",11
"practice,",11
"experiences,",11
"challenge,",11
ceyhan,11
"jeddah,",11
september.,11
filling,11
finalized,11
judiciary,11
"move,",11
nawaf,11
con,11
skepticism,11
bombardment,11
"plant,",11
argument,11
trajectory,11
fields.,11
intensive,11
"22,",11
"district,",11
rounds,11
"2011,",11
reminded,11
ignored,11
term.,11
maduro’s,11
"side,",11
periods.,11
telecommunication,11
vessel,11
assisted,11
expense,11
"kenya,",11
"ghana,",11
curbing,11
enemy,11
regularly,11
pioneering,11
card,11
netanyahu.,11
metals,11
"occasion,",11
unfolding,11
"components,",11
exacerbating,11
×,11
nay,11
"movements,",11
real-world,11
circulated,11
theory,11
"man,",11
puri,11
date.,11
convention,11
"risk,",11
resolved,11
ankara,11
heritage.,11
available.,11
0.3%,11
"ground,",11
clips,11
alcaraz,11
shopping,11
"tenants,",11
engineers,11
mexican,11
heathrow,11
coaching,11
to.,11
autumn,11
organizers,11
dance,11
competitors,11
polluted,11
defining,11
balkan,11
stabilize,11
prosperous,11
gains.,11
"20,000",11
"applications,",11
flaws,11
violations.,11
agenda.,11
"front,",11
slogans,11
kathmandu,11
blend,11
esu,11
relations.,11
communist,11
withdrew,11
trade.,11
"earlier,",11
"sustainability,",11
excluding,11
leadership.,11
"chain,",11
workforce,11
(gdp),11
"fields,",11
21-point,11
embedded,11
"records,",11
discontent,11
milei,11
conferences,11
scrutiny.,11
title.,11
aids,11
podium,11
role.,11
ashraf,11
"use,",11
cryptocurrencies,11
aviv,11
mediation,11
terminate,11
withstand,11
requirement,11
consumption.,11
alexander,11
supplements,11
drilling,11
ottoman,11
kill,11
accelerated,11
locations.,11
gender-based,11
israeli-palestinian,11
revelation,11
state-owned,11
barriers,11
2014,11
"island,",11
broken,11
"2009,",11
testimonies,11
moon,11
"trading,",11
"employees,",10
environments.,10
crises.,10
insisting,10
veteran,10
"expansion,",10
success.,10
pressures.,10
"""national",10
respondents,10
(around,10
confirms,10
reinstate,10
spanning,10
alive,10
livestock,10
seats,10
tahrir,10
innocent,10
"assault,",10
"open,",10
bustling,10
"currencies,",10
solutions.,10
"goal,",10
vinicius,10
undertaken,10
academy,10
warrant,10
threshold,10
settled,10
evening.,10
"kazakhstan,",10
websites,10
temple,10
worsened,10
towns,10
coal,10
opt,10
stimulate,10
twelve,10
noticed,10
protester,10
examinations,10
foundational,10
lessons,10
realize,10
iconic,10
roadmap,10
interest.,10
injustice,10
rooms,10
residents.,10
reminiscent,10
australia's,10
dioxide,10
positions.,10
round.,10
construct,10
appreciate,10
vegetables,10
ev,10
high-quality,10
"zealand,",10
ghani,10
"milk,",10
domestically,10
fallen,10
verbal,10
jack,10
mainland,10
"but,",10
await,10
valley,10
governed,10
salary,10
tragedy,10
boards,10
thin,10
"officer,",10
"book,",10
"50,000",10
location.,10
"duties,",10
tournament.,10
evidenced,10
"rivals,",10
"traditionally,",10
holders,10
colors,10
survivors,10
entrepreneur,10
canada,10
teacher,10
smartphones,10
organize,10
sister,10
appreciation.,10
cruz,10
compelling,10
spending.,10
suspects,10
versus,10
amorim,10
"opportunity,",10
devastated,10
saf,10
stayed,10
contracting,10
speeding,10
scam,10
well-being.,10
adjusting,10
files,10
st.,10
soar,10
traced,10
lens,10
settings,10
jewelry,10
seawater,10
42,10
destroying,10
farming,10
silicon,10
retained,10
hinges,10
timeline,10
hindered,10
behavior.,10
dams,10
examination,10
blair,10
grateful,10
"clarified,",10
guaranteed,10
house.,10
first-ever,10
transitioned,10
al-qaradawi,10
una,10
"real,",10
"violations,",10
interpreted,10
restrictive,10
amplifying,10
3-0,10
termed,10
circumvent,10
blatant,10
"drones,",10
says.,10
marriages,10
criticizing,10
"traditions,",10
minute.,10
hiv,10
"instruments,",10
successive,10
"construction,",10
adequately,10
split,10
"floods,",10
web,10
paul,10
repression.,10
kordofan,10
council.,10
recalls,10
"not,",10
husband,10
"""dar",10
"bodies,",10
applicable,10
revitalizing,10
engine,10
mood,10
divorce,10
dr,10
sudan's,10
endless,10
"properties,",10
"colombia,",10
protocol,10
friendship,10
instagram.,10
"be,",10
submerged,10
copyright,10
error,10
naeem,10
well-being,10
2017.,10
northeastern,10
conceal,10
teams.,10
compounds,10
endure,10
fortune,10
"statistics,",10
"""what",10
republic.,10
blame,10
"legal,",10
court.,10
assumed,10
cancer.,10
alleging,10
hero,10
dubbed,10
expansion.,10
realistic,10
context.,10
convey,10
soft,10
instructions,10
"2010,",10
openai,10
"tasks,",10
tesla's,10
longstanding,10
unaware,10
what's,10
diversify,10
facial,10
"determination,",10
"reasons,",10
inner,10
votes.,10
hatred,10
21-carat,10
volunteers,10
owning,10
unexpectedly,10
"company""",10
exhibit,10
earthquake,10
intend,10
brussels,10
"impact,",10
mob,10
headed,10
authors,10
crowned,10
"november,",10
"total,",10
northwestern,10
intensity,10
actions.,10
"limited,",10
standings.,10
kicked,10
reverse,10
sciences,10
wing,10
assurances,10
intensifies,10
"continue,",10
courtesy,10
root,10
enthusiasm,10
noor,10
sweeteners,10
advisory,10
fleet,10
opposite,10
counts,10
"trucks,",10
anonymous,10
capacities,10
emirati,10
swiss,10
"destruction,",10
plastics,10
originates,10
evaluation,10
expectations.,10
prioritizing,10
multilateral,10
gbt,10
recall,10
accustomed,10
"before,",10
al-hilal,10
honest,10
kazakhstan’s,10
meteorological,10
ngos,10
boats,10
"general,",10
workshop,10
brotherhood,10
translating,10
scandal,10
nomadic,10
"afghanistan,",10
proximity,10
hamas.,10
"field,",10
listing,10
copenhagen,10
"phase,",10
activation,10
"niger,",10
12-day,10
detailing,10
one-year,10
safi,10
cards,10
consists,10
slowing,10
iphones,10
gets,10
"directors,",10
continuation,10
transformations,10
"finance,",10
shutdown.,10
allocate,10
"1st,",10
normalization,10
"away,",10
investigation.,10
developmental,10
90%,10
composition,10
predicts,10
foods,10
arrives,10
signify,10
proud,10
outbreak,10
further.,10
descent,10
reinforced,10
racism,10
beirut,10
watched,10
enrique,10
"lake,",10
"stocks,",10
properly,10
punitive,10
convince,10
yesterday's,10
bandar,10
"husband,",10
morocco.,10
talent.,10
recover,10
fees.,10
"poland,",10
wells,10
project's,10
downstream,10
panic,10
assembly's,10
gaza's,10
"recovery,",10
roman,10
framing,10
41,10
uruguay,10
coordinating,10
"exploitation,",10
men’s,10
"basis,",10
1.2,10
freely,10
respectively.,10
machinery,10
endorsed,10
"trust,",10
"businesses,",10
lachlan,10
140,10
"quality,",10
indictment,10
"languages,",10
"forum,",10
contained,10
underway,10
tenure,10
massacres,10
"qassem,",10
"migrants,",10
tense,10
optimistic,10
prosperity,10
maryam,10
kazakhstan.,10
expressions,10
"positions,",10
floor,10
repeat,10
taylor,10
barrier,10
embracing,10
unfold,10
employs,10
restaurants,10
usual,10
zero,10
stricter,10
"imports,",10
guyana’s,10
tunnel,10
declines,10
“there,10
massoud,10
sit,10
frames,10
"washington,",10
displays,10
originated,10
malaysia,10
terrorism.,10
"which,",10
surface.,10
2028.,10
$30,10
"down,",10
exemptions,10
combining,10
colombia,10
prominence,10
"elements,",10
twitter,10
"ways,",10
cuban,10
clip,10
end.,10
initiative.,10
strategically,10
boys,10
recommendations,10
noted:,10
crimes.,10
inspections,10
informatics,10
gut,10
embodies,10
"dam,",10
allies.,10
lara,10
necessary.,10
contingent,10
accelerate,10
existential,10
heated,10
credits,10
physically,10
(iaea),10
brands,10
transforms,10
"thus,",10
quota,10
talented,10
fbi,10
"investigation,",10
"cents,",10
money.,10
benefits.,10
developer,10
"messi,",10
seemingly,10
defended,10
specified,10
erdoğan,10
khan,10
indices,10
rain,10
point.,10
"significantly,",10
updated,10
recruitment,10
"indicators,",10
filming,10
perspective.,10
.”,10
al-din,10
40%,10
bound,10
reshaping,10
quarters,10
"podcast,",10
tariffs.,10
positioned,10
luiz,10
hunger,10
novel,10
dominant,10
influences,10
"paraguay,",10
uneven,10
reinforcing,10
deserve,10
account.,10
fought,10
politics.,10
practice.,10
techniques.,10
venezuela's,10
unfamiliar,10
"painting,",10
is:,10
qatari,10
yoon,10
percent),10
bright,10
deportations,10
picked,10
each.,10
"poverty,",10
enabled,10
in).,9
barak,9
operator,9
probable,9
saad,9
"locations,",9
fabric,9
accuracy,9
deter,9
"""for",9
saeed,9
"style,",9
"crises,",9
"ngos,",9
delightful,9
undergoing,9
patriarchal,9
happy,9
shura,9
manifest,9
contenders,9
"generation,",9
highness,9
operators,9
liberal,9
delicate,9
sacrifices,9
comic,9
samples,9
mistakes,9
"destroyed,",9
"2014,",9
minister's,9
"storytelling,",9
origins,9
concepts,9
alibaba,9
race.,9
jail,9
execution,9
military.,9
"design,",9
pumping,9
failures,9
oppression,9
"federation,",9
"games,",9
disrupted,9
yasser,9
"exist,",9
shop,9
bloomberg.,9
900,9
brent,9
two-year,9
*quoted,9
excess,9
"necessary,",9
85,9
three-year,9
banks.,9
spark,9
proceedings,9
art.,9
app.,9
syndicate,9
ministries,9
"nepal,",9
"skills,",9
irrespective,9
smoke,9
hour.,9
accountability.,9
opted,9
"parents,",9
diagnosed,9
they’re,9
encourages,9
appeals,9
graphic,9
escaping,9
prioritizes,9
so-called,9
raids,9
muscle,9
acrylic,9
touch,9
0.8%,9
tons.,9
figures.,9
injured.,9
master,9
"beirut,",9
handing,9
origin.,9
undertaking,9
arthur,9
350,9
inácio,9
moderately,9
moment.,9
journalism.,9
redefining,9
canadian,9
november.,9
"alegre,",9
destructive,9
2.4,9
so.,9
"scale,",9
won’t,9
dependent,9
lay,9
"somaliland,",9
freshly,9
ahly,9
banning,9
disagreements,9
smooth,9
echo,9
orthodox,9
hazards,9
workplace,9
baggage,9
assassinated,9
engagement.,9
teenagers,9
amplify,9
al-sudani,9
pledge,9
robert,9
ventures,9
imbalance,9
"oracle,",9
embrace,9
seriously,9
rupert,9
reporting.,9
"who,",9
susceptible,9
intermediate,9
"20,",9
impossible.,9
"restrictions,",9
pregnancy,9
honored,9
aboriginal,9
traits,9
retreat,9
accounts.,9
streaming,9
2008,9
trend.,9
(with,9
specifics,9
personally,9
here.,9
"banks,",9
ethiopia's,9
principal,9
museum.,9
"challenging,",9
high-risk,9
"champion,",9
auckland,9
outdated,9
"west,",9
"units,",9
lucrative,9
"artists,",9
apology,9
implementation.,9
solve,9
gigawatts,9
install,9
"matters,",9
audio,9
king's,9
"portugal,",9
undergone,9
refugees.,9
brazil’s,9
costa,9
experiences.,9
"made,",9
hazardous,9
property.,9
"tons,",9
forget,9
bombings,9
"youssef,",9
"deaths,",9
george,9
co-founder,9
spring,9
invasion.,9
meetings.,9
fascist,9
theft,9
consensus,9
mistake,9
erase,9
agencies.,9
"bloomberg,",9
"spain,",9
taste,9
optus,9
supposed,9
evacuation,9
"criticism,",9
logic,9
"two,",9
brain.,9
hafez,9
proceeded,9
trusted,9
acted,9
amer,9
airspace.,9
restricting,9
breakfast,9
physics,9
"aid,",9
phobos,9
invitation,9
"ultimately,",9
kiev,9
boosts,9
"firms,",9
moisture,9
pave,9
"2001,",9
unjust,9
"are,",9
"affected,",9
marc,9
"men,",9
descendants,9
crime.,9
morgan,9
"channels,",9
crowd,9
fined,9
examine,9
assam,9
drc,9
"transformation,",9
varied,9
hand.,9
attractiveness,9
tim,9
"actors,",9
"agencies,",9
catch,9
advocacy,9
maps,9
elimination,9
ransomware,9
risk.,9
unicef,9
shattered,9
"portland,",9
"kuwait,",9
"small,",9
"new,",9
agent,9
looming,9
shoot,9
68,9
lending,9
stories.,9
associations,9
knows,9
"application,",9
boeing,9
lit,9
"soon,",9
hostility,9
residency,9
pictures,9
responding,9
witnesses,9
beloved,9
suspect,9
extensively,9
prefer,9
quantity,9
timeframe.,9
intake,9
prospect,9
"cuba,",9
exciting,9
relocation,9
expresses,9
holdings,9
bombs,9
adapted,9
windows,9
licensed,9
renewables,9
remittances,9
finance.,9
catastrophe,9
wang,9
rebuild,9
news.,9
proxy,9
robotic,9
jointly,9
screening,9
$1.5,9
"labor,",9
cooperative,9
entity.,9
rise.,9
"uranium,",9
centered,9
"stations,",9
lineup,9
nickel,9
"8,000",9
49,9
"trillion,",9
"counterparts,",9
commander,9
empathy,9
"""very",9
akp,9
alex,9
rate.,9
fast,9
"un,",9
"translation,",9
"ministers,",9
supervision,9
languages.,9
blackouts,9
nighttime,9
storytelling,9
washington.,9
"act,",9
francisco,9
"role,",9
"scenario,",9
entrepreneurs,9
conditioning,9
paulo,9
"shelter,",9
sits,9
holidays,9
fifteen,9
"gdp,",9
"matter,",9
"engineering,",9
busy,9
"sales,",9
adult,9
daily.,9
offerings,9
investigate,9
share.,9
"somalia,",9
mortality,9
shiite,9
"sadly,",9
increase.,9
effects.,9
briefly,9
tehran.,9
holiday,9
ceased,9
saying:,9
firefighters,9
corporations.,9
profile,9
"arrest,",9
envision,9
barcelona.,9
discovering,9
otherwise,9
rebellion,9
confident,9
effectively.,9
continent.,9
drivers,9
sites.,9
repatriation,9
"structure,",9
confronted,9
negotiation,9
landowners,9
i've,9
governments.,9
regain,9
feasibility,9
65%,9
strides,9
ounce.,9
budgets,9
manages,9
kurds,9
2010,9
bomb,9
170,9
"liverpool,",9
qualify,9
"fighters,",9
"shutdown,",9
for.,9
diamonds,9
bolstering,9
contentious,9
"migration,",9
corrales,9
abilities,9
eve,9
"2028,",9
convincing,9
arises,9
hindu,9
messaging,9
collins,9
statements.,9
warraq,9
matches.,9
"belgium,",9
public.,9
disregard,9
generals,9
"proposal,",9
"processes,",9
spaces.,9
closest,9
remembers,9
"democracy,",9
overcoming,9
hardware,9
kilometers.,9
"americans,",9
al-nassr,9
objections,9
abandoned,9
"air,",9
layers,9
dolls,9
geological,9
meticulously,9
streets.,9
scene.,9
biodiversity,9
spain's,9
invisible,9
subscriptions,9
passive,9
tactical,9
deir,9
other.,9
complications,9
jair,9
focal,9
portrays,9
"percent),",9
wooden,9
firing,9
installed,9
"mechanisms,",9
discover,9
necessitate,9
disproportionately,9
unwanted,9
"awareness,",9
analyze,9
apprehended,9
missions,9
oversight.,9
"internationally,",9
harmony,9
disagreement,9
altman,9
users’,9
copy,9
roads,9
openness,9
"periods,",9
clove,9
urrutia,9
russia’s,9
larry,9
culminating,9
deepened,9
procedures.,9
crafted,9
salaries,9
minimizing,9
persons,9
peers,9
exhibited,9
"bolivia,",9
functions,9
hailed,9
partly,9
biden,9
bills,9
euthanasia,9
triple,9
hosts,9
al-assad,9
arise,9
hospitality,9
"1967,",9
postponed,9
"taiwan,",9
colonialism,9
filmmakers,9
shanghai,9
regimes,9
timely,9
diesel,9
manufacturer,9
"waste,",9
noticeable,9
"decisions,",9
ghanaian,9
edited,9
aiding,9
scholars,9
shaheen,9
resilience.,9
accomplishments,9
"shares,",9
harshly,9
freedoms,9
technically,9
third-party,9
accelerating,9
convene,9
occurrences,9
child.,9
echoed,9
"artist,",9
temples,9
body's,9
kuwait.,9
recommendation,9
rankings,9
computers,9
granting,9
"years.""",9
influencing,9
cinematic,9
artillery,9
arriving,9
consumers.,9
"conclusion,",9
"these,",9
full-scale,9
human-like,9
fuels,9
legendary,9
theme,9
bab,9
"waters,",9
restoring,9
undertake,9
unleashed,9
left-wing,9
explosive,9
"north,",9
valuation,9
looks,9
"police,",9
plight,9
"feature,",9
“our,9
correspondent,9
architectural,9
labour,9
"recognition,",9
one’s,9
rubles,9
transmission,9
rally,9
intelligent,9
drama,9
billion).,9
"staff,",9
geographic,9
tree,9
"commerce,",9
tickets,9
19th,9
thomas,9
arsenal's,9
storing,9
outlets.,9
selection,9
"euros,",9
upheld,9
hubs,9
superficial,9
murdoch,9
cost.,9
amazon's,9
andrew,9
organisation,9
poet,9
in.,9
equity,9
portraying,9
source.,9
"corporations,",8
"workforce,",8
enslaved,8
"survival,",8
cumulative,8
resilient,8
unesco,8
shabab,8
occasional,8
excitement,8
chatbots,8
clothes,8
mourinho,8
explosions,8
kilograms,8
purely,8
wishes,8
illicit,8
qena,8
opposes,8
simpler,8
avenue,8
falsely,8
saleh,8
"care,",8
resort,8
junior,8
vehicles.,8
$4.5,8
answers,8
"scene,",8
arranged,8
"numbers,",8
18th,8
collaboration.,8
hamas's,8
abandon,8
arrest.,8
suspending,8
bundle,8
"trends,",8
breakthrough,8
committee.,8
bearing,8
unions,8
entrenched,8
significance.,8
vacant,8
bovine,8
"half,",8
"desert,",8
access.,8
tehran’s,8
“they,8
chess,8
rains,8
"disaster,",8
indicator,8
ai-driven,8
channels.,8
inquiry,8
1990s,8
basin,8
immune,8
fear.,8
"""these",8
name.,8
"street,",8
assumption,8
policymakers,8
ties.,8
vegetation,8
catalan,8
"division,",8
deutsche,8
lacked,8
"malaysia,",8
iaea,8
nutrition,8
abstract,8
testament,8
perceives,8
posting,8
rents,8
"anything,",8
random,8
stolen,8
"al-sharaa,",8
cheaper,8
paints,8
adds.,8
lutein,8
4.5,8
olive,8
continuity,8
hybrid,8
overlooked,8
buenos,8
composed,8
frequency,8
investigative,8
ministers',8
"topics,",8
"2008,",8
comey,8
"cause,",8
"solidarity,",8
manual,8
"star,",8
concentration,8
detect,8
celestial,8
"childhood,",8
"approved,",8
educators,8
headlines,8
resisting,8
influencer,8
iii,8
compromised,8
initiating,8
spots,8
pregnancy.,8
discourse.,8
caucasian,8
vida,8
sheep,8
framework.,8
individual's,8
doha,8
unsuccessful,8
welcomes,8
commends,8
connection.,8
inappropriate,8
teach,8
"taxes,",8
stages.,8
we’re,8
revolutionize,8
"release,",8
medications,8
"maduro,",8
"drink,",8
differs,8
"storm,",8
inviting,8
herzegovina,8
ghf,8
“what,8
ecosystems.,8
feminine,8
pressuring,8
phrase,8
"equality,",8
cancellations,8
foot,8
"$100,000",8
"demand,",8
"silvers,",8
"golds,",8
analyses,8
"respectively,",8
diminishing,8
dear,8
speech.,8
md,8
"partner,",8
"ellison,",8
hana,8
ai.,8
"rule,",8
emotionally,8
worried,8
icj,8
hypothetical,8
illustrates,8
"expertise,",8
"0.1%,",8
debts,8
"resolutions,",8
retired,8
ages,8
km,8
"here,",8
baltic,8
profoundly,8
expansive,8
"uncertainty,",8
protects,8
actress,8
accuse,8
sentiments,8
baby,8
eager,8
store.,8
"rice,",8
"meantime,",8
studies.,8
"apple,",8
guilt,8
sum,8
buildings.,8
guardian,8
koreans,8
tanks,8
portions,8
1.3,8
hesitate,8
enforcing,8
database,8
opposition.,8
ismail,8
dollar.,8
bag,8
gifts,8
bread,8
bags,8
tenants.,8
expected.,8
3.5,8
doors,8
expired,8
stadium.,8
partners.,8
"foundation,",8
object,8
fasher,8
footprint,8
sociedad,8
"congo,",8
suit,8
reported.,8
selecting,8
"twitter,",8
tweet,8
up.,8
euros.,8
couldn't,8
anti-immigrant,8
encompassed,8
competed,8
cristiano,8
thick,8
crew,8
hegseth,8
deceptive,8
(such,8
"journalist,",8
"tadawul""",8
"literature,",8
44,8
connects,8
populations.,8
africa's,8
forestry,8
"salah,",8
kivu,8
pilot,8
"accounts,",8
burdens,8
revive,8
secular,8
inevitable,8
costly,8
tour,8
"attention,",8
telling,8
$100,8
fitch,8
"myself,",8
rodríguez,8
"training,",8
half.,8
netted,8
batch,8
sends,8
sword,8
800,8
suburbs,8
please,8
gesture,8
drinks,8
two-thirds,8
peer,8
contracted,8
spectrum,8
diego,8
"2007,",8
testimony,8
ideal,8
symbols,8
passport,8
regime's,8
"revenue,",8
stepping,8
"damascus,",8
truth.,8
analyzing,8
newcastle,8
gun,8
astronomical,8
applicants,8
"declaration""",8
unethical,8
violators,8
munich,8
stockpile,8
tale,8
artist.,8
perceptions,8
taif,8
swept,8
prison.,8
situations.,8
prayer,8
$14,8
"dollar,",8
distinguish,8
chair,8
"further,",8
documents.,8
municipality,8
"majority,",8
prohibits,8
participant,8
unequivocally,8
retains,8
"afternoon,",8
roof,8
manufacture,8
tackling,8
startups,8
inauguration,8
prone,8
"son,",8
perpetual,8
"effect,",8
marginalized,8
flying,8
polls,8
origins.,8
"explained,",8
relationships.,8
landlord-tenant,8
individual.,8
circulation,8
"funding,",8
right.,8
takeover,8
salam,8
bought,8
"also,",8
i’d,8
uploaded,8
witkoff,8
topped,8
"views,",8
screens,8
remind,8
sustaining,8
"needs,",8
thailand,8
medication,8
departing,8
objects,8
55,8
we’ve,8
secretive,8
variations,8
romantic,8
flashes,8
alaa,8
immersed,8
exempt,8
par,8
adding:,8
"territories,",8
el-sisi,8
omar,8
sarah,8
string,8
azerbaijani,8
"understanding,",8
opponents.,8
"final,",8
fatalities.,8
fraud.,8
shall,8
"2005,",8
"180,000",8
underscoring,8
question:,8
conscience,8
tends,8
"lines,",8
absorption,8
dissemination,8
praising,8
63,8
diseases.,8
"italy,",8
"journalism,",8
jurcic,8
kidney,8
they're,8
trains,8
vary,8
cents,8
minds,8
peninsula,8
managers,8
problem.,8
phases,8
million).,8
effect.,8
proposes,8
"censorship,",8
masoud,8
doubts,8
uptick,8
tariq,8
owns,8
passage,8
awami,8
possible.,8
motherhood,8
productive,8
needed.,8
0.1%,8
monaco,8
algorithmic,8
"surveillance,",8
contend,8
association.,8
different.,8
"2000,",8
"outcomes,",8
manufactured,8
"conversation,",8
army's,8
venezuela’s,8
"15th,",8
"agenda,",8
wafa,8
degradation,8
pathways,8
"requirements,",8
releasing,8
expiration,8
trustworthy,8
germany.,8
youssef,8
margin,8
utility,8
refinancing,8
exhibition,8
"barriers,",8
acceleration,8
one-third,8
mediators,8
accepting,8
"resolution,",8
hopeful,8
tumultuous,8
"cinema,",8
pakistanis,8
generations.,8
populace,8
oversees,8
predominantly,8
entirely.,8
"knowledge,",8
rafael,8
existed,8
exploited,8
settling,8
"income,",8
conveyed,8
kendo,8
buyers,8
"paintings,",8
questioning,8
t,8
decline.,8
"60,000",8
morocco’s,8
"rhetoric,",8
once.,8
"methods,",8
wide-ranging,8
wisdom,8
aging,8
define,8
walid,8
bus,8
advisable,8
termination,8
river.,8
unsafe,8
d.,8
"thoughts,",8
hide,8
illustrate,8
landlord,8
"predecessor,",8
"murder,",8
"discussions,",8
twenty,8
meals,8
journeys,8
long-distance,8
dividend,8
amendment,8
play.,8
properties.,8
wouldn’t,8
"nvidia,",8
disparity,8
tax.,8
adversely,8
militia,8
5-2,8
overshadowed,8
suggestions,8
cell,8
mmk,8
"fertilizers,",8
“to,8
index.,8
committees,8
barrel.,8
namely,8
accusation,8
interpret,8
intervention.,8
liverpool's,8
"survey,",8
notorious,8
"offices,",8
maximize,8
hashem,8
critic,8
investigators,8
croatian,8
need.,8
regard,8
difficult.,8
equipment.,8
"transition,",8
horn,8
schedule,8
"employment,",8
disseminating,8
"revolution,",8
vying,8
lie,8
delegations,8
chavismo,8
solid,8
probe,8
localization,8
altogether.,8
communicated,8
saturday.,8
"clothing,",8
you’re,8
"2006,",8
reserved,8
gamal,8
[the,8
consent,8
prevalent,8
outspoken,8
meta's,8
fund's,8
preparedness,8
segment,8
al-arabiya.net,8
surveyed,8
interface,8
ineffective,8
stranded,8
accommodate,8
replicate,8
precision,8
"0.3%,",8
endeavors.,8
"mission,",8
bloody,8
greatly,8
laurent,8
inventory,8
"myanmar,",8
insist,8
performances,8
"rock,",8
"independent,",8
"solution""",8
"afterward,",8
channel.,8
argues,8
bar,8
‘s,8
reasons.,8
bangladesh.,8
al-assad's,8
familial,8
norway,8
conveys,8
circle,8
"dinars,",8
real-time,8
replacement,8
"pro,",8
bulgaria,8
"cost,",8
tasks.,8
postponing,8
accomplished,8
shield,8
deepfake,8
"gains,",8
kabul,8
faso,8
men.,8
wheat,8
balance.,8
"off,",8
32,8
smotrich,8
clinical,8
businesses.,8
fantasy,8
killed.,8
"turn,",8
aftermath,8
graduates,8
noise,8
periodic,8
mentions,8
enforce,8
e-commerce,8
brasil,8
bail,8
sara,8
tigray,8
blockade,8
"demands,",8
(about,8
prisons,8
"i,",8
ecosystems,8
britain),8
"location,",8
rectify,8
maria,8
"available,",8
richness,8
"in),",8
notifications,8
voices.,8
conflicting,8
matters.,8
occur.,8
impede,8
"strength,",8
fiction,8
genocide.,8
enacted,8
hydrogen,8
narrowly,8
youth-led,8
"size,",8
wealthiest,8
marched,8
attribute,8
"fasher,",8
habits,8
"forward,",8
ibn,8
definitive,8
equates,8
"material,",8
"department,",8
imminent,8
watercolor,8
"ahmadi,",8
dimension,8
"film,",8
recently.,8
portal,8
brian,8
"accountability,",8
fraud,8
displayed,8
"reserves,",8
expecting,8
explained.,8
formation,8
"emotions,",8
attack.,8
racial,8
stocks.,8
"enough,",8
"year-over-year,",8
impending,8
yourself,8
dmitry,8
depreciation,8
disparities,8
xabi,8
blessings,8
santos,8
"tool,",8
"caracas,",8
lists,8
hussein,8
soothing,8
arafat,8
tracks,8
"exile,",8
petition,8
structures.,8
"bill,",8
decreasing,8
downturn,8
worsen,8
cricket,8
"constraints,",8
intercepted,8
prioritized,8
ethiopia.,8
october.,8
pancreatic,8
offshore,8
"you,",8
transitioning,8
supplier,8
gaps,8
reviewed,8
announcements,8
"talent,",8
determines,8
naim,8
fulfilled,8
sweida,8
villagers,8
rush,8
"talks,",8
europeans,8
authenticity,8
identifies,8
planes,8
mexico's,8
site.,8
moldovan,8
inflation.,8
profiles,7
shorouk,7
petrochemical,7
turkey’s,7
"struggles,",7
artifacts,7
turmeric,7
england,7
enforcement.,7
oldest,7
volatile,7
rushed,7
"resilience,",7
intervened,7
poll,7
attached,7
recalled,7
wonderful,7
"operation,",7
part-time,7
"relationships,",7
visas.,7
provider,7
"ocean,",7
sky,7
upholding,7
refusing,7
"transportation,",7
laborers,7
yearly,7
mountainous,7
three-quarters,7
mercy,7
collaborations,7
outskirts,7
reluctant,7
exemplifies,7
changes.,7
stoxx,7
treatments,7
densely,7
thame,7
records.,7
deliberate,7
crash,7
"banned,",7
"english,",7
referendum,7
accountable.,7
cameroon,7
materials.,7
shipment,7
"""snapback""",7
"aspirations,",7
professionals.,7
"say,",7
somalia’s,7
"magazine,",7
aid.,7
revival,7
destinations,7
value-added,7
genocidal,7
egx,7
occurrence.,7
corridor,7
beneficiaries,7
integrity.,7
mr.,7
dumped,7
"wars,",7
adjustments,7
"california,",7
nepal.,7
nasaf,7
mountains,7
modi,7
limitations.,7
ad.,7
dhaka,7
farmland,7
compromise,7
path.,7
approvals,7
"names,",7
journalists’,7
"significance,",7
crying,7
hamas',7
persona,7
reaffirming,7
"ceo,",7
murdered,7
prowess,7
revelations,7
fires,7
disease.,7
ban.,7
sheer,7
packaging,7
;,7
"regard,",7
biases,7
possession,7
"victory,",7
earth's,7
2.9%,7
1.5%,7
cater,7
resignations,7
chaotic,7
helm,7
"(germany,",7
campaigning,7
waters.,7
"consultations,",7
revisit,7
distress,7
penned,7
functioning,7
al-khorayef,7
follow-up,7
mongolian,7
"memories,",7
annex,7
study's,7
carefully,7
privacy.,7
"prior,",7
tours,7
"whatsapp,",7
yurt,7
sheets,7
"round,",7
banner,7
wonder,7
organic,7
musical,7
lewis,7
"implementation,",7
plummeted,7
crossings,7
"decline,",7
dam.,7
warmth,7
regime’s,7
"championships,",7
demands.,7
"silver,",7
attributes,7
hydropower,7
resolution.,7
"free,",7
"houthis,",7
calendar,7
"provinces,",7
"line,",7
achieved.,7
"agreements,",7
rightful,7
"geography,",7
"effects,",7
down.,7
grow.,7
"peru,",7
adapting,7
races,7
"1948,",7
servers,7
"share,",7
classic,7
badr,7
0.2%,7
"truth,",7
regulated,7
"0.2%,",7
meritocracy,7
ministerial,7
"integration,",7
phobos-grunt,7
skeptical,7
nurturing,7
"rape,",7
flavor,7
internationally.,7
mosque,7
"presidency,",7
"problem,",7
"tablets,",7
newspapers,7
torres,7
plea,7
contract.,7
procurement,7
competitiveness,7
unclear.,7
tablets,7
sorrow,7
au,7
titles,7
carolyn,7
despair.,7
distinction,7
doses,7
freed,7
homeland.,7
"copper,",7
belarus,7
modernize,7
cne,7
counteract,7
sunlight,7
).,7
mechanism.,7
"detained,",7
girls’,7
confederation,7
order.,7
contexts.,7
shores,7
commented,7
"repression,",7
absorb,7
mimic,7
grandparents,7
finals,7
complex.,7
vietnam.,7
sounds,7
imports.,7
aamir,7
hostilities,7
administration's,7
commits,7
passports,7
commodity,7
"killings,",7
progressive,7
"road,",7
uber,7
"angeles,",7
divide,7
statelessness,7
packed,7
numbers.,7
doubles,7
encounters,7
season's,7
challenging.,7
schools.,7
drain,7
factors:,7
prosecutor's,7
hammack,7
"ad,",7
incorporated,7
california-los,7
surgery,7
here's,7
"harm,",7
instrumental,7
voiced,7
"stadium,",7
uncertainties,7
cider,7
"stores,",7
respecting,7
"profits,",7
eat,7
writing.,7
contradicts,7
nearest,7
"grandmother,",7
(march,7
profitability,7
samir,7
stress.,7
"responsibility,",7
photography,7
"accountable,",7
duties.,7
react,7
handful,7
libraries,7
creator,7
endorsement,7
reviewing,7
wished,7
"""an",7
kidnapping,7
"murdoch,",7
"jerusalem,",7
kenya,7
"instances,",7
simultaneously.,7
cooperate,7
"building,",7
"customers,",7
vicinity,7
"dennis,",7
abolition,7
"paris,",7
"passengers,",7
marry,7
community's,7
rail,7
consent.,7
brentford,7
"flooding,",7
"continent,",7
"have,",7
logging,7
jews,7
girls.,7
dictatorship,7
sahara,7
depositors,7
tor,7
bitcoin's,7
weaponized,7
"appreciation,",7
1980s,7
summoned,7
impactful,7
simplified,7
paralympic,7
"bias,",7
inadvertently,7
wheel,7
"continues,",7
disappearance,7
mystery,7
bracelet,7
commentary,7
contractual,7
nazi,7
estimates.,7
"expenses,",7
hezbollah.,7
der,7
von,7
inflows,7
buyer,7
3%,7
"message,",7
needing,7
"priority,",7
resembles,7
landed,7
reader,7
forums,7
real-life,7
hearts,7
arrivals,7
snack,7
accomplishment,7
contradictions,7
proliferation,7
asteroid,7
assessing,7
standing.,7
unfolded,7
turnout,7
circus,7
militias,7
threads,7
countryside,7
attorney,7
gateway,7
complicates,7
opting,7
stabilization,7
"awards,",7
mathematics,7
miombo,7
seeds,7
expedite,7
"georgia,",7
grapple,7
irreversible,7
hostages.,7
rhythm,7
"40,000",7
"target,",7
reclaiming,7
disarmament,7
laid,7
working-class,7
harm.,7
gcc,7
execute,7
eid,7
"village,",7
official.,7
warmly,7
bahrain's,7
"success,",7
interacting,7
"4,000",7
clear:,7
minerals.,7
boundaries.,7
we've,7
reservations,7
"decrease,",7
patience,7
"rival,",7
adverse,7
organ,7
"guidance,",7
decreases,7
2.7%,7
exodus,7
slower,7
resonated,7
ample,7
inr,7
qatar.,7
"weight,",7
constructive,7
"station,",7
loaded,7
balcony,7
infiltration,7
persian,7
divine,7
halls,7
choice.,7
corners,7
fadel,7
$400,7
manner.,7
command,7
children’s,7
arresting,7
all.,7
established.,7
qualifying,7
deep-rooted,7
paraguayan,7
turbulent,7
"libya,",7
"1,200",7
kr:,7
"depression,",7
"fans,",7
"mind,",7
seconds,7
"communication,",7
"vaccines,",7
enrolled,7
accuses,7
cambodia,7
"consequences,",7
"ethiopia,",7
developers.,7
marwan,7
“my,7
cool,7
"safeguards,",7
pet,7
spearheaded,7
annexing,7
fats,7
that's,7
regaining,7
detrimental,7
teenager,7
migrated,7
imagining,7
criminals,7
le,7
interactive,7
act.,7
"hostages,",7
ryder,7
harms,7
"dissent,",7
builds,7
countries',7
durable,7
condemn,7
resigned,7
"silva,",7
spotify,7
2000,7
drowned,7
fix,7
sacrificing,7
elements.,7
contest,7
juan,7
"device,",7
guiding,7
"faso,",7
plots,7
"""no",7
"fortunately,",7
"option,",7
microsoft's,7
digitally,7
villages.,7
journalistic,7
visions,7
"aspects,",7
categories,7
"ally,",7
"features,",7
notification,7
$6,7
casting,7
rice,7
"al-assad,",7
prevents,7
rupees,7
injury.,7
"species,",7
santo,7
"diversity,",7
climb,7
"mine,",7
"""you",7
"dignity,",7
"launch,",7
immigrant,7
75%,7
athlete,7
bids,7
orchestrated,7
"7,000",7
cancelled,7
"miami,",7
battles,7
"prisoners,",7
madrid.,7
effective.,7
investors',7
militant,7
guidelines.,7
aleppo,7
separating,7
1%.,7
battlefield,7
13%,7
ignore,7
components.,7
boast,7
"treatments,",7
moments.,7
drafted,7
pasture,7
resonates,7
"""riyadh",7
earth.,7
metropolitan,7
curriculum,7
"logging,",7
madagascar,7
cultures,7
al-tatari,7
"girls,",7
shelters,7
one-quarter,7
imprisonment.,7
sin,7
lineup.,7
aerospace,7
prohibit,7
supervisory,7
"championship,",7
model.,7
finishing,7
insulting,7
searching,7
“one,7
livelihoods.,7
migrate,7
attackers,7
(gcc),7
"sometimes,",7
2035.,7
furniture,7
burkinabé,7
whistleblowers,7
travel.,7
verstappen,7
"was,",7
"hope,",7
feat,7
originate,7
pension,7
suspicious,7
respected,7
classified,7
dominance.,7
(…),7
chemicals,7
stated.,7
aircraft.,7
terrifying,7
automobile,7
"""ejar""",7
rigorous,7
wildlife,7
essentially,7
surveys,7
fatty,7
"table,",7
championships,7
ukrainians,7
"machinery,",7
incredibly,7
teenage,7
"17,000",7
gmt,7
sacrifice,7
beryl,7
arkan,7
yerba,7
"spending,",7
svrzo,7
aswan,7
"ceasefire,",7
invasions,7
legend,7
"olympiad,",7
"coast,",7
studied,7
wore,7
bot,7
"memory,",7
deposited,7
25th,7
1974,7
troubled,7
touched,7
"workshops,",7
alibaba's,7
"stages,",7
"youtube,",7
manipulating,7
"barrel,",7
"ounce,",7
adjustment,7
comfortable,7
diversification,7
"address,",7
blind,7
calculated,7
rivalry,7
linking,7
sectarian,7
starvation,7
*,7
cautioning,7
"valley,",7
rocks,7
al-saqqa,7
combines,7
buried,7
disputes.,7
reporter,7
zones.,7
beijing's,7
"caribbean,",7
birds,7
iranians,7
0.4%,7
atlético,7
"constitution,",7
vaccines.,7
sealed,7
1989,7
appreciated,7
careful,7
center.,7
gain.,7
"defeat,",7
electricity.,7
synthetic,7
suddenly,7
drops,7
platform's,7
smugglers,7
reluctance,7
collapsed,7
"""to",7
instance,7
kamal,7
coordinator,7
restaurant,7
samadov,7
drives,7
vividly,7
esmeraldas,7
recounted,7
drastically,7
"kathmandu,",7
practically,7
existence.,7
myanmar’s,7
summary,7
loyal,7
cooler,7
celebrities,7
flooding.,7
"french,",7
67,7
oracle's,7
severed,7
youngest,7
florida,7
financially,7
boarding,7
brown,7
espionage,7
orders.,7
excavation,7
evaluate,7
list.,7
mindset,7
premature,7
quo,7
2009,7
advocate,7
"contexts,",7
photograph,7
delhi,7
aren’t,7
criteria.,7
gatherings,7
adheres,7
appearances,7
functional,7
offal,7
details.,7
craft,7
2-1,7
prize.,7
nutrients,7
outreach,7
silencing,7
directly.,7
stored,7
prisoners.,7
beijing.,7
"""will",7
salem,7
harder,7
nature.,7
detail,7
"mosques,",7
"230,000",7
compatibility,7
2011.,7
"logistics,",7
resonate,7
cap,7
osama,7
hilal,7
opinion.,7
"cameroon,",7
"communications,",7
elizabeth,7
occupy,7
indication,7
congressional,7
metabolic,7
distinguished,7
packages,7
persists,7
"student,",7
victim's,7
"coalition,",7
books.,7
caste,7
commended,7
medium-sized,7
lifestyle,7
"teams,",7
"isolation,",7
mutually,7
lying,7
delve,7
“even,7
dreamed,7
extinguish,7
14%,7
juice,7
deprived,7
"khartoum,",7
stepped,7
player.,7
metrics,7
"standings,",7
kong’s,7
"room,",7
begging,7
donor,7
"declaration,",7
forthcoming,7
reasonable,7
speculative,7
alonso,7
work?,7
trips,7
harrowing,7
saint,7
lighting,7
productivity.,7
offset,7
disable,7
designer,7
muzaffargarh,7
board.,7
portray,7
ascent,7
steps.,7
"protest,",7
shrinking,7
counterparts.,7
confrontations,7
sabotage,7
bedouin,7
undocumented,7
jose,7
inflationary,7
"diseases,",7
renew,7
respiratory,7
discoveries,7
tatars,7
massacre,7
apologized,7
"individual,",7
declaring,7
detecting,7
"fees,",7
seriousness,7
form.,6
mediator,6
(om):,6
evolve,6
olympics,6
subsidies,6
188,6
reconnect,6
assault.,6
"direction,",6
memarian,6
omid,6
"al-nasr,",6
sanaa,6
malvinas,6
bird,6
“but,6
"crucial,",6
belongs,6
gas.,6
"window,",6
38,6
reach.,6
eliminated,6
(who),6
spill,6
daniel,6
over.,6
crafting,6
paving,6
forbidden,6
"representatives,",6
economies.,6
nasdaq,6
senegalese,6
compound,6
loses,6
aires,6
"slovenia,",6
sweeping,6
prompt,6
absorbed,6
extract,6
brooks,6
tilt,6
"provider,",6
tiktok’s,6
"route,",6
inmates,6
"farhan,",6
platinum,6
"software,",6
guest,6
"techniques,",6
"peoples,",6
"(dpa),",6
raid,6
predetermined,6
collision,6
extracted,6
chips.,6
stops,6
poland's,6
algeria’s,6
ambition,6
diagnostic,6
broadening,6
new.,6
gauge,6
firms.,6
makkah,6
previously.,6
qualification,6
"governorates,",6
"summary,",6
documenting,6
"uruguay,",6
radar,6
privileges,6
william,6
ceasing,6
patent,6
incoming,6
kashmir,6
scholar,6
jeopardize,6
weighing,6
university's,6
"twice,",6
20%.,6
moneda,6
subsidized,6
principles.,6
maduro.,6
chambers,6
$5,6
"genocide,",6
"declined,",6
offline.,6
portraits,6
parliament.,6
confidentiality,6
integration.,6
"silence,",6
scrap,6
verified,6
tolerate,6
corps,6
"2%,",6
dramatically,6
noted.,6
advantageous,6
cells,6
reliant,6
proceedings.,6
universe,6
"disease,",6
consisted,6
tarnish,6
directors.,6
ensured,6
/,6
pete,6
exist.,6
"meat,",6
southwest,6
transnational,6
someone's,6
scheme,6
"objectives,",6
"chips,",6
trace,6
appendiceal,6
market's,6
arabiya.net/al,6
filter,6
overlook,6
grounds,6
employers,6
preferences,6
"enrichment,",6
reimposed,6
"sentence,",6
fgm,6
intersection,6
inception,6
"blood,",6
indonesia's,6
delaying,6
allegations.,6
fundamentalist,6
stimulus,6
resolved.,6
bom,6
experiments,6
"animals,",6
attitudes,6
maternal,6
initiate,6
thriving,6
tents,6
"know,",6
symptoms.,6
importance.,6
looked,6
"united,",6
thinner,6
bid,6
separated,6
cornerstone,6
southwestern,6
release.,6
illustrating,6
unstable,6
hang,6
terrain,6
minister.,6
violates,6
felipe,6
teaches,6
"feminism,",6
"hungary,",6
"channel,",6
overseen,6
delivers,6
"audience,",6
aren't,6
settler,6
subjects,6
improves,6
fortified,6
austrian,6
"paulo,",6
tribes,6
tobago,6
hunting,6
forcefully,6
"diabetes,",6
tissue,6
elaborate,6
samba,6
"travel,",6
displacement.,6
credibility,6
setback,6
oxygen,6
pop,6
recognition.,6
stirred,6
"officers,",6
uae.,6
competitor,6
"activist,",6
"marketing,",6
alarmed,6
leyen,6
ursula,6
documentation.,6
intervene,6
bamboo,6
"party""",6
teen,6
"teachers,",6
ceasefire.,6
low-income,6
amplified,6
"glasses,",6
0.5%,6
phenomena,6
tie,6
query,6
mind.,6
shams,6
consultation,6
programme,6
defence,6
evacuating,6
ha,6
inspiring,6
caring,6
rafah,6
al-qaeda,6
umbrella,6
profitable,6
managers',6
lavrov,6
augmented,6
"crime,",6
suffering.,6
vinegar,6
educating,6
transformative,6
resolutions,6
promotional,6
non-governmental,6
[…],6
"era,",6
"detention,",6
"norms,",6
i'll,6
"schedule,",6
"assessments,",6
antioxidants,6
30s,6
53,6
"phones,",6
rendering,6
kevorkova,6
punish,6
departments,6
arena,6
"grow,",6
lands.,6
pulled,6
compounded,6
deteriorating,6
incredible,6
me:,6
somo,6
"arabiya.net,",6
textbooks,6
decides,6
practicing,6
donate,6
"tenure,",6
holes,6
estonian,6
germans,6
trash,6
defiance,6
pirapora,6
top-tier,6
pep,6
"abbas,",6
cleansing,6
eventual,6
2005,6
"assessment,",6
environmentally,6
haven’t,6
adorned,6
beach,6
"conversations,",6
"idea,",6
supply.,6
sellers,6
court's,6
eu.,6
disputed,6
breaching,6
reminds,6
english.,6
closures,6
trader,6
"existence,",6
occupation.,6
stripped,6
directive,6
surplus,6
passengers.,6
crop,6
750,6
politician,6
"300,000",6
commonwealth,6
extradition,6
boiled,6
20s,6
"rivers,",6
"teammate,",6
"reform,",6
expo,6
grievances,6
hamad,6
pavel,6
fn:,6
pot,6
basra,6
"dynamics,",6
withholding,6
sloboden,6
excessively,6
"followers,",6
hotels,6
"personnel,",6
“when,6
creations,6
record.,6
family’s,6
"sustainable,",6
compare,6
"reach,",6
debt.,6
announce,6
16th,6
titanium,6
"types,",6
mazari,6
"ties,",6
"options,",6
"mechanism,",6
"hunger,",6
governorate.,6
lines.,6
ultra-thin,6
seller,6
intimidation,6
assaults,6
"steel,",6
breathing,6
j.d.,6
pechat,6
presumed,6
"madagascar,",6
4.5%,6
wh:,6
damage.,6
facilitated,6
locate,6
dozen,6
perpetrators,6
alarms,6
"gmt,",6
seamless,6
"moments,",6
"currency,",6
benfica,6
ticket,6
brighter,6
episodes,6
"indeed,",6
khyber,6
"confrontation,",6
josé,6
"high,",6
$300,6
countering,6
provinces.,6
"threat,",6
"targets,",6
kaya,6
dispatch,6
"responded,",6
"consumption,",6
"topic,",6
taiwanese,6
starmer,6
cosmic,6
streak,6
powers.,6
"0.9%,",6
thread,6
"collaboration,",6
libya's,6
kremlin,6
ethics,6
conviction,6
utilizes,6
click,6
1st,6
suspend,6
"azerbaijan,",6
"eventually,",6
74,6
"implemented,",6
"musk,",6
library's,6
weaker,6
"drugs,",6
escaped,6
that.,6
bears,6
johnson,6
"pollution,",6
"five,",6
rescuing,6
"secretary-general,",6
followers.,6
out:,6
surveillance.,6
röpke,6
capitalist,6
sick,6
vulnerabilities,6
adam,6
missiles.,6
"megawatts,",6
phenomenon.,6
"author,",6
pateh,6
presidents,6
bit,6
afraid,6
memorial,6
xinhua,6
"state.""",6
obvious,6
sisters,6
waste.,6
resorting,6
luggage,6
goma,6
denouncing,6
pro-government,6
"rabbani,",6
"return,",6
deadliest,6
golf,6
"advisor,",6
veto,6
ratings,6
version:,6
depleted,6
receipt,6
(from,6
roshan,6
snap,6
alexandria,6
"silent,",6
thrives,6
logical,6
inclined,6
somehow,6
discomfort,6
"2012,",6
tears,6
vote.,6
fantastic,6
crowded,6
mobilize,6
prospectus,6
amhara,6
heights.,6
accomplish,6
presence.,6
"architecture,",6
"no,",6
(formerly,6
5.6%,6
"journal,",6
sidelines,6
"another,",6
hiring,6
visitors.,6
hints,6
$2,6
"start,",6
towers,6
viability,6
emergency.,6
mobilized,6
curtailment,6
non-compliance,6
"edition,",6
ports,6
criticisms,6
"grief,",6
colonization,6
jailed,6
obama,6
"bitcoin,",6
die,6
prevalence,6
biblical,6
acceptable,6
credible,6
football.,6
understandings,6
valuations,6
announcement.,6
informing,6
searches,6
bombed,6
monitors,6
crumbling,6
"right,",6
populace.,6
particles,6
layered,6
wireless,6
joyous,6
instruction,6
medium,6
repetitive,6
mossad,6
2013,6
ahli,6
polling,6
jessica,6
nigeria’s,6
fiercely,6
standout,6
"administrative,",6
brothers,6
hue,6
cc,6
coronavirus,6
"access,",6
"nicaragua,",6
topics.,6
mechanical,6
"otherwise,",6
chris,6
ways.,6
portfolios,6
"indices,",6
islamabad,6
horses,6
earnings.,6
‘,6
rebelled,6
seekers,6
dilemma,6
corruption.,6
"consent,",6
spilled,6
japan.,6
dressing,6
jared,6
opportunity.,6
state’s,6
"2029,",6
revenue.,6
miles),6
"temperatures,",6
"speaking,",6
players',6
replied,6
11th,6
côte,6
impeding,6
trillion.,6
high-income,6
pleased,6
underwent,6
95,6
automation,6
insistence,6
retaining,6
"historically,",6
"800,000",6
acknowledgments,6
means.,6
poor's,6
horror,6
secretly,6
portrayal,6
reconnaissance,6
margins,6
absolutely,6
britain.,6
concert,6
issam,6
imam,6
"average,",6
competes,6
unemployed,6
"cars,",6
"business,",6
resurgence,6
mobility,6
detentions,6
"images,",6
rank,6
craters,6
"text,",6
military's,6
burdened,6
62,6
al-sham,6
pool,6
zamalek's,6
building.,6
axis,6
kazakh,6
"image,",6
bnp,6
games.,6
unfavorable,6
"robot,",6
complicating,6
kids,6
discipline,6
stateless,6
jordan.,6
foresee,6
domains,6
solidarity.,6
"child,",6
used.,6
browsing,6
timeline.,6
reality:,6
berlin's,6
factions.,6
charges.,6
recovered,6
philosophical,6
excellence,6
yemenis,6
mustafa,6
wood,6
sentencing,6
dig,6
assignment,6
shareholders.,6
hair.,6
autism.,6
delves,6
flour,6
belongings,6
bull,6
embodying,6
circles,6
2027,6
experiment,6
barred,6
"congress,",6
income.,6
"chad,",6
observation,6
inaugurated,6
cautiously,6
"190,000",6
"roles,",6
"mining,",6
small-scale,6
observing,6
ideas.,6
barriers.,6
pharmaceuticals,6
prospects.,6
glimpse,6
hajj,6
face.,6
generational,6
lunar,6
cyber-attacks,6
sul,6
tragedies,6
consumes,6
illustrated,6
funding.,6
conglomerate,6
avoided,6
statement:,6
denounce,6
vicious,6
"1989,",6
classmates,6
zenica,6
fragmented,6
third-largest,6
promissory,6
consist,6
accomplishments.,6
graduated,6
"shortages,",6
"feet,",6
blueprint,6
high.,6
abrahamic,6
bible,6
m23,6
polished,6
confidence.,6
prosecutors,6
"occurs,",6
coexistence,6
tunisia,6
57,6
rule.,6
choosing,6
beef,6
inflow,6
concern.,6
parents.,6
3.8%,6
"hospital,",6
105,6
"call,",6
landfills,6
belarusian,6
"disruptions,",6
"frameworks,",6
"output,",6
"discrimination,",6
"michigan,",6
adjacent,6
caroline,6
backdrop,6
league's,6
"medicine,",6
persist.,6
exporters,6
soldier,6
america’s,6
"forecasts,",6
harassment.,6
1980,6
famine.,6
"spread,",6
kennedy,6
socio-economic,6
como,6
beat,6
devoid,6
levied,6
"warfare,",6
cope,6
"face,",6
"airlines,",6
diabetes,6
verse,6
"reductions,",6
malnutrition,6
decade-long,6
islands.,6
"semi-finals,",6
mentally,6
pause,6
"quickly,",6
reforms.,6
traffic.,6
"increased,",6
navy,6
beta,6
translator,6
prohibition,6
father's,6
"public,",6
kevin,6
diabetes.,6
(both,6
annually.,6
nightmare,6
revise,6
refuse,6
dismantled,6
pull,6
37,6
translation.,6
"moon,",6
reflection,6
construction's,6
users',6
neuralink,6
leasing,6
"parts,",6
youthful,6
gvir,6
"concurrently,",6
itamar,6
"delegation,",6
"punjab,",6
symbolically,6
enhancements,6
midnight,6
internet’s,6
withdrawn,6
paraguay,6
affected.,6
euphrates,6
"zucman,",6
miami,6
increasing.,6
"influence,",6
pv,6
landfall,6
opec,6
continued.,6
destroyed.,6
cycles,6
nick,6
everywhere,6
status.,6
"terrorism,",6
empower,6
he’s,6
"play,",6
dissolved,6
sincere,6
friday's,6
"coffee,",6
leg,6
minorities,6
year’s,6
enthusiastic,6
dissatisfaction,6
meal,6
graduate,6
voters.,6
hugo,6
announced.,6
allocation,6
obligations.,6
insightful,6
netting,6
irregular,6
saved,6
"suggestions,",6
traces,6
vision.,6
oregon,6
chemistry,6
84,6
erasure,6
syria’s,6
scientist,6
neighbors.,6
long.,6
past.,6
hasn’t,6
"1994,",6
persecuted,6
"alternatives,",6
prison’s,6
pro-palestinian,6
protestors,6
size.,6
"means,",6
equalizer,6
"factions,",6
sana.,6
7%,6
chain.,6
awards.,6
"""all",6
procedural,6
"writers,",6
"stable,",6
"achievements,",6
coincide,6
flowers,6
brutally,6
provocative,6
asia-pacific,6
exerted,6
scale.,6
$500,6
advocated,6
flagship,6
aspiration,6
unresolved,6
"al-shaibani,",6
"neighbors,",6
brink,6
rented,6
culturally,6
airstrike,6
cruciate,6
contractor,6
(imf),6
"importance,",6
runs,6
injustice.,6
echoing,6
"ever,",6
professions,6
alinma,6
compatible,6
south.,6
"arabic,",6
multilingual,6
mothers,6
elusive,6
disorder,6
assurance,6
currency.,6
sarkozy,6
"claims,",6
indiscriminate,6
antónio,6
have.,6
youtube.,6
lasts,6
"anticipated,",6
load,6
touching,6
highway,6
street.,6
"occurred,",6
talked,6
corn,6
unveil,6
therapy,6
"increases,",6
incumbent,6
"ton,",6
roshen,6
rna:,6
"happening,",6
referee,6
kick,6
views.,6
excels,6
wikipedia,6
hasina’s,6
"struggle,",6
dismantling,6
algeria's,6
restriction,6
critique,6
occasion,6
departed,6
squalene,6
authoritarianism,6
somaliland's,6
14th,6
"limits,",6
"lawyers,",6
yamal's,6
workers’,6
tatar,6
helium,6
branch,6
image.,6
"tradition,",6
ambitions,6
catholic,6
seizure,6
blocking,6
transformation.,6
freely.,6
"code,",6
brutality,6
disappointing,6
multinational,6
"inflammation,",6
kylian,6
readers,6
hall,6
secrets,6
ceasefires,6
brewed,6
gases,6
settings.,6
exacerbate,6
"""however,",6
plot,6
reinforce,6
dell,6
"supplies,",6
betting,6
chp,6
golan,6
"pay,",6
humanity.,6
rejects,6
nationwide.,6
weaknesses,6
"money,",6
guardiola,6
significant.,6
180,6
"evident,",6
commission.,6
"canvas,",6
"corporation,",6
assets.,6
wins,6
ati,6
ray,6
multifaceted,6
button,6
embroidered,6
"destination,",6
rejecting,6
"populations,",6
personalized,6
"benin,",6
bengali,6
commitments.,6
house's,6
souls,6
mubarak,6
categorized,6
"voices,",6
unacceptable,6
mekong,6
depict,6
citizenship.,6
accumulate,6
hitting,6
privately,6
albeit,6
lone,6
appearing,6
"patents,",6
maximizing,6
flew,6
proceeds,6
applying,6
joão,6
2006,6
santiago,6
"balance,",6
"homeland,",6
"difficulties,",6
bet,6
"tinah,",6
reinforces,6
haven,6
assigned,6
yanbian,6
hardship,6
shortages.,6
amended,6
uncontrolled,6
"part,",6
unsure,6
"delays,",6
inequalities,6
updating,6
centuries.,6
consequence,6
criticize,6
"diplomacy,",6
70%,6
blamed,6
"medal,",6
benefit.,6
35%,6
worn,6
knock,6
intertwined,6
deliveries,6
obligation,6
striving,6
description,6
fee,6
"30,000",6
"deepfakes,",6
fue,6
"mechanism,""",6
declares,6
substitute,6
rape.,6
observer,6
horrific,6
"summit,",6
"singapore,",6
"guidelines,",6
steal,6
"bahrain,",6
choices.,6
delays.,6
"analysis,",6
volatility.,6
table.,6
educate,6
"realities,",6
"choice,",6
"suddenly,",6
movement's,6
narratives.,6
enormous,6
pkr,6
2016.,6
insists,6
hinting,6
board's,6
xiaomi's,6
ruben,6
corp,6
2012,6
italy.,6
treatment.,6
contraction,6
conclusion.,6
authorities’,6
39,6
emissions.,6
"disputes,",6
armenian,6
delcy,6
patterns.,6
3.7,6
importation,6
researching,6
height,6
"""when",6
bridge.,6
wildfire,6
"clear,",6
broadcasters,6
"core,",6
"infections,",6
attributing,6
sidi,6
turns,6
poured,6
engines,6
adversaries,6
invented,6
players.,6
blog,6
"religion,",6
marseille,6
"racism,",6
nutritional,6
1-1,6
stint,6
bankers,6
al-shaibani,6
"fuel,",6
thrilling,6
"them.""",6
durov,6
tailored,6
"living,",6
"alliances,",6
1990s.,6
mauritania's,6
commemorating,6
jude,6
displaying,6
care.,6
pragmatic,6
forgery,6
instantly,6
diasporans,6
martin,6
uncertain.,6
cameras,6
arzu,6
jones,6
fibers,6
heartbreaking,6
"atmosphere,",6
assurances.,6
democracy.,6
rustaveli,6
"deficit,",6
shipped,6
disengagement,6
continent’s,6
study.,6
gravity,6
corridors,6
damages,6
port.,6
tongue,6
suggestion,6
stances,6
shelters.,6
"price,",6
atlas,6
mirror,6
qasim's,6
inadequate.,6
1st.,6
april.,6
assessments,6
approaching,6
implications.,6
suspicion,6
"rules,",6
nan,6
poem,6
tent,6
ahmadi,6
tc:,6
biology,6
basis.,6
metric,6
reigning,6
deploy,6
"(france,",6
filmmaker,6
captivating,6
gu,6
research.,6
jorge,6
incidence,6
"fiber,",6
nitrogen,5
convert,5
lgbtq+,5
"uzbekistan,",5
1948,5
"shutdowns,",5
planet's,5
identification,5
"muslims,",5
saud,5
feminists,5
keir,5
emit,5
insight,5
bank),5
concordia,5
picasso,5
"soybeans,",5
"collectives,",5
fame,5
"confirmed,",5
convening,5
seizing,5
portfolio.,5
"reported,",5
"ownership,",5
frustrated,5
stalled,5
1.1%,5
qassem's,5
schumer,5
"analysts,",5
enforceable,5
landscapes,5
"prince,",5
farm,5
marred,5
tesla.,5
fastest,5
insulted,5
mars.,5
unnamed,5
pessimistic,5
"40%,",5
invoked,5
liquefied,5
cohesion,5
"courage,",5
2025-2026,5
guard.,5
trans,5
prompts,5
"fatalities,",5
pretrial,5
tank,5
maybe,5
2.5%,5
“how,5
licensing,5
"starlink,",5
hadn’t,5
alike.,5
grams.,5
poetry,5
washington's,5
literally,5
fraction,5
"1,400",5
harry,5
manipulate,5
kane,5
bans,5
deaths.,5
landscapes.,5
shareholding,5
curtailed,5
robustness,5
achievements.,5
coelho,5
"harassment,",5
sustainability.,5
classification,5
(us,5
majority.,5
burned,5
"tobago,",5
"viral,",5
"rooney,",5
phosphate,5
"manner,",5
"discord,",5
harassed,5
station.,5
covert,5
traditions.,5
"ramadan,",5
61,5
mined,5
"press,",5
whoever,5
"cancer,",5
"advertisements,",5
grief,5
"nationals,",5
structured,5
"young,",5
inhabitants.,5
"consumers,",5
let's,5
exploration.,5
"documentation,",5
"vance,",5
ligament,5
tired,5
caribbean.,5
air.,5
"vessels,",5
arabic-speaking,5
arrested.,5
"from,",5
disability,5
citizens’,5
efficacy,5
heroes,5
brilliant,5
devised,5
mozambique,5
practicality,5
hottest,5
intangible,5
unfolds,5
metal.,5
phishing,5
"site,",5
"gender,",5
"tv,",5
knesset,5
approval.,5
stereotypes,5
goldman,5
8%,5
households.,5
shades,5
normalizing,5
admission,5
real.,5
pertaining,5
$12,5
cuisine,5
"strike,",5
accords,5
"algorithms,",5
"aggression,",5
healthier,5
abandoning,5
assertive,5
"zaki,",5
0.9%,5
meaning.,5
dennis,5
"humanity,",5
"approval,",5
masse,5
nascent,5
billionaires,5
gastrointestinal,5
thani,5
dusit,5
"walls,",5
narendra,5
petroecuador,5
"frame,",5
punjab,5
"200,000",5
"declines,",5
factories.,5
"stay,",5
"airspace,",5
"farmers,",5
baghdad,5
app's,5
deep-seated,5
deputies,5
ahmadiyya,5
"particular,",5
"50%,",5
dropping,5
oppressed,5
revitalize,5
zionist,5
80%.,5
schemes,5
"rica,",5
"panama,",5
apex,5
fabricated,5
lei,5
bonds.,5
(equivalent,5
tirelessly,5
"shift,",5
deny,5
unicorns,5
avoidance,5
"entity,",5
securely,5
prolonging,5
worker's,5
"question,",5
"interest,",5
"diamond,",5
weighed,5
dissidents,5
binding,5
86,5
arizona,5
"16,",5
post.,5
husband's,5
(ftc),5
medals.,5
burst,5
"3%,",5
"tweets,",5
"too,",5
al-wahda,5
3.3%,5
fires.,5
undermined,5
"seconds,",5
46,5
fastest-growing,5
bagmati,5
wheelchair,5
hurt,5
authorities',5
"zamalek,",5
formerly,5
answered,5
"debate,",5
print,5
"clubs,",5
"shape,",5
arising,5
sheet,5
"ecosystem,",5
olympics.,5
"pipeline,",5
foam,5
fried,5
kidneys.,5
vocal,5
"passport,",5
arrange,5
"discussed,",5
ancestors,5
yurt.,5
"hamas.""",5
sugars,5
identities.,5
respectful,5
laser,5
transparency.,5
msci,5
reassess,5
kinds,5
dictator,5
mitigation,5
gallery,5
1.6,5
rubble,5
ideologies,5
nadezhda,5
overlooking,5
"killed,",5
"tomorrow,",5
surviving,5
"hayoun,",5
dissent.,5
sections,5
airstrikes.,5
derby,5
torture.,5
stern,5
function.,5
"obstacles,",5
"sanaa,",5
resist,5
(pmi),5
whistleblower,5
"anxiety,",5
1994,5
"supplements,",5
reviews,5
mentioned.,5
collided,5
cyberattack,5
sipping,5
mail,5
"page,",5
ads,5
"commercial,",5
"claim,",5
do.,5
liberate,5
"rover,",5
"manufacturer,",5
paralyzed,5
liability,5
"prospects,",5
kurdish-language,5
"stress,",5
fronts.,5
leave.,5
niger.,5
"agents,",5
pedro,5
permanently,5
intentional,5
exchanged,5
consultant,5
agendas,5
greece’s,5
myself.,5
disaster.,5
"larger,",5
"confidence,",5
"al-din,",5
"failures,",5
omri,5
17th,5
wounded,5
recognised,5
mother.,5
russian-chinese,5
"category,",5
personality,5
hamburg,5
disappeared,5
bay,5
strikes.,5
"islands,",5
4.0,5
"floor,",5
proving,5
eclipse,5
"read,",5
subscribing,5
tihama,5
inspire,5
"concept,",5
"surroundings,",5
"disclosures,",5
illustration,5
warren,5
argentinian,5
ton,5
"ports,",5
translations,5
fortunate,5
nationality,5
geography,5
abed,5
"nasrallah,",5
device's,5
"nato,",5
"marriages,",5
incite,5
march.,5
carolina,5
warranty,5
strays,5
1.7%,5
post-electoral,5
potable,5
drones.,5
friedrich,5
nowhere,5
disseminate,5
"shareholders,",5
"empathy,",5
medications.,5
"status,",5
request.,5
"kordofan,",5
design.,5
30%.,5
dairy,5
safe.,5
methods.,5
blocks,5
"rwanda,",5
"conversely,",5
copa,5
samsung's,5
$9,5
madbouly,5
food.,5
application.,5
nato's,5
"article,",5
hasina,5
banners,5
recovery.,5
poignant,5
"february,",5
looted,5
"""social",5
vanished,5
theories.,5
verify,5
remainder,5
owners.,5
tournaments,5
bizarre,5
13th,5
2.,5
8.,5
"phobos,",5
23-year-old,5
sentences,5
employment.,5
"120,000",5
"legislation,",5
fighters,5
tremendous,5
california,5
stretching,5
reshape,5
defendant,5
unwavering,5
"propaganda,",5
causes.,5
commercially,5
"2,500",5
"travelers,",5
targeted.,5
northeast,5
taiwan's,5
"""isagha""",5
percentages,5
mount,5
damaging,5
prejudice,5
stresses,5
lean,5
solidifying,5
endangers,5
executions,5
protein,5
waller,5
"backgrounds,",5
"naturally,",5
exception,5
profession,5
"connectivity,",5
long-awaited,5
suffers,5
dictionary,5
server,5
downward,5
dangerous.,5
gigawatts.,5
greenpeace,5
destruction.,5
"most,",5
"when,",5
"once,",5
confronts,5
chooses,5
treaty.,5
"phases,",5
relocating,5
aden,5
$16,5
disorders,5
ghost,5
verdict,5
letters,5
honors,5
comparative,5
methodologies.,5
powerhouse,5
inquired,5
bank’s,5
self-service,5
"hubs,",5
"raouche,",5
increases.,5
"livestock,",5
"syrians,",5
committee's,5
“it’s,5
grain,5
happiness,5
"fat,",5
bossi,5
artwork,5
sukari,5
deleted,5
answering,5
culminates,5
"6-3,",5
tool.,5
short-form,5
rain.,5
desires,5
france-presse,5
agreeing,5
ham,5
deceive,5
"religious,",5
tallies,5
highs.,5
3.4%,5
bali,5
3.5%,5
indicators.,5
spacex,5
transcended,5
"partnership,",5
uncomfortable,5
talents,5
merging,5
mobilizing,5
island’s,5
plenty,5
"stakeholders,",5
"path,",5
neglected,5
disability.,5
flags,5
el-din,5
"assistance,",5
honour,5
quarter-finals,5
rahbani,5
bulgarian,5
winger,5
rotation,5
kings,5
destined,5
"army,",5
transition.,5
full-time,5
"1985,",5
jesus,5
installation,5
6.,5
slowed,5
"involvement,",5
3-1,5
organs.,5
miners,5
holidays.,5
nominated,5
arguments,5
personnel.,5
"while,",5
"4,500",5
redefined,5
semi-finals,5
exerting,5
overlooked.,5
mauritanians,5
schedule.,5
govern,5
adnoc,5
rainy,5
hike,5
"daughters,",5
eldest,5
gustavo,5
petro,5
cloves,5
offerings.,5
letting,5
cough,5
conference.,5
hint,5
rainforest,5
facilitates,5
elsewhere,5
"extremism,",5
reversing,5
practitioners,5
"sense,",5
checking,5
"arrests,",5
process?,5
engages,5
guise,5
launch.,5
"buildings,",5
(oecd),5
"orders,",5
socio-political,5
"uncertain,",5
"""oh",5
s&p,5
domains.,5
"herzegovina,",5
throw,5
chiapas,5
poisoning,5
weigh,5
travelled,5
interventions,5
rankings.,5
"audiences,",5
mistrust,5
"god,",5
articulate,5
pilots,5
estimating,5
humor,5
struggle.,5
retaliatory,5
netherlands,5
rwandan,5
stones,5
frameworks.,5
fertile,5
deterioration,5
huawei,5
purpose.,5
intriguing,5
combined.,5
capitals,5
televised,5
experimenting,5
"olympics,",5
boric,5
intermediary,5
confessed,5
dependency,5
convenience,5
vendors,5
cable,5
"doctors,",5
12%,5
"shops,",5
"streams,",5
tigrayan,5
spanned,5
fa,5
caspian,5
ceremony.,5
remarks.,5
hikes,5
"hospitals,",5
breakdown,5
assuming,5
72,5
bruno,5
conveying,5
stone,5
reservoirs,5
multi-stakeholder,5
safeguarded,5
"discourse,",5
"chatbot,",5
checks,5
"controls,",5
becker,5
culinary,5
quality.,5
limit.,5
seismic,5
bestowed,5
consciousness,5
"crying,",5
apologize,5
theoretical,5
philippines.,5
homo,5
"trial,",5
"sentiment,",5
brotherhood.,5
"""they",5
dow,5
difficulties.,5
granite,5
evacuated,5
excuses,5
revealed.,5
converted,5
shah,5
cairo.,5
decorated,5
ingrained,5
arrogance,5
justifications,5
erling,5
magic,5
confiscated,5
geybullayeva,5
skills.,5
earliest,5
procedure,5
airport's,5
captures,5
privately-owned,5
obstacle,5
teammates,5
checkpoint,5
supplies.,5
untold,5
countries’,5
matching,5
phrases,5
ten-year,5
weakens,5
biased,5
hacking,5
mechanisms.,5
protracted,5
child's,5
sharif,5
"semiconductors,",5
"exploration,",5
computing.,5
ayman,5
"milestone,",5
abdulaziz's,5
"15%,",5
andriy,5
rubber,5
injuring,5
competent,5
"manager,",5
angered,5
portugal's,5
apartheid,5
discriminatory,5
reliability,5
thwarted,5
"difficult,",5
administration’s,5
expenses.,5
districts,5
butter,5
similarities,5
enjoying,5
más,5
complied,5
buffett,5
harmonious,5
"successful,",5
"researchers,",5
"minerals,",5
ratified,5
"update,",5
bots,5
beside,5
"(iaea),",5
"grossi,",5
"""do",5
traction,5
fluid,5
daughters,5
"explains,",5
mild,5
bullet,5
nicaragua,5
candidate.,5
innocence,5
woman’s,5
voice.,5
outperformed,5
celsius,5
spokeswoman,5
"batteries,",5
target.,5
coordinate,5
sam,5
soaring,5
agency's,5
understanding.,5
zucman,5
terminology,5
fleeting,5
193,5
gaza’s,5
14-karat,5
dealt,5
camps.,5
hijab,5
offences,5
58,5
ruins,5
numerical,5
symbolism,5
references,5
"environments,",5
64,5
"ahead,",5
fingers,5
"important,",5
desperately,5
"posts,",5
volatility,5
gunfire,5
specializes,5
eroded,5
"co.,",5
"sessions,",5
draws,5
enthusiasts,5
"amer,",5
"budget,",5
processors,5
landing,5
garden,5
"flight,",5
belt,5
foundations,5
onset,5
january.,5
"inception,",5
economics.,5
gamers,5
not.,5
acres,5
"damaged,",5
sergei,5
departures,5
isolate,5
aoun,5
music.,5
occupying,5
cousins,5
lemon,5
treason,5
"(somo),",5
devastation,5
fosters,5
displace,5
mercury,5
"""state",5
films.,5
words.,5
"emirates,",5
"advice,",5
corporation.,5
ascertain,5
demilitarized,5
"known,",5
"trafficking,",5
journeys.,5
confidently,5
"number,",5
"differently,",5
gendered,5
2028,5
expands,5
"dividends,",5
groundwater,5
flag.,5
intensification,5
biometric,5
armored,5
"jr.,",5
measured,5
signature,5
bodily,5
programming,5
respectively,5
"own,",5
"outcome,",5
textile,5
"structures,",5
"lawyer,",5
us-based,5
anti-inflammatory,5
offline,5
beetroot,5
"divide,",5
inflammation,5
"erdogan,",5
chains.,5
"courses,",5
impeachment,5
idle,5
utmost,5
loss.,5
thinking.,5
leveraged,5
instruments.,5
ratios,5
allied,5
emergencies.,5
continues.,5
acids,5
optional,5
somalia.,5
terrible,5
shouldn’t,5
tone,5
athletic,5
fund.,5
rolled,5
wouldn't,5
litigation,5
capitalizing,5
clearing,5
"emissions,",5
"producers,",5
16.,5
un’s,5
chanting,5
grossi,5
profits.,5
pandemic.,5
karabakh,5
slap,5
analysis.,5
"1,500",5
visually,5
anas,5
vietnam's,5
senegal’s,5
tiktok.,5
"scenarios,",5
251,5
"lifestyle,",5
ignorance,5
al-ali,5
gift,5
boxes,5
second-hand,5
common.,5
"sawiris,",5
renewing,5
"estate,",5
gently,5
virus,5
embarked,5
president.,5
network.,5
stigma,5
instill,5
paris.,5
"mines,",5
motivates,5
true.,5
howard,5
"it.""",5
gate,5
moscow.,5
incapable,5
law’s,5
vague,5
apps.,5
telecom,5
application's,5
fuel.,5
"reason,",5
raging,5
berkshire,5
suffocating,5
leases,5
participates,5
"road"",",5
ousted,5
resolutions.,5
networking,5
"outlets,",5
statutory,5
"ruling,",5
riyadh's,5
cafes,5
"convention,",5
switzerland,5
evoke,5
favourite,5
classical,5
"title,",5
scorer,5
lanka,5
london's,5
"intense,",5
nofal,5
18-year-old,5
internally,5
ventures.,5
illusion,5
pipes,5
probability,5
"1970s,",5
"difference,",5
99,5
box,5
disappointed,5
"focus,",5
rallies,5
"next,",5
"gestures,",5
asad,5
codes,5
harmony.,5
10-year,5
discussion.,5
congolese,5
ba,5
bitterness,5
disruptions.,5
rubble.,5
khella,5
disciplinary,5
37%,5
questions.,5
strange,5
accidentally,5
discrimination.,5
exchanging,5
colleges,5
"disasters,",5
affirmed,5
norway's,5
publishers,5
hinted,5
troubling,5
"dno,",5
siri,5
"or,",5
"ambassador,",5
move.,5
childcare,5
counted,5
referenced,5
importer,5
traumatic,5
post-war,5
charts,5
painting.,5
conducive,5
harming,5
betrayal,5
18%,5
expelled,5
"misinformation,",5
knot,5
smuggled,5
layoffs,5
bahraini,5
"aviv,",5
"powell,",5
forgotten,5
educated,5
association's,5
semi-annual,5
"supply,",5
gambian,5
shadows,5
wife's,5
"perspectives,",5
"clinics,",5
extracting,5
wondered,5
"berlin,",5
graduating,5
"document,",5
culminated,5
tenth,5
"1991,",5
"abuse,",5
marginalization,5
j.,5
"problems,",5
podcasts,5
reduces,5
jae-myung,5
ghana.,5
"drought,",5
whereby,5
congressman,5
proposing,5
"managers,",5
tireless,5
maha,5
"israelis,",5
"rubio,",5
assessed,5
loyalty,5
abortion,5
sinner,5
handmade,5
"balanced,",5
"tech,",5
"comments,",5
fermented,5
"robotics,",5
yielded,5
clause,5
combine,5
jamaica's,5
tadawul.,5
$200,5
"""red",5
"secretary,",5
students',5
fc,5
disorders.,5
traffickers,5
"hardships,",5
lab,5
requesting,5
chancellor,5
rummenigge,5
mission.,5
intentions.,5
jordan's,5
"""political",5
simultaneous,5
finger,5
"protesters,",5
unrwa,5
bayer,5
unpaid,5
concludes,5
juices,5
"maintenance,",5
incidents.,5
deterrent,5
merchandise,5
too.,5
filters,5
"thereafter,",5
"record,",5
clearer,5
novo,5
225,5
dignity.,5
identical,5
marijuana,5
cause.,5
"scheme,",5
"complaints,",5
strait,5
penetration,5
singapore,5
almaty,5
excludes,5
kushner,5
loud,5
substances,5
jamal,5
71,5
queen,5
saliba,5
diminishes,5
pending,5
"developers,",5
balochistan,5
"persecution,",5
"ireland,",5
tales,5
scattered,5
statistics.,5
risking,5
trafficking.,5
seize,5
rooftop,5
northwest,5
custodian,5
dust,5
"dirhams,",5
"hotels,",5
assertion,5
"findings,",5
enterprises.,5
"friendship,",5
"thought,",5
unlawful.,5
les,5
ad,5
potent,5
convinced,5
appeal.,5
paper.,5
anthony,5
dimensions.,5
masar,5
g20,5
swedish,5
islam,5
tweeted,5
tanta,5
"teenagers,",5
"sánchez,",5
h-1b,5
anguish,5
chilling,5
displacing,5
breach.,5
compassion,5
transitions,5
courtyard,5
folk,5
"ideology,",5
rima,5
modifying,5
classes,5
economía,5
"visits,",5
indicative,5
literacy,5
curiosity,5
"400,000",5
staged,5
gastos,5
washing,5
4.8,5
270,5
company’s,5
"presence,",5
rallying,5
afp,5
powell,5
says:,5
"skin,",5
"moscow,",5
rebel,5
"distribution,",5
hostage,5
"telegram,",5
problematic,5
"square,",5
phd,5
smear,5
"volumes,",5
exile.,5
"linen,",5
142,5
"engines,",5
"fatigue,",5
mousa,5
"15,000",5
b,5
$50,5
"arms,",5
pkk’s,5
nakba,5
gestures,5
christmas,5
tourism.,5
"works,",5
hinge,5
authorized,5
"35,000",5
“as,5
vehicle.,5
guides,5
al-arabiya/al-hadath,5
"updates,",5
adhered,5
zuckerberg,5
tylenol,5
allocating,5
3.9,5
census,5
sweilem,5
respects,5
innovations,5
historian,5
boycotting,5
$2.3,5
"think,",5
"greece,",5
pick,5
housing.,5
"decree,",5
"sector.""",5
videos.,5
virtually,5
improbable,5
"positive,",5
plus,5
haven't,5
shutting,5
"for,",5
paths,5
assassinations,5
buddhist,5
monks,5
26-year-old,5
unusually,5
risky,5
broad-based,5
"aircraft,",5
ap,5
rabat,5
centuries,5
"drc,",5
lawsuits,5
saydnaya’s,5
alphabet,5
labs,5
democracies,5
130,5
zone.,5
mirrored,5
"momentum,",5
happiness.,5
"patterns,",5
stuck,5
disabilities,5
era.,5
30-day,5
irony,5
putin.,5
advancements.,5
icc,5
"entities,",5
"festivals,",5
motors,5
tass,5
"him.""",5
o,5
"interactions,",5
humans.,5
2014.,5
unite,5
empire.,5
roles.,5
"ounces,",5
balfour,5
establishments,5
"thailand,",5
movements.,5
rehabilitating,5
"hijab,",5
me;,5
"heart,",5
profiles.,5
"dreams,",5
disrupts,5
exempted,5
coexist,5
canceling,5
"manipulation,",5
dispatching,5
"surface,",5
tbilisi,5
sunni,5
bedouins,5
barack,5
"goma,",5
catalyst,5
are:,5
suppression,5
triangle,5
trademark,5
"commission,",5
outburst,5
shakira,5
conversion,5
3.,5
qasim,5
charter,5
indonesia’s,5
travels,5
bone,5
usage.,5
othman,5
now?,5
attendance,5
museums,5
auto,5
“at,5
"it,”",5
hardly,5
fans.,5
lifetime.,5
frame,5
vegetable,5
khartoum.,5
"demonstrators,",5
endorsing,5
"ideas,",5
two.,5
"advocacy,",5
sukuk,5
brave,5
"accords,",5
caterpillar,5
"stock,",5
excel,5
"qashghai,",5
cooked,5
"marriage,",5
warring,5
manipulated,5
"highs,",5
$40,5
impression,5
comparisons,5
"processing,",5
cleaning,5
88,5
refuses,5
biden's,5
"austria,",5
cellular,5
routinely,5
kilometres,5
"best,",5
satisfied,5
"occur,",5
bowl,5
ain,5
drink.,5
melissa,5
"advantage,",5
"optus,",5
coach's,5
gw,5
sarma,5
reconstructing,5
ammunition,5
"effort,",5
exchange.,5
migration.,5
mother’s,5
$2.5,5
defense.,5
excerpts,5
peoples’,5
fraught,5
subtle,5
protagonist,5
"endeavors,",5
dembélé's,5
courses,5
spain.,5
carrier,5
fact-checking,5
expects,5
"advancements,",5
intrusion,5
tal,5
"serbia,",5
eddie,5
park.,5
"licenses,",5
profit-taking,5
"theft,",5
28.,5
average.,5
"netherlands,",5
3%.,5
reside,5
"seoul,",5
"portfolio,",5
succeeding,5
bengal,5
"accepted,",5
self-sufficiency,5
"esmeraldas,",5
exacerbates,5
chrome,5
"yen,",5
remains.,5
suburb,5
angry,5
barrack,5
month's,5
"older,",5
"1%,",5
symbolize,5
"societies,",5
pakistan's,5
hayan,5
yoon’s,5
blurred,5
recurrence,5
tenure.,5
pillars,5
"islam,",5
"bloc""",5
everyone.,5
ceyhan.,5
retaliation,5
features.,5
"rural,",5
"environmental,",5
unverified,5
container,5
complicit,5
constituent,5
rowe,5
"alphabet,",5
terminated,5
qashghai,5
weekend,5
"fish,",5
oneplus,5
etched,5
dare,5
we’d,5
umrah,5
"simple,",5
2018.,5
person’s,5
rises,5
macbook,5
locker,5
reciprocal,5
dying,5
"cultural,",5
"assam,",5
courts.,5
theater,5
motor,5
15.,5
coincided,5
heights,5
overly,5
consistency,5
ambiguity,5
specially,5
base.,5
"""he",5
benefited,5
underage,5
drastic,5
(saf),5
island.,5
hospitalized,5
medvedev,5
pilgrims,5
jeffrey,5
pertinent,5
tekan,5
a.m.,5
monitored,5
regret,5
department's,5
artworks,5
editor,5
calculations,5
deepen,5
"politicians,",5
"13,000",5
companies’,5
illnesses,4
"elites,",4
"rebellion,",4
"350,000",4
"injured,",4
"observers,",4
grade,4
"iron,",4
"northeast,",4
liberated,4
waits,4
england.,4
famously,4
"al-riyadh,",4
"sul,",4
proactive,4
morale,4
li,4
appliances,4
skies,4
acidic,4
qualifies,4
carmaker,4
4.7%,4
staring,4
15.9,4
lecturer,4
wadi,4
2.1,4
57%,4
virginia.,4
dhl,4
"1,800",4
"lived,",4
(including,4
"starvation,",4
"famine,",4
"changed,",4
ongoing.,4
incomplete,4
instant,4
beg,4
statue,4
reshaped,4
incomes.,4
"750,000",4
maia,4
arcapita,4
trending,4
1.2%,4
"hostilities,",4
directing,4
2-nanometer,4
asserted,4
friends.,4
"demographics,",4
surgical,4
advise,4
"negative,",4
gpt,4
genuinely,4
analyzed,4
"selling,",4
$250,4
"profitability,",4
al-shuhail,4
violently,4
"""phobos""",4
dollar-denominated,4
"higher,",4
“blue”,4
persuasive,4
perspectives.,4
venue,4
exposed.,4
anti-bangladesh,4
propaganda.,4
"troika,",4
resettlement,4
2007.,4
steven,4
"married,",4
constituted,4
payment.,4
al-akhdood,4
recalling,4
laughter,4
allowances,4
schneider,4
partnering,4
"kallas,",4
(lng),4
"usage,",4
"chief,",4
busquets.,4
underwater,4
1991,4
endeavor,4
bolivarian,4
vacuum,4
unrest,4
shelling,4
telephone,4
“and,4
martyrs,4
endangering,4
men's,4
"sweden,",4
kerman,4
maneuver,4
"excellent,",4
sandu,4
governorates,4
conform,4
"munich,",4
coach.,4
interview.,4
enjoys,4
rupee,4
baskets,4
memory.,4
prefers,4
tactics.,4
injunction,4
inaccurate,4
aramco,4
dampened,4
ambition.,4
detainee,4
díaz,4
heating,4
fateful,4
completes,4
1960s,4
"afterwards,",4
scenario.,4
rife,4
karbala,4
topic.,4
"cut,",4
impacts.,4
condemns,4
beating,4
hekma,4
laura,4
"feasible,",4
affair,4
"anonymity,",4
experimental,4
mastercard,4
praying,4
nuts,4
definition,4
general.,4
sq:,4
address.,4
universally,4
tehran's,4
alamein,4
essam,4
"terms,",4
realm.,4
"(uae),",4
discounts,4
heal,4
invaded,4
"imagination,",4
narration,4
"puri,",4
"connected,",4
"learning,",4
"old),",4
retaliation.,4
unilaterally,4
asteroids,4
"deals,",4
"sahara,",4
erased,4
accommodation,4
"150,000",4
haunting,4
surroundings.,4
"startup,",4
embark,4
scarce,4
conducts,4
"steam,",4
hateful,4
1.6%,4
casualties.,4
cruel,4
menstrual,4
cart,4
effort.,4
durability,4
lingering,4
participate.,4
unofficial,4
hollywood,4
"doha,",4
practiced,4
97,4
"fairness,",4
differently,4
lu,4
"eyes,",4
"al-hadath.net,",4
cried,4
"will,",4
"loans,",4
borrowers,4
cardinal,4
cambodian,4
grieving,4
"beauty,",4
liters,4
"amount,",4
"watch,",4
coral,4
lee's,4
"noting,",4
differentiate,4
56,4
ages.,4
hire,4
self-determination,4
"details,",4
aforementioned,4
"owners,",4
"choices,",4
constraints.,4
diversified,4
dan,4
digestion,4
22%,4
food-related,4
correction,4
unfortunate,4
aviv.,4
"fears,",4
"anger,",4
fadlallah,4
"guinea,",4
mouth,4
"law.""",4
chinese-made,4
tooth,4
transmitted,4
"articles,",4
legislators,4
algorithm.,4
plausible,4
forecasts.,4
"arm,",4
damascus.,4
hiv.,4
disappearances,4
roofs,4
nearby.,4
help.,4
scientifically,4
meals.,4
"travels,",4
"popularity,",4
cracks,4
"sports,",4
caregivers,4
sachs,4
anti-rohingya,4
"80,000",4
fluent,4
relatable,4
"deep,",4
hearings,4
chase,4
complementary,4
credited,4
abdel-rahman,4
"credibility,",4
"dependence,",4
al-atassi,4
kills,4
coaches,4
guinness,4
habit,4
spills,4
corrected,4
coined,4
"centre,",4
ownership.,4
"ronaldo,",4
"today.""",4
commonplace,4
winners,4
calculations.,4
equipping,4
expelling,4
overcrowded,4
issuances,4
states’,4
"himself,",4
lisa,4
romanian,4
ranges,4
bore,4
"algorithm,",4
summaries,4
"grew,",4
"goes,",4
"brother,",4
"seized,",4
fatigue,4
"being,",4
"class,",4
provoke,4
challenged,4
fit,4
cosmetic,4
infamous,4
bidding,4
grass,4
necessitated,4
"meiran,",4
"absence,",4
"diminished,",4
al-hawa,4
"switzerland,",4
unforeseen,4
calming,4
"aspect,",4
"park,",4
converge.,4
canceled.,4
sponsored,4
zayed,4
zakat,4
"addresses,",4
rotating,4
"angry,",4
response.,4
bellingham,4
reform.,4
"coverage,",4
consolidating,4
month-over-month,4
backbone,4
assists,4
glacier,4
dominating,4
khanibodom,4
"director,",4
"reached,",4
agriculture.,4
bomb.,4
behavioral,4
burdens.,4
"prospectus,",4
"offering,",4
transcend,4
depart,4
trials.,4
yentimirov,4
vivid,4
welcoming,4
odds,4
minas,4
"gerais,",4
unlimited,4
"salvador,",4
gang,4
"dams,",4
"towns,",4
"self-determination,",4
facto,4
borrow,4
smartphones.,4
revert,4
tightened,4
"abilities,",4
raja,4
marai,4
remembered,4
celebrations,4
persistence,4
"survive,",4
regained,4
0.7%,4
lubna,4
a.,4
m.,4
hindering,4
capita,4
fascination,4
"gradually,",4
arab-islamic,4
ab:,4
lineage,4
medhat,4
overstate,4
reels,4
unprofessional,4
recruit,4
moldova's,4
"cold,",4
"translators,",4
thrilled,4
worthy,4
temperatures.,4
blaming,4
most.,4
"taken,",4
wild,4
occasions.,4
sweden,4
harvest,4
qualitative,4
critically,4
"people,”",4
panama,4
longtime,4
preparatory,4
98,4
país,4
"crossing,",4
"notes,",4
trial.,4
"""war",4
relationship.,4
shy,4
"comparison,",4
tweets,4
linger,4
hegemonic,4
"published,",4
trait,4
banks',4
courageous,4
orange,4
diet.,4
"refineries,",4
"worse,",4
mediating,4
crops.,4
patient,4
considerations,4
dish,4
emily,4
collects,4
informed.,4
customers.,4
"true,",4
maintenance.,4
phone's,4
suggests.,4
editing,4
training.,4
psychiatrist,4
film’s,4
portable,4
"accessories,",4
readily,4
cultivating,4
dictates,4
bishop,4
deposit,4
liquidity.,4
survive.,4
carats,4
slip,4
"kouta,",4
"visa,",4
peacefully,4
embassy.,4
(12,4
activate,4
"shanghai,",4
probably,4
bathroom,4
"sky,",4
insulin,4
"unclear,",4
protesting,4
myth,4
archaeologists,4
expressive,4
frustration.,4
kirk's,4
succumb,4
acv,4
sebastien,4
mice,4
arsenal.,4
regulators,4
"institution,",4
"request,",4
feet.,4
"latter,",4
"aleppo,",4
campaign.,4
droughts,4
crucial.,4
"diplomatic,",4
console,4
setbacks,4
rejuvenate,4
himself.,4
naps,4
campaigns.,4
school's,4
riot,4
armenia,4
"interior,",4
downfall,4
finland,4
"store,",4
contradictory,4
celebratory,4
plunged,4
categorically,4
"continents,",4
disclosures,4
stationed,4
2031.,4
hkd,4
uncommon,4
doll,4
sensitivity,4
stunned,4
bungee,4
hama,4
opponent.,4
recommended.,4
intact,4
multimedia,4
"situations,",4
"wall,",4
"need,",4
emotion,4
schedules.,4
benchmarks,4
refuted,4
illuminating,4
anthem,4
chad,4
legislation.,4
joy.,4
darker,4
madagascar.,4
book.,4
color.,4
1988.,4
feasible.,4
crore,4
instead.,4
neighbor,4
sergio,4
"unfold,",4
francesco,4
amman.,4
"autonomy,",4
talia,4
"ah,",4
eyewitnesses,4
seasons,4
son's,4
nomads,4
cne's,4
"witkoff,",4
racing,4
magnitude,4
egas,4
"""china",4
"""tiktok""",4
tolerance,4
life?,4
agreed-upon,4
insecurity,4
inflated,4
"lee,",4
(or,4
hypersonic,4
optimizing,4
"5,200",4
"maneuvers,",4
supplements.,4
reclamation,4
richest,4
assaults.,4
"envoy,",4
normalize,4
yearning,4
coincidence,4
distributed.,4
"sdf,",4
polluting,4
conspiring,4
truce,4
"gigawatts,",4
foundation.,4
91,4
"havana,",4
"suspects,",4
"settlements,",4
seeker,4
"begin,",4
disregarding,4
"watts,",4
affiliation,4
linkedin,4
miran,4
encapsulating,4
upfront,4
goma.,4
"texas,",4
"descent,",4
provincial,4
inject,4
expire,4
öcalan,4
nigeria.,4
believers,4
tall,4
"flights,",4
pre-trial,4
•,4
yisrael,4
shots,4
label,4
"pm,",4
zaporizhya,4
drc.,4
navigates,4
material.,4
defects,4
"powerhouse,",4
capitalized,4
"introduced,",4
began.,4
luxurious,4
mariana,4
structure.,4
jesuit,4
knife,4
"caution,",4
1997,4
fault,4
1.,4
customary,4
"pieces,",4
"vote,",4
squad.,4
successes,4
failures.,4
"absorption,",4
misconceptions,4
indonesia.,4
apparently,4
phones.,4
"seen,",4
rainfall.,4
al-aqsa,4
apples,4
u.s.'s,4
"dead,",4
palette,4
hamid,4
fall.,4
cries,4
arda,4
guler,4
enters,4
lifespan,4
posture,4
prestige,4
socioeconomic,4
evade,4
(sdf),4
"global,",4
"personally,",4
"karakol,",4
ingredients,4
alternating,4
"kushner,",4
light.,4
"weapon,",4
self-determination.,4
notifying,4
versatility,4
dolls.,4
furious,4
sultan,4
steeped,4
"range,",4
characterize,4
sizes,4
product.,4
reversed,4
worse,4
sydney,4
advertisers,4
hongshi,4
jokes,4
reopened,4
asaad,4
exporter,4
high-value,4
"purchases,",4
nursing,4
staggering,4
"suicide,",4
unconventional,4
"5%,",4
“let,4
kidnapped,4
"alert,",4
hurdle,4
blair's,4
inspect,4
bullying,4
…,4
ørsted,4
"favor,",4
inherent,4
barak's,4
i̇mamoğlu.,4
disregarded,4
"anthropic,",4
organizational,4
ready-made,4
admits,4
animals.,4
comprehending,4
nervous,4
bedtime,4
(somo),4
nicknamed,4
benin.,4
surrendering,4
"d’ivoire,",4
retail.,4
hack,4
bases,4
inclination,4
nomination,4
mac,4
30-year,4
"advantages,",4
rituals,4
manufactures,4
"method,",4
motivation,4
councillors,4
conscious,4
auspices,4
totals,4
"mosque,",4
enjoyable,4
amr,4
masks,4
simplifies,4
chuck,4
freeing,4
"expert,",4
constitution.,4
leonardo,4
"preparedness,",4
wages,4
win.,4
illegally.,4
dosage,4
cybercriminals,4
scheduling,4
aquatic,4
"torkham,",4
nominations,4
rahbani’s,4
vacation,4
setup,4
mayan,4
"""el",4
"larijani,",4
makassar,4
"born,",4
successor,4
ron,4
"potential,",4
mourning,4
hayoun,4
factory.,4
starving,4
exceptions,4
"transport,",4
open-ended,4
non-profit,4
eyewitness,4
"firm,",4
remains:,4
"courts,",4
"""yes,",4
"structural,",4
"tobacco,",4
"marches,",4
activated,4
sa,4
n,4
entails,4
patriot,4
"abuses,",4
adaptability,4
"brussels,",4
"resolve,",4
outsiders,4
behind-the-scenes,4
"arafat,",4
intersectional,4
hossam,4
spite,4
"miles),",4
vitamins,4
incursions,4
2004.,4
graphics,4
unveiling,4
cape,4
tso,4
"relationship,",4
"quiet,",4
names.,4
offense.,4
faso’s,4
bou,4
employees.,4
33%,4
"concluded,",4
"improvement,",4
o'byrne,4
figure.,4
paulo.,4
compares,4
"openai,",4
"""one",4
"lands,",4
trajectory.,4
doubling,4
nabih,4
plotting,4
calls.,4
tinh,4
complies,4
awad,4
suarez,4
mette,4
frederiksen,4
classes.,4
shifts.,4
"trees,",4
"flowers,",4
59,4
gemstone,4
"millennium,",4
notes.,4
"busquets,",4
acwa,4
parallels,4
shelter.,4
"asset,",4
"principles,",4
deception,4
reasoning,4
95th,4
verifying,4
"tourists,",4
resting,4
2029.,4
"collapse,",4
tamazight,4
pertains,4
non-arab,4
method.,4
embodied,4
"rabat,",4
mistaken,4
liberation.,4
adviser,4
weaponry.,4
republics,4
moldova,4
hospital.,4
contacted,4
"darfur,",4
trauma.,4
justifies,4
mayoral,4
admitting,4
"slogan,",4
"targeted,",4
mangrove,4
depriving,4
elect,4
"benefit,",4
reacted,4
compensation.,4
cautions,4
"hadath.net,",4
"completely,",4
exclude,4
ceases,4
disarm,4
"timelines,",4
"""action",4
bazaar,4
disturbances,4
accessibility,4
"bloc,",4
minors.,4
starvation.,4
pixel,4
hani,4
communal,4
behaviors,4
"alliance,",4
landslides.,4
bets,4
taken.,4
scholarship,4
built-in,4
final.,4
lightweight,4
"beverage,",4
albert,4
deteriorated,4
voluntarily,4
nuno,4
vertical,4
water's,4
"facts,",4
departure.,4
"registration,",4
fruitful,4
standardization,4
aside,4
"live,",4
unconditional,4
rmb,4
sibling,4
prayers,4
"2000s,",4
everything.,4
vocational,4
drafting,4
salah's,4
sanchez,4
meydan,4
"candidate,",4
"urrutia,",4
interactions.,4
"relief,",4
concise,4
locked,4
"damage,",4
messenger,4
"zuckerberg,",4
obstacles.,4
"lost,",4
wounds,4
7th,4
solidity,4
dissolve,4
"headquarters,",4
lee’s,4
flows.,4
freight,4
ideals,4
start.,4
sport.,4
eroding,4
revered,4
you’ll,4
disabling,4
"successor,",4
israel?,4
93%,4
clock,4
endanger,4
derrick,4
patriarch,4
unhcr,4
principal's,4
punished,4
"""iran",4
duo,4
epstein's,4
mislead,4
bader,4
enriching,4
concentrations,4
khalifa,4
workforce.,4
"despair,",4
optimized,4
stretch,4
"aluminum,",4
secondhand,4
popular.,4
"version,",4
associates,4
impractical,4
transaction.,4
czechoslovakia,4
relocated,4
mobilizations,4
zia,4
tarique,4
pablo,4
"intensified,",4
agonizing,4
symbolized,4
"adds,",4
grip,4
confrontational,4
similarity,4
kabul.,4
duke,4
options:,4
obsessed,4
"encounter,",4
did.,4
degraded,4
contamination,4
searched,4
"privacy,",4
peshekhani,4
"reimposed,",4
9.9%,4
tomb,4
"nausea,",4
ecosystem.,4
fellows,4
decentralized,4
arrangement,4
sixteen,4
40%.,4
rigid,4
sphere.,4
cambodia’s,4
"(tuesday),",4
"accomplishments,",4
"peskov,",4
"spokesperson,",4
baseless,4
weighs,4
"threads,",4
"figure,",4
celebrates,4
oppressive,4
recruited,4
wheels,4
disturbing,4
beaches,4
considerations.,4
tea”,4
"concrete,",4
teens,4
restarting,4
unyielding,4
"evolve,",4
regionally,4
convoys,4
inch,4
disappeared.,4
upgrading,4
coup.,4
victims.,4
rational,4
"fats,",4
worse.,4
millimeters,4
"opened,",4
5.6,4
"""not",4
enough.,4
far.,4
millennia,4
allocations,4
nicolas,4
abd,4
"oregon,",4
deepseek,4
strains,4
video.,4
nigeria's,4
deadlock.,4
beyond.,4
"muhammad,",4
equate,4
supremacy,4
matched,4
climatic,4
commanders,4
vini,4
pakhtunkhwa,4
tunisia.,4
thickness,4
referral,4
ousting,4
"activism,",4
andreas,4
supporter,4
"1,600",4
isfahan,4
uniform,4
uae's,4
"remarked,",4
ayatollah,4
dividends.,4
alejandro,4
"immediately,",4
fed's,4
explains.,4
detention.,4
ronald,4
“are,4
simon,4
ori,4
"else,",4
presenters,4
misinformation.,4
prague,4
tangy,4
treats,4
malian,4
fars,4
van,4
"mistakes,",4
cleared,4
dressed,4
"rahman,",4
imply,4
discussions.,4
eradicating,4
musetti,4
state-backed,4
unsuitable,4
chasing,4
restrictions.,4
paracetamol,4
wars.,4
resemble,4
collateral,4
palestinians',4
startup,4
ignorant,4
"tactics,",4
raseef22,4
femmes,4
undersecretary,4
substantially,4
chants,4
robots.,4
"comprehensive,",4
1.8,4
"droughts,",4
"desertification,",4
"1960,",4
poorly,4
"port,",4
mongolia,4
likened,4
bytedance's,4
storms,4
contradiction,4
declaration.,4
"voice,",4
stays,4
essential.,4
"phone,",4
joan,4
achievement.,4
pair,4
"shipping,",4
"pregnancy,",4
6%,4
"residences,",4
thereafter.,4
tui,4
wandering,4
reinstatement,4
united.,4
contest.,4
lowers,4
"arkan""",4
$2.8,4
"10th,",4
moraes,4
"residency,",4
non,4
"dramatically,",4
disruptive,4
yunis,4
"unemployment,",4
bondi,4
"emerged,",4
"2003,",4
"pride,",4
adams,4
universities.,4
"countryside,",4
"planned,",4
belonged,4
attire,4
auditing,4
ministry.,4
2009.,4
norris,4
mclaren,4
weary,4
dean,4
horizon.,4
2.2%,4
fronts,4
"juncture,",4
encapsulates,4
benzema's,4
panel,4
globe.,4
overthrow,4
crackdowns,4
cheap,4
"salt,",4
agility,4
infectious,4
spiced,4
"ali,",4
$450,4
heart-wrenching,4
cameras.,4
louis,4
mamdani,4
discord,4
"""with",4
"mozambique,",4
demonstrations.,4
guerrilla,4
unjustified,4
infiltrated,4
"verde,",4
saint-germain.,4
diverting,4
garbage,4
newborn,4
deserves,4
trinidadian,4
reggae,4
sewage,4
"iphones,",4
singles,4
"cambodia,",4
christians,4
"rooms,",4
"controversy,",4
motivate,4
nuanced,4
reconsider,4
"misogyny,",4
mid-autumn,4
"al-suwailem,",4
fabian,4
images.,4
dam's,4
bigger,4
"al-hilal,",4
2.7,4
"hands,",4
cent,4
malfunction,4
tower,4
distances,4
"citizenship,",4
reads,4
"warning,",4
uninterrupted,4
indifferent,4
"earthquakes,",4
left-leaning,4
cooperating,4
solidified,4
paved,4
leader.,4
mysteries,4
"local,",4
"warheads,",4
entrances,4
garlic,4
"closely,",4
"gratitude,",4
recommends,4
"peninsula,",4
"seats,",4
amin,4
2025;,4
water;,4
admissions,4
countryman,4
deeply.,4
agrees,4
marrying,4
halim,4
"(e.g.,",4
"routes,",4
icon,4
adulthood.,4
accidental,4
disregards,4
strips,4
independence.,4
"unique,",4
suppressed,4
relate,4
legality,4
walked,4
crater,4
"concern,",4
follows:,4
"reprocessing,",4
magnate,4
pretext,4
writes,4
teeth,4
"rent,",4
mining.,4
functionality,4
outcome.,4
unchanged.,4
praises,4
"martinez,",4
"striker,",4
modernization,4
streamlining,4
withdrawals,4
inflammation.,4
canada.,4
digitalization,4
tracked,4
nderitu,4
exterior,4
thai,4
thoughts.,4
rial,4
staging,4
esteemed,4
inflación,4
complicate,4
على,4
"painful,",4
she’s,4
symbolizing,4
"rainfall,",4
religion.,4
أن,4
solo,4
misusing,4
posters,4
18.,4
sadness,4
"collection,",4
monopolies,4
"2050,",4
inaction,4
solemn,4
"isfahan,",4
af:,4
mota’s,4
inflammatory,4
town.,4
pure,4
"do,",4
amend,4
satan,4
reminding,4
trophies,4
god's,4
arose,4
survivor,4
stressing,4
worlds,4
"track,",4
riyal,4
partisan,4
deposits.,4
indifference,4
mines,4
putin's,4
variant,4
bosnian,4
topix,4
"grid,",4
superiority,4
united's,4
anonymity,4
"provinces),",4
collapses,4
"billion),",4
eurozone,4
"lot,",4
installing,4
unpredictable,4
"aerospace,",4
"promptly,",4
comprised,4
deviation,4
business.,4
carter,4
ammar,4
stakeholders.,4
"reportedly,",4
reserves.,4
"company.""",4
unfairly,4
assassination.,4
ouarzazate,4
preparation.,4
estates,4
basel,4
exams,4
industrialization,4
"bank.""",4
west.,4
5%.,4
3.7%,4
iteration,4
high-profile,4
elanzanetant,4
nights,4
then.,4
refining,4
sway,4
"politically,",4
diversion,4
"screen,",4
installations,4
"crimes,",4
diploma,4
symptom,4
proudly,4
sever,4
dictate,4
misdemeanor,4
stereotypes.,4
floating,4
quarter-final,4
gray,4
avocados,4
filmed,4
"gmt),",4
cherish,4
switching,4
federico,4
merger,4
entirety,4
"chains,",4
shireen,4
"0.7%,",4
placebo,4
"vulnerable,",4
rajhi,4
13.5,4
interfering,4
contractors,4
parking,4
etc.,4
you’ve,4
oliver,4
defy,4
"map,",4
nader,4
pretending,4
deforestation.,4
bypass,4
mother's,4
unborn,4
"gap,",4
mp,4
"guard,",4
appointments,4
hired,4
works.,4
tumbler,4
volcanic,4
autism,4
(mou),4
philadelphia,4
collapsing,4
museum's,4
1.7%.,4
edition.,4
indications,4
e-signatures,4
fisheries,4
lanka.,4
large.,4
omega-6,4
"founder,",4
dinamo,4
geneva,4
snapchat,4
s-400,4
feature.,4
"unit,",4
ghanaians,4
"exhaustion,",4
luck,4
exam,4
(photo,4
embarrassing,4
seamlessly,4
teas,4
manifestations,4
violet,4
globe,4
karnak,4
disagree,4
pastures,4
thank,4
jp,4
"coexistence,",4
proves,4
andreessen,4
overwhelmed,4
top.,4
"hub,",4
"everyone,",4
lung,4
antitrust,4
cautioned,4
objective.,4
nation’s,4
humility,4
"forests,",4
nippon,4
unregulated,4
printed,4
imf,4
set.,4
"camp,",4
"loved,",4
supermarkets,4
"dispute,",4
whooping,4
taboo,4
critical.,4
recycled,4
foremost,4
unwilling,4
uniquely,4
"inside,",4
marginalised,4
"engagement,",4
uniting,4
apple.,4
2015.,4
world?,4
104,4
timeframe,4
else.,4
other;,4
26th,4
(and,4
“so,4
rajasa,4
elderly.,4
discouraged,4
"levitt,",4
quantum,4
spared,4
"subsidiary,",4
"economies,",4
source:,4
sierra,4
karara,4
"horowitz,",4
filtered,4
"colonialism,",4
planet,4
"aviation,",4
psychology,4
extermination,4
"impossible,",4
optical,4
conversations.,4
noon,4
"train,",4
"chicago,",4
152.4,4
"machado,",4
validity,4
tranquility,4
unemployment.,4
"scientists,",4
involvement.,4
moderation,4
"fall,",4
من,4
sanctioned,4
"safe,",4
everywhere.,4
fitness,4
"macron,",4
left.,4
u-20,4
también,4
newspaper.,4
anti-muslim,4
reddit,4
pregnancies,4
scars,4
line.,4
magical,4
melt,4
audiovisual,4
craft.,4
societies.,4
buffer,4
"zones,",4
gender.,4
"financial,",4
vr,4
alegre,4
rivals.,4
instrument,4
66,4
life-threatening,4
yoo,4
invalid,4
"giant,",4
unchecked,4
terrorists,4
family's,4
aboard,4
"""even",4
punishable,4
sherif,4
"""truth",4
"social""",4
looms,4
flaw,4
"illegal,",4
besides,4
wildfires,4
"resource,",4
instability.,4
sun's,4
feeding,4
"65,000",4
oppression.,4
stipulated,4
lualaba,4
cobalt,4
takeaway,4
jamaica.,4
class.,4
philosophy,4
spam,4
qiddiya,4
"""modon""",4
"dubai,",4
footballers,4
volunteering,4
circumference,4
compiled,4
bloc,4
"mountains,",4
donation,4
reactivation,4
“some,4
"detentions,",4
azerbaijan.,4
abandonment,4
wetlands,4
115,4
malware,4
pseudonym),4
tunnels,4
"missions,",4
anis,4
dishes.,4
definitely,4
"inhabitants,",4
impressed,4
al-qura,4
ferrari,4
7.5,4
sentences.,4
$8,4
24-karat,4
brothers.,4
uk’s,4
"purchasing,",4
habitat,4
nasa,4
"usual,",4
low.,4
airways,4
reduction.,4
kuala,4
two-day,4
confidential,4
elsewhere.,4
jensen,4
clinics,4
bribery,4
farewell,4
leafy,4
"adversaries,",4
casablanca,4
retention,4
depicting,4
recordings,4
elevating,4
state;,4
fiction.,4
newsroom,4
pride.,4
top-ranked,4
"parks,",4
"left,",4
2024-2025,4
"opponents,",4
upheaval,4
2-0,4
downloaded,4
"brotherhood,",4
meta’s,4
installment,4
limited.,4
merged,4
"neglect,",4
pfizer,4
granddaughter,4
roots.,4
3.1%,4
(au),4
"24,000",4
"nile,",4
forging,4
photo:,4
"embargo,",4
bookings,4
"behavior,",4
"ethnicity,",4
pape,4
"timeframe,",4
descriptions,4
"ethnic,",4
individuals',4
slavery,4
christopher,4
denounced,4
patiently,4
6.7,4
confederations,4
"mentioned,",4
"excitement,",4
18-karat,4
4.,4
murdering,4
"facility,",4
perseverance,4
hegseth's,4
12.,4
"alternatively,",4
gathers,4
distributions,4
ensuing,4
"photos,",4
speed.,4
inevitably,4
desired,4
"commitments,",4
"rocks,",4
"kabul,",4
hoped,4
format,4
"brain,",4
vitality,4
disproportionate,4
skull,4
shocks,4
barren,4
vatican,4
nasa's,4
psychologist,4
escalates,4
ore,4
vie,4
styles.,4
ceos,4
infection,4
gravitational,4
quicker,4
endeavor.,4
"treatment,",4
"exhausted,",4
"compensation,",4
leaping,4
regulation.,4
progression,4
"suffering,",4
"england,",4
weak.,4
hausa,4
"little,",4
imminent.,4
stemmed,4
"surgery,",4
harris,4
"frigate,",4
feeds,4
"1980s,",4
minorities.,4
17%,4
"ideologies,",4
$70,4
starlink’s,4
adaptation,4
stimulating,4
"arrival,",4
tournaments.,4
"hour,",4
"gaza.""",4
brl,4
settlers.,4
mongolia.,4
42%,4
"places,",4
colleague,4
coast.,4
failed.,4
boom,4
francs.,4
campus,4
"provisions,",4
“these,4
1.9%,4
shields,4
quranic,4
observed.,4
"festival,",4
280,4
larijani,4
commemoration,4
"palestine""",4
flash,4
blowing,4
"birds,",4
persuading,4
fearful,4
"cafes,",4
inaccessible,4
unites,4
"adams,",4
"600,000",4
precedence,4
crush,4
single-use,4
memo,4
"12,000",4
novels,4
demolished,4
iraqi-turkish,4
imad,4
inherently,4
warming,4
"celsius,",4
teapot,4
legitimize,4
perpetuating,4
dated,4
germany),4
0.2%.,4
cancelling,4
на,4
"oman,",4
mekelle,4
spontaneous,4
briefing,4
"earthquake,",4
perfectly,4
"(ftc),",4
tata,4
"""as",4
society.”,4
elevation,4
flower,4
succumbed,4
nubia,4
headquarters.,4
columnists,4
participants.,4
facility.,4
distinguishing,4
arsenals,4
minus,4
lethal,4
"joy,",4
sarajevo,4
chan,4
noha,4
blessed,4
useful,4
persistently,4
panels.,4
(gdp).,4
stretched,4
collaborations.,4
frank,4
upload,4
elites,4
riad,4
epstein,4
null,4
void,4
"responsibilities,",4
"can,",4
123,4
"20%,",4
circuits,4
importers,4
connections.,4
2.8%,4
"airstrikes,",4
confine,4
"craft,",4
"directions,",4
sainz,4
modifications.,4
extremism,4
15-year,4
weren’t,4
ward,4
unaffected,4
"measures""",4
"baku,",4
heat.,4
"over,",4
(over,4
según,4
es,4
plain,4
"e-commerce,",4
aspiring,4
fourth-largest,4
"dialogues,",4
bridges,4
"ii,",4
preferential,4
placement,4
plaza,4
"1,300",4
dollars),4
fumes,4
easily.,4
jezero,4
"films,",4
público,4
condition.,4
"church,",4
branded,4
gentle,4
generous,4
categorizing,4
community’s,4
futuristic,4
liu,4
sad,4
thirty,4
"monitoring,",4
pipelines,4
circumventing,4
tigris,4
anti-corruption,4
mikel,4
2.2,4
equalized,4
sons,4
perplexed,4
bothersome,4
restricts,4
dialect,4
salama,4
"doors,",4
seats.,4
productions,4
bacterial,4
animation,4
1947,4
"character,",4
"moldova,",4
advertisements.,4
authorization,4
"commitment,",4
resided,4
inhumane,4
williams,4
"denmark,",4
dzud,4
"review,",4
"neighbor,",4
"factories,",4
reservoir,4
"view,",4
default,4
upstream,4
"uganda,",4
many.,4
$3,4
"axis,",4
"""his",4
mocking,4
assaulting,4
accessible.,4
"""mecca",4
israelis.,4
"fahmy,",4
gwang,4
naming,4
redirecting,4
rethinking,4
"norway,",4
extractive,4
atop,4
rosatom,4
flowed,4
parcels,4
verge,4
"closed,",4
gone.,4
fabric.,4
"seasons,",4
"santos,",4
"10%,",4
"unions,",4
"did,",4
iranian-backed,4
alberto,4
firsthand,4
breeding,4
ramanush,4
disobedience,4
strain.,4
"manufacturers,",4
"cameras,",4
classrooms,4
sides.,4
time.”,4
mural,4
"achieved,",4
"transparent,",4
integrates,4
"rents,",4
"discussion,",4
editions,4
knowledgeable,4
hackers,4
qualifiers,4
30-year-old,4
totaled,4
ultra,4
mostar,4
‘‘,4
reaffirm,4
spreads,4
continuously,4
disabled,4
arabiya,4
“state,4
"connections,",4
tries,4
grows,4
gloves,4
55%,4
45%,4
tortured,4
anti-government,4
advertisements,4
"creativity,",4
artists.,4
lost.,4
loves,4
"constitutional,",4
sinai,4
neom,4
decay,4
baba,4
can't,4
despair,4
penal,4
defines,4
forests.”,4
womanhood,4
three-day,4
activists.,4
narrowed,4
sight,4
explanations,4
"interviews,",4
interception,4
meta.mk,4
lin,4
chun,4
shui,4
offenders,4
"iraq.""",4
tested,4
filip,4
(one,4
reputations,4
articulated,4
cardboard,4
firefighting,4
refineries,4
patriarchy,4
2%.,4
first.,4
"neighborhoods,",4
say.,4
traveler,4
reactivated,4
self,4
"participate,",4
left:,4
peaceful.,4
nationalism,4
pardon,4
woke,4
"reading,",4
alerted,4
assemble,4
birthday.,4
"outlet,",4
al-ettifaq,4
"pezeshkian,",4
completed.,4
"brasil,",4
jihad,4
"""israel",4
well-thought-out,4
dissenting,4
"años,",4
them?,4
claudia,4
nueva,4
lucy,4
foro,4
manuel,4
obrador,4
"plays,",4
"displaced,",4
greeted,4
uncover,4
"astronomy,",4
"diaspora,",4
"early,",4
words:,4
dani,4
robot's,4
1960,4
airline's,3
folded,3
spectators.,3
bell,3
mayo,3
"supportive,",3
confinement,3
"tender,",3
charm,3
"(rsf),",3
gdc,3
"write,",3
"beaten,",3
transistors,3
interpersonal,3
"disappointing,",3
runners,3
adversary,3
ayvalik,3
settlements.,3
posits,3
density,3
"""umm",3
darjeeling,3
was.,3
medina,3
unbeaten,3
taj,3
centerpiece,3
miami.,3
exporters.,3
statistic,3
plan's,3
128,3
institution.,3
taposiris,3
deity,3
standardized,3
stock.,3
mauritania.,3
multi-dimensional,3
"rodri,",3
unknown.,3
cuando,3
confrontation.,3
scratch,3
"hemisphere,",3
hansi,3
convictions,3
"released,",3
ceramic,3
england's,3
coalition's,3
clearance,3
derive,3
boycotted,3
"reporters,",3
togolese,3
french.,3
"songs,",3
lutnick,3
accord,3
pearl,3
ranking.,3
farzana,3
shock.,3
iryna,3
"surges,",3
science.,3
miraculous,3
orientation,3
planning.,3
lobbying,3
extremists.,3
screenings,3
lots,3
erratic,3
tagging,3
shehab,3
andrei,3
treaties,3
rigged,3
trading.,3
designing,3
opinions.,3
marcelo,3
"shortly,",3
ill,3
"vulnerabilities,",3
battleground,3
"samir,",3
preserved,3
"healthy,",3
insurmountable,3
benches,3
contiguous,3
launchers,3
"theater,",3
$2.1,3
browse,3
"enrique,",3
modification,3
amputation,3
"""laying",3
"draw,",3
pollute,3
"""al",3
guyanese,3
noubel,3
testify,3
charge.,3
bosworth,3
sensor,3
53%,3
intrusive,3
fragility,3
"weekend,",3
chichester,3
you?,3
isolation;,3
"mediators,",3
"predators,",3
prosecute,3
"philosophy,",3
sumitomo,3
sidewalk,3
question.,3
incentivize,3
flocked,3
$3.5,3
"literacy,",3
"welfare,",3
fatma,3
doha.,3
tyap,3
"farmland,",3
us.”,3
applause,3
"""hezbollah""",3
distanced,3
salam's,3
passed.,3
film.,3
specifies,3
cuba.,3
eighteenth,3
1.35,3
dividing,3
nursery,3
24.,3
araghchi,3
messages.,3
8.7,3
ramses,3
repairs,3
tunnel.,3
complaints.,3
"""abu",3
"pass,",3
jens,3
unequal,3
actionable,3
labor.,3
commercialization,3
algeria.,3
feedback.,3
associate,3
columbia,3
"lawsuit,",3
labourers,3
"act""",3
credentials,3
tag,3
"squalene,",3
important.,3
defendant's,3
broadcasts,3
attach,3
labels,3
infiltrate,3
"background,",3
poverty.,3
explosives,3
parcel,3
ma'aden's,3
freshwater,3
djibouti,3
recklessness,3
36th,3
messi's,3
volvo,3
26.,3
floors,3
sabri,3
fintech,3
unlicensed,3
"wirtz,",3
deciding,3
caps,3
spaniards,3
5.4%,3
poisoned,3
"islami,",3
jenin.,3
hathaway's,3
1.3%.,3
"memes,",3
amino,3
"""daily",3
57th,3
“more,3
backup,3
1-2,3
"summits,",3
"performance.""",3
"besides,",3
normal.,3
resentment,3
anicet,3
condolences,3
gulf.,3
(somo).,3
nile's,3
summit.,3
killings.,3
"marquinhos,",3
ampat,3
squares,3
entries,3
decolonization,3
basket,3
downtown,3
"geneva,",3
"africa,”",3
endeavors,3
stole,3
bulletin,3
luka,3
unanswered.,3
environmentalists,3
allah,3
"""",3
“white,3
"technologists,",3
"tanzania,",3
"returned,",3
publications,3
body’s,3
undergoes,3
indicate.,3
motorcycle,3
breaches.,3
roseires,3
"podium,",3
25-year,3
helicopter,3
"benchmark,",3
watermelon,3
(ap).,3
hesitated,3
depth.,3
"lighting,",3
"ammunition,",3
escalation.,3
cannabis,3
destinations.,3
neural,3
pro-ethiopian,3
garment,3
contradict,3
petro's,3
"""united",3
companies',3
"34,000",3
dc,3
reconstruct,3
"""democracy",3
clement,3
81,3
returns.,3
seated,3
ruler,3
daring,3
plateau,3
"operators,",3
readymade,3
paired,3
"fray,",3
sorbonne,3
gabès,3
behind.,3
breathed,3
dehumanize,3
overlapping,3
scott,3
sisi,3
australia.,3
"herself,",3
"detail,",3
bulk,3
renovation,3
"scarcity,",3
credibility.,3
"provocations,",3
planck,3
"fattah,",3
96,3
archaeologist,3
"personal,",3
collapse.,3
funeral,3
"crude,",3
hariri,3
anodized,3
akhal-teke,3
venture.,3
second.,3
"testing,",3
reconfiguration,3
classifies,3
slovenia,3
injecting,3
thigh,3
terror,3
crater.,3
ambassadors,3
television.,3
argentina.,3
surging,3
ip,3
complement,3
relaxation,3
alexandre,3
"completed,",3
ms:,3
there;,3
injection,3
199,3
calorie,3
70th,3
outperforming,3
"opec+,",3
invite,3
"arteta,",3
breakthroughs,3
congested,3
dinero,3
"extremists,",3
ese,3
hisham,3
"tennessee,",3
humiliating,3
"files,",3
internally.,3
entre,3
"intake,",3
functions.,3
neglecting,3
taiwan’s,3
encountering,3
badawi,3
tejada,3
manifests,3
"layers,",3
yogurt,3
amendments.,3
"gambia,",3
webinar,3
tapestry,3
modernity,3
affirms,3
caffeinated,3
"behalf,",3
"""hespress"".",3
"""cultural",3
"phenomenon,",3
illness,3
"often,",3
"returnees,",3
mustafizur,3
festivals,3
“police,3
exhausted,3
displaced.,3
retaliated,3
al-hijri,3
apparent.,3
entail,3
"disposal,",3
toilet,3
"behind,",3
underreported,3
"owner,",3
patriotic,3
haider,3
sindh,3
"episode,",3
al-islam,3
al-salhani,3
clarification,3
"prosperous""",3
underutilized,3
dimensions,3
repurposed,3
"gvir,",3
magnets,3
beryl's,3
bruises,3
elaborated,3
tamer,3
21-item,3
mufflin,3
renaming,3
"influencers,",3
"cry,",3
confessions,3
agência,3
"default,",3
invests,3
0.1,3
representation.,3
high-ranking,3
borne,3
remarked:,3
70%.,3
herzegovina.,3
angeles.,3
"dolls,",3
"1990,",3
mazen,3
"computing,",3
performs,3
intrinsic,3
commences,3
"9,000",3
smog,3
downloads,3
spike,3
inequalities.,3
investigated,3
"votes,",3
reassured,3
upholds,3
congresswoman,3
seng,3
checked,3
toppling,3
"arrogance,",3
"biden,",3
mahsa,3
amini,3
non-permanent,3
"reputation,",3
raided,3
velma,3
overshadow,3
repórter,3
high-performance,3
"logic,",3
carnegie,3
"we,",3
gifted,3
billion-dollar,3
devising,3
"timing,",3
endorse,3
economically.,3
neighborhood.,3
aesthetic,3
standpoint.,3
chattha,3
"""green""",3
"luxor,",3
daylight,3
"texts,",3
5.5,3
spotify's,3
"considered,",3
hadi,3
mature,3
"weather,",3
blockade.,3
gymnastics,3
minds.,3
makeshift,3
poorest,3
"lanka,",3
guarantees.,3
khudair,3
evin,3
distances.,3
coordination.,3
"alexandria,",3
turmeric's,3
tarneeb,3
"condemnation,",3
issue;,3
interprets,3
"0.8%,",3
"contributions,",3
"""how",3
idr,3
pioneer,3
microns,3
reckless,3
creatures,3
thailand's,3
stakeholder,3
echoes,3
validating,3
sentiment.,3
"habits,",3
"penalties,",3
read:,3
front.,3
"show,",3
balkans,3
"pateh,",3
"kirk,",3
pillar,3
obligating,3
1.196,3
acquitted,3
fold,3
"breaks,",3
"salam,",3
urmia,3
distribution.,3
secularism,3
"volunteers,",3
hampered,3
inequality.,3
49%,3
cheating,3
abdul-ghani,3
"completion,",3
"huang,",3
ragheed,3
wrestling,3
"customs,",3
anti-communist,3
calm.,3
scholarships,3
al-qaeda's,3
"hikes,",3
workplace.,3
"tracking,",3
"gone,",3
blogger,3
affluent,3
months',3
"contract,",3
al-zahid,3
nasal,3
"breathing,",3
"virginia,",3
"1.5%,",3
"wins,",3
reconciliation.,3
center-back,3
educator,3
(uavs),3
masters,3
"cultures,",3
kong.,3
goalkeeping,3
cashews,3
leak,3
faraway,3
perplexity,3
benposta,3
non-food,3
we'll,3
"prosecutors,",3
"lópez,",3
"fuels,",3
"250,000",3
"devastating,",3
breathe,3
gomes,3
heatwaves,3
senegal.,3
skewed,3
inciting,3
karaj,3
mario,3
mw,3
360,3
"artisans,",3
"hopes,",3
coverage.,3
s,3
jamaica’s,3
tackled,3
nets,3
napoli,3
tests.,3
"endurance,",3
possibility.,3
much.,3
"investigations,",3
"clients,",3
joswiak,3
predecessors.,3
1970s,3
"cubes,",3
"low,",3
possessed,3
owed,3
"assistant,",3
estimations,3
"wealth,",3
yannick,3
safely,3
burgeoning,3
faced.,3
laver,3
novak,3
arne,3
"parisa,",3
unspoken,3
"fragile,",3
ugandan,3
evidence.,3
(though,3
"outage,",3
sami,3
"nonetheless,",3
buses,3
diameter,3
herbs,3
"sides,",3
housed,3
gallons,3
coalitions,3
meanings,3
“brazilian,3
more:,3
federation.,3
|,3
’,3
rawalpindi,3
throwing,3
happen.,3
"5,100",3
gold.,3
silver.,3
quotes,3
lebedev,3
"editors,",3
mars',3
rita,3
diana,3
overwhelming.,3
colliding,3
dangerously,3
picasso's,3
well-off,3
derna,3
static,3
punishments,3
efficiently.,3
mindfulness,3
terrain.,3
fetched,3
"fluctuations,",3
lar,3
compliance.,3
(men),3
"television,",3
asean,3
lithium-ion,3
successful.,3
özkan,3
afghanistan’s,3
paramedics,3
tarnishing,3
sandinista,3
reaffirms,3
sul.,3
fordow,3
subh,3
daily’s,3
divest,3
deep-sea,3
"baghdad,",3
disappearing,3
"tunisian,",3
"egyptian,",3
ismat,3
"abdullah,",3
arthroscopic,3
154,3
"unrwa,",3
long-established,3
"khamenei,",3
priority.,3
tastes,3
hasht-e,3
bershkot,3
25.,3
"šutar,",3
envisioning,3
khawaja,3
asif,3
breath.,3
directors',3
contempt,3
provocation.,3
"productivity,",3
“most,3
adyghe,3
supposedly,3
"""dpa"".",3
premiered,3
indelible,3
ancestors.,3
inefficiency,3
obstructive,3
mentally.,3
"drug,",3
assessed.,3
upright,3
right:,3
"monaco,",3
lower-income,3
asset.,3
exclaimed:,3
contender,3
"(monday),",3
vigilant,3
enforces,3
morrissey,3
postgraduate,3
"metres,",3
outpacing,3
artificially,3
punishing,3
likening,3
incurred,3
exhausting,3
physically.,3
revolves,3
recognizable,3
"compliance,",3
10.,3
statutes,3
fishermen.,3
accessed,3
alkaline,3
heroic,3
constructors',3
authorize,3
franklin,3
contemplation.,3
"neck,",3
till,3
stuff,3
munich.,3
run.,3
7-6,3
"go,",3
storytelling.,3
"fever,",3
turki,3
francisco.,3
weighted,3
12),3
rejected.,3
syrians.,3
tv.,3
americans.,3
pen,3
"plan""",3
hold.,3
"self-portraits,",3
"unknown,",3
towering,3
"bribery,",3
thailand.,3
"lutein,",3
raped,3
"18,000",3
"apparent,",3
"ltd.,",3
conceptual,3
deportation.,3
"theatre,",3
simplifying,3
jang,3
translators,3
"33,000",3
road-blocking,3
economista,3
pereira,3
qir,3
transport.,3
mopti,3
me?,3
"top,",3
incited,3
"lumpur,",3
tonnes,3
oscar,3
facebook.,3
fawzi,3
corresponds,3
securities.,3
7.6%,3
"trials,",3
ai-related,3
ta,3
kung,3
(sama),3
brotherhood's,3
"shocking,",3
attraction,3
"visitors,",3
"speakers,",3
deductions,3
denial,3
"colonized,",3
wakes,3
(rsf),3
centres,3
recruiting,3
"affordability,",3
(women),3
comeback,3
grandmothers,3
reads:,3
chandan,3
merit,3
lufthansa,3
competencies,3
wealth.,3
maputo,3
"2004,",3
complexes,3
"playing,",3
precedents,3
attempts.,3
"injustice,",3
malagasy,3
0.25,3
kamala,3
arena.,3
"identities,",3
51%,3
mayors,3
pact,3
post-soviet,3
destination.,3
"prisoners,”",3
margin.,3
"(spa),",3
bassem,3
repeal,3
"farms,",3
comerciante,3
illuminated,3
oval,3
contaminate,3
"130,000",3
momentum.,3
renewal.,3
advisors,3
"homs,",3
angola,3
safa,3
15%.,3
2029,3
master's,3
east”,3
arabness,3
motivations.,3
“for,3
"silenced,",3
pavilion,3
shehbaz,3
engulfed,3
walter,3
embassies,3
autumnal,3
lag,3
accordingly.,3
sympathy,3
salvadoran,3
permissions,3
evading,3
reselling,3
appealed,3
rays,3
prepares,3
"refuge,",3
radiation,3
quran,3
"""haaretz,""",3
"suspension,",3
interaction.,3
"benzema,",3
occasions,3
concurred,3
"sweeteners,",3
lagging,3
tighten,3
(15,3
examination.,3
crumble,3
pioneers,3
settlers,3
не,3
groves,3
"jacy,",3
"tears,",3
deportees,3
trailer,3
forever,3
decisively,3
está,3
"unexpectedly,",3
"panels,",3
228,3
congress.,3
incorruptible,3
simulations,3
locating,3
breaks,3
"exercise,",3
masculinity,3
"""gemini""",3
ignored.,3
attacker,3
murder.,3
untreated,3
processor,3
"worry,",3
"occurrences,",3
oman's,3
consortium,3
omani,3
dungans,3
silenced,3
npr,3
part.,3
"time),",3
uc,3
"missile,",3
"exists,",3
"with,",3
"gujranwala,",3
unanimous,3
dubai.,3
personal.,3
ups,3
hopefully,3
beneficiary,3
decision-making.,3
alternatives.,3
"matches.""",3
reimpose,3
zakharova,3
coping,3
crown.,3
closed.,3
"step,",3
texts,3
"bullets,",3
mri,3
scanners,3
modified,3
"1925,",3
"dammam,",3
ligt,3
"cards,",3
"lawmakers,",3
overcome.,3
turkic,3
censoring,3
"directive,",3
toppled,3
tunisians,3
expenditure,3
evil,3
responded:,3
pre-employment,3
symbolizes,3
spot.,3
anti-migrant,3
overweight,3
jaber,3
al-ahmad,3
materialize.,3
athletes.,3
warrants,3
"giants,",3
precio,3
monopolistic,3
infant,3
"fibers,",3
evolve.,3
heartfelt,3
non-performing,3
3.3,3
decriminalized,3
required.,3
"churches,",3
"compromised,",3
karki,3
8th.,3
"representative,",3
geographically,3
gv:,3
audit,3
ecuador,3
glitch,3
peers.,3
polarization,3
nada,3
district.,3
option.,3
blaze,3
kelsey,3
"functioning,",3
shoulders.,3
thwart,3
realised,3
optimus's,3
north.,3
relinquish,3
chatbots.,3
"$3,739.20.",3
arid,3
chilean,3
smith,3
dialogue.,3
weight.,3
publisher,3
tightly,3
trump;,3
inked,3
blackrock,3
"fresh,",3
egregious,3
complicity,3
civilization,3
ict,3
"milan,",3
sums,3
dudh,3
"peas,",3
"ez-zor,",3
90th,3
exploratory,3
fly,3
yangon,3
surely,3
point:,3
"teaching,",3
redistribution,3
hanoun,3
non-biodegradable,3
"secure,",3
sir,3
"kurdish,",3
qualcomm.,3
entitlement,3
monitoring.,3
"midfielder,",3
"haaland,",3
pipeline.,3
al-hawl,3
(iaea).,3
“women,3
btk,3
18–29,3
same.,3
"fires,",3
soil.,3
shekels,3
retreating,3
"acquaintances,",3
revolve,3
usd.,3
beforehand.,3
tiles,3
studio.,3
community-based,3
"speak,",3
perpetuates,3
keeps,3
axios,3
anti-tank,3
"""france",3
ekrem,3
"charges,",3
triggering,3
organization’s,3
surprisingly,3
158,3
luminous,3
jobs.,3
"break,",3
"winds,",3
"presentation,",3
proceeding,3
individually,3
erode,3
"""world",3
profiting,3
"chelsea,",3
overhaul,3
sharghi,3
"""clear",3
narcotics,3
yoav,3
areas:,3
bars,3
bed.,3
"arnault,",3
"much,",3
they'll,3
phuchka,3
rheinberg,3
"analyzed,",3
"portfolios,",3
“you’re,3
drill,3
katrina,3
mediatek,3
paragraphs,3
"rising,",3
flavours.,3
curricula,3
canvas,3
nigel,3
collaborates,3
ceded,3
blackout,3
embabi,3
lifelong,3
treasures,3
starring,3
"floors,",3
wherever,3
listened,3
felled,3
buildup,3
resembling,3
dreaming,3
anti-aircraft,3
kazakhstani,3
marina,3
distract,3
hydration,3
"tokens,",3
examinations.,3
"survived,",3
sanqi,3
pond,3
jia,3
criminality,3
0.1%.,3
"75%,",3
revived,3
"desperation,",3
dealers.,3
prerequisite,3
"supervision,",3
austria.,3
captivated,3
sprawling,3
content-sharing,3
scams,3
erasure.,3
igor,3
industry's,3
"outright,",3
"broadly,",3
sit-in,3
imposes,3
jet,3
shadows.,3
reza,3
"mousavi,",3
favors,3
individual’s,3
spender,3
horizon,3
"araqchi,",3
scarcity.,3
“evacuation”,3
bayan,3
obo,3
baked,3
petersburg,3
leaning,3
"invasion,",3
"""european",3
"search,",3
holger,3
assembled,3
upset,3
dispersal,3
9.5,3
dissonance,3
legalizing,3
antique,3
farms,3
"""without",3
omega-3,3
neurological,3
genes,3
proteins,3
treacherous,3
liverpool.,3
“is,3
muy,3
13.,3
cruelty,3
athletics,3
deeds,3
tyler,3
trillionaire,3
gazans,3
unreasonable,3
grounds.,3
hanna,3
reimagine,3
majid,3
al-fawzan,3
shaking,3
pro-impeachment,3
"patriarchy,",3
metabolism,3
13-year-old,3
scaffolding,3
"overnight,",3
"fatimata,",3
pump,3
manifested,3
reactivating,3
void.,3
"inclusive,",3
jury,3
floods.,3
pensions,3
yitzhak,3
"rabin,",3
methodology,3
"normal,",3
governs,3
rehabilitate,3
"biodiversity,",3
kenya's,3
"mansour,",3
occurred.,3
unintended,3
vanish.,3
lows,3
festive,3
interesting,3
championships.,3
susan,3
"spoke,",3
contemplating,3
disbursed,3
incur,3
revenues.,3
e-government,3
area's,3
task.,3
gait,3
"concepts,",3
well-organized,3
step.,3
speeds,3
"kitchen,",3
"economically,",3
army.,3
"individuals.""",3
assign,3
degradation.,3
"kilometers,",3
"monthly,",3
"nintendo,",3
"hassan,",3
sentiments.,3
ted,3
expel,3
"seekers,",3
jeune,3
86%,3
"""vision",3
"chemicals,",3
"entrepreneurship,",3
othman's,3
mocked,3
"""and",3
"prevention,",3
"endure,",3
najla,3
differently.,3
generation’s,3
frontlines,3
"where,",3
"volume,",3
extraordinary.,3
woodlands,3
"complexities,",3
milestones,3
length,3
overlooks,3
asylum.,3
divides,3
faction,3
"measures.""",3
“horus,3
detainees.,3
"natural,",3
"storage,",3
"dublin,",3
martínez,3
"2010s,",3
"archive,",3
al-fataerji,3
"distance,",3
blue.,3
diminish,3
performers,3
clubs.,3
immersion,3
algiers.,3
angolan,3
huckabee,3
inhabited,3
gasimov,3
sharia,3
reflected.,3
compass,3
"worlds,",3
doors.,3
certification,3
february.,3
islander,3
knowledge.,3
"unfair,",3
"unjust,",3
"ends,",3
>,3
teesta,3
pour,3
statehood,3
andrea,3
juventus,3
finances.,3
strong.,3
950,3
shortlist,3
aksyonov,3
"demonstrations,",3
"calm,",3
regret.,3
review.,3
co-operation,3
jimoh,3
"telecommunications,",3
saied,3
"anwar,",3
hindus,3
pahlavi,3
iranrud,3
symposium,3
losses.,3
brush,3
"metal,",3
"(britain,",3
protector,3
arabiya.,3
antes,3
livestock.,3
redress,3
fishers,3
wiped,3
destabilize,3
serbia,3
meter.,3
"functions,",3
"measure,",3
"future.""",3
diplomas,3
outflows,3
goyal,3
absurdity,3
"montreal,",3
"were,",3
caesar,3
scratches.,3
survives,3
supremacy.,3
"twenties,",3
jamaicans,3
inferiority,3
defends,3
stronger.,3
well-established,3
problems.,3
desperation,3
sermon,3
ziyad,3
free-market,3
ming-chi,3
assad's,3
nos,3
creators.,3
"brentford,",3
exhaustion.,3
sing,3
abortion.,3
emperor,3
lewandowski,3
"opinions,",3
"fadel,",3
abusive,3
fates,3
trainings,3
uganda,3
yedioth,3
sangita,3
swechcha,3
(ss):,3
"circle,",3
walcott,3
overnight,3
less.,3
legitimacy.,3
pollution.,3
artist's,3
ninety,3
archdiocese,3
federation's,3
incorrect.,3
skyrocketed,3
"helwan,",3
khella’s,3
"desires,",3
"loan,",3
"barrack,",3
endurance,3
utilities,3
tracing,3
"medicines,",3
protest.,3
earns,3
is.,3
rouse,3
darkness,3
"heights,",3
"substances,",3
driver's,3
"""hidden",3
addressed.,3
abrupt,3
"meals,",3
"versions,",3
boris,3
pipes.,3
nivkh,3
decision-makers,3
orphaned,3
"exhibitions,",3
governorate's,3
longevity.,3
colombian,3
personalities,3
baseball,3
"lakes,",3
fairouz,3
unanimously,3
"""talk",3
palladium,3
"2025""",3
"7,200",3
"first""",3
"unresolved,",3
painter,3
popularly,3
bubbles,3
regimes.,3
"algae,",3
region:,3
cites,3
"ironically,",3
motivating,3
gendy,3
awaits,3
government-organized,3
"histories,",3
ton.,3
rekindled,3
nightly,3
"debray,",3
transformations.,3
offenses,3
"calls,",3
4.4%,3
stabilizes,3
"forever,",3
person's,3
bárbara,3
houtung,3
"taipei,",3
debt-to-gdp,3
400-meter,3
axios.,3
al-arabiya,3
dive,3
"dishes,",3
"neves,",3
psychology.,3
16%.,3
"designs,",3
interbank,3
tripling,3
navigated,3
"lists,",3
afrin,3
coats,3
"location.""",3
yanbu,3
2034.,3
pornographic,3
"rebels,",3
trend:,3
venezuelans.,3
mikkelsen,3
transit,3
hurricane-force,3
outward,3
"laos,",3
"mongolia,",3
bypassing,3
intact.,3
pattern:,3
dismiss,3
incentive,3
"slowness,",3
levantine,3
ltd.,3
"superior,",3
ukrainian-speaking,3
undisclosed,3
42nd,3
musician,3
roger,3
cocoa,3
day-to-day,3
grealish,3
neutrinos,3
emitted,3
abdallah,3
standoff,3
dispute.,3
church?,3
"unrestricted,",3
"spanish,",3
troubles.,3
sameh,3
"persons,",3
confrontations.,3
"clashes,",3
"classrooms,",3
outside.,3
joyful,3
vitinha,3
"walking,",3
"trainer,",3
fail.,3
jurcic's,3
hindi,3
prototype,3
"some,",3
"third,",3
updates.,3
deceased,3
dubious,3
varieties,3
"grandparents,",3
sexually,3
c,3
addiction,3
julián,3
copper,3
favoring,3
narrows,3
severe.,3
flawed,3
kwai,3
1999,3
computers.,3
slott,3
aspects.,3
"decentralized,",3
landfill,3
al-sadr,3
slums,3
mourned,3
assi,3
envisioned,3
wrong,3
veiled,3
hadath.net,3
yassin,3
depleting,3
"exchanges,",3
friendships,3
adichie,3
"relatives,",3
nasrallah's,3
2.6,3
keen,3
healthcare.,3
miya,3
"theory,",3
refutes,3
explicit,3
hesitation,3
awareness.,3
"doctrine,",3
$5.5,3
then-president,3
quest,3
boston,3
abekyelesh,3
disturbance,3
shame,3
tradition.,3
questions:,3
intestinal,3
"cousin,",3
guyana's,3
emphasized.,3
inflict,3
denounces,3
haunts,3
perished,3
petty,3
establishes,3
resurfaced,3
ration,3
immigrants.,3
implicitly,3
"acquisitions,",3
distributors,3
in-depth,3
"hegemony,",3
observations,3
discredit,3
sensing,3
"integrity,",3
departments.,3
defendants,3
cheongju,3
dwellers,3
archive,3
"denial,",3
reinstating,3
demise,3
tenfold,3
"subscriptions,",3
tribute,3
anoussa,3
kouta,3
stab,3
aspirations.,3
albanese,3
dzhemal,3
civilizations,3
mattered,3
"florida,",3
criticism.,3
recipient,3
leaks,3
unfinished,3
jerusalem.,3
sidelining,3
"began,",3
"academic,",3
slogans.,3
fm,3
monarchy,3
plenary,3
intergenerational,3
anew,3
"white,",3
philippines,3
"stage.""",3
prioritization,3
guardiola's,3
"returns,",3
forged,3
"causes,",3
specialists,3
he's,3
lockheed,3
domestically.,3
representatives.,3
waking,3
pinpointed,3
month-long,3
contrasting,3
uprooting,3
"shoes,",3
professions.,3
"tone,",3
wilson,3
heinous,3
subsidised,3
rulings.,3
components:,3
6.5,3
defenders.,3
"deeply,",3
"rises,",3
sichuan,3
administering,3
repaid,3
takedown,3
contract's,3
adept,3
"located,",3
kashmir.,3
sawiris,3
copped,3
"""egyptian",3
café,3
"fraud,",3
criminalize,3
diplomacy.,3
indefinite,3
relates,3
asleep,3
girl’s,3
khamenei,3
pharos,3
lithuania,3
"easier,",3
marshall,3
deport,3
0.3%.,3
"medvedev,",3
tass.,3
quinindé,3
"stewart,",3
"4,970",3
drainage,3
grandfather,3
depositors.,3
nefarious,3
7.2%,3
3.6%,3
kicks,3
$24,3
"therapy,",3
architecture.,3
candidates.,3
standstill,3
state-run,3
contaminated,3
pleasant,3
variations.,3
sharper,3
chuvash,3
focus.,3
"debates,",3
amusing,3
"gazelle,",3
"fennec,",3
camera.,3
ankle,3
tun,3
alcaraz's,3
7.7%,3
"formula,",3
abdomen,3
back.,3
tripartite,3
marathon,3
"appearance,",3
with.,3
efficiently,3
commission’s,3
"suspicion,",3
assam.,3
"emotional,",3
quang,3
thirst,3
minguzzi,3
cosmetics.,3
"posture,",3
"accuracy,",3
commune,3
"head,",3
likely.,3
wana,3
chanted,3
copied,3
belhassan,3
"enemies,",3
sabah,3
"improvements,",3
29.,3
"set,",3
burnout,3
picks,3
tasnim,3
"official,",3
ever-growing,3
$18,3
clandestine,3
uranium.,3
económico,3
veterinarians,3
screen.,3
skillfully,3
media's,3
contents.,3
2nd,3
debate.,3
system's,3
alexei,3
"sex,",3
"1995,",3
"dpa,",3
"fireworks,",3
socialists,3
hastily,3
leg.,3
btc,3
"time""",3
depths,3
lagos,3
"maize,",3
disagreed,3
thankful,3
modeled,3
deviate,3
"bronze,",3
"standing,",3
pattern.,3
7.2,3
revoked,3
korea’s,3
criminals.,3
dead.,3
"holiday,",3
traverse,3
non-state,3
iman,3
angola’s,3
dos,3
develops,3
kirk’s,3
al-bashir,3
follow:,3
ink,3
remnants,3
landslide,3
running.,3
closure.,3
disasters.,3
"tired,",3
ahead.,3
"recorded,",3
populous,3
"cybersecurity,",3
formulations,3
outages.,3
avocado,3
monarchies,3
pit,3
breeds,3
outer,3
"conspiracy,",3
"secular,",3
"adults,",3
tampa,3
fia,3
motivations,3
"seeds,",3
groundwork,3
proposal.,3
malaria,3
repetition,3
"fled,",3
sharaqi,3
2.3,3
saturated,3
warehouses,3
"war""",3
qualities,3
caracas.,3
prefecture,3
mournful,3
"embabi,",3
coin,3
traders',3
tendency,3
variation,3
benin,3
postponement,3
"indefinitely,",3
metaphor,3
eni,3
alleviating,3
"apps,",3
subjecting,3
writer’s,3
tailings,3
candelaria,3
cyclone,3
constrained,3
truth:,3
hospitality.,3
"""solan""",3
al-zayat,3
policymakers.,3
unlocking,3
likes,3
rewards,3
"chimpanzees,",3
ai's,3
punishment.,3
pervasive,3
"saf,",3
extensions,3
"netflix,",3
issue:,3
donated,3
grab,3
"whale""",3
ipads,3
"gulf,",3
khaleda,3
"signed,",3
havens,3
sort,3
"honduras,",3
"anbar,",3
"launched,",3
cost-effective,3
suicidal,3
"grok,",3
isps,3
loads,3
algerians,3
disrespect,3
reliably,3
llms,3
togo.,3
generates,3
undisclosed.,3
officials’,3
circumstance,3
"short,",3
clips.,3
"israel.""",3
cultivate,3
verbally,3
sketches,3
practice?,3
anime,3
struggles.,3
"fate,",3
vantage,3
(president,3
policing,3
redefine,3
else?,3
marcos,3
"reporting,",3
lets,3
long-lasting,3
"least,",3
merge,3
"(60%),",3
"280,000",3
"inquiries,",3
al-batta,3
jesuits,3
detail.,3
"temples,",3
forty,3
collaboratively,3
"day""",3
gabes,3
premium,3
1977,3
dumpsters,3
nuevos,3
productos,3
"occupations,",3
queer,3
incites,3
esafety,3
weapons?,3
privilege.,3
constantinople,3
brazilians,3
(for,3
"antioxidants,",3
"cholesterol,",3
"function,",3
ramped,3
stephanie,3
setbacks.,3
trucks.,3
wielding,3
heirloom,3
reiterating,3
shrink,3
"haider,",3
travelling,3
near-term,3
stealing,3
substituted,3
youths,3
"parallel,",3
"seattle,",3
staunch,3
stabilized,3
"(ai),",3
wasted,3
refresh,3
diagnosis,3
adolescents,3
perished.,3
recognitions,3
152,3
satisfy,3
entitlements,3
"ankara,",3
bluesky,3
"teens,",3
output.,3
buffalo,3
want.,3
drove,3
genesis,3
accidents,3
worship,3
powder,3
sharia-compliant,3
al-riyadh,3
conspiracies,3
dna,3
alvarado,3
"solution,""",3
"3,400",3
al-arkan,3
selects,3
kit,3
receptive,3
cleopatra's,3
"authoritarianism,",3
al-enmaa,3
"advertising,",3
commemorative,3
sister’s,3
paper-based,3
predecessor,3
reunite,3
contention,3
"impacts,",3
moody's,3
"allegations,",3
convenient,3
parental,3
"stop,",3
virgin,3
mary,3
“la,3
"espionage,",3
"routines,",3
bengali-speaking,3
"passage,",3
"offline,",3
canary,3
footing,3
judiciary.,3
weakest,3
recipients,3
lucky,3
oceania,3
sociologist,3
"inmates,",3
thermoelectric,3
punta,3
catalina,3
dug,3
lebanon’s,3
incorrect,3
pro-russia,3
"examples,",3
rid,3
"error,",3
tunisia's,3
ihab,3
courtyard.,3
idris,3
"efficiently,",3
glorifying,3
exited,3
behaviors.,3
miniature,3
sanctuary,3
ambulances,3
5.2,3
torkham,3
"flaws,",3
parish,3
"suburbs,",3
suleiman,3
basin.,3
turbine,3
"deception,",3
daytime,3
"al-arabiya/al-hadath,",3
"increasing,",3
"apply,",3
reason.,3
holdings.,3
anxieties,3
fabrication,3
evident.,3
"inc.,",3
stipulations,3
tantamount,3
servicing,3
description.,3
upgraded,3
sandoval,3
"polls,",3
servant,3
counselor,3
respect.,3
everton,3
modify,3
"preparation,",3
3.2%,3
2.9%.,3
closeness,3
spirit.,3
offence,3
"begun,",3
consular,3
officer.,3
weights,3
recruitment.,3
encounter.,3
armies,3
estonia's,3
scrambled,3
opponent's,3
"large,",3
presentations,3
rami,3
murex,3
"moons,",3
tang’s,3
87,3
sample,3
pepper,3
"product,",3
heaven,3
greg,3
floyd,3
handshake,3
insufficient.,3
fascinated,3
basically,3
assamese,3
hp,3
newest,3
ouagadougou,3
suppressing,3
resides,3
ammonia,3
mode,3
island's,3
al-daya,3
$60,3
vanish,3
allege,3
coercive,3
displeasure,3
urea,3
dictated,3
"al-qaeda,",3
hatem,3
rome,3
asiri,3
congratulated,3
"researcher,",3
"""hybrid",3
surround,3
"developed,",3
shirt,3
pirated,3
"25th,",3
metropolis,3
hygiene,3
69,3
derogatory,3
czech-vietnamese,3
ideology,3
borussia,3
dismisses,3
michel,3
signaling,3
kabir,3
archives,3
participatory,3
dramas,3
academics,3
51.2,3
capitalism,3
comfortably,3
oh,3
women:,3
rapper,3
sayyed,3
hasidic,3
competition's,3
immersive,3
itaim,3
unaddressed.,3
wander,3
recounts,3
zelensky's,3
lindsey,3
institute.,3
birthday,3
101,3
billy,3
countdown,3
"togo,",3
detaining,3
"retaliation,",3
companion,3
endure.,3
"peace.""",3
"emphasizing,",3
"""america",3
est,3
advertisement,3
message.,3
gideon,3
steel's,3
charcoal,3
emission,3
"that.""",3
libertarian,3
"alonso,",3
evacuations,3
bottle,3
chile,3
diasporas,3
arafat's,3
saddam,3
"shelters,",3
scalp,3
"volatility,",3
ramping,3
"settings,",3
al-din.,3
derailed,3
transportation.,3
hovering,3
colorado,3
libertadores,3
nous,3
resorts,3
"24th,",3
"""first",3
will.,3
tsodibi,3
habitats,3
acclaimed,3
toss,3
poison,3
abilities.,3
slovak,3
bed,3
proportionate,3
morality,3
"academics,",3
candidate’s,3
airpods,3
conflation,3
concepts.,3
outlining,3
busquets',3
"pyramids,",3
"institutional,",3
xingu,3
"districts,",3
motivational,3
viktor,3
al-qassam,3
"roscoe,",3
fishermen's,3
k-pop,3
reposts,3
"bridge,",3
huajiang,3
longed,3
intercepted.,3
decades-long,3
spouses,3
norman,3
buyers.,3
mantener,3
saedan,3
checkpoints,3
falsified,3
kilowatt-hours,3
bureaucracy,3
humiliation,3
reactivate,3
architect,3
confer,3
"hour),",3
dehydration,3
"coordination,",3
"asked,",3
"al-arabiya.net/al-hadath.net,",3
specifying,3
keith,3
russian-arab,3
intricacies,3
"tension,",3
210,3
relating,3
peril,3
92,3
counsel,3
paraguay.,3
matan,3
externally,3
"tadawul,",3
us's,3
pairs,3
"overseas,",3
spread.,3
guilt.,3
armor,3
"thousand,",3
homemade,3
pashtoon,3
altered.,3
we’ll,3
licenses.,3
devastation.,3
"nose,",3
versatile,3
belonging.,3
relax,3
refuge.,3
logitrans,3
liver,3
metabolism.,3
visitor,3
"eu,",3
6th,3
14-year-old,3
"valuations,",3
brigades,3
humanity's,3
"9th,",3
12th,3
flaws.,3
energies,3
al-nahhas,3
kyrgyz,3
kufra,3
"noise,",3
researchers.,3
somewhere,3
self-reliance,3
57.15,3
tension.,3
scarf,3
tenant,3
sonia,3
"sculpture,",3
inland,3
benoist,3
met.,3
robbed,3
suspect.,3
record-high,3
"meditation,",3
"announced,",3
"johnson,",3
towers.,3
"highlighted,",3
3.4,3
gazan,3
implicit,3
encouragement,3
narrates,3
"shifts,",3
jong,3
literature.,3
fond,3
"time-bound,",3
"electronics,",3
market’s,3
lifting.,3
"truck,",3
"blow""",3
"freedoms,",3
militias.,3
encounters.,3
"elders,",3
terminal,3
"hearings,",3
capitol,3
"answered,",3
shivam,3
post-world,3
unresolved.,3
"viability,",3
fils,3
collapsed.,3
"entertainment,",3
fever,3
article.,3
"""severe",3
"behaviour,",3
turf,3
suppliers.,3
"regimes,",3
church’s,3
jeopardizing,3
namibia,3
"namibia,",3
theirs,3
love.,3
rostov,3
publication.,3
uruguay.,3
overseas.,3
kabardino-balkaria,3
resettled,3
133,3
"beginning,",3
partnerships.,3
you.,3
beverage.,3
hague,3
"luxembourg,",3
overwhelmingly,3
grains,3
burial,3
fulfilled.,3
delight,3
derail,3
aggression.,3
"interventions,",3
copenhagen.,3
designating,3
embody,3
cherished,3
sphere,3
450,3
bonus,3
facilitation,3
ethereum,3
argentina's,3
untapped,3
"1905,",3
rashid,3
steadfastly,3
library.,3
dilemma:,3
uk.,3
hedging,3
excellency,3
scratches,3
ma'aden,3
"nationality,",3
"madbouly,",3
parameters,3
uzbekistan,3
"normalized,",3
robinson,3
deceleration,3
"daughter,",3
"solution.""",3
"foods,",3
"executions,",3
"al-sheikh,",3
london.,3
stripping,3
21-year-old,3
professionalism,3
hopes.,3
tight,3
advantages.,3
neighborhoods.,3
acts.,3
sat,3
"brushes,",3
oneself,3
abhimanyu,3
shaken,3
berri,3
concluded.,3
mikhail,3
"motors,",3
"clothes,",3
había,3
namtaeryeong,3
mitsotakis,3
"found,",3
engineers.,3
faith.,3
blackmail,3
profession.,3
cannons,3
"successes,",3
"d'or,",3
liga,3
accused.,3
holocaust,3
comprehension,3
pipe,3
stands.,3
taxes.,3
"aqaba,",3
japan’s,3
memories.,3
alive.,3
carnival,3
stones.,3
biden.,3
"ambitions,",3
30.2,3
offense,3
emancipation,3
"benfica,",3
vicente,3
minaur,3
complemented,3
oviedo,3
rebirth.,3
"fascism,",3
2034,3
argentina’s,3
"blockade,",3
$4,3
cracking,3
(now,3
"12%,",3
isolation.,3
commenting,3
romantically,3
quantities.,3
dragging,3
retirees,3
commodities,3
impunity,3
"discomfort,",3
centralized,3
guardians,3
brand-name,3
accepts,3
"interesting,",3
"imbalance,",3
pkk,3
crowds,3
likeminded,3
exception.,3
madhya,3
"pradesh,",3
paulista,3
assure,3
"altman,",3
secrecy,3
fracture,3
fifty,3
"regime.""",3
editors,3
"scams,",3
parents’,3
poz,3
tribal,3
drunk,3
luster,3
cohort,3
“she,3
"tesla,",3
nominees,3
"rumors,",3
fuk,3
pieces.,3
crypto,3
supervision.,3
genel,3
outsourcing,3
torn,3
pharmaceuticals.,3
gullu,3
"qualifications,",3
"us.""",3
sunk,3
allowance,3
wired,3
homosexuality,3
amazing,3
eggs,3
profile.,3
"""neptune",3
untouched,3
12-year-old,3
"midnight,",3
mansoura,3
discontent.,3
arise.,3
weibo,3
patrols,3
chart,3
diverged,3
duality,3
anguish.,3
"infiltration,",3
style.,3
hinders,3
pastries,3
transformational,3
al-hadath.net,3
hesitant,3
"governor,",3
evolution.,3
xiaohongshu,3
"""qualitative",3
beijing’s,3
norms.,3
"1996,",3
"because,",3
imprint,3
concessions.,3
refrigerator,3
fabio,3
9%,3
year-old,3
expedition,3
international.,3
misunderstanding,3
mali’s,3
cultivation,3
brilliance,3
"miran,",3
islamist,3
"jesus,",3
"teacher,",3
"nationalism,",3
let’s,3
"funeral,",3
carpet,3
indispensable,3
graham,3
electrons,3
3000,3
tricked,3
yuan.,3
machado's,3
makers,3
22.5,3
expedited,3
hardship.,3
"incentives,",3
contexts,3
vetted,3
trailing,3
kien,3
championship.,3
thinks,3
inconsistency,3
(ice),3
"""local",3
"captain,",3
"spinach,",3
"apples,",3
slovakia,3
beaten,3
propelled,3
unhealthy,3
"slow,",3
flammable,3
"blue,",3
"failure,",3
"arabia""",3
underpinned,3
devote,3
negotiators,3
anchored,3
cards.,3
"1914,",3
reply,3
funny,3
soul,3
"attire,",3
exercised,3
adequacy,3
"masks,",3
genre,3
arabesque,3
prizes,3
egp,3
tomato,3
southernmost,3
"screens,",3
"degree,",3
"colors,",3
elvis,3
deepfakes.,3
"morally,",3
lyrics,3
24.9,3
powell's,3
hues,3
won.,3
appoint,3
nang,3
creation.,3
neighbourhood,3
low-,3
"organized,",3
copilot,3
2005.,3
4.7,3
poor.,3
juice.,3
1979,3
loose,3
law's,3
indirectly,3
wrongly,3
(40,3
(isps),3
avatars,3
disperse,3
self-governance,3
concessions,3
universe.,3
"reviews,",3
inclusion.,3
fractures,3
solidifies,3
"legitimacy,",3
"careers,",3
"arrived,",3
dazzling,3
ear,3
moussa,3
fraudsters,3
"clearly,",3
"births,",3
governor's,3
"""balfour",3
biodiversity.,3
discernment,3
matt,3
affection,3
victor,3
confusing,3
spirituality,3
guyot,3
"1983,",3
"weaponry,",3
subscriptions.,3
200%,3
"embassy,",3
advantage.,3
institut,3
pessimism,3
sorloth,3
defeats,3
"help,",3
contributions.,3
omdurman,3
153,3
metsira,3
100th,3
fatima,3
"declaration,""",3
portugal.,3
"tokyo,",3
"alcohol,",3
childhood.,3
"jews,",3
"explanation,",3
"computer,",3
prowess.,3
melting,3
66.2%,3
referencing,3
"steps,",3
"cassava,",3
rolling,3
investigations.,3
"haynes,",3
inseparable,3
"peaceful,",3
"istanbul,",3
beta-glucan,3
sorting,3
segregation,3
argentinians,3
audiences.,3
anti-regime,3
carved,3
modern-day,3
aegean,3
"single,",3
attain,3
tarjimly’s,3
disinformation.,3
"died,",3
goodbye,3
drowning,3
elders,3
nutritionist,3
advisable.,3
withhold,3
"ghaffar,",3
iced,3
stifled,3
3.1,3
cctv,3
stellantis,3
fiat,3
theaters,3
"sisters,",3
benban,3
"troops,",3
magnifying,3
outfits,3
"something,",3
ajayi,3
belize,3
mediate,3
clarifies,3
"democratic,",3
piastri,3
items.,3
"""roshen""",3
"acid,",3
bronzes).,3
interpretations,3
malka,3
najeeb’s,3
"satellites,",3
deteriorated.,3
netflix,3
lure,3
thursday's,3
reflections,3
canned,3
giza,3
lights.,3
by-sa,3
"france-presse,",3
p.,3
workshops,3
brunt,3
hit.,3
burnley,3
composer,3
"scenes,",3
disassembly,3
cracked,3
heels,3
brides,3
pay.,3
catalog,3
dno,3
"guatemala,",3
"refugees,”",3
“do,3
pronounced,3
heroism,3
third-place,3
bronze.,3
persuade,3
nazih,3
"warehouse,",3
besma,3
occupies,3
contributors,3
chicago,3
assumes,3
freelance,3
"am,",3
utah.,3
unaccounted,3
social.,3
(54,3
"jersey,",3
firewall,3
prominently,3
"mourinho,",3
patents,3
"long-term,",3
kerala,3
"coating,",3
thwarting,3
"calcium,",3
al-duhail,3
7.7,3
"state""",3
"60,000,",3
1973,3
certified,3
daboul,3
"identity""",3
soothe,3
shortened,3
chandan’s,3
tobago.,3
recommendations.,3
feed.,3
commissioned,3
suicide.,3
daraa,3
al-assad.,3
"party),",3
continents.,3
"blanc,",3
"titles,",3
parliament's,3
"6%,",3
non-farm,3
monsoon,3
dealings,3
"three,",3
fate.,3
124,3
continued:,3
state-controlled,3
(22,3
"chaos,""",3
"unreliable,",3
rarity,3
unseen,3
budgeted,3
"subsidies,",3
homicides,3
forbes,3
"prejudice,",3
scaled,3
"jinping,",3
"withdrawal,",3
awake,3
sorokin,3
outrage.,3
"abdulaziz,",3
discharged,3
"about,",3
excited,3
beverages,3
entertaining,3
"poll,",3
(pce),3
captive,3
embarking,3
favour,3
31.,3
fighting.,3
"physical,",3
"bara,",3
kordofan.,3
moroccans,3
nabatieh,3
activists’,3
counterfeit,3
eighty-first,3
innovators,3
amassed,3
seventy,3
sweats,3
branding,3
overall.,3
concession,3
eduardo,3
"people.""",3
manama,3
"rome,",3
therapeutic,3
warships,3
36%,3
payroll,3
"isis,",3
"immigration,",3
nineteenth,3
twentieth,3
navigation,3
colombia.,3
continual,3
tarjimly,3
perpetuate,3
mandating,3
al-tom,3
spectators,3
"media),",3
howe's,3
doctrine,3
planet.,3
rulings,3
equality.,3
rudaw,3
resisted,3
saint-germain's,3
nationals.,3
insider,3
"$3,718.56",3
realist,3
fundraising,3
"""loyalty",3
futures.,3
hard-line,3
bezalel,3
cement),3
"idlib,",3
497,3
gentrification,3
expansions,3
adjustments.,3
absolving,3
gabriela,3
dates.,3
brick,3
"critically,",3
peacekeeping,3
najib,3
"sabotage,",3
survey.,3
"devastation,",3
adulthood,3
"roscosmos,",3
2.5%.,3
galaxy,3
grammar,3
waged,3
"pricing,",3
mopco,3
fertilizers.,3
"lastly,",3
declined.,3
improvements.,3
"longer,",3
passengers',3
restructure,3
prosperity.,3
illegitimate,3
james',3
"landslides,",3
weight-loss,3
"obesity,",3
acclaim,3
financing.,3
delta,3
circulate,3
casualty,3
"making,",3
"consciousness,",3
mandarin,3
khalil,3
subcommittee,3
"east,""",3
"""everyone",3
negligence,3
spies,3
nationalities,3
classroom,3
caffeine,3
intake.,3
activist.,3
sheinbaum,3
"green,",3
sterilization,3
hakimi,3
$5.7,3
uk's,3
feedback,3
"peers,",3
trust.,3
roared,3
glof,3
clients.,3
"al-budaiwi,",3
"clicks,",3
shoulder.,3
contrary,3
"black,",3
emma,3
"pattern,",3
"drawing,",3
76,3
"""real",3
fulfills,3
trustees,3
staff.,3
"taher,",3
pollutants,3
triumphs,3
envisaged,3
chaired,3
protesters.,3
inconsistent,3
outlook.,3
allure,3
jpmorgan,3
answers.,3
andre,3
particular.,3
unsweetened,3
al-qaradawi's,3
"mauritania,",3
pages,3
homelands.,3
pilgrimage,3
employed.,3
progressing,3
15th,3
medicinal,3
smile,3
streams,3
diaspora.,3
piraeus,3
appraisal,3
land's,3
singtel,3
marketplace.,3
ring,3
bloodstream.,3
alt,3
yahya,3
infractions,3
cyberattacks,3
dumping,3
purview,3
below.,3
raouche.,3
illustrations,3
erodes,3
interconnection,3
"spirit,",3
"execution,",3
unconstitutional,3
inside.,3
luttwak,3
nonprofit,3
al-arouri,3
joshua,3
"downturn,",3
accumulation,3
deficits,3
"brand,",3
funan,3
techo,3
poorer,3
uprooted,3
racist,3
validation,3
congratulations,3
“because,3
mounir,3
consciously,3
old).,3
"upheaval,",3
unnoticed,3
"mothers,",3
178,3
mortgages,3
murders,3
defeat.,3
woven,3
warmer,3
ireland.,3
nilgiri,3
hills,3
"critics,",3
resilient.,3
"excellence,",3
savinho,3
concerts,3
"accessible,",3
chef,3
guaranteeing,3
grocery,3
subscribers,3
antigua,3
glaciers,3
"huawei,",3
canonical,3
"trauma,",3
"financially,",3
dependable,3
alters,3
errors.,3
makeup,3
tigrayans,3
"grids,",3
uncertainty.,3
ferreira,3
"prisons,",3
forge,3
hunter,3
headscarf,3
baku,3
economists',3
"hit,",3
"medina,",3
grapples,3
smells,3
domingos,3
"reconnection,",3
like.,3
synthesis,3
lesson,3
feminism,3
amongst,3
"sphere,",3
"corner,",3
tomorrow.,3
stringer,3
resign,3
"cover,",3
widening,3
mine.,3
propagated,3
compromised.,3
programmers,3
empowered,3
"cuts,",3
validate,3
harness,3
isolating,3
dalida's,3
mastery,3
"billionaire,",3
"residence,",3
"computers,",3
one-way,3
burying,3
everyone's,3
"roblox,",3
"breaches,",3
khasi,3
"gabon,",3
spouse,3
rib,3
stipulating,3
volkswagen,3
seven-year,3
"criteria,",3
50%.,3
continually,3
non-compliant,3
aback,3
catastrophe.,3
interrupted,3
1982.,3
sail,3
"deadline,",3
aumentó,3
merit-based,3
"usa,",3
al-eqtisadiah,3
contracts.,3
monument,3
"bank),",3
masks.,3
finalists,3
comedy,3
"""phobos",3
"starmer,",3
"flaw,",3
asma,3
hadhreen,3
"grounds,",3
neutrality,3
imperialism,3
containers,3
locally.,3
"zverev,",3
trio,3
cite,3
"algiers,",3
joint-stock,3
"cups,",3
salar,3
"roto,",3
decriminalizing,3
designs.,3
"same,",3
salman.,3
blood.,3
imagine.,3
schulz,3
2045.,3
$25,3
27%,3
pinned,3
lingua,3
client,3
shift.,3
“tea,3
neighbours,3
"faith,",3
dread,3
raisins,3
supporters.,3
interruption,3
"consultant,",3
"inclusivity,",3
pitch,3
1950s,3
"milei,",3
cleaner,3
mail.,3
rabbani,3
bookstore,3
"departure,",3
"entirely,",3
both.,3
danger.,3
babil,3
quell,3
tuberculosis,3
recipes,3
"academia,",3
206,3
​​security,3
cardamom,3
sweetened,3
earths,3
socially,3
"christmas,",3
government-sponsored,3
holder,3
scarves,3
alike,3
e,3
sony,3
pinnacle,3
"patience,",3
cultivated,3
filtering,3
nancy,3
backgrounds,3
financed,3
calmly,3
65th,3
currency's,3
brics,3
spacex.,3
go.,3
"participants,",3
accurate.,3
"6,000",3
uncontrollable,3
economy.”,3
near-earth,3
heatwave,3
discourses,3
igbo,3
compatriot,3
"tanks,",3
governorates.,3
"sophistication,",3
modes,3
“not,3
opportune,3
persuaded,3
isturdes,3
737-8,3
advising,3
loudest,3
"""al-qaeda""",3
des,3
hiatus,3
cvjetković,3
todo,3
trawlers,3
watchdog,3
737-10,3
youth.,3
ginger,3
cinnamon,3
obliged,3
relieved,3
"philippines,",3
aníbal,3
afp.,3
cuba’s,3
matthias,3
alsop,3
etihad,3
5.,3
edible,3
hierarchy,3
visit.,3
fragments,3
"vulnerability,",3
gdp.,3
"""al-arabiya.net""",3
frozen.,3
"""international",3
martinez,3
"understandable,",3
"globe,",3
remorse,3
paradox:,3
equatorial,3
tradable,3
shai'a,3
“he,3
taxi,3
mobilization.,3
absorbing,3
organised,3
sepiga,3
piracy,3
incorrectly,3
standalone,3
1988,3
irgc,3
"argue,",3
communication.,3
tourists.,3
"wing,",3
course.,3
ingredients.,3
grid.,3
"grade,",3
al-mowasat,3
auction,3
thirst.,3
samoa,3
frontrunner,3
floor.,3
rhode,3
semester,3
"profound,",3
gladkov,3
belgorod,3
"2032,",3
record-breaking,3
"active,",3
facilitations,3
"eilat,",3
rained,3
through.,3
strip's,3
achebe,3
re-imposing,3
escalations,3
penetrating,3
2001,3
samsung,3
"nominations,",3
brushes,3
rana,3
stormed,3
"this.""",3
“yellow”,3
"distress,",3
"alive,",3
karen,3
suwayda,3
"hot,",3
nutritious,3
"dell,",3
harrods,3
hikes.,3
weakness,3
textures,3
temperature.,3
"establishment,",3
al-batin,3
al-qadisiyah,3
"jamaica,",3
taliban’s,3
glorifies,3
dedicate,3
along.,3
"18th,",3
strangers,3
abundantly,3
"11,000",3
"win,",3
cats,3
$11,3
victorian,3
"occurrence,",3
"websites,",3
julio,3
pro-european,3
machinery.,3
"fatima,",3
icc’s,3
agendas.,3
vigils,3
"treaty,",3
guards,3
jota's,3
prized,3
"publication,",3
"diverse,",3
depiction,3
1990,3
ordeal.,3
responded.,3
flames,3
"invalid,",3
denmark's,3
"omdurman,",3
physiotherapist,3
"forums,",3
soothes,3
"incidents,",3
mato,3
north-central,3
differing,3
fakes,3
“why,3
interacted,3
autonomy.,3
appropriation,3
sudair,3
"adaptation,",3
"candidates,",3
1.359,3
hashtag,3
feared,3
lead.,3
neighbouring,3
"mathematics,",3
"express,",3
"$3,790.82",3
contributor,3
rules.,3
bottles,3
"sister,",3
ratio.,3
hernandez,3
1.367,3
epidemic,3
epidemics,3
specifications,3
rif,3
"oppression,",3
pagar,3
al-ahly's,3
"supported,",3
lópez,3
"exceptions,",3
dose,3
spacecraft,3
suicides,3
"170,000",3
militia's,3
"premises,",3
martial,3
semiconductors,3
high-end,3
"dembele,",3
coloring,2
"browser,",2
(close,2
llama,2
"""threads""",2
maison,2
tying,2
arterial,2
nail,2
nourishing,2
nourish,2
india:,2
disconnect,2
88.3,2
"hernandez,",2
"reddit,",2
farhad,2
monastery,2
infections,2
fascism,2
"(stf),",2
13-hour,2
weathering,2
continue.”,2
"$3,759.98",2
redesigned,2
lenders,2
al-najjar,2
"hamid,",2
shrine,2
50.3,2
residences,2
"kilowatt-hour,",2
utterly,2
"preservatives,",2
"sons,",2
developer's,2
tip,2
piles,2
background.,2
103,2
controversially,2
"answers,",2
"agassi,",2
film's,2
"sodium,",2
"cared,",2
"navigation,",2
typhoons,2
"bureau,",2
poster,2
seung,2
"sincerity,",2
donors.,2
trophy,2
"0.28%,",2
aggregated,2
snacks,2
thrive.,2
leakage,2
27-year-old,2
living.,2
"grosso,",2
bluesky's,2
"vienna,",2
make.,2
"accounting,",2
"progress.""",2
"met-233i,",2
strikingly,2
appearances.,2
2003,2
"consultations.""",2
"unsustainable,",2
associates.,2
"""sharma",2
sadiq,2
renard,2
"nightmare,",2
"annexation,",2
"targeting,",2
teenagers',2
"""quiet",2
x-rays,2
misr,2
olga,2
molecules,2
fractions,2
"malnutrition,",2
appease,2
"organs,",2
seating,2
banc,2
catch.,2
kings.,2
intentionally,2
us?,2
divestment,2
porsche's,2
55-year-old,2
whatsoever,2
"country.""",2
convention.,2
"nation,""",2
enormously,2
73,2
swallowed,2
"al-najma,",2
pro-establishment,2
"""al-hadath.net""",2
68-year-old,2
36-year-old,2
preferring,2
vesting,2
lifetime,2
depositary,2
"""friendship",2
jana,2
andolan,2
multiparty,2
$4.2,2
"al-hazm,",2
group’s,2
anti-drone,2
outbound,2
lighten,2
"boat,",2
illegality,2
topple,2
alerting,2
"importation,",2
"grains,",2
residence;,2
rebuilt,2
amish,2
police.,2
discount,2
"allocations,",2
fossils,2
decades-old,2
1963,2
harbor,2
apprehensive,2
scandinavian,2
"email,",2
"hasina,",2
accessories,2
meal:,2
short-video,2
"committees,",2
disjointed,2
"double,",2
"sarah,",2
"cosmos,",2
"buying,",2
stewardship,2
sigh,2
categories.,2
"aces,",2
30th.,2
battuta's,2
martyrdom,2
warplanes,2
hamo,2
vyacheslav,2
shells,2
cost-cutting,2
morals,2
occupations.,2
saudi-iranian,2
extinction.,2
refinery,2
pretenses.,2
refraining,2
"bloating,",2
bowel,2
benign,2
conscription,2
possessions,2
distancing,2
recalled.,2
1894,2
29th,2
"wind,",2
sculpture,2
self-portrait,2
beings,2
extremists,2
"brigades,",2
repayment,2
spurred,2
hails,2
duplicated,2
complementing,2
"falls,",2
"canals,",2
artesian,2
attendees.,2
silas,2
parents',2
transatlantic,2
nigerians,2
6-3.,2
conditional,2
minimized,2
nowadays,2
dystopian,2
stitches,2
coups,2
footage.,2
"revenues,",2
signia,2
exchange-traded,2
ana,2
gamboa,2
debated,2
"queen,",2
gaze.,2
inquiry.,2
piraeus.,2
manet’s,2
nurse,2
"door,",2
"process,”",2
cfm,2
gianluigi,2
"haven,",2
fragrant,2
hajdarpašić,2
sulaiman,2
attrition,2
tune,2
statistically,2
platinum-group,2
henry,2
version),2
98%,2
"victims,",2
flavor.,2
saffron,2
melodies,2
650,2
"vacuum,",2
annoying,2
"characters,",2
aston,2
villa,2
graffiti,2
alteration,2
"earth,",2
flags.,2
60%.,2
catamarca,2
smoothness,2
"lula,",2
"gain,",2
fuels.,2
misleading.,2
"aware,",2
saydnaya.,2
comforting,2
vastly,2
445,2
productive.,2
mar'a,2
gold's,2
activism.,2
troops.,2
alerts,2
difficulty.,2
"belarus,",2
"sdaia,",2
"circulating,",2
enveloped,2
"panic,",2
dehumanizing,2
renaissance.,2
"bazaar,",2
slick,2
shook,2
"rating,",2
"""aldar",2
d’état,2
"uses,",2
pateh.,2
disconnecting,2
disposable,2
faded,2
scandals,2
"mentally,",2
basins,2
"bone,",2
"desks,",2
(صوت,2
المرأة,2
sawt,2
"opening,",2
fish.,2
bitten,2
"options.""",2
mourning.,2
cagliari,2
"""gemini",2
"erdoğan,",2
“three,2
jerry,2
saltz,2
rauf,2
refilling,2
tertiary,2
"generals,",2
"beforehand,",2
seller's,2
parliamentarian,2
admirals,2
"""arctic""",2
criminal.,2
corner.,2
canada's,2
artisans,2
textiles,2
"""ahmed",2
jihan,2
"al-shamasherji,",2
galal.,2
329,2
impeded,2
"paperwork,",2
mastered,2
aura,2
anger.,2
curry,2
"archipelago,",2
erdan,2
devotion,2
maneuver.,2
perpetually,2
revoke,2
volunteered,2
crescent,2
grandfather’s,2
gardens,2
"uniforms,",2
pays,2
notoriety,2
it?,2
"stake,",2
georgia.,2
2000s.,2
"crisis.""",2
"consultation,",2
hurried,2
uncle,2
"dire,",2
"uprising,",2
"evacuated,",2
hui,2
"beijing,",2
"outcomes.""",2
soleimani's,2
"""global",2
compromises,2
german-language,2
leopold,2
bordering,2
960,2
come.,2
"49%,",2
earl,2
paradox,2
gaps.,2
reactive,2
"before,”",2
slowdown.,2
"leaks,",2
"mismanagement,",2
obligated,2
"""fair",2
"history.""",2
trick,2
punished.,2
unity.,2
"by,",2
little.,2
"recourse,",2
ambitions.,2
reign.,2
magnetic,2
ultrasonic,2
wormhole,2
jo,2
automating,2
polisario,2
kirkuk-ceyhan,2
exarchia,2
"ideals,",2
nuance,2
woman's,2
oceans,2
77,2
nigerien,2
worsen.,2
eleventh,2
makeup.,2
"merchants,",2
"paradise,",2
pradesh.,2
characters.,2
obesity.,2
romania,2
"started,",2
"exarchia,",2
laram,2
premeditated,2
"nasraoui,",2
"assad,",2
"painter,",2
unesco.,2
winding,2
gravitate,2
old),2
"prematurely,",2
escort,2
"regional,",2
"(chp),",2
supplementary,2
apprehensions,2
secession.,2
munich's,2
"""at",2
"injection,",2
contemptuous,2
guardianship,2
"embezzlement,",2
move:,2
luciano,2
menstruation,2
"1,219",2
"databases,",2
(vat).,2
equilibrium.,2
suwailem,2
copyrights,2
optimism.,2
terminating,2
"dish,",2
declines.,2
recurrent,2
as:,2
29-year-old,2
caters,2
fink,2
irrelevant,2
agency’s,2
students’,2
possibilities.,2
climate-related,2
britain’s,2
"hierarchy,",2
secretariats,2
cybersecurity.,2
officiating,2
"shushan,",2
audio-visual,2
victims’,2
"traces,",2
stalled.,2
interviewee,2
yen.,2
free.,2
dataset,2
discourages,2
retailer,2
pre-orders,2
sayed,2
defied,2
tawke,2
25%.,2
jurisdiction,2
mzia,2
amaghlobeli,2
transcribing,2
"ankle,",2
kindle,2
work-related,2
degrading,2
questioning.,2
4.25%.,2
"watches,",2
"song,",2
mizan,2
"iran.""",2
"license,",2
oshúm,2
kathleen,2
"tass,",2
sevastopol.,2
compositions,2
non-battlefield,2
pro.,2
spokesperson.,2
glory.,2
“can,2
sell”,2
intestines,2
"newsletter,",2
unimaginable,2
speaker.,2
al-andalus,2
groups;,2
agile,2
non-nitrogen,2
btu.,2
macroeconomic,2
"biases,",2
qualities.,2
village.,2
"25,000",2
imagination.,2
puzzle,2
"dhabi,",2
mitigated,2
upgrades,2
coding,2
politicians’,2
correlation,2
"here.""",2
retaliated.,2
abstained,2
citizens',2
noble,2
ai’s,2
(1966-1970),2
kratochvílová,2
pardo,2
"saxony,",2
eagerness,2
femicide,2
separatist,2
“books,2
home”,2
monolingual,2
dictionary.,2
"filters,",2
"unified,",2
$4.75,2
"depreciation,",2
suk,2
abraham,2
hicks,2
"smart,",2
controversies,2
articulating,2
"unavailable,",2
belarus's,2
sikorski,2
community?,2
cybercriminals.,2
elder,2
dwindling,2
angola.,2
kale,2
advancement.,2
"militia,",2
resists,2
wealthier,2
"inevitable,",2
s25,2
carmakers,2
emigrated,2
chased,2
"dog,",2
"innocent,",2
stockpiles,2
"marseille,",2
runner-up,2
decent,2
"0.16%,",2
“with,2
fetus,2
divergence,2
"outputs,",2
localized,2
"journalists,”",2
postman,2
1982,2
"smotrich,",2
reiche,2
forgetting,2
vitality.,2
secretion,2
"mota,",2
dialogues,2
either.,2
reclaimed,2
it;,2
judged,2
faso.,2
torturers,2
markedly,2
proliferation.,2
dip,2
"prosecutor,",2
"after,",2
'trigger,2
inspection.,2
"permissions,",2
luxor,2
2025's,2
sanzhidzor,2
0-1,2
"ads,",2
"performances,",2
263,2
tracks.,2
judgments,2
pirouz,2
non-hormonal,2
costing,2
"quito,",2
"asking,",2
tore,2
lackluster,2
cooperated,2
"birth,",2
"abandonment,",2
strays.,2
liked,2
"fine,",2
aroma,2
hasty,2
aka,2
offenders.,2
hardest,2
danielle,2
joko,2
(signed,2
4.75,2
budgetary,2
"malfunction,",2
accident.,2
marie,2
"ignored,",2
narratives:,2
below:,2
brand.,2
(tuesday),2
israel).,2
"amiri,",2
kane's,2
"run,",2
jordan;,2
mahalla,2
“female,2
predictably,2
issa,2
id,2
leaked.,2
depicts,2
"zakat,",2
"letter,",2
plate,2
"sindh,",2
"tours,",2
erdogan's,2
terrestrial,2
airborne,2
kilos,2
lbs),2
in-person,2
düsseldorf,2
"2231,",2
cholera.,2
efficacy.,2
orano,2
momentarily,2
"xavi,",2
"four,",2
"poetry,",2
"citizen,",2
concession.,2
estonia,2
nato.,2
dossier,2
file.,2
hat-trick,2
tocorón,2
holds.,2
"enabled,",2
shihab,2
turnaround,2
"trinidad,",2
intermittently,2
sizes.,2
unnecessary,2
(wam).,2
un.,2
"stands,",2
affair.,2
huang's,2
olivier,2
victor.,2
rework,2
interrupting,2
"life.""",2
broken.,2
"""permanent",2
arguably,2
jewels.,2
al-samarqandi,2
mulberry,2
leaves.,2
nubian,2
"""compulsory",2
"shelter""",2
"usd),",2
(ipos),2
f-18,2
equated,2
modeling,2
orphanages,2
prey,2
spikes,2
wondering,2
titanium.,2
roadside,2
“women’s,2
thawra,2
"marijuana,",2
"grams,",2
proceeds.,2
"effectively,",2
diminished.,2
old):,2
ambulance,2
بكل,2
stalemate,2
rovkanen's,2
"simplicity,",2
linkedin.,2
grids,2
neanderthals,2
mane,2
bangladesh?,2
walls.,2
character's,2
audit.,2
liminal,2
mastantuno,2
ashamed,2
cityscape,2
‘three,2
"bar,’",2
minya,2
fourteen,2
terminals,2
"outlook,",2
ports.,2
unproven,2
dallas-fort,2
then-czechoslovakia,2
censored,2
"publications,",2
smallest,2
fiber-optic,2
"censored,",2
peters,2
prerogative,2
outputs,2
arises:,2
muffin,2
"retrospect,",2
ghana's,2
cautionary,2
tale.,2
compromising,2
"31st,",2
melbourne,2
discharge,2
"""industrial",2
non-ferrous,2
coexisting,2
"verstappen,",2
255,2
"sharaqi,",2
consideration.,2
بعد,2
"al-fouly,",2
outage.,2
"influenza,",2
"elderly,",2
reasons:,2
shouted,2
315,2
subcontracted,2
display.,2
shouting,2
anxious,2
panda,2
format.,2
relegation,2
pickup,2
mormon,2
shielding,2
sdg,2
traumatized,2
"met,",2
balances,2
población,2
repressed,2
al-arabiya/al-hadath.,2
conditions?,2
black.,2
nourishes,2
lira's,2
diskurs,2
sought-after,2
"rennes,",2
peacebuilding,2
three-month,2
kitchen.,2
ancestry,2
"testimonies,",2
declared.,2
184,2
assured,2
superintendent,2
decreed,2
underfoot,2
ominous,2
unleashing,2
cascade,2
apa,2
spring.,2
digitization,2
mega,2
dam’s,2
"thighs,",2
biomedical,2
officers’,2
"sana,",2
political.,2
"savinho,",2
kim’s,2
242,2
"fanaticism,",2
"box,",2
instagram's,2
expulsion,2
widow,2
slain,2
sniper,2
resale,2
kenyan,2
flat,2
jeddah's,2
empties,2
"competitiveness,",2
parts.,2
elites.,2
"sna,",2
al-nahar,2
"kapparov,",2
"""media",2
"""open",2
al-hilal's,2
"samadov,",2
venues,2
forces',2
pasteur,2
"licensing,",2
knowledge-driven,2
"militias,",2
firearms,2
"radwan,",2
leadership's,2
"directives,",2
"far-left,",2
"burning,",2
24-hour,2
heart.,2
"liquidity,",2
quantitative,2
divesting,2
communicates,2
regulator,2
two-month,2
"chosen,",2
hating,2
tizi,2
ouzou,2
counterpart.,2
north-eastern,2
"mystery,",2
al-gezira,2
"eight,",2
44%.,2
"taliban,",2
confuse,2
313,2
khmer,2
1995,2
"hausa,",2
"triangle,”",2
advises,2
163,2
"happen,",2
"wormhole,",2
rented),2
nepotism,2
“dunki”,2
wearable,2
borrowed,2
stable.,2
"craters,",2
"activities.""",2
glazes,2
legends,2
misconception,2
“lithium,2
compose,2
rivalry.,2
ray-ban,2
"judgment,",2
dichotomy,2
divergent,2
"cne,",2
47.97,2
48.07,2
intra-arab,2
armenians,2
(fdi),2
restraint,2
genders.,2
ruwaida,2
moataz,2
hsbc,2
frame.,2
2040,2
"treasury,",2
"facing,",2
corpses,2
"college,",2
al-shaghnoubi,2
24/7,2
clark,2
rabi',2
al-thani,2
1447,2
compensating,2
punctuality,2
walton,2
wrapped,2
meditation,2
(ipo),2
postcolonial,2
graves,2
sacrifice.,2
barring,2
1893.,2
light-hearted,2
türkiye,2
adani,2
"influencer,",2
"najd,",2
silk,2
hues.,2
self-declared,2
space),2
clubs',2
11.5%,2
longer-term,2
critiqued,2
fact-finding,2
expert.,2
altar,2
deities,2
"value""",2
detained.,2
swayed,2
"talents,",2
problem.”,2
lakhs,2
apartments,2
revenge,2
person.,2
algorithms.,2
hayat,2
"(hts),",2
pezeshkian's,2
"respect,",2
pence,2
giovanni,2
infringes,2
pardoned,2
co-opting,2
replicator,2
"acres,",2
absurd,2
infuse,2
"exceeded,",2
"voting,",2
juncture,2
technologically,2
لماذا,2
كتب,2
coalition.,2
occasionally,2
paramount,2
"closure,",2
rekindling,2
commodity.,2
future:,2
kimchi,2
dorra,2
second-most,2
"mid-september,",2
"flows,",2
decaying,2
"contests,",2
"arrested,",2
reviewed.,2
strategic.,2
"engaged,",2
"""petrodollar""",2
pockets.,2
"civilization,",2
"220,000",2
"fair.""",2
soybeans,2
"speeds,",2
usa.,2
consumer-focused,2
"schooling,",2
unearthed,2
society:,2
"sloat,",2
categorizes,2
diosdado,2
cradle,2
assaulted,2
"sadness,",2
enemies,2
"wanted,",2
"securities,",2
al-baroudi,2
"31,000",2
polls.,2
"shows,",2
pre-war,2
gear,2
reign,2
"cloning,",2
"links,",2
"creator,",2
modesty,2
normally,2
greener,2
exemplified,2
6.24,2
gay,2
"dividend,",2
public-private,2
rivalries,2
1.1,2
withheld,2
anti-semitism,2
sughd,2
scientific.,2
commentators,2
"harmony,",2
forgot,2
gestures.,2
"effective,",2
sadio,2
anti-reflective,2
aggravated,2
grievances.,2
"urea,",2
20th.,2
airbase,2
llevar,2
"lifes,",2
honduras.,2
intolerance,2
rebellious,2
attitude,2
economy's,2
cihan,2
"""rewards",2
"justice""",2
apprehension,2
ears.,2
killers,2
"gaming,",2
palpable,2
kidnap,2
pan,2
crews,2
"europeans,",2
1929,2
texture,2
category.,2
"mekelle,",2
rumor,2
bangla,2
"advisors,",2
uniqueness,2
"knee,",2
discomfort.,2
71%.,2
terrorism.”,2
interface.,2
directions,2
"townsend,",2
"divisions,",2
ipad,2
rebalance,2
chores,2
peer-reviewed,2
waived,2
quarter's,2
mecca,2
"al-shabab,",2
floral,2
"bouquets,",2
result.,2
visible.,2
jijiang,2
acid.,2
interoperable,2
muhammed,2
bello,2
remix,2
"bandyopadhyay,",2
installation.,2
respected.,2
demarcation,2
"priorities,",2
"principle,",2
acidity,2
(tpra),2
wholly,2
drying,2
stockpile.,2
sights,2
anuttin,2
casual,2
al-shabab,2
"affordable,",2
"ancestors,",2
ghosts,2
al-hajji.,2
suicide;,2
nuevo,2
musk’s,2
15-member,2
guess,2
introduced.,2
defensa,2
"""riads""",2
162,2
interpretation.,2
state?,2
hamoud,2
"acknowledge,",2
famed,2
"""rich",2
acid,2
"watermelons,",2
circulation.,2
predating,2
idlib.,2
gender-neutral,2
consolidate,2
utc.,2
pause.,2
narratives?,2
koreans’,2
low-carbon,2
guatemalan,2
2013.,2
"montevideo,",2
tajikistan,2
(socar),2
med,2
metals.,2
reconfiguring,2
low-voltage,2
high-voltage,2
"person.""",2
"exhibition,",2
locality.,2
eco-lodge,2
"jokes,",2
painsome,2
(18,2
"productions,",2
mosquito,2
power;,2
districts.,2
discouraging,2
germany’s,2
203,2
expansionary,2
annihilation,2
o'clock,2
"hearing,",2
danang,2
misled,2
undertook,2
294,2
anki's,2
"gemstones,",2
arenas,2
hashtags,2
[in,2
"sweat,",2
himalayan,2
markos,2
"dad""",2
"criminals,",2
journalist.,2
"believers,",2
"permission,",2
sinti,2
colour,2
stamford,2
communities’,2
diversity.,2
"sight,",2
unfounded.,2
haaland,2
embankments,2
decriminalize,2
lately,2
nassaf,2
(5,2
retiring,2
explained:,2
values”,2
"harsh,",2
(uae).,2
24%,2
39%.,2
threw,2
amateur,2
deleting,2
"kremlin,",2
mh:,2
"piece,",2
"philosophical,",2
discovers,2
beverages.,2
bekris,2
"storms,",2
disadvantaged,2
disarmament.,2
party’s,2
offenses.,2
non-human,2
feinberg,2
trial;,2
judgment,2
al-hikma,2
hub.,2
"flexibility,",2
prevalent.,2
actresses,2
"roma,",2
dispersing,2
languishing,2
"sanctions""",2
lund,2
eleven,2
deducting,2
intervened.,2
green.,2
blends,2
colossal,2
yanardağ,2
1981,2
poulsen,2
unlock,2
stagnation,2
subscribe,2
al-saeed,2
"bulgaria,",2
immunity,2
reappeared,2
velvet,2
while.,2
sighted,2
"experts.""",2
"extend,",2
"reactivate,",2
15th.,2
"sapiens,",2
eat.,2
"fatiha,",2
sorani,2
steadily.,2
uday,2
cell.,2
intersecting,2
"nairobi,",2
make-up,2
blended,2
“north,2
africa”,2
summers,2
twenty-five,2
diagnosis.,2
"has,",2
kais,2
infringe,2
"miners,",2
"produce,",2
“all,2
sharkia,2
"bubbles,",2
astonishing,2
raseef,2
sanction,2
"israel,""",2
"boundaries,",2
"beautiful,",2
forest.,2
equilibrio,2
folds,2
unavailable,2
ferry,2
operatives,2
arabs.,2
"monarchy,",2
anz,2
generator,2
"thomas,",2
(ai).,2
2012.,2
anti-india,2
nature”,2
"bleak,",2
"ecosystems,",2
"interpretation,",2
"titanium,",2
mammoth,2
al-sabra,2
"less,",2
miran's,2
38.1,2
fahad,2
tricking,2
parts:,2
role:,2
"suspended,",2
schooling,2
hamilton,2
sevastopol,2
"brains,",2
sefcovic,2
kashmala's,2
gonzález's,2
"blocs,",2
hormonal,2
"disorders,",2
"necessities,",2
partition,2
pleaded,2
suit.,2
22-year-old,2
"survivors,",2
headphones,2
tsang,2
yih,2
240,2
disarming,2
chicago.,2
bahruz,2
"issued,",2
straight,2
"safa,",2
deserted,2
alleges,2
compromise.,2
hanover,2
"menopause,",2
tau,2
"guardiola,",2
grealish's,2
him...,2
où,2
astounded,2
women),2
"cigars,",2
perfume,2
loudspeakers,2
"russia.""",2
mocks,2
besieging,2
movable,2
servants,2
"""al-amaq""",2
surges,2
paralysis.,2
rightfully,2
dining,2
"""snapback,""",2
respond.,2
hostility.,2
avalanche,2
turkey.”,2
socar,2
"will.""",2
palestinian-israeli,2
"""now",2
triumph.,2
(a),2
stream,2
"allocation,",2
clothing.,2
was:,2
"illness,",2
azerbaijan's,2
candles,2
"saud,",2
"collaborations,",2
plates.,2
precipitation,2
93,2
sumou,2
"verification,",2
fictitious,2
flies,2
mm,2
borno,2
"built,",2
2-1.,2
retention.,2
$7,2
$600,2
constituencies.,2
"poor,",2
backlash.,2
hushed,2
"well.""",2
consumers',2
wellness,2
flock,2
flood.,2
photojournalist,2
(2005),2
room.,2
voting.,2
"philae,",2
basement,2
ranks.,2
explode,2
"""under",2
tayseer,2
nude,2
clouds,2
"botswana,",2
"seven""",2
el-hadary,2
phone.,2
fulfillment,2
volunteers.,2
reunions,2
"detailed,",2
westjet,2
deleted.,2
"attacks.""",2
boots,2
"applicants,",2
togo,2
surrenders,2
emphasise,2
mansour,2
provocateurs,2
passivity,2
sundarbans,2
office's,2
al-roumi,2
acquisitions,2
libya.,2
anything.,2
ramallah.,2
beninese,2
"tombs,",2
24-year-old,2
4-1,2
venturing,2
mey,2
news!,2
blown,2
"costumes,",2
783,2
facility's,2
"ifex,",2
outwardly,2
johan,2
suitability,2
cambodia.,2
catchy,2
unwelcome,2
ballots.,2
khaleej,2
gradient,2
"""hezbollah,""",2
"beds,",2
dissolution,2
loom,2
fingerprint,2
pediatric,2
"displacements,",2
looting,2
adorn,2
nottingham,2
rejuvenating,2
nikah,2
validated,2
oils,2
"deportees,",2
competitiveness.,2
deserts,2
desertification.,2
four-year,2
folks,2
azizi,2
petraeus,2
defeats.,2
el-sisi.,2
"conviction,",2
quartet,2
"city.""",2
orbit.,2
grant.,2
facets,2
pooling,2
al-nasr's,2
pleasantly,2
kam,2
birds.,2
"disappeared,",2
habiba,2
"3,000-meter",2
jews.,2
inequities,2
lifeline,2
3-1.,2
"resistance""",2
celebrations.,2
"""flies""",2
wielded,2
curved,2
hayyan,2
confines,2
stranger,2
montego,2
aramaic,2
intensely,2
crumbles,2
see.,2
kouta's,2
shinai,2
harem,2
dish’s,2
vacate,2
"""aqua",2
"nubia,",2
slope,2
rationale,2
distressed,2
namche,2
elenzanetant,2
bedtime.,2
subvert,2
137,2
alluding,2
somaliland.,2
"2-0,",2
stadium's,2
"2.9%,",2
3.1%.,2
formulas,2
dispersed,2
messe,2
"link,",2
marino,2
contained.,2
making.,2
rabies,2
turnover,2
530,2
safely.,2
girls',2
"spirituality,",2
regularity,2
discrepancies,2
al-sharaa.,2
acheampong,2
siblings,2
salvaged,2
pre-qualified,2
hallmarks,2
"""meta",2
oppressors,2
"sidelines,",2
(opec).,2
ghaffar,2
hung,2
pre-existing,2
30th,2
12th.,2
summer.,2
logo,2
gavin,2
specifications.,2
"critique,",2
"""anti-semitic",2
subjective,2
"deficits,",2
mega-projects,2
79,2
espoused,2
"dhaka,",2
close.,2
wane,2
"reforms""",2
"physics,",2
darfur.,2
"""municipalities,",2
offensive.,2
"""their",2
countered,2
abducted,2
"established,",2
defamation,2
deserved,2
"""unlawful.""",2
gaziantep,2
post-traumatic,2
stablecoin,2
trails,2
33.4,2
1922,2
hassett,2
"""bad",2
non-nuclear,2
farman,2
"32,000",2
"victories,",2
"strike""",2
d,2
"cruz,",2
emanating,2
abolishing,2
relinquished.,2
reforestation,2
abuses.,2
art-historical,2
"popular,",2
nominee,2
projects',2
stadiums,2
vanguard,2
ivan,2
"qualification,",2
(90%).,2
favor.,2
prevail,2
2.1%,2
nubians,2
reintroducing,2
unpopular,2
succeeds,2
duty.,2
seventeenth,2
objectives:,2
resurface,2
rediscovered,2
"kendo,",2
traoré,2
"security.""",2
guernica,2
1937.,2
azerbaijan’s,2
"ismail,",2
democratizing,2
"strikes,",2
pre-pandemic,2
irreparable,2
ya,2
keloğlan,2
swaths,2
manipulation.,2
"slogans,",2
"favorite,",2
108,2
2019's,2
three-time,2
rover's,2
desalinate,2
ski,2
everest,2
"pipelines,",2
blows,2
33%.,2
"rewards,",2
disastrous,2
"shinwari,",2
housework,2
character.,2
professionally.,2
tweet.,2
obstructing,2
"insufficient,",2
milan-cortina,2
harnessing,2
unanswered,2
gaza”,2
progressively,2
queues,2
"instructions,",2
six-month,2
framing.,2
yu,2
dramas.,2
hurting,2
"asphalt,",2
custom,2
12.2%,2
"alibaba,",2
"onward,",2
"indigenous,",2
radio.,2
x.,2
hardships,2
al-shara,2
"compromise,",2
amphibious,2
"epstein,",2
"households,",2
rivers.,2
flores,2
sandwich,2
"bread,",2
"""significant",2
"upon,",2
leavitt,2
"roots,",2
allegiance,2
dispose,2
"drains,",2
drains,2
cambio,2
entonces,2
pharmacy,2
prioritise,2
año.,2
perimeter,2
"observatory,",2
patients.,2
modernizing,2
tracts,2
water-related,2
hungary's,2
barre,2
"commenced,",2
"packaging,",2
deteriorating.,2
"2,""",2
multi-story,2
failure.,2
"slovakia,",2
uneasy,2
"physically,",2
mura'a,2
kano,2
keyboard,2
confusion.,2
"""shadow",2
favoritism,2
state:,2
undecided.,2
"twitch,",2
el-bayar,2
cyberspace,2
"downstream,",2
courtroom,2
"""damascus",2
"al-rahman,",2
coastlines,2
bloodbath,2
antibiotics,2
"bacteria,",2
rice.,2
fullest,2
seen.,2
itself:,2
erdoğan's,2
"disparities,",2
franco,2
mistreatment,2
"consensus,",2
leverage.,2
netanyahu’s,2
reckon,2
padded,2
"sugar,",2
"milley,",2
nuwaiseeb,2
indiana.,2
futsal,2
1970,2
anxiety.,2
"states""",2
(bmi),2
lanka’s,2
donating,2
patrol,2
15-year-old,2
"unnecessary,",2
"running,",2
acrobatic,2
avec,2
"bronzes,",2
imaginary,2
"novels,",2
recurs,2
well;,2
shout,2
groupings,2
figuration,2
"2031,",2
biometrics,2
depression,2
"classmates,",2
breathes,2
"industrial,",2
realism,2
469,2
liaison,2
artawi,2
2040.,2
$85,2
undiagnosed,2
al-lami,2
"warned,",2
yet?”,2
solitary-living,2
unionist,2
"""absolutely",2
throat.,2
hime,2
undetectable,2
disconnection.,2
hamas’s,2
erupt,2
proclaimed,2
4.9%,2
4.3%.,2
"accomplishment,",2
"revenge,",2
ho-jung,2
frigate,2
karam,2
hoda,2
suffered.,2
"traoré,",2
"rifles,",2
"dismantled,",2
"salary,",2
"$15,000",2
screening.,2
"karara,",2
farmer,2
poachers,2
"ostrich,",2
villager,2
"safi,",2
metro,2
"hardship,",2
rising.,2
saudi-chinese,2
forgo,2
"alarm,",2
rezki,2
"executed,",2
ii.,2
affirm,2
730,2
"mentorship,",2
guidance.,2
herders,2
kd,2
"moderation,",2
liability.,2
overtime,2
“war,2
bollywood,2
talaat,2
un-affiliated,2
2025/2026,2
unchallenged,2
alterations,2
jardim,2
time-consuming,2
banchare,2
"storing,",2
automation.,2
relay,2
signalled,2
watch.,2
"""hell""",2
presenter,2
affectionately,2
good;,2
unraveling,2
legacy.,2
debray,2
yilmaz,2
trends.,2
lately.,2
healthy.,2
earth’s,2
"operations.""",2
ensnared,2
unusual.,2
martin.,2
"arrives,",2
collectives,2
broadcaster's,2
disinfectants,2
ibge,2
"""seven",2
"wars""",2
acquires,2
undetected.,2
vini's,2
jersey,2
royalty,2
eighteen,2
waddyi,2
afforded,2
continue.,2
"2027,",2
"""technical",2
"grandfather,",2
overthrew,2
neutrino,2
winner.,2
afterward,2
friction,2
sos,2
princess,2
hell,2
"symptoms,",2
"phosphate,",2
unintentional.,2
functionalities,2
"lab,",2
prohibited.,2
punjab.,2
"autism,",2
accomplishment.,2
tpra,2
"reviewed,",2
podcast.,2
al-jarbawi,2
624,2
endeudamiento,2
»,2
"climate,",2
bleak,2
"cobalt,",2
prayed,2
butter.,2
victim’s,2
bigotry,2
lining,2
emile,2
conservatism,2
broadcasts.,2
animosity,2
mediated,2
coexists,2
designers,2
"missiles""",2
custody,2
"jianzhong,",2
2.6%,2
thyssenkrupp's,2
"3.5%,",2
salzgitter's,2
distributes,2
doing.,2
"arguments,",2
"legitimate,",2
femicides,2
"subsidiaries,",2
edwin,2
chen,2
weaves,2
biography,2
petite,2
procedure.,2
hollow,2
puris,2
consulate,2
"9%,",2
"tso,",2
"advance,",2
237,2
20-year-old,2
witnesses.,2
‘al,2
fourth-place,2
"""unjustified.""",2
"perpetrator,",2
unverified.,2
pegged,2
"producer,",2
"ethereum,",2
"al-arouri,",2
reignited,2
workshops.,2
lining.,2
teku,2
buggery,2
expertise.,2
donations.,2
"evolved,",2
pakhshan,2
290,2
hungary,2
profited,2
engrossed,2
finalized.,2
jesús,2
watum,2
voluntarily.,2
donors,2
monaco's,2
revoked.,2
$20,2
halal,2
sessions.,2
band,2
karun,2
"dispatch,",2
loving,2
consulted,2
ruba,2
rifaat,2
irakli,2
"rolpa,",2
"city,”",2
martinelli,2
malayalam,2
refreshing,2
giorgi,2
114,2
406,2
presidency.,2
"downfall,",2
"readiness,",2
inundation,2
are.,2
departed.,2
ukraine-russia,2
jakub,2
menchik,2
6-4,2
chatbot.,2
alfred,2
kelly,2
"policymakers,",2
"power,""",2
296,2
novelist,2
"leverkusen,",2
comments.,2
vapor,2
government-controlled,2
"impulsively,",2
predatory,2
"nawaf,",2
"pasquet,",2
society”,2
clinging,2
"acquisition,",2
"indifference,",2
damaged.,2
slovenians,2
7.,2
customizing,2
onsi,2
fluently,2
re-introducing,2
"1969,",2
tallied,2
open.,2
julian,2
“men,2
roads.,2
harmonization,2
imbalances,2
(45,2
"hosni,",2
position:,2
children:,2
670,2
finances,2
reinstates,2
al-rasheed,2
nabaa,2
al-saha,2
"obstacle,",2
potter,2
"empowerment,",2
liberator,2
sympathetic,2
во,2
е,2
"yemenis,",2
"frequent,",2
blur,2
nobody,2
refill,2
cebador,2
"jan,",2
surgeon,2
bottom,2
relegated,2
asmi,2
climbing,2
installment:,2
year).,2
soak,2
heaviness,2
"0.5%,",2
camp’s,2
"hurghada,",2
inspections.,2
responses.,2
cameroon’s,2
division.,2
262,2
mistakenly,2
aitana,2
"attendance,",2
habitable,2
(november,2
day),2
"diagnosis,",2
bespoke,2
installments,2
jamiat,2
takeoff,2
“we’re,2
initiation,2
abstaining,2
"buyers,",2
pity,2
agent.,2
storm.,2
ways:,2
ahronoth,2
winner’s,2
"q8,",2
164,2
kinda,2
"dumpsters,",2
post-election,2
modified.,2
prisons.,2
stifling,2
(al,2
lae,2
(drc).,2
"tigray,",2
asset-backed,2
campaigners,2
"attack,""",2
reagan’s,2
"democrat,",2
"capriles,",2
"ib,",2
"esso,",2
petra,2
umayyad,2
"imposed,",2
traceability,2
deforested,2
disappear,2
plates,2
annutin,2
tended,2
1.9%.,2
"angola,",2
shame.,2
confused.,2
"universal,",2
dollars’,2
504,2
"tongue,",2
"dictatorship,",2
é,2
preciso,2
"1997,",2
(not,2
entrenches,2
rashad,2
"al-alimi,",2
construction.,2
swarms,2
"studio,",2
epicenter,2
planet’s,2
michigan,2
horses’,2
"meter,",2
"sociedad,",2
"truths,",2
esmeraldas.,2
irritation,2
stakeholders',2
kuo,2
abuja,2
ascending,2
lion,2
cameroonian,2
jubilee,2
event's,2
congratulate,2
l'equipe,2
distortion,2
fights,2
accolades,2
decision's,2
observers.,2
stained,2
"al-mukhaizeem,",2
interpreting,2
"danger,",2
epicentre,2
occupy.,2
authors',2
spacious,2
identity?,2
eran,2
lawless,2
deadlock,2
"residential,",2
agnelli's,2
meiran,2
"breathe,",2
notions,2
comedians,2
hollywood.,2
classify,2
publishes,2
someone.,2
"occupation,",2
appointed.,2
"ball,",2
tube,2
optimistic;,2
"anxious,",2
maker,2
"unesco,",2
hands.,2
(protection,2
rights),2
bless,2
eintracht,2
"leaving,",2
"warnings,",2
influences.,2
7.6,2
daimler,2
republic’s,2
dost,2
lolam,2
liquidating,2
"makni,",2
burek,2
antibiotic,2
privileged,2
fostered,2
"""your",2
bordj,2
3.3%.,2
neymar's,2
them!,2
overwhelm,2
"""hamas,""",2
"""hamas""",2
ora,2
"congestion,",2
mismatch,2
gravely,2
$80,2
"charlie,""",2
eternal,2
chapter.,2
unrestricted,2
giants.,2
careers.,2
automaker,2
tiananmen,2
unsettling,2
retreat.,2
motive,2
"appeal,",2
privy,2
havens.,2
minced,2
"fail,",2
free-of-charge,2
deceased.,2
plantation,2
simeone,2
nokia.,2
farther,2
sided,2
"escalate,",2
myself:,2
inflicting,2
succeed.,2
"everything,",2
product's,2
burdensome,2
sneak,2
plane.,2
"frozen,",2
stomachs,2
yair,2
mixing,2
$584,2
thrive,2
pokhrel,2
(“,2
submarine,2
"town,",2
spends,2
"roadside,",2
"landscapes,",2
colored,2
cyber-attack,2
"power,”",2
abireen,2
"""support",2
brightly,2
"supermarkets,",2
dental,2
"wide,",2
"recur,",2
230,2
salah.,2
unorthodox,2
spoil,2
cardiologist,2
designation,2
"bank,""",2
them;,2
enrich,2
epic,2
"project,""",2
slam,2
"bloodstream,",2
scars.,2
2004,2
parishes,2
peculiar,2
"myths,",2
vasomotor,2
"“modernization,”",2
recognise,2
"boy,",2
perpetrators.,2
desertification,2
opt-out,2
overhunting,2
"czech,",2
yafi,2
budapest,2
licensing.,2
"$10,000",2
demolishing,2
salameh,2
stain,2
thiaw,2
post-match,2
comment.,2
seo,2
tatweer,2
log,2
hereditary,2
fine.,2
deduction,2
seeps,2
manifesting,2
leftover,2
behave,2
zionists,2
mfa,2
ravid,2
rafinha,2
garcia,2
"allows,",2
lens.,2
partners',2
dues,2
unions.,2
disassembled,2
15.4%.,2
(03:00,2
myths,2
"everywhere,",2
ebrahim,2
raisi,2
non-binding,2
document.,2
vending,2
paralysis,2
booth,2
aqleh,2
"identified,",2
evaded,2
well-educated,2
descended,2
(an,2
"exasperating,",2
pdpl,2
85%.,2
674,2
bfa,2
brightly.,2
relinquished,2
lkr,2
wine.,2
“moral,2
standards”,2
colonel,2
"eased,",2
"nature.""",2
surmount,2
145,2
conscience.,2
subway,2
"put,",2
acids.,2
fixates,2
municipalities.,2
flame-retardant,2
leverkusen.,2
inception.,2
awarded.,2
potato,2
scrutinize,2
aired,2
"democrats,",2
reestablish,2
(like,2
"pursued,",2
shoe,2
nausea,2
soluble,2
"heartbeat,",2
"hamilton,",2
coma.,2
"member,",2
"demonstration,",2
travels.,2
miguel,2
bombed.,2
1970s.,2
wages.,2
“while,2
srinagar,2
battlefield.,2
"xenophobia,",2
5.8%,2
(npt).,2
exhibits,2
technocratic,2
fits,2
"characteristics,",2
"brands,",2
39.35,2
opposed.,2
"twitter),",2
machines.,2
appetite.,2
constipation,2
"reid,",2
permission);,2
"willis,",2
archive.,2
hafeez,2
27.5,2
"boys,",2
protestors.,2
podcasting,2
"laundering,",2
red-tagged,2
mangkhut,2
farid,2
"reconciliation,",2
"equinox,",2
pottery,2
"conversion,",2
cattle,2
dusty,2
doubted,2
disqualification,2
"1993,",2
“collateral,2
damage”,2
"patients,",2
post-conflict,2
"stolen,",2
shortcomings,2
mistakes.,2
commensurate,2
credentials.,2
"defamation,",2
"illinois,",2
"acceptance,",2
expatriate.,2
"you.""",2
(some,2
intersections.,2
meaningful.,2
globalization,2
"mustafa,",2
inverters.,2
"latakia,",2
faults,2
hadath.net:,2
kevorkova’s,2
rejoined,2
"tottenham,",2
haul,2
diarrhea,2
finals.,2
however.,2
capped,2
skowhegan,2
vienna,2
"""over",2
accelerates,2
33-year-old,2
nine-month,2
27th,2
"decided,",2
champion.,2
"faces,",2
"mobilization,",2
"intelligence,""",2
enact,2
"law""",2
sipri,2
transboundary,2
heard.,2
"bloodshed,",2
tactic.,2
usman,2
asks,2
fleet.,2
tomorrow's,2
"bottles,",2
segregated,2
balen,2
genealogy,2
"""completely",2
life;,2
chávez,2
"gallant,",2
(icj),2
rutina,2
'we,2
"engine,",2
"me.""",2
uzbekistan.,2
"cbs,",2
boycott,2
cigarettes,2
"activity,”",2
contemplation,2
cinema.,2
"modernity,",2
lock,2
"ma'az,",2
"alsa,",2
wrongdoing.,2
patrick,2
philips,2
program:,2
"happening.""",2
hills.,2
wounds.,2
kosi,2
nuseirat,2
observatories,2
fillings,2
spicy,2
"firsthand,",2
angad,2
salman's,2
"serious,",2
aghayev,2
"mail,",2
addis,2
accolade,2
"""cairo",2
"biased,",2
amado's,2
houses.,2
domain.,2
descend,2
freedom),2
"associates,",2
magistrate,2
jars,2
"cycles,",2
"schumer,",2
fluctuation,2
crimean,2
bob,2
7.5%,2
"game.""",2
arif,2
johor,2
pro-democracy,2
true:,2
malual,2
chatgbt,2
around.,2
smiled,2
isaad,2
al-zahed,2
"tizi-ouzou,",2
resonance,2
(icc),2
appointing,2
brandenburg,2
"disrupted,",2
afif,2
industry;,2
maya,2
semi-final,2
"reign,",2
zine,2
abidine,2
omnipotent,2
al-amin,2
municipality.,2
alpha,2
diaria,2
self-driving,2
vaccinated,2
"persistence,",2
1967.,2
newcomers,2
2010.,2
"0.07%,",2
onwards.,2
"submarines,",2
"lead,",2
joins,2
ford,2
nyusi,2
"powerful,",2
fatwa,2
antisemitism,2
"debts,",2
chaos.,2
fragmentation,2
collections,2
zola,2
shining,2
"doubt,",2
downs,2
"muscles,",2
revolutionized,2
informs,2
rethink,2
"substantially,",2
"al-khorayef,",2
flotilla,2
sul's,2
viruses,2
"condition,",2
"fourfold,",2
"favorable,",2
само,2
имаме,2
estate.,2
chillingly,2
guatemala,2
"dangerous,",2
books:,2
rifles,2
fueron,2
adaptación,2
suggest.,2
hotspots,2
officials',2
özgür,2
"özel,",2
full-fledged,2
hasira,2
overthrowing,2
ireland,2
greer,2
criminalization,2
"attempts,",2
"""from",2
quarter-finals.,2
resorted,2
nama,2
jeremy,2
han,2
"description,",2
realistically,2
tractor,2
you?”,2
pretoria,2
"program,""",2
rotten,2
shin,2
precondition,2
standardizing,2
logically,2
vasconcelos,2
short.,2
"encounters,",2
"sharif,",2
nepal's,2
raymond,2
"turmeric,",2
amazon’s,2
necessities.,2
charitable,2
tb.,2
watches,2
sadat's,2
philippine,2
fatigue.,2
"whole,",2
distort,2
pre-installed,2
end-user.,2
"categories,",2
crowding,2
"incest,",2
"soul,",2
"nationhood,",2
collude,2
$3.8,2
remark,2
initiative;,2
"close,",2
(roughly,2
175,2
earlier.,2
niger's,2
"terminal,",2
rescues,2
"siblings,",2
"arising,",2
"curcumin,",2
piloting,2
kay,2
shoaib,2
hovered,2
31%,2
waivers,2
"domains,",2
unsuccessful.,2
renders,2
hometown,2
guaira,2
categorize,2
larijani's,2
heaviest,2
privatization,2
traversed,2
leopoldo,2
machado.,2
events?,2
examines,2
"notions,",2
judaism,2
sticks,2
"signs,",2
ali.,2
nga’a,2
barramundi,2
"interrupted,",2
movie.,2
obstruction,2
"security""",2
circulatory,2
watson,2
mondays,2
threatened.,2
balakhisheva,2
judges.,2
karumba,2
captives,2
pao,2
rewrite,2
lobby,2
“now,2
jenin,2
consequently,2
"afp,",2
manga,2
woes,2
reorientation,2
entrusted,2
intercept,2
11.9%,2
circassians,2
predicament,2
“no,2
niche,2
discord.,2
"hua,",2
taichung,2
"cabbage,",2
bertelsmann,2
lobbied,2
"macedonia,",2
pública,2
badly,2
(september,2
"modesty,",2
cleberson,2
estudios,2
four.,2
rouhani,2
underestimated.,2
contravene,2
lunches.,2
hurry,2
olha,2
lord,2
by-nc-sa,2
2.0,2
exchanges.,2
"fair,",2
ballot,2
"mobility,",2
affirming,2
(sunday),2
100.,2
romanticize,2
intertwines,2
1.3%,2
"""are",2
"rest,",2
internalised,2
(tasi).,2
babel,2
"light,",2
dipendra,2
locking,2
pathway.,2
consciousness.,2
floodwaters,2
erected,2
1975.,2
vanna,2
seville,2
adham,2
"minors,",2
al-shara’a,2
sur,2
ciudad,2
sorani-language,2
"breaking,",2
"starters,",2
hilal's,2
frontier,2
400.,2
spotted,2
low-interest,2
"harder,",2
noah,2
traumas,2
"catastrophe,",2
"gardens,",2
"accessibility,",2
dilemma.,2
ocean.,2
"sdaya,",2
deepens,2
worsens,2
96%,2
estabilización,2
lady”,2
compensated,2
landau,2
backs,2
"illegally,",2
stir,2
input,2
"economist,",2
"leave,",2
"both,",2
simone,2
"inzaghi,",2
roberto,2
inzaghi,2
4.2,2
"confederation,",2
234,2
enormity,2
usable,2
"farming,",2
$1.8,2
livelihood,2
"nice,",2
bbc's,2
"essentially,",2
parades,2
pace.,2
distorting,2
anonymously,2
12.5,2
0.7%.,2
york’s,2
mouthwashes.,2
410,2
recorded.,2
vanished.,2
"bahn,",2
richter,2
third-generation,2
lifecycle,2
grabs,2
"katz,",2
kiam,2
"""kenbudo""",2
"cotonou,",2
"noodles,",2
"roofs,",2
idf,2
superhero,2
historians,2
"file,",2
perez,2
andhra,2
[a,2
"composer,",2
"playwright,",2
nuances,2
zagros,2
warheads.,2
challenge:,2
bite,2
sean,2
one-month,2
moons,2
mourners,2
"wit,",2
"cynicism,",2
unacceptable.,2
papazian,2
"6,500",2
kilometer,2
incorporates,2
"bellingham,",2
desire.,2
caterpillar;,2
"logistical,",2
correspondence,2
revamped,2
"musselman,",2
"nygma,",2
al-malqa,2
cramped,2
"varies,",2
garments,2
threefold,2
spotting,2
"tangible,",2
neoliberal,2
detection.,2
125,2
"precision,",2
"limitations,",2
slovenia’s,2
"publishers,",2
"tiles,",2
"gw,",2
"francisco,",2
airlines',2
fraser-pryce,2
istanbul's,2
pink,2
au-eu,2
"carbon,",2
steam,2
pmt,2
277,2
"delayed,",2
nikolaev,2
optimization,2
"concentration,",2
misfortune,2
symbolism.,2
"nitrates,",2
"20,000).",2
belief.,2
beets,2
cari-bois,2
fellowship,2
averages,2
institute's,2
"al-issa,",2
formalizing,2
desks,2
"surrender,",2
basque,2
"bricks,",2
"just,",2
"hassett,",2
"warsh,",2
beginning.,2
"capabilities.""",2
"theories,",2
behaviour,2
screens.,2
divisions.,2
"""ai",2
ftc,2
1-3,2
huang,2
"zinc,",2
"external,",2
hanadi,2
nonexistent,2
touch.,2
limitless,2
cornerstones,2
jobs.”,2
ethnicity,2
eye-catching,2
cnn,2
simple.,2
aspect.,2
eu’s,2
anti-feminist,2
rituals.,2
"emails,",2
muhanna,2
post-revolution,2
makiya,2
commemorated,2
jamaat,2
"restaurants,",2
"kuo,",2
masterpieces,2
proficient,2
worship.,2
pray,2
masses,2
millimeter,2
rehearsals,2
"filming,",2
nicol,2
durations.,2
marijuana.,2
frontrunners,2
mini,2
blocks.,2
kyle,2
dentists,2
enis,2
čišić,2
mask,2
justin,2
cryptocurrencies.,2
pope,2
francis,2
congo’s,2
graduates.,2
repay,2
three-hour,2
interviewer,2
"foot,",2
"years,""",2
notice.,2
db,2
surrendered,2
unwise,2
louisiana,2
"quantities,",2
scans,2
utc,2
"co₂,",2
brutality.,2
airplanes.,2
nouadhibou,2
"surreal,",2
"spacex,",2
carts,2
"arachchige,",2
modesty.,2
havoc,2
alaska,2
technicians,2
empirical,2
"former,",2
concentrates,2
metres,2
што,2
dehumanization,2
reopen,2
(between,2
rennes,2
да,2
ја,2
1900,2
fondly,2
companions,2
422,2
"mum,",2
troubles,2
zainab,2
"""she",2
oversaw,2
"al-safi,",2
simulated,2
offering.,2
"la,",2
u.s.-based,2
anglogold,2
burden.,2
netzarim,2
luxury.,2
"writer,",2
storage.,2
advisories,2
tributaries,2
"bali,",2
"pollard,",2
kingston,2
russian-ukrainian,2
formative,2
1908.,2
experts',2
се,2
hiperinflación,2
década,2
delhi's,2
alto,2
"cooperate,",2
operate.,2
erdoğan’s,2
motives,2
(of,2
"highways,",2
maldives,2
al-kharabsheh,2
journalists',2
kosi.,2
sauce,2
“guyana’s,2
human-computer,2
"interaction,",2
scorching,2
"christians,",2
concludes:,2
"honest,",2
pours,2
"femicide,",2
"automobiles,",2
"oxfam,",2
"violent,",2
critiques,2
"creation,",2
"carrier,",2
u-17,2
crossroads,2
built.,2
"precise,",2
"cohesion,",2
"surprisingly,",2
275,2
commanding,2
"unharmed,",2
received.,2
expectation.,2
reprocessing,2
(venezuelan,2
switzerland.,2
units;,2
"settlement,",2
bargaining,2
mellon,2
canon,2
refunding,2
9.5%,2
eight-year,2
moment:,2
failure;,2
"imaflora,",2
republished,2
"variant,",2
rulers,2
43%,2
admiral,2
arun,2
user-friendly,2
"applications.""",2
culmination,2
accidental.,2
"tent,",2
"developer,",2
"trains,",2
alleviates,2
"opposes,",2
asas,2
“over,2
"globally,”",2
honking,2
anglophone,2
"conference,""",2
dashna,2
31st,2
"iteration,",2
baumeister,2
emigration,2
swaying,2
endured.,2
rahman’s,2
kinetically,2
“that,2
siberia,2
peasants,2
"""asia",2
"potash""",2
drawing.,2
russell,2
realized.,2
"memphis,",2
"“today,",2
else’s,2
author's,2
rebounded,2
possesses.,2
granddaughters,2
fortress,2
passes,2
bangkok,2
subsidence,2
destabilizing,2
"leoni,",2
"photographer,",2
"revealed,",2
makin,2
groin,2
flick,2
extradited,2
uli,2
refrigerators,2
"al-wahda,",2
scoreline,2
"ríos,",2
"metabolism,",2
up:,2
"yams,",2
"curiosity,",2
precios,2
"""empty",2
terrains,2
psychosomatic,2
petitioners,2
"kindness,",2
chamber’s,2
bombarded,2
"barley,",2
tops,2
outbreaks,2
liberalism,2
virtue,2
raged,2
(apec),2
ridiculous,2
"interestingly,",2
"appendix,",2
participants',2
"majority""",2
"distrust,",2
"test,",2
constituting,2
actors.,2
"sealed,",2
neighbour,2
kima,2
"aswan,",2
rocket,2
"dehydration,",2
rick,2
nasrin,2
[for,2
trips.,2
leclerc,2
"""after",2
lead-up,2
"roncero,",2
twitter),2
can.,2
visa.,2
individually.,2
"al-batta,",2
131st,2
$43.20,2
seasoned,2
"7.0%,",2
arm.,2
150.,2
eliminated.,2
scenarios:,2
dynasty,2
"1979,",2
"leases,",2
error.,2
greenhouse,2
"225,000",2
"sharing,",2
"""james",2
cups.,2
janeiro,2
cluster,2
non-residential,2
woman.,2
“meat,2
"classification,",2
cease-fire,2
34th,2
rota,2
(chp),2
"exposed,",2
"discontent,",2
“hornet,2
department.,2
dana,2
"connections.""",2
saudi-led,2
"groundwater,",2
"iceland,",2
generators.,2
peace-loving,2
"solidarity""",2
"goats,",2
found.,2
expansionist,2
relatives.,2
illustrious,2
"best.""",2
"resorts,",2
"subscription,",2
nepalese,2
"great,",2
"pound,",2
5.7,2
"3,900)",2
logged,2
richards,2
"""fall",2
morgue,2
yalova,2
testing.,2
immediately.,2
misused,2
antagonism,2
"nou,",2
dryness,2
conde,2
unsatisfactory.,2
discharges,2
musk.,2
"dust,",2
vowing,2
"celebrities,",2
ire,2
touted,2
exaggerated,2
"resignation,",2
"county,",2
back.”,2
"utensils,",2
"flexible,",2
sdaya's,2
"al-ghamdi,",2
zhou,2
delineated,2
lovely,2
+,2
camps:,2
others',2
uttering,2
"iranians,",2
hurghada.,2
fluidity,2
assessment.,2
"sad,",2
discrediting,2
kimonyo,2
clash.,2
politicization,2
affiliations.,2
305,2
manually,2
"thereof,",2
"wartime,",2
florian,2
liao,2
averaging,2
494,2
ounces,2
art?,2
khorrambid,2
bremen,2
"finals,",2
haaland's,2
guinea,2
bissau,2
bastion,2
arctic,2
1986,2
"lower,",2
arnault's,2
arnault,2
"left,""",2
capitalism.,2
maspero,2
inflating,2
r,2
0-0,2
note.,2
"africans,",2
summits,2
1.40,2
"137,000",2
£1.5,2
kido,2
word.,2
spinach's,2
donna,2
"cancellation,",2
liable,2
"variations,",2
"object,",2
"""responsible",2
"unfolded,",2
emerged.,2
"likewise,",2
"""therefore,",2
yale,2
chugai,2
"count,",2
"piracy,",2
gb,2
rationing,2
seasonally,2
"shoaib,",2
"quarter-finals,",2
minors,2
186,2
newcastle's,2
karraechal,2
ramallah,2
burundi,2
11%,2
"exercises,",2
"harrods,",2
banja,2
contamination.,2
contingency,2
2.9,2
communities;,2
"horses,",2
arabiya/al,2
activated.,2
vulnerability.,2
absurd.,2
"failure,""",2
"flat,",2
"diets,",2
lifespan.,2
10th,2
"barakat,",2
pm.,2
childfree,2
"easily,",2
effectiveness.,2
commitment.,2
prosecuted,2
notes:,2
exploded,2
pagers,2
residencies,2
385,2
measures”,2
quarter-point,2
anton,2
heater,2
well-defined,2
vigilance,2
obscuring,2
"balfour,",2
archipelago,2
"coercion,",2
mona,2
inalienable,2
multi-purpose,2
anymore.,2
tsai,2
su,2
circulación,2
"hangzhou,",2
novell,2
beam,2
"blair,",2
winston,2
bachelor’s,2
jewel,2
man.,2
yao,2
prevail.,2
tener,2
"intellectuals,",2
inundate,2
"insults,",2
wishing,2
"committed,",2
pastelera,2
key.,2
countries...,2
"apartments,",2
"viable,",2
"grows,",2
chairperson,2
arbitration,2
puzzled,2
"blessing,",2
gouna,2
revisiting,2
centralize,2
"farm""",2
protocols.,2
crack,2
"hayom"".",2
liberata,2
landmarks,2
bare,2
heirs,2
"al-ali,",2
legislate,2
overtook,2
bravery,2
"""by",2
orphan,2
anytime,2
upbringing,2
avoids,2
"chatbots,",2
"spot,",2
edward,2
"organisation,",2
"swift,",2
psyche,2
sunken,2
stood.,2
disclosing,2
"hazards,",2
"consequence,",2
outweighs,2
"though,",2
garner,2
corp.,2
statues,2
seventh-place,2
bahn,2
machines,2
recreate,2
"pharaohs,",2
ride,2
levying,2
andrés,2
sector/public,2
far-reaching,2
chiefs,2
chemically,2
“whether,2
experimentation,2
"meliodata,",2
106,2
third:,2
lessor,2
"""ejar.""",2
lessee,2
iv,2
"diagnoses,",2
plan:,2
distorted,2
defying,2
"nuts,",2
"avocado,",2
"auckland,",2
"flick,",2
unit.,2
"escalation,",2
cfa,2
(amendment),2
otsuka,2
"4.8%,",2
virginia,2
row,2
manifestation,2
"cryptocurrency,",2
al-rashid,2
jubilation,2
render,2
useless,2
invoking,2
thrusting,2
evacuation.,2
quotas,2
"satisfaction,",2
judge.,2
stc's,2
being.,2
limbo,2
taibah,2
anecdotes,2
"""replicator""",2
guizhou,2
$586,2
wash,2
reignite,2
world”,2
upon.,2
21.5,2
khadidja,2
supported.,2
"ngo,",2
azam,2
worrying,2
insurgency,2
"""hezbollah.""",2
usada,2
"plantains,",2
48.10,2
"well-known,",2
factors;,2
shatter,2
$410,2
cycle.,2
frenzy,2
"dominance,",2
homelessness,2
wetlands.,2
"""should",2
humane,2
farsin,2
"spahn,",2
colourful,2
samer,2
"elevated,",2
"cuisine,",2
harvard,2
34.9,2
13.8,2
2063,2
envisions,2
bride,2
provea,2
"countries,""",2
el-desouci,2
claim.,2
mashed,2
"violation,",2
people:,2
sugar.,2
walkers,2
marcus,2
go-to,2
"shock,",2
"""caesar",2
“an,2
octopus,2
"rich,",2
"visible,",2
unveils,2
sounded,2
"unusual,",2
illogical,2
desert.,2
limitation,2
realms.,2
foresight,2
"ban,",2
"ukrainian,",2
suggestions.,2
torrents,2
bravely,2
object.,2
"""we're",2
21-karat,2
repeats,2
retiree,2
"mouth,",2
contaminating,2
sediments.,2
commencing,2
al-taif,2
graduation.,2
recorder,2
"daraa,",2
relayed,2
"yassin,",2
"pathways,",2
modon,2
command.,2
week-long,2
controls.,2
risked,2
calidad,2
embarrassment,2
$102,2
river’s,2
entebbe,2
sophistication,2
suspicions,2
"skiing,",2
"daughter-in-law,",2
"commodities,",2
customized,2
renting,2
ucla,2
market:,2
mysterious,2
"capacities,",2
finish.,2
"cracking,",2
repaired,2
"educación,",2
"(irgc),",2
(150,2
distance.,2
contacting,2
obsession,2
"continuity,",2
"equity,",2
"74,000",2
re-establish,2
resignation.,2
"purchase,",2
development;,2
"sensitivity,",2
"barbados,",2
monuments,2
replica,2
cyprus.,2
1933,2
archaeology,2
"singer,",2
user.,2
news:,2
photographed,2
rafik,2
well-documented,2
"jewelry,",2
latter's,2
"balanced""",2
curtailing,2
shetty,2
eternaut,2
"850,000",2
lorenz,2
cbs,2
dodon,2
startups.,2
cambiar,2
"child.""",2
"sadiq,",2
coffin,2
surmounting,2
seminar,2
dishonest,2
beach.,2
singh,2
freddy,2
coronation,2
molinari,2
"useful,",2
"urbanization,",2
coastline,2
nghe,2
battered,2
toronto,2
antiquities,2
"impossible.""",2
illusions,2
"shortly.""",2
2.4%,2
2.3%,2
ricardo,2
espírito,2
timelines,2
asia's,2
extracts,2
"advocates,",2
8th,2
distributive,2
cme,2
25-basis-point,2
73%,2
robin,2
gu's,2
peter,2
(drones),2
"references,",2
pondered,2
captives.,2
"fronts,",2
2.57,2
($700,2
retrieved,2
photographic,2
viewing.,2
storybundle,2
it.”,2
silently.,2
"""seller",2
frontier.,2
spirited,2
"mayor,",2
eric,2
kazem,2
"imbalances,",2
28%,2
"borrowing,",2
carpentry,2
bedsheets,2
aggrieved,2
unify,2
islamists,2
"accurate,",2
insomnia,2
quetta.,2
megawatt,2
bih,2
public’s,2
lvmh,2
repealing,2
premiere,2
sufficiently,2
fractures.,2
lorestan,2
lawyer.,2
stubbornness,2
beneficial.,2
keynesian,2
veterans,2
jašarević,2
“never,2
reception,2
paralleling,2
medium-term,2
shakira's,2
"extinct,",2
fully-fledged,2
"jurisdiction,",2
dong,2
75%.,2
macron's,2
"rodríguez,",2
shouk,2
alae,2
fs:,2
vital.,2
currencies.,2
"iaea,",2
merz,2
"conflict.""",2
donations,2
prophet,2
visitors',2
101.6,2
states:,2
low-temperature,2
pipelines.,2
(free,2
"collective,",2
"statelessness,",2
"collects,",2
(whether,2
replay,2
intermediaries,2
"transformations,",2
"ahmed,",2
dina,2
"central,",2
"fame,",2
edges,2
themes;,2
leap,2
illiteracy,2
principle.,2
forceful,2
pharaonic,2
$90,2
prince's,2
"bad,",2
"methodologies,",2
hamedan,2
al-ainawi's,2
saga,2
"expensive,",2
"flow,",2
"bubble,",2
confiscated.,2
wounded.,2
warjiyo,2
reduced.,2
parque,2
pirapora.,2
sebastian,2
icao,2
generosity,2
"7,500",2
aviv's,2
impediment,2
gripping,2
branch.,2
sensory,2
rear,2
flee.,2
enigma,2
"""intermediate",2
desolate,2
geography.,2
centuries-old,2
transported.,2
"functionality,",2
"easy,",2
"pinnacle,",2
hasan,2
kallas,2
basij,2
ria,2
veils,2
bush,2
“bangladeshi,2
rohingya”,2
"label,",2
counting,2
salted,2
"rials,",2
distressing,2
"seven,",2
haitham,2
fraternal,2
"alike,",2
"pressure.""",2
ratification,2
tilting,2
wanja,2
reshapes,2
"autumn,",2
starkly,2
contrasts,2
prix,2
adyghes,2
tsarist,2
harsher,2
sum.,2
"negligence,",2
runway,2
eu's,2
haber,2
relación,2
outright,2
"""thus,",2
fallout.,2
malaysia's,2
handicrafts,2
outraged,2
decrying,2
war-torn,2
cacophony,2
year-long,2
jailing,2
"huckabee,",2
"valleys,",2
margot,2
"branch,",2
episodes.,2
mongol,2
foolish,2
folklore,2
psychedelics,2
"2024/2025,",2
"khitab,",2
"krall,",2
"unicef,",2
"rituals,",2
"reflection,",2
trickle,2
"pharos,",2
simbel,2
"yellow,",2
574,2
lakes.,2
"""moscow",2
awakened,2
belgium,2
"investor,",2
longer.,2
bursts,2
alzheimer's,2
mediterranean.,2
taha,2
"al-ahmad,",2
surface-level,2
drama:,2
šutar’s,2
correlates,2
testimonials,2
"recall,",2
squandered,2
giorgia,2
"gunfire,",2
amman,2
"livelihoods,",2
qena.,2
"canal,",2
alexandria.,2
"elsewhere,",2
monks’,2
seizures,2
"vehicle,",2
"honestly,",2
lando,2
"transaction,",2
attractions,2
ecotourism,2
32%,2
8%.,2
mexico’s,2
hesitation.,2
"attempt,",2
"authors,",2
ni,2
cuenta,2
608,2
"acting,",2
wartime,2
oliveira,2
mercedes,2
bavarian,2
"nour,",2
refine,2
fun,2
efficient.,2
satan.,2
bribes,2
offices.,2
heir,2
warsaw,2
occupancy,2
issued.,2
"$799,",2
quechua,2
"collapsed,",2
eilat,2
co-founded,2
bassiri,2
mornings,2
cues,2
purported,2
irish,2
blends.,2
sa'ar,2
equals,2
"doxxing,",2
clots.,2
egg,2
justifiable,2
"1998,",2
"plus,",2
al-mawasi,2
181,2
indigenous.,2
differences.,2
6%.,2
abysmal,2
discrepancy,2
overburdened,2
amerindian,2
1993.,2
yerevan,2
estuary,2
"credits,",2
disintegration,2
"""security",2
blurring,2
"seller,",2
"lately,",2
booked,2
duplicate,2
pronounced.,2
$44,2
longing,2
floors.,2
facundo,2
naturalized,2
"tendencies,",2
delusional,2
taxed,2
"breach,",2
multi-experience,2
"zagreb,",2
"aquaboard,",2
language?,2
militarized,2
casimero,2
prepaid,2
savannah,2
colonized,2
"""yedioth",2
cuts.,2
kong:,2
media:,2
alawite,2
damascus’s,2
conflates,2
unintentional,2
"enterprises,",2
conceived,2
respite,2
melissa.,2
witkopf,2
denpasar,2
reallocated,2
grinding,2
communities:,2
rewarding,2
you:,2
detain,2
negombo,2
11.7%,2
migrating,2
adeba's,2
lanes,2
"issuance,",2
hedge,2
"arocha,",2
bill.,2
waited,2
"durov,",2
insecure,2
"ceos,",2
ordering,2
friend’s,2
"attacked,",2
"established.""",2
"inaccuracies,",2
poor's/asx,2
"carvajal,",2
representative.,2
"encouragement,",2
vanguards,2
"reside,",2
increased.,2
"bills,",2
analogy,2
"salaries,",2
wives,2
kindness,2
justifying,2
kremlin’s,2
wrongdoing,2
head-to-head,2
"kolwezi,",2
bernard,2
ruin,2
tables,2
lifelines,2
theater.,2
"”,",2
mixture,2
aviles,2
pursue.,2
"yogurt,",2
"recommendations,",2
banamex,2
fernando,2
one-hour,2
rides,2
pound's,2
yesterday.,2
"suffocation,",2
erdoğan.,2
243,2
soared,2
enterprise,2
pressured,2
"attorney,",2
lahore,2
marriages.,2
us-israeli,2
"home,”",2
hard-earned,2
mix.,2
philosophers,2
"palestine,""",2
"line.""",2
"""stop",2
"canceled,",2
bewildered.,2
pragmatism,2
"ring,",2
supermarket,2
leeway,2
co-chairs,2
"""crucial",2
reassuring,2
global.,2
ibri,2
uphold.,2
"gabes,",2
delete,2
penalties.,2
tribunal,2
"limit,",2
"layer,",2
"budgets,",2
"reduced,",2
provided.,2
"guarantee,",2
notified,2
taiwan.,2
"renewals,",2
chico,2
demilitarized.,2
trail,2
"right.""",2
"east.""",2
"uneven,",2
"“however,",2
prekmurje,2
lynn,2
volt,2
formulation,2
"faction,",2
pre-paid,2
lockdown.,2
10.5,2
thrived,2
individual;,2
sheta,2
aerospace.,2
man's,2
notebooks.,2
"affirmatively,",2
"bagram,",2
toolkit,2
curfew,2
triumphs.,2
"task,",2
"dawn,",2
deceased's,2
"evidence,",2
rennes.,2
159,2
comply.,2
unsafe.,2
sanctuaries,2
insults,2
kazakhstan's,2
"fritz,",2
"alcaraz,",2
wimbledon,2
browser.,2
-screenshot,2
yahoo,2
"victory""",2
glance,2
influencer.,2
"creditors,",2
myanmar.,2
unused,2
"rights,”",2
perplexing,2
confiscation,2
fcfa,2
urgent.,2
sarkozy's,2
scaffolding.,2
"days.""",2
biodegradable,2
creeping,2
land’s,2
"2030""",2
(24,2
moraine,2
"recover,",2
negotiated,2
leverkusen,2
"hundreds,",2
"report,""",2
211,2
global's,2
sequences,2
due.,2
"replies,",2
serene,2
shorten,2
"translations,",2
compartment,2
"blaze,",2
"heat,",2
frontal,2
community-led,2
youngsters,2
resign.,2
aqaba,2
"grapes,",2
"""asharq",2
"al-awsat""",2
taxation,2
bend,2
"mohamed,",2
antoine,2
6.8,2
injected,2
technology-facilitated,2
4.3,2
"2028,""",2
jovial,2
mesto,2
"audit,",2
"hearts,",2
resourced,2
program's,2
foundation's,2
sanitary,2
banco,2
freer,2
births,2
malpractice,2
parade,2
krasnaya,2
nayib,2
"anemia,",2
shortly.,2
"competitors,",2
authentication,2
leagues.,2
"symbol,",2
19.5,2
unifying,2
"shop,",2
"colombo,",2
federalism,2
"minor,",2
uncovering,2
booking,2
grossly,2
lautaro,2
"16th,",2
issue?,2
ranged,2
"promotion,",2
tobacco,2
deafening,2
"""similarity""",2
independently.,2
balanta,2
"heard,",2
800-meter,2
"encouraging,",2
strength;,2
"tents,",2
"latinos,",2
"nations.""",2
unregistered,2
notification.,2
herbal,2
"mint,",2
"700,000",2
contradiction.,2
"cat,",2
dinner,2
saint-étienne,2
priorities.,2
chad.,2
"entrepreneurs,",2
morrissey's,2
tackles,2
wrongful,2
survived,2
extraterrestrial,2
piyush,2
cosmos.,2
negotiator,2
gharib,2
"automation,",2
"associations,",2
better.,2
hnizdo.innsbruck,2
regard.,2
involved:,2
husbands,2
supervised,2
mokhtar,2
innsbruck,2
murabaha,2
missile.,2
subdued,2
"pastels,",2
"softness,",2
mission:,2
dreams.,2
"honey,",2
test.,2
highlighted.,2
"drawings,",2
(ebrd),2
storyteller,2
(southern,2
east's,2
timber.,2
(icao),2
osaka,2
"""de-escalation""",2
marlon,2
signed.,2
fanbase,2
"1999,",2
daher,2
lynching,2
berry,2
"clash,",2
groove,2
“immediately,2
"municipalities,",2
champions.,2
cancellation.,2
michelsen,2
soraya,2
stretches,2
"response""",2
overshadowing,2
facilitative,2
welle,2
"airline,",2
"arab,",2
trademarks,2
"lights,",2
systems?,2
"hold,",2
standpoint,2
"welcomed,",2
"receive,",2
view.,2
mosques,2
27th.,2
“journalism,2
"1949,",2
vs.,2
fahrenheit),2
saudi-qatari,2
antiquity,2
"translate,",2
"""big",2
wary,2
amused,2
gaze,2
phased,2
al-saad.,2
harass,2
scratched,2
czechs,2
nullify,2
"technical,",2
"scholars,",2
identifiable,2
jimmy,2
romeo,2
2.25%.,2
"nets,",2
fading,2
note:,2
pulls,2
menorah,2
"holgado,",2
imanol,2
bump.,2
laughing,2
"youth""",2
circles.,2
al-ghurairi,2
detector,2
shenzhen,2
dances,2
"fun,",2
irazabal,2
"positively,",2
"egyptians,",2
"romans,",2
"privilege,",2
tankers,2
manang,2
politically.,2
38%,2
allegiances,2
converging,2
"(uavs),",2
yanxian,2
norm,2
launches,2
tumur,2
"suggests,",2
tainan,2
abolished,2
fundamentals,2
ptolemaic,2
aid;,2
féministe,2
legislatures,2
dzud.,2
fade,2
circuit,2
palo,2
"stems),",2
1971,2
"machuca,",2
vitor,2
demanding.,2
instituted,2
hosein,2
airstrike.,2
self.,2
"notice,",2
havel,2
9.,2
bilingual,2
"cleopatra,",2
pharaoh,2
electronically,2
penetrated,2
hindrances,2
enrichment.,2
cemented,2
hatshepsut,2
"throat,",2
achieves,2
ziaur,2
ipo,2
"latvia,",2
hamadan,2
"weak,",2
"reinstated,",2
balconies,2
teachings,2
communism,2
legislature,2
25–30,2
"39,",2
legitimizing,2
"import,",2
"pseudonym),",2
percent);,2
eyes.,2
orkhan,2
rectifying,2
excuse.,2
script,2
"3,800",2
"""mundo",2
"deportivo,""",2
dao,2
vipassana,2
bhavana,2
"complete,",2
microphone,2
pastoralists,2
unsdg,2
thakur,2
text.,2
country:,2
"signing,",2
"""today,",2
"guyot,",2
simplistic,2
uploading,2
"transboundary,",2
studios,2
"movies,",2
vlast,2
"ai,”",2
catholics,2
tres,2
mile,2
stockpiling,2
competitors.,2
forests.,2
coated,2
sugary,2
"malik,",2
show's,2
screenplay,2
jassim,2
president’s,2
costumes,2
charity,2
पर,2
theatre,2
victim.,2
al-hillal,2
2023-2024,2
"soon.""",2
triggers,2
"bedtime,",2
affirmations,2
"4%,",2
melanie,2
1981.,2
$2.2,2
illusion.,2
slave,2
"outside,",2
estabilizar,2
implementó,2
iran-iraq,2
वाला,2
peripheral,2
templates,2
countermeasure.,2
“good,2
fedwatch,2
"disarmament,",2
6.1%,2
“trusted,2
leaders”,2
reducir,2
"coastline,",2
tina,2
country.”,2
merchants,2
pale,2
appetite,2
4.3%,2
"diarrhea,",2
"constipation,",2
"feed,",2
"used,",2
3.650,2
"pittsburgh,",2
в,2
за,2
digging,2
ruptured,2
kospi,2
depositing,2
ahmadi’s,2
gavi,2
"x,",2
justices,2
$550,2
"duty,",2
"primary,",2
seven-day,2
measure.,2
only.,2
tightening,2
wa,2
thanked,2
declarations,2
inhabit,2
oxfam,2
teamwork,2
authentically,2
"shaheen,",2
"barbaric,",2
vault,2
caravaggio,2
unrest.,2
standstill.,2
jannik,2
23rd,2
solan,2
potential.,2
selections,2
lira,2
chobhar,2
"temperature,",2
affiliations,2
marker,2
amyotrophic,2
lateral,2
sclerosis,2
military-technical,2
187,2
"summaries,",2
headquartered,2
lips,2
"census,",2
chucaple,2
decimated,2
vocabulary,2
"suarez,",2
quarterfinals,2
"toronto,",2
unreliable.,2
affinity,2
"battle,",2
other?,2
beacon,2
menu,2
"reels,",2
shirts,2
"218%,",2
translucent,2
"affection,",2
18th.,2
un-imposed,2
"""some",2
concealed,2
why?,2
"""magnificent",2
choice:,2
intuitive,2
touring,2
americas,2
dijo,2
"lebanon""",2
guaíba,2
improper,2
network’s,2
barbora,2
"sadat,",2
"card,",2
anybody,2
coasts.,2
runner,2
arduous,2
comfort.,2
lonely,2
"directorate,",2
almughrabi,2
"(pkk),",2
"1966,",2
“mass,2
"elite,",2
ittihad,2
measurable,2
"wehbe,",2
incessant,2
unbearable.,2
"stranded,",2
janus,2
newer,2
lo,2
lado,2
1.13,2
trillion),2
expenditures.,2
breakfast.,2
herzog,2
baldeh,2
fgm’s,2
"sofia,",2
1925,2
zab,2
materialized.,2
touches,2
experienced.,2
"kosovo,",2
"forefront,",2
inoperable,2
"enforcement,",2
seriously.,2
enacting,2
indexes,2
"women,”",2
pivot,2
sustainably,2
beneficiaries.,2
thematic,2
"john,",2
chairs,2
valor,2
fatma’s,2
harshness,2
47.95,2
48.05,2
"""egx30""",2
"0.76%,",2
"35,671",2
"1.29%,",2
"10,755",2
singing,2
jadwa,2
cute,2
semantic,2
meticulous,2
productions.,2
"irrigation,",2
hama.,2
grueling,2
held.,2
comics.,2
unavoidable.,2
serbian,2
"tea,”",2
overview,2
"wilt,",2
"ma'aden,",2
arrogant,2
depots,2
sanaa.,2
absolve,2
yunus,2
treason.,2
silent.,2
lhonak,2
"sikkim,",2
"stakes,",2
"weapon,""",2
center's,2
"""last",2
english-language,2
gharbia,2
"matter.""",2
"allegedly,",2
forensic,2
alegre’s,2
$36.5,2
pubic,2
"crowd,",2
innovate,2
"""no,",2
china;,2
"soros,",2
tremors,2
contestants,2
forgery.,2
staples,2
tailor,2
"traits,",2
(prc),2
sour,2
"deadlines,",2
sentence.,2
"45,000",2
stagnation.,2
walmsley,2
antwerp,2
disagreed.,2
"1984,",2
testimony.,2
include:,2
"muslim,",2
"""east",2
tangled,2
bethlehem,2
conveniently.,2
capitulate,2
straightforward:,2
"therm,",2
"basra,",2
"year.""",2
subordination,2
"zimbabwe,",2
stronger-than-expected,2
overnight.,2
$55,2
"anniversary,",2
anchor,2
fixes,2
"amorim,",2
nelson,2
accords.,2
"electric,",2
"14,000",2
tones,2
"cauca,",2
hardships.,2
tfgbv,2
"""extremely",2
story:,2
sake,2
post-pandemic,2
painfully,2
creatives,2
forrester,2
m,2
inserting,2
shortage.,2
"al-daya,",2
underperforming,2
misrepresented,2
governors.,2
$65,2
"quipped,",2
stanley,2
director-general,2
"chat,""",2
reassessing,2
provoked,2
“those,2
huong,2
comprehensively,2
percent;,2
"pharmaceuticals,",2
hunting.,2
"salem,",2
"after""",2
"""sanctions",2
pouring,2
listeners,2
"war,”",2
coercion,2
misinterpreted,2
valleys,2
six-time,2
discipline.,2
flame,2
glimpses,2
coltan,2
rabin,2
rabin.,2
moisturizing,2
creams,2
suffocation,2
awe,2
l,2
tottenham.,2
"departments,",2
unskilled,2
anti-redistributive,2
tandem,2
intellect,2
cunning,2
brute,2
"sadovnichy,",2
ezzat,2
ingredient,2
"lecornu,",2
"actions.""",2
"""none",2
screams,2
"gasoline,",2
tents.,2
relentless.,2
"salama,",2
expanse,2
abdelmalek,2
essence.,2
spatial,2
infamously,2
sexism,2
abolish,2
"obligations,",2
cement's,2
"origin,",2
sectoral,2
werder,2
104th,2
6.3%.,2
“was,2
formulated,2
styles,2
dragged,2
frontline,2
dismissed.,2
'you,2
publishers.,2
prerequisites,2
"2035,",2
"educational,",2
coexistence.,2
herb,2
after.,2
“who,2
best.,2
"nadal,",2
fugitive,2
10:22,2
"$3,707.40",2
"jeffries,",2
picturesque,2
"unaffected,",2
"car,",2
psychologists,2
$3.2,2
"experienced,",2
unfulfilled.,2
"100,",2
tarsheed,2
"required,",2
"zubair,",2
qurna,2
remedies,2
precedes,2
ex,2
veil,2
margins.,2
ibrahima,2
al-khuzaie,2
paralleled,2
ravaged,2
mid-february,2
lawn,2
"pools,",2
"acknowledgment,",2
needlework,2
threat?,2
mamdouh,2
bloating,2
"possibility,",2
tu,2
hanlin,2
"tbilisi,",2
neutrality.,2
betrayed,2
hu,2
solanki,2
nutrient,2
1.4%,2
alcohol,2
corps’,2
"rumaila,",2
"illnesses,",2
world-leading,2
botswana.,2
continues:,2
"solar,",2
salehi,2
watershed,2
partnered,2
state-of-the-art,2
app’s,2
"contact,",2
sprinter,2
"inward,",2
shamanic,2
"anonymous,",2
encryption,2
"911,000",2
"147,000",2
gambia,2
ulcers,2
nawalparasi,2
"last,",2
liquidation,2
correction.,2
"regulators,",2
11.,2
underlined,2
deviating,2
meniscus,2
hector,2
hevel,2
actor.,2
"rejection,",2
"lebedev,",2
cross-regional,2
5-1,2
mbappé,2
5-year,2
"trajectory.""",2
eased,2
hole,2
"crafts,",2
seattle,2
"james,",2
mine's,2
"fighting,”",2
blending,2
crunch,2
genetics,2
hijabs,2
"brutality,",2
attire.,2
js:,2
flavoured,2
"foam,",2
"nepotism,",2
kyrgyzstan,2
infections.,2
lingers,2
"cell,",2
kilogram,2
flagrant,2
above.,2
al-alaq,2
"preparations,",2
"beverages,",2
cryptocurrency's,2
"juventus,",2
"workplace,",2
devaluing,2
action;,2
variants,2
inspiration.,2
persevered,2
nymphs,2
files.,2
noose,2
mis,2
indefinitely.,2
genome,2
"allowance,",2
allowance.,2
pro-eu,2
accession,2
persisting,2
example.,2
unprovoked,2
join.,2
genomic,2
"95,000",2
fluctuates,2
ghanem's,2
quintessential,2
"pasta,",2
cash.,2
interacts,2
vegetables.,2
1990.,2
informally,2
deficiency,2
osteoporosis.,2
infringement.,2
opposite.,2
"pure,",2
"racing,",2
pasha,2
beyoğlu,2
eight-hour,2
nearer,2
battling,2
deceiving,2
saharawi,2
"keloğlan,",2
bucket,2
victories.,2
developed.,2
opera,2
"near,",2
parcels.,2
speedy,2
najwa,2
couple's,2
paste,2
pressed,2
opening.,2
"ohl,",2
thereof,2
exams.,2
cult,2
column,2
pigment,2
recreation,2
melissa’s,2
"missing,",2
d'une,2
degrade,2
"questioning,",2
"gambling,",2
56%,2
51.68,2
milestone.,2
change?,2
watts.,2
leisure,2
inevitable.,2
espirito,2
"hasilwala,",2
honourable,2
limbs,2
al-assad’s,2
broadband,2
"advancement,",2
adaptable,2
verde,2
horses.,2
"cupertino,",2
"""independent",2
"petraeus,",2
cia,2
complements,2
converse,2
"sinwar""",2
“el,2
"ibrahim,",2
mozambican,2
"offensive,",2
"hostage,",2
"kilometers.""",2
arroyo,2
kong's,2
friend.,2
mimicking,2
enticing,2
"offers,",2
lifestyles,2
didkovska,2
‘humans,2
disappears,2
"pregnancies,",2
neglect.,2
entertain,2
"tofu,",2
"rankings,",2
"school,""",2
judgment.,2
rock.,2
negligence.,2
circular,2
apartment's,2
"""cosmic",2
"nowadays,",2
(green,2
emigrate,2
projecting,2
extinguishing,2
"turkmenistan,",2
"vendors,",2
"assassination,",2
"235,000",2
disabilities.,2
disposal,2
seller.,2
"sound,",2
daron,2
acemoglu,2
"wear,",2
invisibility,2
movement’s,2
f-16,2
zouine,2
voix,2
"apart,",2
"testimony,",2
"re-election,",2
confucian,2
anthropoids,2
"liberty,’",2
crimson,2
"duvet,",2
tab,2
icons.,2
"alone,”",2
holness,2
trap,2
etf,2
steeplechase,2
"3,500",2
shiites,2
popularity.,2
denis,2
rest.,2
eternity,2
byproducts,2
shooter,2
"conclude,",2
replicated,2
appropriated,2
r.,2
catering,2
"carpets,",2
"pr,",2
al-ittihad's,2
bamako,2
"26,000",2
"tract,",2
farmland.,2
"neuralink,",2
"ahmad,",2
2000.,2
"situation.""",2
supervisors,2
50th,2
"glass,",2
customize,2
engine.,2
oracle.,2
"realized,",2
mass.,2
afternoon.,2
"al-helu,",2
rahim.,2
gv,2
"they,",2
fascists,2
clothes.,2
safas,2
well-prepared,2
alone;,2
$69,2
10-15%,2
purchases.,2
jayanth,2
roster.,2
12:30,2
extremism.,2
unmet,2
rodrigo,2
groc,2
miles).,2
dhabi.,2
prohibitive,2
pistachios,2
"liability,",2
bushehr,2
desigualdad,2
capacity-building,2
playful,2
taps,2
"2030.""",2
ghf’s,2
sylhet,2
irma,2
"$4,000",2
exhaustion,2
citi,2
"perseverance,",2
"""fruitful""",2
milley,2
getafe,2
137.16,2
“ai,2
detachment,2
fort,2
"worth,",2
"abandoned,",2
distrust.,2
citigroup's,2
"66,000",2
sworn,2
drama.,2
aghabakian,2
included.,2
10-oz,2
"underfunded,",2
availability.,2
parisian,2
gaddafi,2
discourage,2
taming,2
mahasen,2
meteorology,2
bout,2
al-budaiwi,2
"terminated,",2
"mindset,",2
hakim,2
"confident,",2
axes,2
foot.,2
‘we're,2
rodeo,2
"connection,",2
hebron,2
precedence.,2
guaraní,2
postures,2
"implications,",2
afghanistan's,2
support's,2
debunked,2
60-day,2
grace,2
motion,2
beats,2
states;,2
anke,2
majnoon.,2
"hama,",2
refugees’,2
واحدة,2
livelihood.,2
"moves,",2
figured,2
inflows.,2
sennar,2
nile.,2
interpretations.,2
"unsafe,",2
launched.,2
technique?,2
fragment,2
"""catelyst",2
year-over-year.,2
al-alimi,2
aden.,2
"1972,",2
interfaces,2
"burnley,",2
brewing,2
west’s,2
fractured,2
cyclical,2
babylon,2
biases.,2
mesones,2
“according,2
synonymous,2
"baghaei,",2
lingua:,2
volunteer-based,2
"collapses,",2
fractional,2
"grant,",2
geometric,2
inverse,2
"airbus,",2
2-2,2
dutchman,2
"sydney,",2
mg,2
illnesses.,2
vrbas,2
"footage,",2
nuba,2
"14,000,",2
qureshi,2
star.,2
helicopters,2
connotations,2
classrooms.,2
"3rd,",2
silva.,2
lizards,2
puerto,2
confused,2
(ba,2
self-coup,2
token,2
amina,2
"chinese,",2
hum,2
shirk,2
embedding,2
bolivia.,2
anti-drug,2
approximate,2
congestion.,2
reactors,2
"spacecraft,",2
winds.,2
62nd,2
"youth,",2
"accidents,",2
arkus,2
"earnings,",2
years).,2
angham,2
legally.,2
(ipc),2
iof,2
"ramallah,",2
zinc.,2
lieutenant,2
torrential,2
forbes',2
30.,2
"clean-up,",2
landowner,2
accommodations,2
farms.,2
"attractions,",2
puede,2
si,2
"relaxation,",2
"game,""",2
"extermination,",2
icj.,2
moffline,2
conquered,2
unrepresentative,2
190,2
thal,2
connectivity.,2
recreational,2
assuring,2
electrifying,2
"fleet,",2
neutral.,2
casio,2
"5-1,",2
spectacle,2
ultimatum,2
999,2
"locality,",2
"imprisonment,",2
mountains.,2
community-level,2
"technology,""",2
non-consensual,2
weaknesses.,2
lockdown,2
siege.,2
sewing,2
author.,2
nasua,2
bulldozers,2
decelerate,2
"cement,",2
"foreigners,",2
jilali,2
"discovery,",2
"growing,",2
latakia,2
"encountered,",2
jahangir,2
institution's,2
delicious,2
missionary,2
"bukele,",2
jams,2
momo,2
vigilance.,2
tasbaqa,2
reforma,2
picture.,2
valley.,2
predators,2
muslim-majority,2
detriment,2
troika.,2
pilgrimages,2
2002,2
"bookstore,",2
jean,2
"analyst,",2
“land,2
“on,2
politico,2
regulators.,2
"pressured,",2
shelves,2
madagascar’s,2
"tortured,",2
traditionalists,2
burnley's,2
thereof.,2
"2,400",2
acres.,2
"العربي,”",2
"onboard,",2
deulofeu,2
"footballer,",2
rejoin,2
pradeepa,2
commendable,2
everyone’s,2
"burundi,",2
"offal,",2
humorous,2
"fee,",2
"al-khatib,",2
presenters.,2
irani,2
chai,2
hyderabad,2
"republics,",2
"1986,",2
monde,2
"orano,",2
illuminate,2
quote,2
dress.,2
jazira.,2
cyclical:,2
bholanath,2
"watersheds,",2
"environment""",2
"removed,",2
"al-akhdood,",2
al-qadisiyah.,2
zharkova.,2
"soar,",2
talk:,2
irfaan,2
(africa,2
3-2,2
herder,2
samples.,2
5-2.,2
dj,2
passionate,2
youssef.,2
"sheta,",2
giovana,2
"fleck,",2
guillermo,2
lacalle,2
world;,2
"challenges.""",2
unification,2
1960.,2
13.39,2
alloush,2
resumes,2
al-arish,2
goma’s,2
"writings,",2
sheds,2
"tejeda,",2
hinterdoppler,2
re-enacting,2
"intensify,",2
"accord,",2
tags,2
physicians,2
jets.,2
"assist,",2
blame.,2
trouble.,2
overcrowding,2
subjugation,2
fit.,2
drinkable,2
succumbing,2
indies,2
implant,2
surgery.,2
commemorate,2
conquistadors,2
al-ismaili,2
skirmish,2
inigo,2
wreaking,2
5.3%.,2
"ticket,",2
“year,2
return”,2
"d.c.,",2
poorly.,2
pro-israel,2
"nderitu,",2
valued.,2
rizzo,2
‘the,2
assad’s,2
meaningless,2
barbara,2
bradford,2
37th,2
mbappe.,2
sids,2
reparations,2
seventeen,2
bruce,2
"word,",2
practised,2
"came,",2
road-blocking.,2
[,2
middle-income,2
today?,2
speculate,2
kyrgyzstan.,2
industrialization.,2
"dogs,",2
"nouakchott,",2
rewrote,2
network:,2
pledging,2
“you,2
credits.,2
revives,2
et,2
husbands.,2
"athletes,",2
slurs,2
"""most",2
bulletins,2
"journeys,",2
golob,2
"25,000.",2
"delhi,",2
brands.,2
builders.,2
soured,2
time;,2
creole,2
semiconductors.,2
idiot,2
"against,",2
"mediums,",2
muslims.,2
shadow.,2
palace.,2
"issues,”",2
donning,2
sourced,2
"team""",2
alexis,2
measles,2
whilst,2
"portal,",2
"unity.""",2
preoccupied,2
zdravko,2
"backing,",2
removal.,2
eso,2
unapproved,2
"intimidation,",2
apparatus,2
crashed,2
residence.,2
"authentically,",2
"victim,",2
dominica,2
journey:,2
infusion,2
contests,2
civil-military,2
"(1994),",2
re-exported,2
cfs,2
bench,2
electing,2
bathroom.,2
precautions,2
rack,2
decried,2
"""radical",2
"left""",2
liberating,2
tier,2
turkman,2
1.12,2
"static,",2
"""2028",2
publications.,2
alarmingly,2
gasoline.,2
"eclipse,",2
disk,2
oats,2
mikati,2
nonviolence,2
hyundai,2
contacts,2
hefty,2
limbs.,2
chinese.,2
"""platinum""",2
"sweets,",2
african-americans,2
docking,2
“both,2
emerges.,2
solutions:,2
jassem,2
serenity.,2
"entry,",2
"inequalities,",2
conjunction,2
cost?,2
barbuda,2
reelection,2
neck.,2
short-lived,2
custody.,2
peanut,2
milder,2
1910,2
"2.2%,",2
drugs.,2
fda,2
empowers,2
"aids,",2
"tuberculosis,",2
"dance,",2
law?,2
najeebullah,2
khitab,2
gigabytes,2
"terrorism.""",2
browser,2
saadia,2
"interviewee,",2
réseau,2
carpets,2
28-year-old,2
benfica's,2
qarabag,2
"""israel's",2
"secured,",2
caf,2
solidarity;,2
utensils,2
"smooth,",2
"harms,",2
kawasaki,2
beth,2
offence.,2
cnn's,2
"jihad,”",2
"expressions,",2
synchronized,2
(8,2
girl.,2
71%,2
"reduction,",2
"30%,",2
procedurally,2
invalid.,2
gen-z,2
fusion,2
"garcia,",2
“sometimes,2
preventable,2
lima,2
"questions,",2
sardar,2
"gathering,",2
bayih,2
"slavery,",2
psyche.,2
arabiya.net.,2
fines.,2
infinity,2
retire,2
favorably,2
(6,2
rupiah,2
commercial-scale,2
"bombings,",2
"looting,",2
"50,",2
wanted.,2
"soums,",2
"houses,",2
"memorandum,",2
durra,2
"friendships,",2
africans.,2
clauses,2
"aires,",2
"55%,",2
reschedule,2
success:,2
daycares,2
"drinking,",2
vincent,2
neuropsychiatric,2
kazakh.,2
rescheduling,2
slovenian,2
quetta,2
suppressed.,2
evolves.,2
remedy,2
theravada,2
vigil,2
directorial,2
jules,2
lower.,2
cube,2
sip,2
non-resident,2
panipuri,2
flavours,2
cyberbullying,2
"hilal,",2
catastrophic.,2
"cooperation,”",2
enjoyment,2
guys,2
"friend,",2
impress,2
"packages,",2
"activities""",2
terms.,2
bytedance’s,2
manufacturers',2
pearls,2
"excellent.""",2
steep,2
shifa,2
"transfers,",2
extremes,2
dedicating,2
subjects.,2
"temple,",2
bells,2
drums,2
throat,2
"eco-lodges,",2
reefs,2
factoring,2
"metropolitano""",2
samovar,2
criminalized,2
disapproval,2
stove,2
forbidding,2
65%.,2
well-positioned,2
61st,2
self-sufficient,2
illumination,2
"""amazon",2
"jones,",2
baku.,2
impartiality,2
serotonin,2
"rampant,",2
movline,2
appliances.,2
casio's,2
tsagaan,2
"dzud,",2
khuiten,2
ideologically,2
"yields,",2
yields.,2
benyamin,2
bill's,2
"rapporteur,",2
orlando,2
filipino,2
admit,2
"""call",2
"nation""",2
deserving,2
delved,2
"judgments,",2
48%,2
emigrants,2
fgm.,2
arbitrarily,2
phases.,2
"1960s,",2
fairy,2
"fishery,",2
takeuchi,2
childbirth,2
medieval,2
nubia.,2
african.,2
neonatal,2
mortality.,2
"27,000",2
solar-battery,2
"evolution,",2
species.,2
buddhism,2
"chiringuito""",2
"imagery,",2
contours,2
captivity,2
"defeats,",2
lifestyle.,2
"usually,",2
yök,2
"stereotypes,",2
85.3,2
"26%,",2
restorer,2
"tatars,",2
stabbing,2
against.,2
"gu,",2
self-made,2
"urged,",2
"motion,",2
"perception,",2
vaccination,2
ra:,2
logic.,2
travelers.,2
i'd,2
4.9,2
nature’s,2
"pace,",2
"tightly,",2
circled,2
"exception,",2
piano,2
talents.,2
"winter,",2
routine.,2
"different,",2
volumes.,2
distorts,2
doctrines,2
naked,2
shortlisted,2
proficiency,2
operates.,2
hispanic,2
taraba,2
“middle,2
incremental,2
1948.,2
"clarity,",2
chiapas.,2
"polarization,",2
snapback,2
county,2
restorative,2
"fauna,",2
"flora,",2
ourselves.,2
quds,2
"samsung,",2
gunshots,2
perpetrator.,2
blockage,2
car.,2
"as,",2
"wahed,",2
erasing,2
introductory,2
tokyo.,2
senseless,2
rico,2
fouad,2
scripts,2
wear.,2
mahendra,2
"hiv/aids,",2
escalate.,2
widest,2
"representation,",2
"fighting,",2
decorative,2
tui's,2
"identity.""",2
shutdowns.,2
designate,2
brinkema,2
majed,2
tun”,2
performative,2
dating.,2
"stone,",2
russia-ukraine,2
disconnection,2
cared,2
igniting,2
loudly,2
halfa,2
geraldo,2
"""libya",2
"embroidery,",2
copying,2
"khalil,",2
"""idiadsot",2
"aharonot""",2
"emotion,",2
tank.,2
monopoly.,2
ng,2
feelings.,2
najeeb,2
al-jumaili,2
"insurrection,",2
straws,2
1.8%,2
14.9,2
brahmaputra,2
sinking,2
tri,2
cables,2
"decision-making,",2
"towers,",2
curated,2
mindset.,2
"pilots,",2
poems,2
enthusiasts.,2
arab-israeli,2
dublin,2
cancellations.,2
"unreported,",2
arrive.,2
recount,2
overreach,2
"messaging,",2
adel,2
"""words",2
"shuttered,",2
"observed,",2
nvidia.,2
afaf,2
"withdrawn,",2
b.,2
mossad's,2
interpol’s,2
"al-hammad,",2
“hong,2
seha,2
general's,2
trespassing,2
transfer.,2
mobilisation,2
hideout,2
rages,2
"al-orabi,",2
dramatically.,2
manifesto,2
abiy,2
"exams,",2
años,2
"después,",2
casa.,2
1994.,2
broadcasting.,2
inauguration.,2
zambia,2
hue.,2
miranda,2
vaguely,2
confining,2
"beach,",2
"tobruk,",2
1997.,2
duration.,2
registrations,2
“disproportionately,2
computerized,2
compulsory,2
cet,2
ronen,2
"4,960",2
kairat,2
cyberthreat,2
$46,2
"tennis,",2
"mahmoud,",2
moniker,2
ignore.,2
callas,2
darkest,2
143,2
erub,2
"supporter,",2
platform:,2
"failed,",2
olaf,2
scholz,2
prematurely,2
aromatic,2
denials,2
professionally,2
"control.""",2
1-0,2
acumen.,2
staffed,2
guarded,2
stéphanie,2
peru,2
drills,2
"defiance,",2
uplift,2
mohsen,2
goalkeepers,2
mi,2
"unrest,",2
"""but",2
waving,2
strike.,2
"suez,",2
slot,2
(known,2
"specifications,",2
one-time,2
"bombing,",2
cerundolo,2
rohné,2
"companies.""",2
78,2
burmese,2
grandmother’s,2
gal,2
antony,2
sindi,2
thiel,2
exiles,2
jurisprudence,2
luxembourg,2
lover,2
"erythritol,",2
spy,2
end;,2
"bombardment,",2
"see,",2
(irgc),2
kindly,2
horrifying,2
“create,2
"ingredients,",2
neta,2
maggie,2
"filmmakers,",2
dhutanga,2
6-3,2
"ruud,",2
culture.”,2
vertically,2
82,2
vulnerabilities.,2
"newspapers,",2
3-year,2
"enterprise,",2
july's,2
53-47,2
slipped,2
"potter,",2
layyah,2
wonders,2
briefly.,2
"tolerance,",2
"prosperity,",2
"certificate,",2
"aspartame,",2
"saccharin,",2
planetary,2
"stars,",2
"cook,",2
workers',2
australia’s,2
"enhanced,",2
"spirit""",2
mentality,2
córdova,2
"spices,",2
"vitina,",2
"typically,",2
coordinators,2
"magazines,",2
"overhead,",2
faez,2
"1.9%,",2
irreplaceable,2
kurd,2
"temporary,",2
cybercrimes,2
assesses,2
mongols,2
"disabled,",2
palestine;,2
herders.,2
few.,2
"platform""",2
dementia,2
uproot,2
flourishing,2
applause.,2
pitso,2
bushra,2
al-tawil,2
"jails,",2
questioned.,2
"""fighter",2
kindergarten,2
"adjustments,",2
summarizing,2
powering,2
pualawi's,2
lorenzo,2
appreciated.,2
honor.,2
1763,2
statehood.,2
tombs,2
fact-checked,2
redirected,2
consult,2
al-tatari's,2
muhannad,2
golden”,2
jangs,2
1964,2
alborz,2
"injustices,",2
responsible.,2
substitutes,2
depended,2
emphasising,2
"imported,",2
gmt).,2
2.8,2
hungry,2
pager,2
mullah,2
red-tagging,2
nominate,2
moderation.,2
“critical,2
step”,2
removes,2
"tang,",2
seasons.,2
"wells,",2
bars.,2
performer,2
dewan,2
walks,2
rests,2
"appointed,",2
syndicate.,2
attracts,2
"fragility,",2
tapioca,2
inclusivity,2
cheerful,2
"domestically,",2
“ai+”,2
jurists,2
employer,2
"like,",2
"altogether,",2
"al-dosari,",2
chosen.,2
"exposure,",2
"red-tagging,",2
reproduction,2
0.8%.,2
elektronik,2
sertifika,2
compounds.,2
gaza:,2
"limited.""",2
"practical,",2
"constituencies,",2
voters;,2
bang,2
"costly,",2
prayer.,2
disturb,2
organisations,2
stop.,2
thresholds,2
subsidies.,2
20s.,2
kuizian,2
"post,",2
sorry,2
"praise,",2
"responses,",2
"co-authors,",2
dollar's,2
dallas,2
"legally,",2
financier,2
democrat,2
10.5%,2
unbearable,2
"70,000",2
sithi,2
"elbow,",2
loopholes,2
"hands""",2
"traveler,",2
atitso,2
al-sharif,2
"nurses,",2
"harpviken,",2
communicating,2
specialize,2
bias.,2
government-owned,2
unprocessed,2
they've,2
reaping,2
"startups,",2
"slightly,",2
"materialize,",2
istanbul.,2
thrown,2
solace.,2
cynical,2
weaponising,2
15-12,2
"outages,",2
statistics;,2
pricing.,2
kindness.,2
"national,",2
"racial,",2
enmity,2
"structured,",2
tweak,2
live.,2
fortunes,2
hamdan,2
millions.,2
council:,2
israel...,2
outages,2
"atlantic,",2
lighter,2
sporadically,2
poetic,2
"persian,",2
"indian,",2
realities.,2
rebels.,2
violator,2
triage,2
uncertainties.,2
acute,2
"tenant,",2
latyan,2
downsides,2
ehud,2
1.5%.,2
progressed,2
"sobhi,",2
cars.,2
"contribution,",2
"fragmented,",2
extrajudicial,2
nairobi,2
"westmoreland,",2
mobs,2
slows,2
"any,",2
dismantlement,2
imperial,2
petersfield,2
bahçeli,2
(dem),2
discounted,2
“too,2
wolverhampton,2
relaxed,2
clever,2
artisan,2
"""hespress""",2
"hospitality,",2
kickstart,2
restructured,2
gyanendra,2
series.,2
antifa,2
gum,2
ribeiro,2
drawings,2
day's,2
blackrock's,2
anti-democratic,2
"populace,",2
"exporters,",2
"mercedes,",2
"sainz,",2
physician,2
"destinations,",2
knockout,2
exceedingly,2
taleghan,2
"agility,",2
"millions,",2
u.s.-mexico,2
sorts,2
82%,2
outreach.,2
intricately,2
"disagreed,",2
bolsonaro’s,2
"saudis,",2
"generosity,",2
this:,2
"wassef,",2
amiri,2
okri,2
"transform,",2
auxerre,2
marseille.,2
psychological.,2
"objective,",2
astronomy,2
papers,2
"namely,",2
"belonging,",2
dennis’s,2
starbucks,2
cancers.,2
humble,2
"lycopene,",2
clicking,2
acres),2
"them,""",2
fasher.,2
navy.,2
"picture,",2
"rainforest,",2
systematically.,2
experimented,2
"presented,",2
oolong,2
co₂,2
flickr,2
sunglasses,2
"deportation,",2
tree.,2
"judge,",2
traps,2
devoted,2
"financing,",2
judge's,2
airbus,2
immortalize,2
second-place,2
risk-taking,2
nepalis,2
"0.05%,",2
collide,2
complain,2
"passion,",2
cleanse,2
easier.,2
2024-2025.,2
$15,2
diaa,2
ideology.,2
architectures,2
conspicuous,2
forms.,2
limits.,2
watt.,2
desiree,2
"doue,",2
magna.,2
habitual,2
chávez.,2
celebrity,2
continuity.,2
levant,2
ripple,2
reversal,2
architecture's,2
nikolas,2
pool.,2
soros,2
california.,2
unbiased,2
"geographies,",2
essentials.,2
"osaka,",2
هذا,2
الذي,2
region;,2
"knowledge.""",2
manipulative,2
daunting,2
"138,000",2
bjp's,2
"long-range,",2
ferreira's,2
stronghold,2
poisonous,2
aftermath.,2
calculating,2
couples,2
motivators,2
mubasher,2
finance;,2
encoded,2
oriana,2
stairs,2
(npt),2
"islamophobia,",2
brahim,2
afcon,2
plainly,2
adversary.,2
inferno,2
boon,2
"stones,",2
salts,2
baelen,2
percent).,2
microplastics,2
"questioned,",2
tapped,2
“last,2
honing,2
formations,2
rajoelina,2
atef,2
"gujarat,",2
refugees.”,2
berkshire's,2
(4,2
silently,2
"al-alsun,",2
mali.,2
"rawalpindi,",2
"bekaa,",2
annika,2
ernesto,2
"flood,",2
tineh.,2
sergey,2
rosatom.,2
tempered,2
diversification.,2
shabans',2
americas.,2
feud,2
teaching.,2
blasphemy.,2
pole,2
instance.,2
"declaration.""",2
rafa,2
"joyful,",2
shika.,2
shika's,2
cleopatra,2
yemen’s,2
"karenni,",2
"kachin,",2
ballots,2
fungi,2
textbook,2
olena,2
marchyshyna,2
expulsions,2
gigafactory,2
"z,",2
facilitator,2
"selection,",2
motorola,2
"budapest,",2
burqas,2
$27,2
moon’s,2
10%.,2
abduction,2
sagaing.,2
fixing,2
"14th,",2
"triumph,",2
alignment.,2
"sci-fi,",2
"rakhine,",2
muzaffargarh.,2
khadda’s,2
exhibitions,2
orality.,2
"innocence,",2
distress.,2
retrieving,2
intrusions,2
strainer,2
"cooperatives,",2
"""tnt",2
hanged,2
counterbalance,2
genital,2
0.5,2
"avenues,",2
"middle,",2
italy's,2
ramp,2
"influences,",2
millennia.,2
dominates,2
rockets,2
"nutrition,",2
"47,000",2
diligence,2
"lagos,",2
intellectuals,2
torch,2
stagnant,2
thinker,2
offsetting,2
(10,2
wood.,2
v,2
"wave,",2
suppose,2
supervisor,2
undervalued,2
reading.,2
walker,2
kom,2
"ombo,",2
"al-yemen,",2
sea-level,2
approved.,2
farmers’,2
6.3%,2
"""legally",2
"clock,",2
uptime,2
methodologies,2
melatonin,2
antioxidant,2
extinction,2
hanafi,2
(operation,2
aryub,2
treble,2
"trip,",2
maghrebi,2
observational,2
inactive,2
"color,",2
"consistent,",2
lie.,2
"""sensitive""",2
dropout,2
"beaches,",2
hyaluronic,2
joao,2
domination,2
stewardship.,2
backward,2
lipton,2
"authenticity,",2
trampled,2
strangest,2
israa,2
nanai,2
brandon,2
house’s,2
(middle),2
collaborator,2
"regulation,",2
"casualties,",2
serra,2
"capability,",2
atmosphere.,2
"complexity,",2
multi-faceted,2
ill-treatment,2
"enthusiasm,",2
grapes,2
self-promotion,2
eugene,2
(fn):,2
doubled,2
synergy,2
insuring,2
spirits,2
"generators,",2
millennial,2
damak,2
"human,",2
hurdles.,2
aleppo.,2
"al-kayariya,",2
properties',2
dissenters,2
alliance.,2
"6-4,",2
motorcade,2
upside,2
striker's,2
apple’s,2
country),2
"6.3%,",2
anti-smuggling,2
sells,2
"why,",2
eruption,2
posts.,2
agitated,2
"byproducts,",2
"""correct",2
worker’s,2
"factory,",2
concern:,2
wi-fi,2
al-ghannam,2
noor.,2
milani.,2
kiosks,2
interventions.,2
37-year-old,2
"responsible,",2
lively,2
"1907,",2
french–ewe,2
pachuca,2
tonight.,2
whispered,2
suzuki,2
"lahore,",2
lynch,2
ecologically,2
"genuine,",2
ouster,2
"me,”",2
"cough,",2
"coughing,",2
adds:,2
“have,2
workload,2
116,2
decimating,2
titles.,2
editor-in-chief,2
glitches.,2
profiling,2
meta.,2
17.8,2
"stopped,",2
gavi's,2
hossein,2
haji,2
"note,",2
turks,2
0.6%.,2
"nurturing,",2
"petraglia,",2
s.,2
climate-vulnerable,2
alexandrovich's,2
surprises,2
arrivals.,2
usaid,2
outweighed,2
quebec,2
shigeru,2
clinched,2
hammad,2
"boycotts,",2
slaves.,2
$357,2
"region.""",2
flats,2
"""electronic",2
version.,2
"moroccan,",2
hierarchies,2
"hakimi,",2
mbappe's,2
"dramas,",2
"drumming,",2
sapa,2
sold.,2
"explain,",2
marketed,2
"5-2,",2
pristine,2
intercepting,2
caregiving,2
maqsoud,2
skin.,2
"""of",2
550,2
downturns,2
"arabs,",2
commissioner's,2
gourd,2
casi,2
giorgetti,2
quickly.,2
decriminalization,2
residences.,2
hadn't,2
6/3,2
durmaz,2
scams.,2
197,2
"divided,",2
"satisfied,",2
amazon.,2
al-ashrafiya,2
obstruct,2
"contrary,",2
xavi,2
snow,2
al-tineh,2
"parent,",2
"urmia,",2
completely.,2
(also,2
"airport),",2
caveat,2
"ideal,",2
"unsuccessful,",2
"0.4%,",2
countries:,2
"101,000",2
certificate.,2
printing,2
"format,",2
"trademarks,",2
sajati,2
sugar-free,2
"gum,",2
"strong,",2
burn,2
highs,2
supervising,2
breakthrough.,2
"traders,",2
audible,2
“justifying,2
beiban,2
"capitals,",2
slogans;,2
"rubble,",2
exiting,2
"bed,",2
nicaragua.,2
dies,2
withdraws,2
permissibility,2
"sarajevo,",2
"fabric,",2
sketching,2
147,2
"reaction,",2
surge.,2
distrust,2
"cities""",2
melanin,2
reis,2
desde,2
siglo,2
trailers,2
"inadequate,",2
sight.,2
algae,2
facades,2
"additional,",2
obliges,2
decrease.,2
monaco.,2
"rose,",2
falkland,2
barges,2
altars,2
"pardon,",2
"dermer,",2
khareef,2
112,2
poaching,2
smuggling.,2
messi.,2
herd,2
ma,2
"tournaments,",2
secures,2
movlin,2
rivalries.,2
"security,”",2
runny,2
landi,2
kotal,2
aljazeera,2
arc,2
infiltrating,2
contagious,2
"coup,",2
"petrochemicals,",2
"snack,",2
rooms.,2
"thousands,",2
take.,2
elegance,2
presided,2
semi-finished,2
"fan,",2
403,2
"california-berkeley,",2
"6/3,",2
hungarian,2
7/6,2
"""concrete,",2
erbil,2
exposes,2
organizer,2
unexpected.,2
"library,",2
scared,2
peskov,2
"confusion,",2
emerged:,2
kimmel's,2
"""great",2
al-hadath,2
"steps""",2
"diploma,",2
pretends,2
"syringes,",2
notre,2
user-generated,2
generate.,2
"digestion,",2
jamie,2
whole-grain,2
tent.,2
atheer,2
avs,2
enigmatic,2
"a.m.,",2
"horse,",2
jaffa,2
"impasse,",2
manufacturing.,2
flown,2
"al-ghurairi,",2
rations,2
unprecedented;,2
however,2
sweetness,2
encroachment,2
"delay,",2
speakers.,2
brotherly,2
"mineral,",2
"intentionally,",2
"ventilation,",2
alan,2
"tutor,",2
shaving,2
dock,2
memoranda,2
(mous),2
complications.,2
andry,2
blindfolded,2
al-ukhdood,2
196,2
"resistance,""",2
"foundations,",2
following:,2
"enemy,",2
haaretz,2
field.”,2
tiktokers,2
team:,2
multitude,2
conversation.,2
worst-case,2
"toyoaki,",2
"forestry,",2
"""full",2
"force""",2
"1977,",2
capitalising,2
"objects,",2
"dream,",2
"beans,",2
kyodo,2
fixtures,2
duforc,2
vessels.,2
mani,2
lohani,2
cross-sector,2
mobilisation.,2
vietnamese.,2
lapopo,2
jinping.,2
shelling.,2
purposeful,2
prelude,2
10:30,2
devkota,2
bhotekoshi,2
teapot.,2
kyiv.,2
meritocracy.,2
649,2
twist,2
kaku.,2
"turmoil,",2
"shami,",2
"euro,",2
depreciation.,2
idea.,2
known.,2
"""years",2
blessing,2
"gaps,",2
sushila,2
hill,2
gonzalez,2
harvesting,2
"raseef22,",2
curriculum.,2
0.4%.,2
"prize,",2
wings.,2
wings,2
"wings,",2
magnificent,2
occasion.,2
reliable.,2
marginal,2
routes.,2
8.7%,2
cottage,2
salmon,2
samuel,2
crowther,2
gospel,2
tongue.,2
"away.""",2
declining.,2
"1956,",2
shore,2
classmate,2
"1860,",2
(87,2
riyals),2
reputable,2
baldeh’s,2
"weapons.""",2
straightforward;,2
cabinets,2
saline,2
"bull,",2
"ages,",2
tehreek-e-labaik,2
(tlp),2
1974.,2
"sorrow,",2
ilan,2
mismo,2
emptied,2
pública.,2
"dues,",2
double-edged,2
"wrote,",2
enrollment,2
permanently.,2
"garden,",2
"wealthy,",2
prescribed,2
"badran,",2
levitt’s,2
bahrain.,2
crippled,2
airdrop,2
"surge,",2
(united,2
non-saudi,2
"sana'a,",2
"provocation,",2
"""data",2
scratch.,2
contemplative,2
"grounded,",2
hyperrealism,2
"driving,",2
megacities,2
downriver.,2
(south,2
dortmund,2
boil,2
determination.,2
wuppertal,2
"competitions,",2
stitching,2
jazan,2
franz,2
senses.,2
start-up,2
pasture.,2
"saydnaya,",2
user's,2
pant,2
?,2
inhuman,2
houthis.,2
certifications,2
"vaccination,",2
"tb,",2
"crops,",2
"mecca,",2
planting,2
"""current",2
well-coordinated,2
"mechanism.""",2
"humor,",2
"irony,",2
cedi,2
"truth-telling,",2
"score,",2
"constructed,",2
"disseminated,",2
"junior,",2
84.3,2
"wafa,",2
"moment""",2
"19,000",2
"kyiv,",2
"circles,",2
broaden,2
"mamdouh,",2
krall,2
"""up",2
"defender,",2
farage,2
"rare,",2
asteroids.,2
monday's,2
wayne,2
himal,2
kathmandu’s,2
"camps,",2
"freely,",2
"redirected,",2
open-source,2
"guardianship,",2
k-12,2
wordsworth’s,2
druze.,2
al-maliki,2
hyper,2
"pronounced,",2
$110,2
daycare,2
trillions,2
supports.,2
"prosecution,",2
teaspoon,2
sunshine,2
reductive,2
acceptable.,2
"layoffs,",2
"shukri,",2
"2""",2
maher,2
streamline,2
run-up,2
"hail,",2
"brewed,",2
near-monopoly,2
hours-long,2
underfunding,2
militants,2
"cells,",2
fluctuating,2
konya,2
"institute,",2
83.9,2
"announcements,",2
"mediation,",2
zamalek.,2
romanies,2
refinance,2
"presentations,",2
"delivery,",2
remembrance,2
peninsula.,2
cortisol,2
shimon,2
workplaces.,2
thrust,2
compliant,2
$1.3,2
careers,2
"thin,",2
thinness,2
"locals,",2
apology.,2
kantipur,2
migratory,2
ig,2
"lama,",2
gallant,2
"gold.""",2
virgil,2
psychiatric,2
stores.,2
repercussions.,2
soros's,2
"geopolitical,",2
"technological,",2
irresponsible,2
complying,2
potassium,2
"fertilizer,",2
jumped,2
condemnation.,2
escrow,2
somo.,2
unbalanced,1
abzas,1
rites,1
coal’s,1
optimize,1
asabali,1
lifestyles.,1
reputation;,1
pensó.,1
"esta?”,",1
funcionaría,1
qué,1
¿por,1
"funcionaron,",1
muchas,1
“fueran,1
31.99,1
business].,1
"spacetime,",1
distortions,1
nawah,1
duzce,1
"bulut,",1
hande,1
$936,1
"interrogated,",1
intifada,1
second-generation,1
beer,1
"""far",1
amusement,1
non-communicable,1
lily,1
"swamp,”",1
mcguirk,1
trend?,1
salons,1
"cooking,",1
"washing,",1
"8,653,989.6",1
4.0%,1
follicles.,1
"inundation,",1
frantic,1
labourer,1
agents.,1
spraying,1
fertilization.,1
trampoline.,1
depress,1
maximal,1
missions.,1
globaldata,1
"fertilization,",1
abboud,1
"hezbollah),",1
pwc,1
"shetty,",1
sujay,1
objects.,1
significances,1
"superstitions,",1
"socialist,",1
(nearly,1
"78,324.3",1
$104,1
"ramos,",1
consequential,1
gnawing,1
adversity.,1
resourcefulness,1
psychotherapy,1
"relativity,",1
einstein's,1
unfolded.,1
compact,1
tablet-like,1
"fold,",1
"prosecuted,",1
"acrobatics,",1
"jumps,",1
conditionally,1
"atlas,",1
all-electric,1
agility.,1
fulfill.,1
however;,1
stammering,1
rifts.,1
dictator.,1
"díaz,",1
porfirio,1
yaqui,1
80.7%.,1
sensible,1
dynamics',1
"linguistics,",1
nahua,1
routines.,1
sebaei.,1
crime’s,1
"ababa,",1
"nuance,",1
elapsed.,1
listed.,1
338,1
assistant.,1
airbus-delivered,1
"tumbler,",1
"boiling,",1
zia’s,1
lawyers’,1
monarch.,1
1932,1
zelensky:,1
pre-colonial,1
uninformed,1
60-65%,1
disabled.,1
hangzhou-based,1
"deepsec,",1
clergy,1
khomeini’s,1
"""cornerstone""",1
"data),",1
probes,1
"1""",1
amlo,1
"cilic,",1
marin,1
"screen.""",1
nahed,1
"fouad,",1
bayoumi,1
"baqi,",1
humor.,1
"gentlemen"",",1
(greenwich,1
immortality”,1
intimations,1
ode,1
education:,1
obsessively,1
al-sartawi,1
pre-sold,1
actions;,1
"achebe,",1
"either,",1
constantly.,1
orbits,1
asdaa,1
mawasi,1
antibiotics.,1
(eff),1
"bennisi,",1
9.58,1
saudi-vietnamese,1
3.953%,1
d'état”,1
“planning,1
rebirth?,1
jordanians,1
dash,1
unicom.,1
"telecom,",1
"mobile,",1
"oddly,",1
bounds,1
overstepped,1
ranjith,1
malcolm,1
"archbishop,",1
"archdiocese,",1
"fiscal,",1
"shortage,""",1
00:00,1
(49%).,1
reputed,1
"gemifloxacin,",1
"ciprofloxacin,",1
"antibiotics,",1
colleagues.,1
blumenthal,1
richard,1
"heirs,",1
female.,1
nuwakot,1
"at,",1
"etc.,",1
"""zionist""",1
"industrialisation,",1
1.92,1
14.11,1
masterpieces?,1
"patriotism,",1
middle-aged,1
(57%),1
"fuller,",1
simplest,1
reconfigured,1
forbid,1
nurgal,1
kunar’s,1
"bazar,",1
cox’s,1
"location),",1
immovable,1
monumental.,1
invocation,1
moxifloxacin.,1
"levothyroxine,",1
interfere,1
dolutegravir,1
truckload,1
narratively,1
"lush,",1
doomed,1
médico.,1
ver,1
[esperando],1
horas,1
ocho,1
quedas,1
te,1
firms:,1
"island""",1
nunnun,1
“vas,1
azbakeya,1
gouda,1
inundated,1
arakan.,1
energy-efficient.,1
"responsiveness,",1
ultra-quiet,1
expressions.,1
domesticity,1
glow,1
(blair),1
"""any",1
doses.,1
levothyroxine,1
upholstered,1
"cabinets,",1
uneventfully,1
budget).,1
edes,1
"86,393,000",1
rd,1
"medal.""",1
"accept.""",1
beni),1
(chadon,1
weed,1
foreground,1
basil),1
(holy,1
baazley,1
"administrators,",1
signifying,1
"lion,",1
twice.,1
7.1151,1
0.06%,1
cruel.,1
pushback,1
(spa),1
mawani,1
"metrics,",1
completion?,1
evolves,1
brushless,1
unusable,1
"furniture,",1
"glory,",1
"confined,",1
anglican,1
familiarity,1
intricacy.,1
channel's,1
pots.,1
sardines,1
cheese.,1
"cheese,",1
calcium-rich,1
pezeshki,1
barrot,1
(cnm),1
america),1
(oswaldo,1
25.9,1
"lankans,",1
taken-for-granted,1
fiocruz,1
enjoyment.,1
liberates,1
ascends,1
rescheduling.,1
molinari.,1
venezuelan-colombian,1
endorsement.,1
$71.7,1
disarmed.,1
"interrogation,”",1
curtailment.,1
al-baqi,1
york:,1
writer's,1
"graham,",1
"disturbed.""",1
"""deeply",1
"campaign.""",1
"fujimoto,",1
masa,1
"sulfate,",1
tofu,1
"bones,",1
evenings.,1
weekday,1
felt.,1
jean-noel,1
z-led,1
dream:,1
might’ve,1
storefronts.,1
"knesset,",1
"heaven,",1
places.,1
bill”,1
“fake,1
"2630/2020,",1
evident:,1
"looks,",1
humanoids,1
refunds,1
hornets,1
"broccoli,",1
carriage,1
"courtyard,",1
"legend,",1
"zola,",1
gianfranco,1
uncritical,1
sima,1
"clinic""",1
"""masa",1
"terrorists.""",1
"aircraft.""",1
mistaking,1
temporary.,1
"absolute,",1
“w,1
carry:,1
"definition,",1
al-hilal.,1
dalingat,1
elimination.,1
dinar,1
daoud,1
tumors,1
kroc,1
dame’s,1
4-0,1
three-point,1
reassure,1
hasegawa,1
"bases,",1
inspecting,1
"injunctions,",1
"confidences,",1
quinn,1
"tubes,",1
blood-drawing,1
997,1
dermatologist.,1
lenovo,1
catley,1
"fierce,",1
alive?,1
"suf,",1
"cash,",1
hoarding,1
"quds,",1
arabs?,1
"fantasy,",1
then-minister,1
emulated,1
homeless,1
1975,1
"utilities,",1
self-rescue.,1
"kids,",1
non-school-age,1
carragher,1
privacy-related,1
blogging,1
tse's,1
yui,1
hamano,1
mika,1
joshi,1
madhav,1
evidence;,1
"repeated,",1
balsada,1
empty.,1
sheltered,1
jason,1
16.7,1
intestine.,1
"smuggling,",1
"poaching,",1
fulfilled.”,1
"citizenship,”",1
imran,1
“former,1
oat,1
bug,1
"3,661",1
takeuchi.,1
individualized,1
unimportance,1
"scrutiny,",1
chum,1
keeper,1
chumrabotnitsa,1
"reindeer,",1
"adapted,",1
"sac,",1
finger-like,1
tending,1
"yanbian,",1
"talking.""",1
disparity.,1
goma-rutshuru,1
bujari,1
"lushagala,",1
"kanyaruchinya,",1
"handed,",1
"unreconstructed,",1
explanations.,1
"röpke,",1
"deportations,",1
peshawar,1
"ready,”",1
"sweetheart,",1
“get,1
sown.,1
"readjusted,",1
production?,1
exacerbation,1
merz’s,1
lawmaker,1
us’s,1
"tomatoes,",1
wolverhampton.,1
showy.,1
"clarifications,",1
“english,1
getafe's,1
co-founder.,1
lawyers.,1
ciara,1
41%,1
$219.7,1
microcosm,1
"maariv,",1
"massive,",1
krai,1
khabarovsk,1
portuguese.,1
fritz.,1
cheering,1
exude,1
"bench,",1
procurement.,1
talaqi,1
"kassir,",1
"donbas,",1
statistic.,1
"al-hawa,",1
"al-sabra,",1
"verifications.""",1
grandsons.,1
daughter's,1
follow.,1
"strategy""",1
"""defensive",1
40.4,1
wed,1
"edbouche,",1
3.6,1
4.15,1
25.73,1
cyprus,1
bloc’s,1
relegating,1
"trivial,",1
"generalization,",1
characteristics.,1
haimon,1
"itapevi,",1
itaquaquecetuba,1
attackers.,1
"identities""",1
"""orphan",1
"""orphans""",1
"discontinued,",1
"(wafa),",1
"white),",1
ecosocialism,1
tangier.,1
"human-driven,",1
opponent’s,1
"""hezbollah's""",1
"separately,”",1
"‘instances,’",1
"servers,",1
kastrup,1
spontaneously.,1
$148.59,1
148.62,1
‘marc,1
"100%,",1
"tawfiq,",1
sensationalized,1
superiority.,1
ostracism,1
reinterpreting,1
fabricating,1
conducted.,1
"intentions,",1
reddish,1
"“red,”",1
fair-skinned,1
"mclaughlin,",1
tricia,1
"media,""",1
work-life,1
subordinates',1
bosses,1
trap:,1
"vitamins,",1
transfiguration,1
not’,1
‘he,1
"""blue",1
“operate,1
paulino,1
marileidy,1
ishiba's,1
"“overseas,”",1
fooled,1
karin,1
$865,1
pros,1
cons,1
“yes”,1
parwan,1
culture?,1
helicopter.,1
"demonized,",1
crackdowns.,1
sébastien,1
junta.,1
session's,1
fora,1
40.,1
"ploy,",1
"historians,",1
huneidi,1
sahar,1
isabella,1
"protests,""",1
"""harness",1
elharrar,1
extractable,1
sandstone,1
bleed,1
“home.”,1
medicine;,1
"reactions,",1
"2,800",1
"hanging,",1
prosecution's,1
heartbeat,1
debunking,1
stalls,1
responsive,1
"""banks",1
$273,1
laptops,1
half-arab,1
"weickert,",1
"ranking,",1
lecorno,1
"73,",1
"karki,",1
"eccentric.""",1
opposition-led,1
muriševia,1
transformed.,1
"named,",1
three-dimensional,1
countries—deeply,1
0.12%,1
$1.1752,1
repositioning,1
pets.,1
"western,",1
aspire,1
yet?,1
post-oil,1
desirable,1
horror.,1
ouardia,1
anymore.”,1
reveals:,1
"minutes.""",1
"hell,",1
players...,1
"albertini,",1
demetrio,1
"overlooked,",1
"86,000",1
tracking.,1
tie-break,1
coughing,1
"""arbitrary",1
institutes,1
"lin,",1
"60%,",1
"observatory""",1
"delijani,",1
unpacks,1
musoke,1
clashes.,1
"it?""",1
(5-6).,1
3-0.,1
al-ain,1
teammate's,1
"palestinian,",1
independent’s,1
four-part,1
(qna).,1
“suggested”,1
spokespeople,1
venezuela),1
(at,1
"sérieuses,",1
“redress”,1
"omct,",1
"lamloum,",1
ines,1
"fishmeal,",1
600-kilometer,1
foreign-owned,1
prolifically,1
sketched,1
madbouly.,1
"concepts""",1
appealing.,1
sexism.,1
"points.""",1
121,1
fumeuses,1
"travailleuses,",1
"antar,",1
sisterhood,1
speculation.,1
"bomb,",1
priscila,1
zahiris,1
"extraordinary,",1
"el-hafny,",1
"nightmare.""",1
"modernization,",1
modernized.,1
"multifaceted,",1
al-ainawi,1
"al-ain,",1
"clásico,",1
gears,1
coasts,1
"hand.""",1
(worldwide),1
$1.347,1
$981,1
$20.956,1
grandeur,1
(cpi).,1
scorsese.,1
"balloon,""",1
"""test",1
"al-habbash,",1
"council""",1
"""civilian",1
"cyclones,",1
"tsunamis,",1
"please,",1
become.,1
"dehumanization,",1
teabags.,1
“improves”,1
"88,000",1
"""whoever",1
non-dairy,1
prostate,1
smotrich-led,1
"maha,",1
"al-amin,",1
"hasiba,",1
luck.,1
al-ahly.,1
zealand's,1
"painting,’",1
‘uncynical,1
countermeasures,1
tenuous,1
sniper:,1
"arenas,",1
facebook:,1
"tarantino,",1
quentin,1
"fincher,",1
unmistakable.,1
"shipments,",1
"omrani,",1
paramedic,1
ramad,1
abenet,1
choke,1
muse,1
"gerrard,",1
60th,1
halted.,1
iranian-american,1
"proposed,",1
intercultural,1
mug,1
middle-rung,1
"overhaul,",1
"repealed,",1
safekeeping,1
"fiancé,",1
noble;,1
"103,000",1
"214,000",1
"""aimless""",1
qaddih.,1
"balls,",1
stationary,1
"adversity.""",1
"76,080",1
"1,543",1
"86,824",1
ngo),1
"happened,",1
fiancé,1
"hakim,",1
transfixed,1
sydney’s,1
hanukkah,1
turkey?,1
"investigators,",1
"sports,""",1
(#ellensensei).,1
"accident,",1
reassures,1
bundle.,1
tamil,1
sao,1
seeped,1
trucked,1
addresses.,1
"105,300",1
"111,600",1
"""lamproite""",1
"""kimberlite""",1
“inconsistent”,1
“convenience.”,1
businessman’s,1
bolsonarismo,1
"bastos,",1
(@elonmusk),1
sustains,1
eruptions,1
age;,1
#エレン先生,1
makeover,1
anime-style,1
re-detention.,1
"destiny,",1
humanistic,1
"fable,",1
homegrown,1
vaccinate,1
(sll),1
"trips,",1
eligible.,1
corman,1
"fiction,",1
"caste,",1
interwoven,1
brilliantly,1
"dayton,",1
reorganize.,1
"blueprint,",1
"signature,",1
season),1
cup),1
alleviated,1
begin…”.,1
“concerns,1
misidentification,1
(london-based,1
anti,1
fairness.,1
"biodegrade,",1
kaduna,1
"egypt.""",1
assurance;,1
rahim,1
proponents,1
"rationality.""",1
fundamental.,1
israel-lebanon,1
anti-malware,1
impart,1
"alignment""",1
"""deliberate",1
"comma,",1
oxford,1
(14,1
nasarawa,1
katsina,1
(90,1
kogi,1
disaggregated,1
matches;,1
"mubasher""",1
"""dahab",1
profession's,1
ladon,1
"ict,",1
development-related,1
kingdom’s,1
"dion,",1
editions.,1
"here?""",1
kidding,1
funny?,1
"crafted,",1
larkin,1
220,1
"2010–2020,",1
monetisation,1
"guyana,",1
bytedance.,1
"megawatts.""",1
capacity;,1
"appropriate.""",1
numbers;,1
"finance""",1
deletion.,1
"spotify,",1
"duboff,",1
precision.,1
"chatgpt,",1
"similarities,",1
"area""",1
al-rashrash,1
jinping's,1
"lifetime,",1
borrower's,1
"burned,",1
"(113,920,020",1
"holding,",1
ould,1
delegation's,1
durey,1
cerrado,1
pantanal,1
biomes,1
amusing.,1
orientation.,1
front-facing,1
zaatari,1
viewpoint,1
zuckerberg's,1
"nikolaev,",1
template,1
nation-building,1
movements.”,1
“separatist,1
authorizing,1
user’s,1
"2,158",1
statista,1
4.16%.,1
summarization,1
"46,1",1
"purview,",1
"foremost,",1
"childcare,",1
"unicorns,",1
volley,1
unrepellable,1
raining,1
hear.,1
modules,1
info,1
"46,101,798",1
30.8%,1
nasserallah,1
mid-september,1
rodrigues-pozzebom/agência,1
image:,1
"$112,735.12,",1
"2.3%,",1
16.2%,1
"oils,",1
"spillage,",1
lavrov.,1
"hamas,""",1
republic”,1
“integral,1
responsibilities.,1
right-wing.,1
rifa'i,1
(2016),1
al-usṭūra,1
"el-nahhas,",1
magnitsky,1
exercises.,1
"seas,",1
"simon,",1
"accordingly,",1
matt's,1
poster.,1
diasamidze,1
megi,1
wishes.,1
netanyahu-smotrich's,1
rubs,1
gib,1
consumption:,1
"22,606.592",1
"0.11%,",1
podstakannik.,1
midday,1
4.19%,1
show.,1
totem,1
merseyside.,1
halewood,1
"midlands,",1
petroecuador.,1
"landslide,",1
"criminal,",1
al-desouki,1
"suggestions.""",1
"$2,300.",1
"$2,100",1
"$2,000,",1
correctly.,1
"observe,",1
rods.,1
"speakers],",1
zarma,1
"unwind,",1
"sip,",1
set-piece,1
41.92,1
ptr,1
"solihull,",1
brookfield,1
hammers,1
"""governor""",1
"deeds,",1
clouds.,1
weddings.,1
"christenings,",1
rolls-royce,1
full.,1
"rdr,",1
"burhan,",1
"daglo,",1
al-burhan,1
magnates,1
"justices,",1
13%.,1
413.8,1
inviting.,1
"top,”",1
sauces,1
“slathered,1
badran,1
exaggeration,1
"comfortable,",1
night...',1
'our,1
lamented:,1
"rudiger,",1
alexander-arnold,1
trent,1
experts?,1
17.66,1
16.89,1
berber,1
andalusian,1
valuations.,1
panel.,1
"""during",1
"convert,",1
forti,1
(again),1
subpar,1
enhanced.,1
dunki,1
"slaughterhouse,",1
final-phase,1
actors;,1
sensation,1
nap.,1
wept,1
present),1
(past,1
pregnancy-related,1
2–5,1
"doing.""",1
teabag,1
"constituency,",1
"194,000",1
public's,1
rage,1
states!”,1
“please,1
effortless,1
intimidated,1
"overturned,",1
senses,1
unease.,1
"4,140,000",1
crossings.,1
punjabi,1
rally:,1
stake.,1
(fs):,1
humbles,1
treason;,1
abilov,1
"pampas,",1
criollo,1
crioulo,1
"breed,",1
"mohammed,",1
"paid,",1
"9,744)",1
humility.,1
"wine,",1
risk-oriented,1
"dufork,",1
al-daridi,1
"staircases,",1
renderings,1
"""scientific",1
cacerolazo,1
pans,1
pots,1
gonzález.,1
"olisa,",1
realizes,1
"kanno,",1
"al-juhani,",1
"al-jawir,",1
musab,1
"al-hassan,",1
"appropriate,",1
"re-writes,",1
…”,1
“don’t,1
"difficult,”",1
"ambiguous,",1
"permit,",1
expatriate's,1
overdue,1
"179,000",1
minneapolis,1
rabbani’s,1
skill-building,1
"1,694,418",1
"779,473",1
"(unhcr),",1
extricate,1
iran-linked,1
clip.,1
son.,1
unequivocal,1
"“clear,",1
"""liquid",1
"al-hamdan,",1
"al-aboud,",1
"yahya,",1
al-khaibari,1
tamarind,1
zesty,1
potatoes,1
commemoration.,1
camping,1
"contracting""",1
"""arabia",1
akhundzada.,1
hibatullah,1
months?,1
"realism,",1
selected.,1
ui,1
"glass""",1
(kd),1
51%.,1
ul,1
zaheer,1
tlp,1
"al-shamat,",1
"waves,",1
them:,1
locked…,1
duvall,1
"apartment,",1
sons',1
"midfielders,",1
"wuppertal,",1
(春水堂).,1
teahouse,1
advocates.”,1
officials”,1
"billboards,",1
professor.,1
arbiter.,1
liquid.,1
makkah.,1
"magistrate,",1
"self-identification,",1
highness;,1
mosimane.,1
"qamis,",1
representatives’,1
al-shehri,1
"al-sahafi,",1
"al-saad,",1
archery.,1
naadam,1
swallow,1
2026-2028.,1
"immense,",1
diabetes!,1
isa.,1
"35,891)",1
"intrigue,",1
syriauntold,1
al-majalla,1
eco-villages,1
"full,",1
al-ghadir,1
bahr,1
suppresses,1
"self-censoring,",1
"""21-point",1
memoir,1
"progress""",1
hermon,1
"waking,",1
tianwen-1,1
correctness,1
fenerbahce,1
62-year-old,1
arabic.,1
gap:,1
"factions.""",1
"agreements,""",1
"""american",1
guests.,1
guesthouses,1
prayers.,1
€340,1
wolfgang,1
habits.,1
eye.,1
"skeptical,",1
"called,",1
secretariat,1
20-25,1
10-15,1
snapdragon,1
uae-based,1
"arada,",1
lutwak,1
nickname.,1
"""gunners""",1
opponents',1
arabs”,1
spearhead,1
"unifies,",1
chairing,1
astana,1
limit:,1
"alloy,",1
governors,1
xylitol,1
monitors.,1
mid-2025,1
marwan...,1
rating.,1
hubs.,1
$405,1
decision-makers',1
0.65%,1
anti-femicide,1
historia,1
"yuri,",1
manageable.,1
reservoir.,1
28.8,1
al-fadhli.,1
122,1
"nayef,",1
fairs:,1
director.,1
"argentines,",1
regal.,1
erased.,1
symbols.,1
"quebec,",1
teas.,1
kahn,1
bayern's,1
"fortune.""",1
anti-bullying,1
alliance!,1
micronesia.,1
goffe,1
torso,1
(胴),1
"14%,",1
0.15%,1
"46,250.88",1
"0.66%,",1
303.56,1
diaspora?,1
deem,1
hefaa,1
"paper""",1
resultant,1
ataturk,1
untitled,1
sisi’s,1
dual-screen,1
"“treason,”",1
"state,”",1
“defamation,1
"“subversion,”",1
brasilia.,1
highway.,1
"footpath,",1
mid-2023.,1
(bcea).,1
near-unanimous,1
amoblar,1
reformar,1
sheep's,1
peasant,1
extension.,1
"kyoto,",1
unrevised,1
interviewed.,1
"22,482.44",1
"0.44%,",1
97.74,1
"palau,",1
often-illegal,1
"shadows,",1
warlords,1
tragedy:,1
hollowing,1
voucher,1
perfection,1
replied:,1
"aban,",1
"2%.""",1
rates;,1
"posting,",1
re-shape,1
"(akp),",1
end-to-end,1
$281,1
"""hespress,""",1
oxygen?’,1
"permitió,",1
adquisitivo,1
poder,1
aumento,1
riverbeds,1
present-day,1
interoperability,1
"traced,”",1
china…,1
287,1
figurative,1
"disappears,",1
"excellency""),",1
"worlds""",1
"underemployment,",1
"hurricanes,",1
intimacy,1
205%,1
reels.,1
"vibes,",1
self-censoring,1
civic-military,1
"encrypted,",1
dijlian,1
"amusing,",1
"""vogue""",1
"kimonyo,",1
two-line,1
“cannot,1
"“btk,",1
trees.”,1
‘i,1
caobos,1
"54,000",1
"healthy""",1
"""reasonably",1
province's,1
post-disaster,1
"sociology,",1
"26th,",1
"government),",1
nationality.,1
indiscriminately,1
feel.,1
reusable,1
dislikes,1
guaido,1
marc-andre,1
"balde,",1
diaries,1
embellishments,1
sequins,1
piped,1
"dumping,",1
hotspot,1
personalization,1
"people,""",1
"libya,""",1
"destination,""",1
martyrs',1
"tripoli,",1
"alckmin,",1
"country,”",1
"saif,",1
enterprising,1
hts.,1
jun,1
"broadcast,",1
tatars:,1
luis.,1
diaz,1
o'reilly,1
nico,1
emulate,1
ardi,1
impersonation,1
po,1
stegen.,1
ter,1
"tranquility,",1
consistently.,1
naive,1
latvia,1
separatism,1
"strip.""",1
dry.,1
agree:,1
"""visiting",1
urgently.,1
miniaturized,1
producers.,1
dictation,1
talk-to-type,1
gboard,1
uawc's,1
pappé,1
"consequences,”",1
"vanished.""",1
jumping,1
yucatan,1
"""hepatitis",1
birth.,1
hepatitis,1
revisited,1
aggressor,1
"gamal,",1
ruling.,1
leonie,1
hayom,1
aspirational,1
serenity,1
grabbed,1
laced,1
frightened,1
vegetation.,1
automakers,1
visa-related,1
"bond,",1
hannibal,1
"member.""",1
breakaway,1
"rabobank,",1
"foley,",1
jane,1
mold,1
horse.,1
"children.""",1
reinventing,1
sunca.,1
"stages,”",1
"rooster,",1
"doll,",1
"skirt,",1
"vaccine,",1
"contact,""",1
al-manfi,1
"remained,",1
tatars.,1
careless,1
"thief,",1
unmatched,1
five.,1
"headphones,",1
low-risk,1
"repetitive,",1
1992.,1
goat,1
shortcut,1
1961.,1
(10.4,1
center-west,1
"complications,",1
"fluids""",1
"""large",1
"stand,",1
backpack,1
soldiers.,1
"schoolchildren,",1
poetics,1
diwaniyah,1
awale,1
"titled,",1
driven.,1
merge.,1
property:,1
"curtailed,",1
landlord's,1
portrayal.,1
"enjoyment,",1
"educating,",1
preparedness.,1
longus,1
conveniences,1
socialized,1
availing,1
fast-tracked,1
articulation,1
neglects,1
desensitized,1
"(突き,",1
“tsuki”,1
"(wrists),",1
647.,1
316,1
"shelwit""",1
"""deir",1
"el-bahri,",1
"habu,",1
"karnak,",1
luxor.,1
shrines,1
"(head),",1
“men”,1
ultra-advanced,1
image),1
(because,1
“elephant,1
alibaba.,1
ankabut's,1
"several-fold,",1
gorkha,1
7.8,1
deserved.,1
presuming,1
detains,1
"worsening,",1
30.5,1
"slice,",1
"nursing,",1
thrust).,1
"""shelwit",1
amazed,1
1917.,1
"robust,",1
armenia’s,1
"simonyan,",1
andranik,1
cairo:,1
1984.,1
“kote”,1
"torso),",1
(sides,1
“do”,1
waste-importing,1
drains;,1
tigray.,1
exemptions.,1
"secretaries-general,",1
neymar,1
trolling,1
irresistible,1
(nri),1
geology,1
"temple"".",1
"""nvidia""",1
"baba""",1
"""ali",1
"tart,",1
"bite,",1
"kounde,",1
"zekry,",1
twofold.,1
17.8%.,1
128.2,1
survives.,1
fire;,1
"china,""",1
"""microsoft",1
"china""",1
sowing,1
everyone.”,1
“promote,1
“eradicate,1
pledges,1
"incisions,",1
borrowers',1
"defaults,",1
severe:,1
mkesha,1
mama,1
cdr.,1
density.,1
re-enact,1
parks,1
st-germain.,1
drogba,1
didier,1
assists.,1
yard,1
"brass,",1
exhibiting,1
6.2,1
cleveland,1
internet”,1
"“freedom,",1
"perfect,",1
commerce's,1
"bronzes),",1
siberian,1
apt,1
"67,873",1
"41,500",1
"50,798",1
"today""",1
"""b",1
"colonisation,",1
borrower,1
jasper,1
bronzes.,1
intolerant.,1
tolerant,1
slovene,1
"weakened,",1
"carmakers,",1
non-verbal,1
resource-rich,1
guwahati.,1
“flood,1
muslim-run,1
"meghalaya,",1
"deteriorates,",1
cannon,1
breadwinners,1
"neighbours,",1
likes?,1
tsai’s,1
"1792,",1
sundowns,1
"frontale,",1
"al-shehri,",1
"0.25%,",1
16-year-old,1
accounts:,1
education.”,1
age-appropriate,1
“adolescents,1
broadcast.,1
"rogava,",1
guram,1
evreux,1
"madeleine,",1
cues.,1
"signals,",1
ilibašić,1
dragana,1
basics,1
circumvented.,1
meantime.,1
sooner,1
misguided,1
two-sided,1
"binary,",1
outweigh,1
non-stick,1
"cannot,",1
alienate,1
abstentions.,1
"74/247,",1
rodríguez.,1
"segment,",1
mercedes-benz,1
peugeot,1
civilian-led,1
worst”,1
today.”,1
friends…,1
camaraderie.,1
candlelight,1
groups:,1
slices.,1
"normandy,",1
60-minute,1
napoli's,1
bruyne,1
wael.,1
"immigrants,",1
aasi,1
"bank,”",1
“silence,1
"41,120",1
"3,426",1
"4,405",1
"wait,",1
"artificial,",1
donor-supported,1
drills.,1
hdfc,1
"choudhary,",1
sourav,1
renault,1
"pack,",1
prosthetic,1
"udinese,",1
young.,1
"ottawa,",1
"headlines,",1
"tokopedia,",1
"($900,000)",1
rupiahs,1
anti-monopoly,1
atrocity,1
zenith;,1
mark.,1
courier,1
publisher.,1
"tweet,",1
"robbery,",1
avanzara,1
hizo,1
qatar’s,1
brokered,1
revolution’s,1
market-moving,1
cvjetković.,1
zenica.”,1
"festival,”",1
[are],1
dacia,1
raghunath,1
nivkhs,1
glaring.,1
“workshops,1
fourfold,1
stewards,1
"scorned,",1
duality;,1
mumps,1
epidemiologist,1
"stojanov,",1
aleksandar,1
pulisic,1
salmaekers,1
"""barrels",1
"shehadeh,",1
raghdan,1
2026;,1
caretaking,1
2.525,1
"soil,”",1
anti-colonial,1
mall,1
"happens.""",1
"grail,""",1
"""individual",1
"saint-germain.""",1
"""telefouni""",1
"optional,",1
flattened,1
sakhalin,1
amur,1
paleo-asiatic,1
algorithm-driven,1
],1
vitally,1
(sad),1
exam;,1
industry-standard,1
"sahara's),",1
tweeters,1
country?,1
araba,1
olympique,1
heroine.,1
dumb.”,1
"consonant,",1
pronounce,1
rehearsing,1
bergwijn,1
felix,1
methanol,1
orchid,1
re-release,1
“vaccine,1
(14.57,1
millennium.,1
meant.,1
cataclysms,1
bookended,1
bernabeu,1
egypt-israeli,1
cooking.,1
attitude.,1
naïve,1
al-jaafari,1
"""tariq",1
295,1
"""al-mowasat",1
$65.72,1
"(ppi),",1
"cheb,",1
czech-german,1
fascinate,1
"mars,",1
havoc.,1
“love”,1
"talked,",1
karki’s,1
endeavour.”,1
card.,1
"motivation,",1
"manageable,",1
"1.14%,",1
czechs.,1
cuban-american,1
managua,1
"composed,",1
immensely,1
fathered,1
lisbon,1
africa-eu,1
groceries.,1
mart,1
dalma,1
"""itqan",1
yanbo,1
"cefaratti,",1
zachary,1
"""palestinian",1
socialism,1
leader”,1
“founder,1
lasania,1
playlist.,1
"trivia,",1
carbon.,1
egyptian-turkish,1
well-integrated,1
best-trained,1
advances.,1
m23’s,1
"takeover,",1
“baikhovy”,1
gerard's,1
thiem.,1
dominic,1
88.62,1
arabiba.,1
"""independent""",1
"generator,",1
mid-sized,1
voicelessness,1
"overthrown,",1
prey.,1
prowled,1
caricature,1
“hollywood’s,1
"efficient,",1
stefanos,1
evictions.,1
reclamation”,1
crystallized.,1
monterrey,1
eccentric,1
"poultry,",1
peoples?,1
akimat,1
"platforms.""",1
"""given",1
unmonitored.,1
"1976,",1
high-octane,1
evictions,1
happy.,1
"creators,",1
"zoghlami,",1
formalize,1
unacceptable.”,1
premises,1
unexplained.,1
sunday;,1
deviates,1
(2020–2030).,1
caribbeans,1
materials”,1
“extremist,1
tomatoes.,1
"juices,",1
"djokovic,",1
"tsitsipas,",1
"""beta",1
"deepseek,",1
lemon.,1
"best),",1
cherries,1
(white,1
desti,1
brags,1
weaving,1
"motifs,",1
"1800s,",1
locale.,1
flavour,1
recipe,1
kapoor,1
sanjeev,1
"""next",1
"commemorations,",1
throws,1
huddersfield.,1
cay,1
chooses.,1
"safer,",1
associations.,1
objectives.’,1
“enemy,1
"18,000,000.",1
opportunities;,1
strategies:,1
hydroxychloroquine.,1
mask-wearing,1
"version.""",1
passports;,1
favorably.,1
"archives,",1
"""mind",1
smells.,1
"strengths,",1
sa:,1
"jezero,",1
carey,1
cholesterol.,1
sprinkle,1
almond,1
"mosaic,",1
non-appropriative,1
treasure,1
booth.,1
niyazov-adyljan,1
ramil,1
truth-telling,1
odisha,1
$183,1
"""gaza",1
profitable.,1
nahla,1
purchasers.,1
"updated,",1
1814.,1
"liqia,",1
beit,1
assi’s,1
blew,1
"citizenship),",1
waterfall.,1
"senses,",1
tastebuds,1
1868,1
meiji,1
earlobe.,1
pliers,1
exhaust,1
particulate,1
sulfur,1
"oxides,",1
"exemplative,",1
"taiwanese,",1
huaxin,1
105.9,1
(rna):,1
foothold,1
artists’,1
shipped.,1
"2024.""",1
"""euro",1
darfuri,1
norm.,1
altercations,1
"brewing,",1
restating,1
unhcr),1
shukri,1
688,1
21.,1
kitchens,1
"ruin.""",1
art-world,1
"you.'""",1
'if,1
knee.,1
josep,1
undeniable,1
"terrace,",1
2o,1
“two,1
"east"".",1
"factoring""",1
tailpipe,1
settlers',1
"mercato,",1
non-inflationary,1
medium.,1
fortify,1
tarot,1
crystals,1
alchemy-themed,1
"molenaar,",1
acquisition.,1
"venture,",1
"lithium,",1
sigma,1
byd,1
profligacy.,1
materialized,1
surridge,1
"mark,",1
changed?,1
"outlier,”",1
adversity,1
cormann,1
oecd's,1
"$3,500",1
"marei,",1
cyber-attack-related,1
canal's,1
muammar,1
"hayom""",1
strands,1
steak.,1
664g,1
420.9k,1
mota's,1
directions.,1
trilemma,1
2.137,1
anxious.,1
uninstalling,1
"disengage,",1
masnaa,1
continuing.,1
hip,1
half-hour,1
arab-iranian,1
requisite,1
picent,1
talks.,1
"leap""",1
al-hogail,1
"accelerate,",1
monteverde,1
lewandowski.,1
"pedri,",1
"rafinha,",1
clear-cut,1
"talent""",1
hitler,1
göring,1
uprising],1
"justifiable,",1
"implications,”",1
“iran’s,1
disruption?,1
fruit.”,1
caravaggio’s,1
strained.,1
davis,1
"teammates,",1
"disturbances.""",1
hermann,1
"kelley,",1
douglas,1
"el-hai,",1
"entail,",1
sino-american,1
"impart,",1
in-app,1
onyango,1
twinkle,1
overpricing.,1
league’s,1
"lopez,",1
fermin,1
non-residents,1
"1906,",1
galveston,1
helpless.,1
"unbearable,",1
"abuja,",1
counter-example,1
bedroom,1
amhara-nationalist,1
mota,1
phosphoric,1
dismissive,1
bicycle,1
"toys,",1
gear.,1
"carriage,",1
consolidation,1
tiger,1
amputated,1
laptop,1
"gramophone,",1
"instrument,",1
influence.”,1
stacks,1
“access,1
recruiter,1
electricians,1
clarke.,1
election.”,1
upper-right,1
"photographic,",1
"dinars),",1
al-bastawisi,1
"10,000-pound",1
“trust,1
multi-country,1
reacting,1
"personas,",1
"generally,",1
drowsiness.,1
"naps,",1
sleepiness,1
1.17%,1
redevelopment.,1
us?”,1
superintelligence.,1
most-watched,1
rotting,1
"thai,",1
underinvesting,1
masculine,1
poland.,1
environment’s,1
"çinırcık,",1
"51,",1
"""gullu,""",1
alias,1
"tut,",1
gul,1
(wam),1
"charged""",1
"""exciting",1
"newcastle,",1
"investigations,”",1
descriptions.,1
commission's,1
mate/chimarrão,1
temptations,1
familiarize,1
handoff,1
footwork,1
napping,1
change.”,1
humanise,1
introspective,1
nation-state.,1
jostling,1
laos,1
"guam,",1
federations.,1
(platinum,1
snuffed,1
readying,1
36.5,1
4.23,1
al-zayadi.,1
"coronavirus,",1
"8,500,",1
lifetime.”,1
blues,1
"ex-yugoslavia,",1
ironworks,1
nick's,1
"arrangements,",1
problems:,1
health’.,1
‘marijuana,1
sign:,1
"legislation.""",1
simeone's,1
"85,000.",1
tunç,1
yılmaz,1
"act,”",1
soybase,1
squeezed,1
"bag,",1
cloth,1
bean,1
self-esteem.,1
visualize,1
"category),",1
"‘invoice’,”",1
"sings,",1
"75,000",1
30.08,1
"pakhtunkhwa,",1
food”,1
ghanem.,1
discrepancies**:,1
**exchange,1
telegram;,1
cheats,1
"""whosoever",1
"dignitaries,",1
"supermarket,",1
reached.,1
nasraoui.,1
law!’,1
shellfire.,1
"daraya,",1
kyriakos,1
paths.,1
blockades.,1
porque,1
devolverlo,1
tuve,1
hijos,1
videojuego,1
comprado,1
unilaterally.,1
"currency),",1
issues**:,1
**currency,1
sisterhood.,1
"checks,",1
post-dated,1
checks**:,1
**post-dated,1
pills.,1
narcotic,1
"cocaine,",1
"hashish,",1
palm-sized,1
inventorying,1
exploited.,1
rajapaksa,1
friends”,1
towards”,1
frankfurt,1
sadder,1
”i'm,1
kearney,1
talabat,1
indictments,1
letitia,1
"degradation,",1
procedure?,1
dents;,1
"1893,",1
tablets.,1
"reservations,",1
educators',1
gridlock.,1
odessa,1
dnipropetrovsk,1
instructs,1
"$257,",1
"$255,",1
"$253,",1
2.63,1
"threatened,",1
"upheld,",1
cairo-alexandria,1
132,1
"""degioya""",1
gotabaya,1
pagarlo.,1
tenía,1
bryant,1
un-arab,1
al-baroudi's,1
konate.,1
"apartheid,",1
group’,1
“‘the,1
"$3,790.74",1
"41.24%,",1
"priorities""",1
"""rearrange",1
djilali,1
reusing,1
exploration;,1
demilitarization,1
"contiguity,",1
loses.,1
"36,000",1
iranian-israeli,1
chamomile,1
inert,1
cryogenic,1
suspenseful.,1
scene's,1
"sadi,",1
145).,1
14.5,1
ineffective.,1
8-acre,1
3.18,1
"holder),",1
80-year,1
existed.,1
"129,000",1
shortfalls,1
322,1
"idtechx,",1
bisha,1
"curse,",1
declaration's,1
"jinping”,",1
leader?”,1
"carolinas,",1
"alabama,",1
"mississippi,",1
"louisiana,",1
himalayas.,1
mustang,1
kagbeni,1
isak,1
lowly,1
“october,1
day?”,1
cudisevich,1
"inhabitant,”",1
"wilson,",1
"""state""",1
confrontations:,1
"assisted,",1
activism?,1
january-july,1
"trillion),",1
zelenskiy's,1
"hawkeye,",1
a-2,1
"ongoing,",1
chamomile.,1
epidermis,1
$7.59,1
53.96,1
d.c.,1
gusts.,1
(215,1
"bremen,",1
sikkim,1
headworks,1
melamchi,1
touchstone,1
whole.,1
achievement”,1
“show-stopping,1
formation.,1
"1”,",1
personnel).,1
m²,1
"pre-orders,",1
"information"".",1
oxfam’s,1
"luna-25,",1
mid-october.,1
"cool,’",1
‘kendo,1
al-naim,1
strands.,1
residue,1
greasy,1
hydrate,1
shampoo,1
elasticity.,1
operation?,1
destroyed?,1
conserving,1
use;,1
withdrawn.,1
state-funded,1
bid-rigging,1
"domesticity,",1
07:07,1
553.9,1
"else,”",1
respected—only,1
"paramount,",1
92.31,1
"asian,",1
initiates,1
'destroying,1
"elaborated,",1
"eurocontrol,",1
idaenam,1
halfway.,1
"tea),",1
(depending,1
"tehran.""",1
"populace,""",1
probing,1
unexplored.,1
shedding,1
redirection,1
"execute.""",1
"withdraw?""",1
period?,1
chp.,1
"siemens,",1
karbala.,1
"450,000",1
"mandela,",1
morigaon,1
evicted,1
unmanaged.,1
public-health,1
discarded,1
e-waste,1
demographics.,1
"european,",1
$8.6,1
"56%,",1
unfold?,1
nonari,1
shafqat,1
"(이대남),",1
abdelaziz,1
hirak,1
fringe,1
events:,1
"besma,",1
"initiator,",1
dagua,1
"anchicayá,",1
water”,1
“oshúm,1
jaibas,1
thirty-five,1
dictionary?,1
non-civil,1
witness.,1
bjp-led,1
sabha,1
lok,1
telecommunication.,1
attendees,1
us-imposed,1
passionately,1
"occupy,",1
"sarma,",1
biswa,1
himanta,1
"etc,",1
ahmar,1
twelve-year-old,1
aliyev,1
al-sisi,1
albabi,1
"sisters?""",1
"destinies,",1
"""where",1
"chuckling,",1
"financially/economically,",1
mid-size,1
emphasizing:,1
"career,""",1
"undertakes,",1
"dialogue.""",1
"sanctions,""",1
"""projects""",1
"dagnachew,",1
militarization.,1
self-reinforcing,1
"pepsi,",1
"mcdonald's,",1
other’s,1
customer's,1
"pipelines"".",1
pro-soviet,1
"rocha/pmpa,",1
“visa,1
parenthood.,1
unfulfilled,1
ghazgi,1
advent,1
bouteflika,1
“tragedy,1
mirkadirov,1
texted,1
on”).,1
(“the,1
ponen”,1
"audio,",1
corridor.,1
drivers.,1
players:,1
"fret,",1
headline,1
shinwari,1
grim.,1
gim,1
jiyun,1
"350.org,",1
"perished,'",1
sa'd,1
"sa'd,",1
'save,1
"""until",1
($18.2,1
ferman,1
misrepresentation,1
pro-us,1
hamun,1
externally.,1
baraka,1
lawyer;,1
"""maha",1
establishment.,1
leyla,1
contexts:,1
samovar.,1
"va,",1
electricidad,1
mayuko.,1
alexe,1
distracting,1
rebrand,1
avatar,1
subianto,1
modi’s,1
others’,1
(mis)interpretation,1
"characterised,",1
purisimiar,1
"correct.""",1
karel,1
ethnographer,1
prabowo,1
"misleading,""",1
"sodic,",1
system?,1
"viewpoint,",1
2.32,1
"unlawful,",1
scmp,1
sandoval.,1
youth-oriented,1
segmentation,1
"strongholds,",1
third-tier,1
de-center,1
report's,1
i̇mralı,1
life:,1
"actress,",1
sabera,1
flaw.,1
suspended.,1
orinoco,1
"andean,",1
"villavicencio,",1
inputs.,1
network),1
insufficient;,1
bottom.,1
aras,1
"fuchs,",1
simito,1
wehbe,1
discoverer,1
drip,1
things.”,1
“moving,1
"detect,",1
(tsc),1
teachers-student,1
collection.”,1
"21st,",1
"assists,",1
$72,1
zuckerberg.,1
cto,1
"""dangerously",1
-3,1
qasir,1
"integrating,",1
"installing,",1
qassim,1
"mushait,",1
khamis,1
"work,”",1
“evils”,1
prague's,1
nováková,1
elevation.,1
4.77,1
83-year,1
substance.,1
heats,1
maintainable,1
ministers.,1
archiving,1
under-20,1
acknowledge:,1
supporters;,1
qasim:,1
long-promised,1
siti,1
there?”,1
swell,1
individual:,1
amazonian,1
"anticipate,",1
"development,”",1
“user,1
unlock.,1
fanatics,1
"savage,",1
"hostile,",1
"supplying,",1
"functional,",1
you'll,1
"adventure.""",1
"""daring",1
"schulberg,",1
kate,1
complexity.,1
sources',1
"before.""",1
"responsibly.""",1
captain's,1
grow?,1
6-0.,1
"5-7,",1
attman,1
terrence,1
"4,800",1
"3,479.23",1
"2,430",1
7th.,1
"29th,",1
incident:,1
16.8,1
efsi,1
history’s,1
charm;,1
"convoys,",1
brumadinho,1
secure.,1
"deserted,",1
moneda.,1
"athlete,",1
consistent.,1
reasoned,1
"sanctities.""",1
"""defiling",1
"religion""",1
"""slandering",1
paul.,1
"""apostolic,""",1
"""missionary""",1
"helman,",1
"gatherings,",1
seventy.,1
possess.,1
course),1
"(christian,",1
bank-imposed,1
bbc.,1
non-jewish,1
multilingualism.,1
observes,1
regression,1
“rectification”,1
unforgiving,1
"crypt,",1
archaeologically,1
discoveries!,1
fair-play,1
cruzeiro,1
unidad,1
convertía,1
diariamente,1
"valor),",1
(unidad,1
urv,1
adoptó,1
"segunda,",1
presupuesto;,1
flexibilizar,1
"recaudación,",1
"sidelined,",1
11.8,1
504.7,1
(mha),1
khemici,1
assia,1
machine.,1
spinning,1
"machine,",1
dues.,1
noem.,1
kristi,1
security's,1
"kotick,",1
generated.,1
"changed),",1
(even,1
"inspection,",1
dishna,1
forma,1
"ouster,",1
aumentar,1
fondo,1
creación,1
"emergencia,",1
ajuste,1
"primera,",1
fases:,1
gradualmente,1
"hiperinflación,",1
contener,1
intentar,1
creado,1
"nyala,",1
bouchenaf,1
lila,1
waffles,1
pancakes,1
re-established,1
dogon,1
barahogon,1
"guindo,",1
aly,1
loudly.,1
al-salem,1
"baelen,",1
"her,""",1
"kay,",1
"lenses,",1
79-year-old,1
centrifuge,1
encyclopedia,1
systematizing,1
"90,000.",1
programa,1
al-muhanna.,1
al-omari,1
noura,1
shaman.,1
"najdi,",1
laila,1
públicos,1
"nafi,",1
"al-qass,",1
"trade.""",1
(high-fructose,1
fructose,1
syrup,1
"al-shatti,",1
václav,1
grand-father,1
"derbyshire,",1
delia,1
oram,1
daphne,1
promoted.,1
win-win,1
single-country,1
selfies.,1
scraping,1
intricacy,1
resetting,1
"rule-based,",1
attractive.,1
bindings.,1
"syrup),",1
"$20,000",1
insult,1
"reasoning.""",1
"""x"".",1
sought.,1
securitization,1
underwriting,1
salif,1
"balakhisheva,",1
madina,1
cinemas,1
reactionary”,1
“bourgeois,1
communists,1
barrandov,1
16–17,1
hover,1
"statewide,",1
indebtedness.,1
befall,1
compassionate,1
"prayerful,",1
docks,1
"(kamarija),",1
"(hajat),",1
garden:,1
"(haremluk),",1
selamluk,1
hardline,1
peshtegan,1
"slowly,",1
"placards,",1
"monks,",1
providence.,1
"demerara,",1
eco-ventures,1
(2019–2022),1
"fit,",1
"1982,",1
"president""",1
"""mr.",1
flirts,1
"opioids,",1
(nsaids),1
non-steroidal,1
denied?,1
mosaic,1
checkpoint.,1
al-jadaan,1
al-mushatar,1
al-dawwas,1
tabreed's,1
modular,1
variable-speed,1
"chillers,",1
large-capacity,1
chillers,1
that:,1
acuity.,1
physique,1
"$30,000,",1
"""magical",1
“bush”,1
smoked.,1
"aged,",1
(without,1
"roundups,",1
liberties.,1
120-year-old,1
rises.,1
"resided,",1
packing,1
"click,",1
essential—and,1
straining.,1
finer-meshed,1
entrapped,1
3.0%.,1
swift's,1
sensibilities?,1
moroccan-egyptian,1
times',1
"""echo,""",1
lai,1
chi,1
curbed,1
obtained.,1
elixir,1
chinua,1
(1936-1939).,1
in.),1
er.,1
"tribes,",1
anti-semitic,1
timetable,1
$141,1
ngozi,1
chimamanda,1
2022:,1
onducted,1
anti-discrimination,1
2018-19,1
"maputo,",1
"seriousness.""",1
"""purchase""",1
"jets,",1
"surgeries,",1
non-harmful,1
ordeal,1
wormhole.,1
minorities?,1
transplantation,1
(81.1,1
27.3,1
41st,1
9/11.,1
post-,1
thappar,1
romesh,1
emphasised,1
niño,1
cooperation's,1
shards.,1
glittering,1
tempest,1
"finalized,",1
"(nrk),",1
"phenomenons,",1
overlay,1
deutsch,1
"universe,",1
unravel,1
"schulz,",1
sensations,1
"succeed,",1
hammoud.,1
kuna,1
tides,1
"hiding,",1
"demonstration.""",1
pointedly,1
blanket,1
bengali-muslim,1
$14.5,1
$479,1
"assigned,",1
“we’ve,1
ulsan,1
gamba,1
urawa,1
managed.,1
"powders,",1
174,1
"""flashback,""",1
"tut"",",1
"""gul",1
troms,1
bardufoss,1
1992,1
"tones,",1
palette:,1
"syndicate,",1
monopoly,1
unsc,1
somalia's,1
"begun.""",1
4.1,1
“nest”),1
zhina,1
"catastrophes,",1
"becomes.""",1
"perform,",1
"birthplace,",1
earners,1
organisation.,1
(“hnizdo”,1
misogyny.,1
"mullet,",1
double-digit,1
covid-19?,1
"10.8%,",1
sub-committees.,1
"composition,",1
violent.,1
shipwrecks.,1
libya’s,1
mine:,1
floodplains.,1
debris-filled,1
"contradictions,",1
accusatory,1
idiocy,1
resonating,1
"placements,",1
2022).,1
(until,1
loaned,1
nadella,1
satya,1
state”,1
“tunisian,1
intoxicated,1
himself;,1
royals,1
aishwarya,1
"birendra,",1
egotistical,1
“clients”,1
"(ice),",1
"neoliberalism,",1
non-muslim,1
“muslim,1
i̇stanbul's,1
polyana,1
blinding,1
flashed,1
26%,1
mid-year.,1
reacted.,1
"attack,”",1
krivokapić,1
spill.,1
al-hammouri,1
afro-descendants,1
qbaada,1
adolescents.,1
brasileño.,1
"mandinka,",1
"baga,",1
"djola,",1
fula,1
"afro-descendants,",1
guinea-bissau,1
strategically?,1
eighty,1
nyu.,1
"rejected,”",1
lip-sync,1
acumulado,1
4992%,1
llegó,1
"circulación,",1
entrara,1
mes,1
1999.,1
blood-related,1
autoimmune,1
"collections,",1
anti-taliban,1
not-for-profit,1
"victoria,",1
tarwirri,1
bukele,1
promptly.,1
accidental;,1
"""sherif,""",1
"""time",1
november;,1
b’urassa,1
"comedy,",1
"""talented",1
"conference""",1
al-ibrahim,1
al-muniyyat,1
al-sahha,1
humanely.,1
"developmentally,",1
"nationalization,",1
tranquility.,1
"año,",1
10.8%,1
"anfield,",1
"syndrome,""",1
"""evan",1
gene,1
"end.""",1
"forget,""",1
cement.,1
nepal-manufactured,1
confidential.,1
inspected,1
election…then,1
[the],1
“[u]ntil,1
safety:,1
"facets,",1
fantasies.,1
entangled,1
vindictive,1
races.,1
615,1
11.2,1
uncertain;,1
[illegal],1
area.”,1
that],1
[between,1
way”,1
floor-heating,1
"furnace,",1
ex-dividend,1
arabia?,1
employment;,1
sensationalist,1
"""bracelet""",1
comrades,1
envy,1
heat's,1
protest-related,1
contesting,1
recently-promoted,1
90%.,1
rounds.,1
hires.,1
20.5%,1
undertones.,1
79.5%,1
handcuffed,1
when:,1
"advances,",1
"ligament,",1
sloat,1
"action""",1
"""occasionally",1
dell.,1
takeover.,1
dammam.,1
“[s]upposedly,1
nejma,1
"lots,",1
"intimidating,",1
unreasonably,1
(iii),1
(ii),1
n'golo,1
another;,1
al-bashir’s,1
"acts""",1
"""horrific",1
"massacre""",1
vi,1
"""conference,""",1
flavour.,1
chickpeas,1
hospitalizations.,1
249,1
sleeping.,1
farhikhetkan,1
"pardo,",1
(i),1
"kefir,",1
ghugni,1
"chatelier""",1
"""le",1
"""cuba""",1
ar.,1
“stolen”,1
"well-thought-out,",1
"claiming,",1
assassination:,1
"jessore,",1
"sithi,",1
“security,1
revoked.”,1
“35,1
kante,1
macedonia,1
footballers.,1
invoicing”,1
sings,1
"(""spa"").",1
out),1
(properties,1
five-month,1
$6.6,1
trip.,1
pathetically,1
zharkova’s,1
"pm),",1
probiotics.,1
sauerkraut,1
"kimchi,",1
anomaly,1
"lounges,",1
cappuccinos,1
luncheon,1
"storybundle,",1
babies.,1
"dried,",1
fishmeal,1
"flourish,",1
"misguidance,",1
"ignorance,",1
"""indeed,",1
"sermon,",1
cyber-security.”,1
unvaccinated,1
(pertussis),1
invoices,1
reimbursement,1
dish?,1
noodles,1
"tarts,",1
roasted,1
houthis',1
"ahronoth,""",1
japan-korea,1
"1910,",1
park’s,1
guyana.,1
rupununi,1
"mistrust,",1
"unaddressed,",1
complicity.,1
"unachieved,",1
invention,1
cabral,1
"aishalton,",1
1985,1
"osvaldo,",1
suárez,1
indebted.,1
extravagant,1
intertwine,1
"roc,",1
"2025-2026,",1
"chibanguka,",1
nathalie,1
"97.744,",1
changed.,1
"kitts,",1
"""here",1
1.7,1
metaphysical,1
"failings,",1
society;,1
implicates,1
"""non-stick""",1
"chefs,",1
"millett,",1
grande.,1
desorden,1
"lado,",1
otro,1
lot.”,1
deliberate.,1
"""always",1
hz,1
"$1,099",1
"$200,",1
fronts:,1
turkce.,1
"custody,”",1
"""modon,""",1
“yerba”,1
aggressor.”,1
“disengage,1
russia-led,1
view?,1
doctor’s,1
broadcom,1
"illustration,",1
coffers.,1
"rescue,",1
"allow,""",1
magic...,1
waterfalls,1
rainforests,1
served.,1
gourds,1
calabash,1
mati,1
efla,1
"1987,",1
"“herb,”",1
inches.,1
6.3,1
"on""",1
oscillations,1
non-rem,1
"""aldar,""",1
"""damac,""",1
"6,275,182",1
"2,759,256,",1
figures:,1
chinese-owned,1
hammered,1
arroyo’s,1
"doubled,",1
"17.8%,",1
fluctuated,1
schedules,1
useless.,1
“political,1
rhythmic,1
impulses,1
"competition.""",1
"pleased.""",1
unhygienic.,1
vendor,1
stereotype,1
since.,1
reneging,1
derives,1
“mate”,1
constituents.,1
upturn,1
second-class,1
racially,1
annihilate,1
fills,1
watching.,1
athlete.,1
relaxes,1
tilted,1
cumulatively,1
airs,1
frankly,1
mcknight's,1
(jordan),1
waved,1
abass,1
fetus.,1
full-blown,1
bazargan,1
waves.,1
balkhash,1
"ulken,",1
fadil,1
fahmi,1
microsoft.,1
ashore.,1
"empire,”",1
presente.,1
aún,1
realidad,1
dice,1
"mejora”,",1
tiene,1
"row,",1
benches.,1
"pilgrimage,",1
lynn's,1
"politico,",1
737,1
emblematic,1
reimagining,1
bundle?,1
bouquets,1
"kinder,”",1
“tomorrow,1
expediency,1
autocracy,1
"exterminated,",1
kabardian,1
pickles,1
"today,""",1
"""hamas",1
chatgpt's,1
"yurts,",1
"nasa,",1
dsa?”,1
other's,1
"countries,”",1
gdp).,1
entailing,1
israeli–palestinian,1
safieh,1
"chand""",1
"""alan",1
"""bonbast""",1
lemons,1
bother,1
spiraling,1
"timetables,",1
"1,489",1
rich.,1
07:30,1
post-2015,1
filming.,1
glamour,1
"explanations,",1
"averages,",1
payol,1
jeanderson,1
lamented,1
"politician,”",1
whisper,1
crushed,1
brazil?,1
filters.,1
riobamba,1
24-ton,1
esmeraldas),1
libre,1
"posso,",1
geovanna,1
kendo.,1
100%.,1
"playbooks,”",1
“same,1
"28,000",1
11.641,1
bankroll,1
exorbitant,1
"bezsekian,",1
後からスローモーションなどで見て、部位に当たっていないのに一本となっている場合、それで剣道への“信頼感’’が揺らぐ。“剣道ってカッコいいね’’と言う人は多いのだが、何のゆかりもない人が剣道ファンになりにくい理由はそこにあると思う。,1
controversy:,1
"kenkyujo,",1
mirai,1
"follow-up,",1
"3,788.66",1
"26,125.56",1
"economist""",1
subsided;,1
"rebirth,",1
"nymphs,”",1
“rising,1
explicit),1
"owns,",1
"actually,",1
"deprivation,",1
azna,1
fearless,1
"purged,",1
door.,1
environment”.,1
“impact,1
"tawjeeh,",1
"zahid,",1
abderrahman,1
two-part,1
de-escalation,1
“significant,1
israel!,1
jewish-american,1
shakes,1
slow-motion,1
“conservative”,1
voter's,1
"isolated?""",1
nails.,1
"canvases,",1
position?,1
regulation;,1
battles.,1
$228,1
abdulmohsen,1
intervention;,1
keynesians,1
life”,1
maiquetía,1
aunt,1
door-to-door,1
yourself.,1
excruciating,1
70.0,1
67.8,1
84.8,1
method?,1
webpage,1
"""almost",1
galeino,1
jaisle,1
68.45.,1
“alt-right.”,1
right”,1
“far,1
populist”,1
“right-wing,1
mbappe,1
normand,1
seeds.,1
"standpoint,",1
"phosphates,",1
yogurts,1
flavored,1
"montclair,",1
"manhattan,",1
lifeline.,1
playoff,1
post-washington,1
"armenia,",1
engagements,1
non-government-sponsored,1
"diplomacy.""",1
"al-aloul,",1
"akp,",1
"39,555",1
121.6,1
terror.,1
illusions.,1
vinh,1
hurricane.,1
low-pressure,1
al-jabravi,1
possibility:,1
shameful:,1
"goal-scorer,",1
"tumultuous,",1
"militaristic,",1
economic.,1
"yaowen,",1
sale.,1
identifier,1
tectonic,1
laundry.,1
"tarpaulins,",1
enclose,1
toy,1
alternate,1
timeframes.,1
horizons,1
oviedo's,1
heavy-duty,1
"elixirs,",1
al-tijari,1
moin,1
"ki-sun,",1
"disruptions""",1
"""massive",1
kunming-montreal,1
"swapping,",1
23.,1
"""ambry,""",1
235,1
high-water,1
military-linked,1
$66.17,1
$62.64,1
wit.,1
"rupture,",1
"gullo,",1
pre-customised,1
anticolonial,1
"sustained,",1
"seal,",1
flats.,1
carbonate,1
"inclusiveness,",1
(mhp),1
ultra-right,1
"curling,",1
"hockey,",1
"biathlon,",1
novelty,1
funders,1
banaras,1
haven.,1
yeosong,1
"populists,",1
explains:,1
"snowboarding,",1
cross-country,1
alpine,1
federations,1
"eligibility,",1
confiscation.,1
ai+indigenous,1
"done,",1
overvaluation.,1
revving,1
censorship;,1
"entebbe,",1
rwanda,1
escalatory,1
"taiz,",1
"fahmi,",1
"zamora,",1
m'sila.,1
washed,1
revoking,1
delegation.,1
"araghchi,",1
uruguay),1
"(argentina,",1
fernández,1
asml,1
russian-speaking.,1
"""peaks",1
tudor,1
kuk,1
stalls.,1
admirable,1
pitiful,1
reconstitute,1
"mountain""",1
"tell,",1
librarian,1
"linklater,",1
ian,1
formula.,1
intuition,1
"anyway,",1
chemists,1
rules;,1
"responders,",1
"publishing,",1
pais,1
287.5,1
"rafael,",1
"1,680",1
168,1
benefit-sharing,1
“people,1
"wetlands,",1
"bardaji,",1
ronnie,1
rashford,1
set-pieces,1
"""distinguished""",1
remarked,1
"rashford,",1
koundé,1
impact?,1
newcomer,1
"exhausting,",1
"well-nourished,",1
"earth.""",1
"""corruption",1
olympiad's,1
latakia.,1
rabia,1
al-sukariyah,1
al-rihaniyah,1
"liabilities,",1
"goal.""",1
"""content",1
set-pieces.,1
resistance?,1
gdps.,1
625,1
"xinhua,",1
london;,1
8.2,1
74.5%,1
$558,1
$772,1
$877,1
"encryption,",1
peer-to-peer,1
demobilized.,1
"overreach,",1
"amman,",1
annulled,1
expires,1
upheaval?,1
reinvigorated,1
gombrich.,1
ernest,1
"“masnavi,”",1
rumi’s,1
writings,1
"hollis,",1
rachel,1
face”,1
"“girl,",1
savannahs,1
handmaid’s,1
"fallaci,",1
sex”,1
rev.,1
precedent.,1
remarkable.,1
saleem,1
conceded,1
triumph:,1
oversupply.,1
"gazans,",1
"ham.""",1
"""sons",1
bara,1
medals—two,1
luther,1
9%.,1
19.8,1
afrique,1
voa,1
essay,1
1984,1
tool's,1
ecb's,1
"kasacs,",1
martines,1
(minority),1
“nobody”,1
(majority),1
“everybody”,1
tale”,1
abadan,1
happiest,1
"injections,",1
elapse,1
"""ejar,""",1
daboul’s,1
drowning.,1
“persian,1
"stopovers,",1
modernist,1
fat-solubility,1
lutein's,1
africa).,1
opposition's,1
pro-chavismo,1
"dismissal,",1
"tags,",1
timestamps,1
authoritative,1
narrate”,1
“permission,1
el-sisi's,1
korea),1
(north,1
commus,1
"2.7%,",1
baghdad.,1
counselor.,1
41.75,1
(50.75,1
collaborative.,1
"decisive,",1
"immediate,",1
"surprises,",1
"ready,",1
flank,1
elite.,1
feminisms,1
(he,1
oddly,1
osiris,1
"magna,",1
yiwen.,1
"rihanna,",1
"perkins,",1
canva,1
daniela,1
terms:,1
podíamos,1
bahn's,1
articles.,1
"procedures""",1
"""criminal",1
"amodei,",1
"romero,",1
alfredo,1
151,1
bank;,1
projects:,1
"underway,",1
charlotte-mecklenburg,1
heartland,1
recuerda.,1
"crédito”,",1
tarjeta,1
"formidable,",1
"forbes,",1
morally,1
"""reward""",1
villas,1
shazly,1
samih,1
2024).,1
(turkey,1
restitution.,1
anti-media,1
bookshop.,1
"bailey,",1
"villagers,",1
one-tenth,1
unusual;,1
eradication.,1
mariani,1
ethical.,1
struggle:,1
orano's,1
"signal,",1
"sauaia,",1
"profanity,",1
"armies,",1
"""flies,""",1
cuentas,1
on;,1
resolutions;,1
"intertwined,",1
levies,1
"south),",1
penal.,1
"freed,",1
"project.""",1
chalets,1
canteen,1
two-dish,1
berths.,1
accommodating,1
surprise.”,1
“carried,1
standoff.,1
ismaily,1
develop?,1
here?,1
then-british,1
1917,1
lammy,1
nasrallah’s,1
france-based,1
"somare,",1
320,1
$1.35075,1
"likes,",1
$638,1
545,1
belie,1
semblance,1
$40.8,1
investigation’s,1
children’s.,1
optus.,1
"(singtel),",1
"flour,",1
sutei,1
mare’s,1
france),1
"recipients,",1
oda,1
hadath,1
"airag,",1
barakati,1
"vorobyov,",1
"self-censor,",1
"patent,",1
байтасов,1
арманжан,1
собор”,1
кафедральный,1
вознесенский,1
humanizing,1
modules.,1
"absolar,",1
accusations.,1
from.,1
"""dennis""",1
al-fishawy,1
"""titus.""",1
"wolman,""",1
"couple,",1
"al-fishawy,",1
prioritising,1
"olise,",1
22nd.,1
elm,1
four-fifths,1
aid-dependent,1
explicit:,1
accentuated,1
phommasan,1
bhante,1
chengdu,1
advocacies.,1
mailboxes,1
corruptive,1
“outdated”,1
perceiving,1
flooded.,1
reassembled,1
version).,1
256,1
28th,1
dijk,1
bernardes’,1
"winger,",1
attacked.,1
($2,1
olympiads,1
795,1
"""dennis",1
hallucinating,1
($1.91,1
$1.84,1
6.75,1
alec,1
"cocoa,",1
rivaled,1
complete.,1
disappoints,1
depressed,1
amputated.,1
turkey-africa,1
russia-africa,1
china-africa,1
1”,1
“africa,1
conquer,1
impatient,1
"leap,",1
557,1
"jinrong,",1
am.,1
"ran,",1
soldiers',1
"""activist",1
$157,1
al-samoud,1
arginine.,1
theanine,1
"teas,",1
trolls,1
reemerge,1
"2020s,",1
essentialize,1
middle-class,1
"45%,",1
disturbingly,1
"lynchings,",1
judiciary.”,1
zulu,1
disgraceful,1
scramble,1
uae-africa,1
zimbabwean,1
"hydroelectricity,",1
wanpeng,1
baisheng,1
actions”,1
"recommitment,",1
estupinyan,1
pervs,1
ecuadorian,1
mathematical,1
"dam""",1
subtracted,1
"""movistar""",1
stationery,1
"victorious,",1
anti-stress,1
"ghoulo,",1
harmanlar,1
"height""",1
01:28,1
cartoons,1
"45,754.93.",1
"45,354.99",1
jony,1
"""justice""",1
"seizures,",1
cbd-based,1
anvisa,1
obligatory,1
"hajj,",1
imposition.,1
explore.,1
"empathy’,”",1
levers,1
multi-perspective,1
"ethical,",1
"‘transparent,",1
"necessity,",1
geothermal,1
"diana,",1
insects.,1
antiviral,1
antibacterial,1
"ferocity,",1
impactful.,1
phrasebook.,1
ive,1
autopsy,1
"distort,",1
"colonize,",1
"weaken,",1
"god,""",1
"sundid,",1
malik,1
"tan,",1
"executives,",1
"internet),",1
(civil,1
whitening,1
eyebrows,1
fray.,1
co-opted,1
israel-directed,1
magistad,1
"yalova,",1
"karmış,",1
alper,1
bir,1
netherlands.,1
"kolthoum,",1
bu,1
almalakeh,1
justice.”,1
playlist],1
"sonko,",1
coached,1
magalliès,1
84th,1
"país,""",1
falsify,1
"adraee,",1
avichay,1
deplored,1
sedimentary,1
"prevailed,",1
"al-mutawa,",1
gradually.,1
"escalations,",1
next?,1
al-mariri,1
frontera,1
“malka,1
author‘s,1
merino,1
voltmadhe,1
ulbra,1
cádiz,1
125-01.,1
202,1
"renewables,”",1
baghdadi,1
"baghdadi,",1
behs,1
cats.,1
consultations.,1
summoning,1
"lending,",1
bones,1
"carcass,",1
"but...""",1
"eternity,",1
"lengthy,",1
loan.,1
long-planned,1
decency?,1
"compassion,",1
"bassiri,",1
"7,198",1
rest.”,1
learners,1
sluggish,1
isagha,1
accommodative,1
republics.,1
"red,",1
nineveh,1
kirkuk,1
morón,1
5.16%,1
5.41%,1
"5.49%,",1
homeowners,1
"williams,",1
moden,1
metadata,1
practitioner's,1
protectors,1
(垂れ):,1
tare,1
ravaging,1
al-qaradawi.,1
"""genocide,""",1
"chien,",1
peggy,1
"attended,",1
"recklessly,",1
towards.,1
"resolutions.""",1
"leopoldo,",1
600-mw,1
flashpoints.,1
assessment’s,1
dinner.,1
"presents,",1
"favorably,",1
"kema,",1
operational.,1
victoria.,1
jung,1
hwang,1
knight,1
ivory,1
"el-feki,",1
"us,”",1
“army,1
nmc’s,1
jinnah,1
"unhcr,",1
wildly,1
mare,1
camp.,1
zamzam,1
hoist,1
podium.,1
sell.,1
"reps,",1
$429,1
begins:,1
dismay,1
mattered.,1
"happen.""",1
data?,1
"released.""",1
fx,1
have.”,1
"diplomatically,",1
"charger,",1
bookshelf,1
"adopted.""",1
"""here,",1
"see.""",1
assures,1
plummeting,1
"thankfully,",1
delhi.,1
gandhi,1
indira,1
94-minute,1
changing.,1
thoraya,1
"lanzilotta,",1
933,1
"sulaibiya,",1
"jahra,",1
meadows.,1
flushing,1
artists',1
"mismatch,""",1
penalty.,1
"assassination,""",1
"""profile",1
blesses,1
"""god",1
attendee,1
like?’,1
peripheral;,1
safest,1
"entity.""",1
others...,1
hangar:,1
anchor.,1
francophone,1
twelfth,1
independent.,1
"chip,",1
“likes.”,1
830,1
"smiley,",1
“haha”,1
"attrill,",1
"demand.""",1
caracas),1
(maiquetia,1
"lgbtq+),",1
lgbtiq+,1
violencias,1
venezolano,1
observatorio,1
velásquez,1
yendri,1
tuvieron,1
(1964-1985),1
militar,1
época,1
inicio,1
motivos,1
uno,1
"especialista,",1
etween,1
may.,1
tournaments:,1
coherence,1
exhibition’s,1
"(tpra),",1
"aref,",1
"el-bayar,",1
"complexes,",1
processing.,1
earth”,1
"fingertips.""",1
ears,1
"cries,",1
sudair.,1
hotat,1
nucleares.,1
fábricas,1
carreteras,1
"hidroeléctricas,",1
"obras,",1
grandes,1
funcionamiento,1
costo,1
ботовите,1
warned:,1
spirovski,1
cyber-security,1
"meta.mk,",1
controller,1
dictadura,1
gobierno,1
unfeasible.,1
behemoth,1
traoré’s,1
"inappropriate,",1
caverns,1
aleksandrovich,1
arousing,1
"""electric",1
al-majma'ah,1
1160,1
1149,1
al-ashraa,1
al-dalm,1
al-waha,1
"al-qairawan,",1
"al-thulayma,",1
"al-manar,",1
930,1
"al-nada,",1
"al-taawun,",1
"al-nafal,",1
целта,1
автоматизираат,1
направени,1
"al-rehab,",1
al-sahba,1
"al-rif,",1
al-kharj,1
"declaring,",1
mazari-hazir,1
imaan,1
"aesthetics,",1
neck's,1
"coming,”",1
"“thanks,",1
357,1
"banking,",1
продава.,1
ги,1
aniq,1
thea,1
dominica’s,1
14.89,1
season’s,1
“extractive”,1
“inclusive”,1
"al-rimal,",1
idea-sharing,1
neighbor’s,1
dawned,1
pipeline's,1
latvia.,1
"estonia,",1
tae-sik,1
mccarthy,1
"al-naseem,",1
plant.,1
hyperion,1
kingdom).,1
"""troika""",1
($20,1
rand,1
"wierzycka,",1
maja,1
"signia,",1
gruesome,1
moustaches,1
live-streamed,1
"“democracies,”",1
"602,000",1
тој,1
"lafond,",1
"(pyramids),",1
borderless,1
"seamless,",1
hijacked,1
laden,1
prison's,1
zealand.,1
07:01,1
$67.13,1
buraq,1
neuroscience,1
"prayer,",1
instinctively,1
sign-ups.,1
nitially,1
"uncertain.""",1
ex-colonial,1
"authorization.""",1
"""preventing",1
packaging.,1
southwest.,1
3.69%,1
"appealing,",1
3.67%,1
"spreads,",1
"drinking,”",1
“meet,1
watering,1
seekers.,1
eclipsing,1
69%,1
"392,000",1
(stj),1
"mariani,",1
andi,1
negative.,1
truth's,1
evangelization,1
killed),1
beginnings?,1
"0.67%,",1
outsiders.,1
(open),1
colder,1
spells,1
blockade”,1
“students,1
coexist.,1
exhale,1
inhale,1
"misery.""",1
"""super-cluster.""",1
sixth:,1
"ignition,",1
daegu.,1
religions,1
"subgroups,",1
decent-paying,1
424.9,1
cross-examine,1
"nicaraguans,",1
soga,1
"1,951",1
less-than-stellar,1
day’s,1
"2,183",1
lighthearted,1
"$1,201",1
"$1,437.56",1
$44.24,1
founder.,1
non-partisan,1
chadian,1
(where,1
trudeau,1
15–19,1
"i.e.,",1
"superintelligence,",1
"moistened,",1
"noses,",1
lends,1
customizable,1
'al-shater',1
karara's,1
"development""",1
assem,1
ensued,1
"hammamet,",1
boudhaina,1
thread.,1
22.,1
"48,",1
horizontal).,1
ultra-high-speed,1
$65-$68,1
charter.,1
kaiping,1
elections.”,1
physicists,1
"collisions,",1
al-battah,1
metre,1
shelly-ann,1
full-circle,1
plant-based,1
skin?,1
hearts.”,1
inacio,1
"scale.""",1
"""continuously",1
"coercion.""",1
"""qatar",1
eu-africa,1
"young-kook,",1
kwon,1
catalogs.,1
macron.,1
"9/11,",1
boldly,1
khan's,1
rukh,1
millennium,1
anti-hero,1
disillusioned,1
man”,1
“angry,1
bachchan,1
amitabh,1
wakefulness,1
"nap,",1
across.,1
semi-oval,1
"deimos,",1
435,1
rome.,1
polluters,1
raiffeisen,1
danske,1
"sib,",1
"kbc,",1
caisa,1
"ing,",1
"unicredit,",1
deka,1
betrayals.,1
failures;,1
"offences,",1
rationalizing,1
eide,1
"producing,",1
rizvi,1
ruhul,1
preeminent,1
coveted,1
huysen,1
englishman,1
jiangmen,1
"minds,",1
smoother.,1
slumber,1
parnell,1
hanegbi.,1
tzachi,1
"sa'ar,",1
gedaref,1
truss,1
long-span,1
"1,420",1
"burnout,",1
"individually,",1
one-size-fits-all;,1
"scientific,",1
bhaijaan,1
bajrangi,1
"match.""",1
bodies',1
"famine""",1
arab.,1
"jewish,",1
decolonizing,1
"drawings,”",1
unbiased.,1
ethics.,1
"broth,",1
low-sodium,1
depositors',1
"refill,",1
antananarivo,1
fon.,1
"musaed,",1
"mbappe,",1
ertürk.,1
"sincerity.""",1
lobster.,1
"mackerel,",1
"tuna,",1
"trawlers,",1
emotional;,1
provider's,1
unleash,1
underreported.,1
unidentified.,1
kluth's,1
backsliding,1
georgia's,1
"gavi,",1
"weikert,",1
mass-produced,1
digitized,1
divided.,1
parties’,1
traumatizing,1
allan,1
hts,1
text-to-image,1
"senators,",1
"mediterranean.""",1
"farghali,",1
(fta),1
smoothing,1
permission;,1
"world""",1
"week,""",1
considerations:,1
jebel,1
"berber,",1
"atbara,",1
"shendi,",1
third.,1
"lyles,",1
appoint.,1
statement;,1
"anything,”",1
low-resourced,1
"cylinders,",1
deformed,1
systems',1
(ar),1
gorman,1
learning.,1
kishane,1
oblique,1
intimate:,1
narratives.”,1
"faisal,",1
"al-faisal,",1
"cholera,",1
"malaria,",1
turn.,1
laughed,1
antivirus,1
illustrators,1
llms;,1
"warning""",1
sennar.,1
awliya.,1
292,1
collectively.,1
"generalize,",1
download,1
purchasers,1
sombre,1
handwritten,1
"doum,",1
whereabouts,1
17.,1
sabotaging,1
"adumim,",1
ma'ale,1
"space""",1
usa’s,1
thompson,1
"ethanol,",1
flare-ups,1
"stiffness,",1
"skills""",1
sudanese-sudanese,1
32.6%,1
"""mazi,""",1
oracle-managed,1
cabbage.,1
spinach,1
"lettuce,",1
romaine,1
"browsing,",1
"ad-blocking,",1
"“migration,",1
mystical,1
vegetables:,1
"yavorczyk,",1
igan,1
"sratongvian,",1
nongrotai,1
khatoon,1
pam,1
"jafari,",1
marzieh,1
whale,1
kui,1
job.,1
policy-makers',1
determined.,1
intensified.,1
haunted,1
"albania,",1
"""welt"",",1
finalizing,1
beef.,1
city’super,1
"yata,",1
properties:,1
“deforestation,1
ranches,1
germans.,1
"renew,",1
"develop,",1
obduracy,1
mechanics,1
petty-officers,1
"market.""",1
nablus,1
uniformly,1
emphases,1
bahraini-saudi,1
nebulous,1
"lira,",1
"chamber,",1
hamas;,1
segment.,1
securitized,1
"formats,",1
issuer,1
prediction,1
healing.,1
nudity,1
"montenegro,",1
hallway,1
"outfit,",1
"advertisement,",1
"locker,",1
"rmc,",1
ban’s,1
voicing,1
"mixed,",1
hat.,1
"crossbones,",1
piece”,1
"beta,",1
"spectrum,",1
"subscriptions""",1
"""unwanted",1
"checkpoints,”",1
"cousins,",1
memorable.,1
al-attiyah,1
solar-powered,1
pequeño,1
piracy.,1
3.67,1
4.82,1
one-page,1
"""sdaya""",1
"aeon,",1
meat.”,1
worth.,1
"anywhere.""",1
commodity;,1
caption,1
"sniffles,",1
"""legitimate""",1
profitability.,1
capital-intensive,1
"unconstitutional,",1
exits,1
jaime.,1
reclama,1
"tazas”,",1
licencias,1
"impuestos,",1
tenemos,1
año,1
cada,1
"muchos,",1
sacrificando,1
hundreds.,1
imprisoning,1
pathetic,1
obviously,1
bombarded.,1
mekhoni,1
"hometown,",1
impersonates,1
impersonator,1
airport:,1
ben-gurion,1
stopped.,1
turbines,1
€1.6,1
expenses),1
"colds,",1
revolved,1
heavenly,1
draw.,1
región,1
ferraz,1
lectures,1
50-year-old,1
$51,1
fremont,1
technician,1
"16),",1
pork,1
periferia,1
al-rabiah,1
$74,1
"candidacy,",1
"jaibas,",1
kilo,1
interrogates,1
pilgrims.,1
11.3,1
16.92,1
"sultanate,",1
utility-scale,1
masdar-led,1
"viewer,""",1
shootout,1
"hazards.""",1
"homelessness,",1
"scratch.""",1
retrain,1
speed;,1
"paredão,",1
sítio,1
vecina,1
"período,",1
vivieron,1
personas,1
millones,1
transición,1
"raya,",1
seis,1
oppression;,1
pork.,1
"countries.""",1
"brent,",1
d'affaires,1
"cali,",1
mousavi,1
"bethel,",1
"berjasteh”,",1
“sofal-e,1
yudith,1
flight.,1
nod,1
central-punjab,1
"bahauddin,",1
mandi,1
"gujrat,",1
"sialkot,",1
inconceivable,1
benefactors;,1
"5th,",1
municipio,1
federation’s,1
"ourselves,”",1
himalaya,1
khumbu,1
wake-up,1
complexities.,1
drawbacks.,1
metropolitana,1
supplementing,1
nucleus,1
"rhythm,",1
live-streaming,1
gangs,1
opportunistic,1
"insecurity,",1
"forces.""",1
riyadh-dammam,1
"radio,",1
cures,1
"smallpox,",1
dispensaries,1
medina.,1
meses,1
"makkah,",1
ajyad,1
unconcerned,1
river's,1
"sector,""",1
oil's,1
localizing,1
territories”,1
“western,1
6-2,1
6-0,1
joynt,1
"asia""",1
"""best",1
al-sadd,1
luggage-related,1
"(ber),",1
grievance,1
loan-to-total-loan,1
12.9,1
"6,858",1
"glaze,",1
embossed,1
mutate,1
"sharia,",1
"flawed""",1
sharif's,1
akram,1
al-ta'zim,1
computing:,1
helium's,1
post-hamas,1
overthrown,1
generation?,1
painters,1
reinvigorates,1
adjudication.,1
forwarded,1
"dynamism,",1
existed:,1
outset,1
"abadan,",1
al-dosari,1
karkheh,1
ahvaz,1
sudan—,1
—the,1
"relocation,",1
camboja,1
"mech,",1
dim,1
masterful,1
"craftsmanship,",1
"hyperrealism,",1
composition),1
simulate,1
advances,1
keshavarz,1
agronomist,1
spies.,1
"affiliates,",1
sector’s,1
(quilombos,1
quilombolas,1
balgha.,1
"al-dhahab,",1
mahd,1
"masra,",1
full-body,1
off-balance.,1
“cold”,1
ceremonies,1
(almost),1
depository,1
muhammarah,1
century’s,1
countryside.,1
gaza.',1
dermer,1
hebrew,1
spouse.,1
atthis,1
ferndale,1
"editor,",1
"rash,",1
"""illegally",1
abundant.,1
"that,""",1
overdrawn,1
"gamble,",1
footing.,1
campaigning.,1
"dealers,",1
mchenry,1
slack.,1
villerick,1
"antwerp,",1
"al-kayaryah,",1
aleppo's,1
"burkhard,",1
"29,493",1
own;,1
(africa),1
al-hazm,1
(edaa),1
"$3,730",1
"pounds,""",1
"""180,000",1
goldsmith's,1
sayyida,1
silverware,1
looking.,1
"height,",1
building's,1
nacional,1
asamblea,1
"psychiatrist,",1
"jorge,",1
"decision.""",1
stupid,1
absolute.,1
archil,1
"shutdown,""",1
"vaught,",1
global/local,1
"facilities.""",1
liptako-gourma.,1
400%,1
dirt,1
"3,186,271",1
challenger,1
"info""",1
"""mediapar""",1
satisfactory,1
"32%,",1
"stubbornness,",1
gunmen,1
much-hyped,1
"“this,",1
selflessness,1
colic,1
zeinab,1
automobiles,1
scraps,1
“brownie,1
“goodness”,1
bothsidesism,1
blues.,1
devils,1
"oshakmashvili,",1
tsaro,1
demonstrator,1
museliantsi,1
"porcelain,",1
glazed,1
papazian's,1
"squad,",1
steelmaker,1
"experiencing,",1
barn,1
"maine],",1
tl,1
11.550,1
8.031,1
395.6,1
358.9,1
"""seal",1
points”,1
diversification.”,1
"colonies,",1
"ahmar,",1
pets),1
lovers,1
zain.,1
1968.,1
lebanese-australian,1
"businessman,",1
amnesia,1
heartbreak,1
mend,1
own.”,1
“awakened,1
"sudanese,",1
1280°c.,1
high-fired,1
mattress,1
cotton,1
slept,1
tokens,1
36.7,1
schools',1
(copd).,1
pulmonary,1
pollution’s,1
researched,1
kavone,1
cultivation.,1
"vomiting,",1
dehydrated,1
"""monjaro""",1
"distraction,",1
"ceil,",1
"vinnikov,",1
administered,1
uptown,1
"asma,",1
"realm,",1
jolts,1
"footwear,",1
appendicitis,1
packages.,1
5gb,1
"""vast",1
puzzle.,1
response:,1
variability,1
"habiba,",1
adidas-branded,1
"yangon,",1
$1.1798,1
taba,1
five-year-old,1
"""train""",1
"collusion,",1
2×2-meter,1
"documents),",1
humiliated,1
struggles:,1
pleases,1
amaze,1
exhausted.,1
"english,”",1
"""ozimbic""",1
vakif,1
ulema,1
agha,1
judge),1
(islamic,1
qadi,1
limits;,1
munib,1
effendi,1
glođo,1
"punishment,",1
"worker,",1
riga,1
commander-in-chief,1
k.,1
barrack's,1
"heroes,",1
"angels,",1
"smoothness,",1
"kilograms,",1
"specifics,",1
greece's,1
uae’s,1
hour;,1
handicraft,1
"kerman,",1
2024/2025,1
1811.,1
"dangerous""",1
enrollees,1
"itself,”",1
community).,1
low-power,1
"""safe.""",1
batrawi,1
dimming,1
"sum?"",",1
"wondered,",1
ahuwan,1
hannatu,1
refrains,1
gv’s,1
rate-setting,1
0.7948,1
franc,1
isna's,1
596,1
gods,1
"massachusetts,",1
"danvers,",1
early.,1
anti-coup,1
coup”,1
“down,1
felony,1
"glođo,",1
french-coached,1
"ventures,",1
eco-village,1
ill-conceived,1
keyboards.,1
daughter:,1
bouna,1
drops.,1
impossible?”,1
austin.,1
"advanced,",1
planting.,1
accra,1
alisson,1
nketiah's,1
87th,1
kieza's,1
115.6%,1
qura,1
consecutively).,1
"backs,",1
uber's,1
"1,502",1
argument?,1
nobekuh,1
"egypt,""",1
"""bank",1
unconvinced,1
institutions',1
3%;,1
decline;,1
4%;,1
cherutich,1
candid,1
"bassi,",1
lower-priority,1
privatizing,1
"pages,",1
"""maze""",1
next?”,1
balla,1
beaches.,1
nevin,1
italy’s,1
giancarlo,1
avenue.,1
inglés,1
corte,1
hipercor,1
shutters,1
"downhill,",1
"""freedom",1
"1.8%,",1
"""khabar""",1
"crafting,",1
"dehbid,",1
"ahmad,*",1
tech-related,1
al-tarjuman.,1
live?,1
barre’s,1
massacred,1
banks:,1
1987,1
"coding,",1
12–17,1
tecnolochicas,1
anomaly;,1
hicks',1
liquid-cooling,1
air-based,1
"component,",1
salas,1
trump),1
(donald,1
co-workers,1
unrecognized,1
"""non-existing""",1
mao's,1
disqualified,1
chaos-filled,1
ambiguous,1
solidly,1
qatarian,1
ndrrma,1
"3,840",1
85-year-old,1
"mazraa,",1
"""existing""",1
"believe,",1
"""brake""",1
(jui-f),1
ulema-e-islam–fazl,1
precipice,1
"5,075",1
"goldsmiths""",1
"simeone,",1
ahom,1
al-obeid,1
“usage,1
al-genina,1
converge,1
"linux,",1
"pulver,",1
calamity,1
party),1
pt,1
"petals,",1
unconscious.,1
"bots,",1
"memberships,",1
brokers,1
max.,1
defect,1
ibadoglu,1
gubad,1
"politician,",1
volkswagen's,1
$290.7,1
litres,1
journeyed,1
6-7.,1
"arreridj,",1
"m'sila,",1
"djelfa,",1
"infant,",1
currents.,1
nijmegen.,1
city.”,1
masked,1
commodification,1
meme.,1
sexist,1
"racist,",1
"misogynistic,",1
unlimited.,1
"dost,",1
alkmaar,1
"rights.""",1
mardawi,1
"embaby,",1
101.5%,1
5.18,1
"largest,",1
gig,1
mobilising,1
flaunting,1
mps,1
"sidra,",1
diriyah,1
"nationalities,",1
revision,1
shimmer,1
seabed,1
"jagged,",1
pricks,1
belly,1
"scholar,",1
25–64,1
carriers.,1
sphinx,1
hurghada,1
cinematographic,1
silva's,1
"pipe,",1
"frankfurt,",1
"lisbon,",1
"wolfsburg,",1
approach;,1
self-correction,1
ia:,1
dual-voting,1
casino,1
landlocked,1
apron,1
baram.,1
defense's,1
"department""",1
"""ammunitions",1
drunken,1
“decent”,1
quincas's,1
ignites,1
khondab,1
natanz,1
"(arak),",1
"acknowledgment.""",1
orman,1
emergencies,1
brazilian-made,1
kidnappings,1
distinctly,1
slices,1
"fight,",1
characterizes,1
"experience""",1
"""charming",1
"brussels""",1
obeid.,1
splits,1
scale:,1
refusals,1
interviewees,1
flaw;,1
"pledge.""",1
"""silent",1
“feeling,1
"sunlight,",1
"nits),",1
"nits,",1
ham's,1
"name),",1
amadou,1
"residence.""",1
page:,1
hafez's,1
yes!,1
"bombarded,",1
214.55,1
2022.”,1
“china's,1
khareef),1
equally.,1
detests,1
people?,1
on-production,1
botas,1
"""bureaucrats",1
capital;,1
"authentic,",1
interview-based,1
reconfigures,1
ujung,1
substitution,1
"translatology,",1
linguist,1
"dourari,",1
abderrezak,1
context!,1
deal:,1
$30.28,1
shya'a,1
reengage,1
"kien,",1
"movie,",1
stays.,1
legalize,1
"extensions,",1
high-precision,1
professionals',1
saudi-trained,1
wheel’”,1
‘reinventing,1
“unnecessary,1
charlotte-douglas,1
export.,1
sinica,1
academia,1
"balance,""",1
ecosystem's,1
"""internet",1
eggs.,1
zeaxanthin,1
sincerity,1
"al-jarrah,",1
jarrah,1
14.4%.,1
$34.9,1
$39.9,1
parcel.,1
"shika,",1
128%,1
roar.,1
3-2.,1
brugge,1
cercle,1
anderlecht,1
kharj,1
berschkot,1
optimizes,1
coping.,1
414,1
teenagers.,1
"again,’",1
‘syrian,1
inescapable,1
boston.,1
fenway,1
sox,1
tigers,1
detroit,1
"shakoush,",1
pandang,1
"ideation,",1
"8,954",1
"1,730",1
storm-level,1
km),1
infrequent,1
inadequacies,1
sundown.,1
fasts,1
ftar,1
chant.,1
"(woman,",1
azadi”,1
"jiyan,",1
"“jin,",1
furnishing,1
"(vat),",1
(ba),1
much-anticipated,1
often-dysfunctional,1
701,1
"somewhat,",1
institutionally,1
horsepower,1
rear-wheel,1
from.”,1
zharkova,1
$132.29,1
"traded,",1
$950.36,1
nihal,1
15.52,1
"dapto,",1
km).,1
(185,1
inauthentic,1
sightings,1
1.36,1
megawatt-hour,1
czechoslovakia.,1
grid’s,1
"promote,",1
elevated.,1
nehammer,1
karl,1
aco.,1
"nickname,",1
pub,1
aleš,1
48-year-old,1
68.25,1
gravesite,1
substandard,1
"""loyalists",1
bury,1
lurs,1
"khuzestan,",1
"curtailment,",1
mutaribah,1
"likely,",1
israeli-gaza,1
remain:,1
skridstrup,1
"sønderborg,",1
"(west),",1
esbjerg,1
“artificial”,1
$7.7,1
qazvin,1
reassessment,1
"815,000",1
weaponization,1
vanishing;,1
others”,1
—thinking,1
"debuts,",1
mahrez,1
riyad,1
pogba,1
"l'herveur,",1
"evreux""",1
"""alm",1
strangeness,1
turtles,1
ragobeer,1
vishani,1
hamas’,1
city’,1
kolwezi,1
samire,1
534,1
skopje.,1
diseases’,1
vaccinating,1
bullion,1
entering.,1
"(north),",1
aalborg,1
29.1%.,1
“eastern,1
insignificant,1
inconvenience.,1
tsunoda,1
yuki,1
lawson,1
liam,1
bull's,1
"rookie,",1
"antonelli,",1
kimi,1
"harm,""",1
"tyranny,",1
"body,”",1
murderous,1
rains.,1
expand.,1
technology's,1
"sandisk,",1
"seagate,",1
"digital,",1
"micron,",1
"šiljić,",1
reap,1
"dresses,",1
koussa,1
"zoghbi,",1
nawal,1
(37),1
euro.,1
exclusion.,1
"markets,”",1
nasserism;,1
third-world,1
chehab,1
1969,1
"boustani,",1
lebanon;,1
"people""",1
nonsense,1
sex.,1
"children,""",1
"""inappropriate",1
"muscle,",1
"strays,",1
glitches,1
roquette,1
interrogations,1
unadopted,1
choice?,1
race-related,1
"post-war,",1
"seventh""",1
"""beyond",1
street-level,1
"coalitions,",1
jump.,1
"36,483",1
"48,848",1
"mulukukú,",1
cheese,1
tortillas,1
waning.,1
baath,1
requested.,1
emerge:,1
reactionary,1
storyteller.,1
arista,1
"passersby,",1
período.,1
milagro,1
vivió,1
mentira,1
vendió,1
pesar,1
"público,",1
gran,1
generó,1
signpost,1
"rajasa,",1
"bwalui,",1
higher.,1
"romani,",1
romani.”,1
complexion,1
"al-jarbawi,",1
$187,1
virus.,1
entertained,1
resounded,1
guardias,1
info.,1
anti-terrorism,1
preparing.,1
leaves—the,1
louise,1
"calf,",1
imposition—is,1
parties—whether,1
hegemony,1
tons;,1
"chiatura,",1
jorgensen,1
yves,1
peace-making,1
incentivised,1
"kolkata,",1
kushner's,1
arson,1
recently?,1
assertions.,1
splashes,1
$186,1
unhealthy.,1
"151-200,",1
"0-50,",1
"awards""",1
"""darrah",1
writers',1
"king,""",1
"""heaven.""",1
"strangers,",1
blackheart,1
duppies,1
"lou),",1
(miss,1
bennett-coverley,1
knows?,1
stroll,1
backpacks.,1
"""al-arabiya/al-hadath""",1
radwan,1
"zakaria,",1
85%,1
"recoveries,",1
"write-offs,",1
drug-related,1
immortalised,1
"guns.""",1
"""bombs",1
truman,1
then-us,1
"1945,",1
destroyer,1
wailer,1
bunny,1
"""boarding",1
"sama,",1
"certificates.""",1
inconvenience,1
disappearance.,1
863,1
"penal,",1
dumpsite.,1
leachate,1
pantanal.,1
annalena,1
"monarch,""",1
"consideration,",1
"moisture,",1
ventilation,1
preferably,1
"bathroom,",1
"deterioration,",1
meteoric,1
pragmatism.,1
"humid,",1
bathrooms,1
"shower.""",1
suggests:,1
sang.,1
fares,1
"fun,""",1
beirutian:,1
cargo.,1
youth-focused,1
khadija,1
"brigade,",1
jean-marie,1
karamoko,1
"spaces,”",1
pedestrian-only,1
ouidah.,1
widely-spoken,1
(fon),1
fongbe,1
testified,1
mid-seventies!,1
council’s,1
"baerbock,",1
addict,1
rouhana,1
sedition,1
incursion,1
trickling,1
"peak,",1
"1.43%,",1
anxiety-ridden,1
pulverized,1
"hyperinflation,",1
"skill,",1
"deliberate,",1
war;,1
nationally.,1
surveys.,1
113,1
orabi.,1
"smoke.""",1
imply?,1
capabilities...,1
menteashvili,1
zurab,1
"academically,”",1
portuguese-speaking,1
"film.""",1
4.7%.,1
(2025–2031).,1
"(cne),",1
lesser,1
small-sized,1
"unpredictably,",1
motors.,1
sang,1
"""bint",1
"yousry,",1
marwa,1
quinindé.,1
covertly.,1
brasilia,1
kendoka’s,1
"(気合),",1
“kiai”,1
obstructed.,1
"worst,",1
organizes,1
beldy,1
ecovybz,1
sustainability-focused,1
one-size-fits-all,1
train.,1
"pestova,",1
anastasia,1
suspensions,1
signé,1
ont,1
autorités,1
période,1
depuis,1
mais,1
felca’s,1
"paraíba,",1
him:,1
horrified,1
reagan,1
"mubarak,""",1
‘support,1
google’s,1
"minimum,",1
houthi-controlled,1
"ahronoth"",",1
msci's,1
msci.,1
2018-2019,1
"reclassification,",1
biafran,1
vrille.,1
cups).,1
"hydration,",1
"chinois,",1
consignments,1
invent,1
tout,1
"civilian,",1
(mossad),1
mbomo's,1
"blocked,",1
"tonsupa,",1
"camarones,",1
"palmas,",1
principled,1
poudiougo,1
tiguem,1
"navigate,""",1
"strongly,",1
"prizes,",1
path.”,1
"learning,’”",1
unprecedented.,1
"""meta.ai""",1
"ai""",1
"""vibes""",1
"warthogs,",1
"gorillas,",1
again?,1
glasgow.,1
6.7%,1
3.2,1
discontinuing,1
honed,1
"adversity,",1
"defection,",1
uprising.,1
parti,1
"304,",1
"dense,",1
militants.,1
mediapar's,1
"concessions""",1
account.”,1
johannesburg,1
inspires,1
orbán,1
purer,1
"shift?""",1
ta'zim,1
tunku,1
cotonou.,1
"atamao,",1
lanzi,1
interfaces.,1
"98%,",1
58%,1
"5,020",1
weekend's,1
"505,000",1
"(1950–1953),",1
"1952,",1
“held,1
"investigated,”",1
impartially,1
“be,1
“weaponization,1
"soleimani,",1
"teenagers),",1
rocafunda.,1
"""easiest",1
superpowers.,1
alamgir,1
water.”,1
stuff.,1
darting,1
"bustle,",1
messaging.,1
vector,1
histories,1
rsf’s,1
companionship,1
"intimacy,",1
darul,1
parks.,1
"uprooted,",1
indian:,1
quintessentially,1
long-run,1
"robinson,",1
"3,727",1
scraped,1
al-fawqa.,1
houmin,1
geopolitics,1
technology;,1
direction.,1
"cornu,",1
"preferences,",1
fine-tuning,1
"407,000",1
"option""",1
"60,",1
fakhrul-islam,1
mirza,1
embarrassment.,1
"mistress,",1
mansion,1
under-21,1
"""self-sufficiency""",1
(ptr),1
pupil-to-teacher,1
hydrometeorological,1
wild-style,1
"fictions,",1
"thirdly,",1
statehood;,1
issues;,1
maglio,1
ais.,1
"intent,",1
authorities?,1
"remorseful,",1
"persecuted,",1
enough;,1
"rohingya,",1
reused,1
axis.,1
leaders:,1
angles,1
harnessed,1
tadmor,1
faso),1
states),1
28.6%,1
221,1
49.9%,1
386,1
"carrasco,",1
39.81,1
softness,1
finland’s,1
fringes,1
"priests,",1
“forgiveness”,1
"clearer,",1
deals;,1
coma,1
reporting?,1
"sign,",1
dojos,1
spying,1
drawings.,1
"“drool,”",1
kazakhstan?,1
solve.,1
televisions.,1
al-hadary,1
"chemistry,",1
"""judicial",1
sociality,1
alienation,1
“loneliness”,1
luanda,1
au–eu,1
alma,1
non-israeli,1
"intricacy,",1
"jokinen,",1
debt-to-income,1
"ten,""",1
"""amazing",1
"propaganda""",1
factset,1
"4.3%,",1
"43,000",1
calendar's,1
astrophysics.,1
"mukhtars,""",1
"biology,",1
manners,1
leite,1
mabany,1
attackers',1
keystroke,1
farmland’s,1
rightly,1
injections,1
three-classroom,1
secluded,1
"sun,""",1
improbable.,1
"deaths.""",1
"""again,",1
"slept,",1
safety-by-design,1
"again,”",1
overshadows,1
"janeiro,",1
madonna's,1
there!,1
formalized,1
schools),1
"(道場,",1
hopeful.,1
rivera,1
investment's,1
covenant,1
sociopolitical,1
glimmer,1
after-school,1
"punds,",1
"science),",1
(computer,1
congregating,1
natioranomena,1
narda,1
northey,1
"ongoing.""",1
cements.,1
saurya,1
face.”,1
help;,1
"gothenburg,",1
repositories:,1
"to?""",1
questioning:,1
"prix,",1
mass-psychosis.,1
lópez's,1
$380.1,1
$438.7,1
cayman,1
‘‘i,1
long-overdue,1
"stack,",1
"agitation,",1
benefitted,1
"bay,",1
"spring,",1
"""peace.""",1
al-jazira,1
playgrounds,1
"pots,",1
clumpy,1
al-waslati,1
coconut,1
shari,1
water-based,1
"formulations,",1
durability.,1
"creams,",1
"patches,",1
contour,1
mandatory.,1
"""onerous""",1
"jefferies,",1
"parker,",1
u-turn,1
forest's,1
"nono,",1
mongolia’s,1
(sadafco),1
refrigerating,1
favorable.,1
"kaylan,",1
"axios,",1
marrakesh.,1
"casablanca,",1
bowl.,1
"5,050",1
guaranteed.,1
tacitus,1
case:,1
"digitalization,",1
"eswatini,",1
refrigerator;,1
cold-pressed,1
“revolutionary,1
trailed,1
"minaur,",1
ostracized,1
“meta,1
7amleh,1
"doable,",1
innocence.,1
unsuccessfully.,1
"loudspeakers,",1
sit-ins,1
"threats.""",1
"lie,",1
grossi.,1
"explicit,",1
255.94,1
"exploitative,",1
"assassinations,",1
"verdad,",1
madres,1
comité,1
pausing,1
(mls),1
stocks!,1
nominating,1
"terror""",1
promises.,1
awadhi,1
"significance,""",1
"""britain’s",1
evaluated,1
nine-year-old,1
elicit?,1
gaza.”,1
ritual/religious,1
tutorials.,1
dormant,1
cantonese,1
ćevapi.,1
"cabbage),",1
(stuffed,1
"bell,",1
veal,1
"soup),",1
chicken,1
(traditional,1
čorba,1
begova,1
photography.,1
"""majestic",1
"draft,",1
"compensation.""",1
"""normalization",1
"isis,""",1
"""exports",1
looks.,1
metaphors,1
idris.,1
"tayara,",1
"bashar,",1
karis,1
"land""",1
contact.,1
thepager,1
kulthoum,1
"refugee,",1
$700,1
prize's,1
apologizes.,1
impoverished,1
clothesline,1
"dortmund,",1
"angers,",1
rennes',1
boom.,1
first-quarter,1
"makiya,",1
off-plan,1
"""reaper""",1
"""predator""",1
57.9%,1
eurostat,1
broker,1
"calculations,",1
sadovinici,1
flow?,1
conservatively,1
skimp,1
abysmally,1
roncero,1
al-kamel,1
businesswoman,1
entrepreneurship.,1
ovens,1
"manet,",1
culture).,1
directs,1
"starts,",1
"begin,”",1
puppet,1
texas.,1
tweets:,1
"thought,""",1
takfiri,1
"(mangal),",1
ratings.,1
mashhour's,1
sameer,1
(support),1
isnad,1
57.7%,1
27.8%.,1
(peškuni),1
stools,1
"mattresses,",1
sofra,1
instilling,1
acutely,1
betwee,1
$6.5,1
ease.,1
“forceful”,1
stride,1
dependency.,1
stagnation:,1
steel.,1
"evil,""",1
baking,1
"statehood,",1
(11.,1
simeoni's,1
overconfidence,1
"mergers,",1
mullet,1
"creature,",1
fluid-induced,1
"moreland,",1
elinor,1
dodged,1
greenland,1
"brief,",1
cevdet,1
importers.,1
"2,305",1
44-year-old,1
"accenture,",1
"palmer,",1
cole,1
"maresca,",1
enzo,1
chelsea's,1
ia,1
"take,",1
iranian-kurdish,1
"1.6%,",1
"$1.13,",1
11:54,1
fleets.,1
radars,1
afterlife...,1
diallo,1
shikhi,1
samad,1
samadov's,1
7.2–10.8).,1
egyptian–sudanese,1
"leave?""",1
playfully:,1
"arrived,""",1
first-class,1
longest-,1
use:,1
"needed,",1
"(cpj),",1
"crispin,",1
shawn,1
27-nation,1
maros,1
hartarto,1
airlangga,1
tribunals,1
hadath.net.,1
(non-syrians),1
predictable,1
"well-defined,",1
raids;,1
hdi,1
yougov,1
k-dramas,1
"itineraries,",1
"bulldog,",1
manguele,1
paperwork.,1
"traitors,",1
bolsters,1
ross,1
presumption,1
"infiltrations,",1
deficiencies,1
berated,1
grossman,1
nyu,1
pediatrics,1
"trasandi,",1
teardown,1
published.,1
engrist,1
"2,000–3,000",1
plains.,1
"recyclable,",1
defaults,1
shoppers,1
"[pseudonym],",1
héritier,1
90.,1
(85.9,1
(80.3,1
(89.3,1
dtap/ipv,1
revaccination,1
launder,1
logic:,1
well-oiled,1
"six,",1
"sellouts,",1
"ex-husband,",1
al-youm',1
'al-masry,1
imperialist,1
gaza;,1
"tale,",1
grief.,1
orsted,1
feminism?,1
representations.”,1
"experience,""",1
unforgettable,1
"crahan,",1
innovations.,1
rutshuru,1
alphabet.,1
kurmanji,1
"wikipedias,",1
seaside,1
"mataro,",1
"rocafunda,",1
"guests,",1
bezerra,1
"suggest,",1
daryani,1
solmaz,1
onions,1
bathing,1
"wearing,",1
"gorman,",1
10.7,1
liberty,1
unshakable,1
11.1,1
"crowther,",1
line).,1
gaber,1
"left-back),",1
bentaek,1
kayed,1
"team),",1
"player),",1
"midfielder),",1
al-dabbagh,1
countermeasures.,1
ruined,1
"unpredictable,",1
"cyprus,",1
"bryant,",1
pascal,1
surged.,1
discover.,1
legible,1
syria.”,1
populations:,1
"inheritance,",1
"applied,",1
inconsistently,1
"tank,",1
edam,1
istanbul-based,1
"ülgen,",1
sinan,1
apply;,1
people-to,1
matsukubo,1
misconception.,1
il-chung,1
jeon,1
il-sun,1
choi,1
"al-homsani,",1
"spokesman,",1
mackensen,1
3).,1
cappuccino,1
meal.,1
bezerra's,1
"re-run,",1
"860,000",1
school.’,1
french:,1
‘sick,1
incomes,1
grander,1
recollection,1
"sanchez,",1
"indicated,",1
draws).,1
bear;,1
teddy,1
you;”,1
"useless,",1
stories:,1
startling,1
encroachment.,1
expressed.,1
feature:,1
"secret,",1
blossoms,1
"henry,",1
thierry,1
boot,1
"unrecorded,",1
vacuums,1
"difference.""",1
"nazih,",1
magdy,1
"44,000",1
ecuador’s,1
"13,700",1
prank.,1
nalchik,1
kabardino-balkaria],1
expression?,1
paradigm,1
dominance:,1
"reference,""",1
"""resistance",1
"d'or.""",1
"carragher,",1
overlap,1
premiums,1
dance.,1
"laugh,",1
manaka,1
amnokgang,1
me”,1
“looking,1
"admitted,",1
stewart,1
tear-jerking,1
volts),1
"iom,",1
9.4%.,1
galvanizing,1
"ferdowsi,",1
shahnameh,1
"come,”‘",1
"‘astonished,",1
5x,1
"dad,",1
balao,1
"cupboard,",1
pitch.,1
(+/-,1
(dc),1
(ac),1
celebrated.,1
[chuvash],1
dad,1
"dollars),",1
"1,1",1
1904,1
herero,1
well-maintained,1
"waned,",1
goalscorer,1
cloaked,1
"dentists,",1
44.2,1
"gonzález,",1
"hidankyo,",1
nihon,1
grok,1
"priority.""",1
"""education",1
dilation,1
arginine,1
"citrulline,",1
russo-japanese,1
"comprehend,",1
son-in-law,1
antwerp.,1
"doncker,",1
saeed?,1
atletico's,1
guideline,1
non-traditional,1
"legislation,”",1
“contains,1
accident”,1
satellites,1
"leon,",1
nketiah,1
handball,1
chiesa,1
subjectively,1
0300,1
"disabilities,",1
unequal:,1
5.7-magnitude,1
"222,000",1
"psg,",1
definition.,1
medicalized,1
"transgender,",1
conducting”,1
"“presenting,",1
buhari,1
stormy,1
meteorologists,1
"""rajasa""",1
government-imposed,1
fats.,1
pre-packaged,1
1904.,1
balish,1
reviews.,1
yes,1
justifications...,1
reform:,1
"liquidated,",1
gubadiya,1
reoriented,1
wherein,1
officers.,1
publicly.,1
traversal,1
drc’s,1
idlib,1
al-shuraa,1
"beneficial,",1
"shuhada,",1
nutritious.,1
batha,1
"maqam,",1
"asila,",1
"badr,",1
"hamra,",1
"rusayfa,",1
"khalidiya,",1
tele,1
kosh,1
chak-chak,1
baursak,1
uchpuchmak,1
omega-6-rich,1
state-wide,1
"olaizola,",1
"lightweight,",1
"delicate,",1
"scholarships,",1
"momentarily,’",1
"‘alexandria,",1
“justice,1
ivf,1
wards,1
maternity,1
(@gazanotice),1
pic.twitter.com/qm0b3jksdi,1
jarhum,1
"al-hatim,",1
"al-diyafa,",1
"al-zaher,",1
al-harouniya,1
"nuzha,",1
"quraysh,",1
prothom,1
scanner,1
break-even,1
"""asian""",1
"rico,",1
latinos,1
sugarcoat,1
"justified,",1
bidder,1
peremech,1
elesh,1
"reparations,”",1
anthropologist,1
"origins,",1
$3.746,1
$4.187,1
"11.77%,",1
musically.,1
brazilian.,1
game-based,1
coingecko.,1
feminism;,1
awe-inspiring,1
direction;,1
traditionalists.,1
minister’s,1
al-sudani’s,1
hodeidah.,1
al-munira,1
"tallies,",1
oil-dependent,1
"tameemi,",1
"hajer,",1
"al-ittifaq,",1
"ohod,",1
diarra,1
translations.,1
el‑fattah,1
high‑profile,1
180-degree,1
"breakfast,",1
justifications.,1
prisons—and,1
"massacres,",1
intertwine—police,1
late-stage,1
“whatsapp,1
sailed,1
madleen,1
50-point,1
rasoul,1
auspicious,1
majesty's,1
asphalt;,1
succession.,1
garcia.,1
33rd,1
reina,1
"inspections,""",1
268,1
alo,1
wheat.,1
total).,1
(22.1,1
"additions,",1
unfurnished,1
"reaffirmed,",1
"sanogo,",1
djeneba,1
neighborhood’s,1
"nonbinary,",1
irreligious,1
60.2%,1
continents,1
horizontal,1
baseline!),1
(normally,1
goknur,1
"4,619",1
"ranch,",1
carandayty,1
schooling.,1
deflation,1
mired,1
plants’,1
"india,”",1
generous.,1
macro,1
telephoto,1
triple-camera,1
50-megapixel,1
"laughter,",1
scarred,1
right.”,1
al-shaqaya,1
seize.,1
dream.,1
guidance;,1
peace;,1
video's,1
responds,1
"rebounded,",1
"story.""",1
"sin!""",1
sin;,1
multiply,1
prehistoric,1
hacettepe,1
"karahan,",1
hannah,1
it].,1
[to,1
unequally,1
"museums,",1
"corn,",1
unresolvable,1
symbolise,1
16-27,1
"1,748",1
mercator,1
"online""",1
"gaza,""",1
"""supporting",1
"smiles,",1
monolithic,1
"1829,",1
"buried,",1
"mangrove,",1
stalin:,1
gharanas,1
hijra,1
"abduction,",1
fixed-price,1
complies.,1
anti-ban,1
zoey,1
genetically,1
emotion;,1
unjustifiable.,1
"clip,",1
equities,1
varieties.,1
"22,860)",1
"scratches,",1
0.09,1
non-violence,1
u.s.-japan,1
meti,1
garners,1
solidarities:,1
solemnize,1
ecowas,1
kinship-based,1
campesina,1
1862,1
"tampico,",1
reconquer,1
pressurize,1
"economy,""",1
"away,""",1
ssion,1
expre,1
"ramifications,",1
"cnn,",1
asia).,1
new),1
(existing,1
boyle,1
todd,1
seduce,1
credo,1
technocrats,1
"114,320).",1
"57,160)",1
walmart,1
(meti).,1
nostalgia,1
evoking,1
1962.,1
"allah,""",1
cleaned,1
pays”,1
“polluter,1
al-sayyid,1
abdel-wahhab,1
"listed,",1
(38,1
•lucas,1
"industry.""",1
"drones""",1
permeated,1
fanatical,1
rodriguez's,1
"amoroso,",1
gilmartin,1
"""swarms",1
consensus.,1
v.,1
nalsa,1
sr.'s,1
"40,480",1
"3,374",1
"4,337",1
"5,783",1
mita,1
"hosts,",1
marquinhos,1
government-aligned,1
"peacebuilding,",1
"""between",1
lachin,1
layoff,1
"14,500",1
"slowdown,",1
"mid-1950s,",1
hill.,1
sapling,1
"trees,”",1
materially,1
ons,1
electi,1
102%,1
barometer,1
ekonomist,1
mosaic-like,1
exponential,1
swarm,1
portland.,1
fixed-term,1
fast.,1
peak.,1
collision.,1
evaporates,1
collides,1
"decreases,",1
desperation.,1
disclosures.,1
accompany,1
superheroes,1
"spider-man,",1
"hero,",1
"karabakh,",1
chandpai,1
"nations,”",1
nikon,1
"signifies.""",1
anxious;,1
"""people",1
infrequent.,1
"(mhp),",1
scene!,1
extrajudicially,1
"""future",1
"6%.""",1
new-generation,1
1470,1
(sohr),1
advertises,1
"cabello,",1
"possibilities,",1
jihad”,1
friendliness.,1
coach;,1
al-mesbar,1
ruwaiha,1
"senegal""",1
ambitions:,1
"beneath,",1
ignite,1
characteristic,1
waiting.,1
amurbunia,1
"accountability.""",1
hafer,1
tinah,1
"defense""",1
"identification,",1
"reconnaissance,",1
al-soura’s,1
scarce.,1
celebrations;,1
"prefecture,",1
aichi,1
"gut,",1
patch.,1
“operation,1
hamar,1
"deliberation,",1
baton,1
"turmoil""",1
"""regime",1
asleep.,1
"humanitarian,",1
nahud,1
worldview.,1
jewel’s,1
"dangerous,”",1
"1,829",1
"uncle,",1
defensively,1
"""atlantic",1
rite,1
menarche,1
awareness:,1
micro-memories,1
"tampon,",1
minimising,1
maharjan:,1
almonitor.,1
"kurum,",1
murat,1
(akp)’s,1
denunciation.,1
house-to-house,1
state-led,1
comes.,1
knock”,1
mensch,1
pen.,1
stroke,1
cryptic,1
grove,1
mice.,1
elliptical,1
lawsuit.,1
hinterdobbler's,1
technocrat,1
invader.,1
cereals,1
"aggressiveness,",1
inzaghi's,1
zombie,1
passage.,1
ezgi,1
buckets,1
rapidly;,1
entrepreneurs.,1
#عقيلة_صالح,1
ورئيسه,1
"achieve,”",1
dream;,1
تُطالب,1
وتظاهرات,1
تجمّعات,1
cripple,1
nexus,1
sideways,1
work;,1
“like”,1
40-year-old,1
"rainey,",1
advance.,1
lowest-ranked,1
single-elimination,1
loans.,1
"tadawul,""",1
"accordingly,”",1
authenticated,1
"tests,",1
talon,1
patrice,1
"nutrients,",1
atkins,1
"100,000-pound",1
"akin,",1
ليلاً،,1
الغيثي،,1
المنعم,1
عبد,1
البلدية,1
عميد,1
منزل,1
الليبية,1
#درنة,1
nabin,1
"""telephone""",1
أهالي,1
وأحرق,1
اقتحم,1
shooting.,1
truck.,1
314,1
293.7,1
"queues,",1
recover.,1
rationing—a,1
migrants',1
libyans,1
northeast.,1
"orphaned,",1
flow.,1
139,1
partners”,1
dumpster.,1
visibility.,1
شهد,1
نهارٍ,1
والفيضان,1
«دانيال»,1
الإعصار,1
أسبوعٍ,1
chile.,1
uncertain.”,1
البرلمان,1
بإسقاط,1
d'état.,1
non-existent.,1
potential;,1
byd.,1
"syrup,",1
hand-shaken,1
"teashop,",1
2.02,1
"hammad,",1
conflict-affected,1
"remote,",1
mobile-based,1
inexperience,1
"disappear,",1
today—america,1
بلدة,1
engineer.,1
counter),1
(often,1
antikvariát,1
"bookstores,",1
“countercultural.”,1
reconciling,1
تلاه،,1
"samalut,",1
unreliable,1
"slowest,",1
3.75%,1
adaptive,1
sociologists,1
sweden's,1
"11,380",1
"usefulness,",1
recommender,1
3.493,1
"resign,",1
"democracies,",1
secularism.,1
azm,1
derna.,1
cannot.,1
usd).,1
(544,1
"9,618",1
(644,1
"""egypt",1
egyptians.,1
unintelligible,1
o'hare,1
denver,1
"schemes,",1
"regulator,",1
"appropriateness,",1
68.1,1
77.5,1
"retailers,",1
measured.,1
"hatred,",1
"vinegar,",1
chenab,1
conductivity,1
"type""",1
fissile,1
"bitterly,",1
"contrast.""",1
1945...,1
rebuke,1
appropriate.,1
"gateway""",1
elected.,1
"al-raqeeb,",1
excerpt,1
"maryam,",1
"youru,",1
"""unacceptable""",1
tensely,1
chirping,1
ruffle,1
nary,1
storm-force,1
"height.""",1
çınargik,1
winter.,1
eaten,1
repeatable,1
toxicity.,1
nagar,1
zad,1
"1,388",1
"86,393",1
"brokered,",1
non-reproducible.,1
unfpa,1
scandalous,1
“among,1
pupils,1
“milestone”,1
khosanov,1
abdulkader,1
unmoved.,1
slovakia.,1
2nd.,1
"(eug),",1
restrained,1
ascended,1
outshining,1
mohamed.,1
"pierre,",1
collection.,1
peshekishi,1
system’s,1
(2019-2022).,1
themar,1
“vulgar”,1
same-sex,1
"dates,",1
chiniot,1
"tenders,",1
"kentucky,",1
"louisville,",1
penalizing,1
"microchipping,",1
earthquake.”,1
"asiri,",1
"translator,",1
1980s?,1
"college""",1
"""dusit",1
"$60,000",1
$165.5,1
$2.76.,1
9.1%,1
ripple's,1
weather.,1
"31.9%,",1
aizouqi,1
novruz.,1
qogal,1
shekerbura,1
pakhlava,1
steeping,1
dop,1
executes,1
shares”,1
“golden,1
227.91,1
"145.32%,",1
charts.,1
rodriguez,1
fati,1
photorealism,1
sterilizing,1
"24"",",1
"""flight",1
"irrelevant,",1
egyptian-made,1
dual-use,1
189,1
necessity.,1
luxury;,1
sana'a,1
"al-hamawi,",1
igfs,1
hyojeong,1
"mhyochi,",1
youtuber,1
"settings,”",1
“might,1
"stagnation,",1
(md),1
partridge,1
scent,1
92.9,1
ethnonationalist,1
revanchist,1
"""only",1
al-mesiri's,1
thirteenth,1
"security"".",1
"""unplanned",1
(monday),1
0400,1
zissow,1
lublin,1
huseynova,1
sevin,1
gamaghelyan,1
philip,1
148.22,1
defenceless,1
"unintentionally,",1
soldier's,1
greek-bulgarian,1
proportions.,1
combustion,1
brazil:,1
"promising,",1
far-reaching.,1
rogue,1
"exist.""",1
"regardless,",1
regionally.,1
definitively,1
thorn.,1
discourse.”,1
ask:,1
"recruiting,",1
amazon;,1
"facebook),",1
"four,""",1
"""fantastic",1
sympathizers,1
"""pager""",1
barrages,1
wronged,1
semifinal,1
jalal,1
behaves,1
samadov.,1
"das,",1
bikash,1
non-stop,1
betrayal.,1
"flawlessly,",1
sheka,1
sheka.,1
"predicament,",1
"blackrock,",1
"eight.""",1
"leyen,",1
"six""",1
kien.,1
equations,1
"yermak,",1
flagged,1
repudiates,1
woodlands’,1
“palestinization”,1
users—considering,1
overhaul;,1
undeniably,1
ewe–ewe,1
brew.,1
brooksby,1
jenson,1
"remotely,",1
sikder,1
uddin,1
in-kind,1
firewood,1
stews,1
tea—perhaps,1
brand-or-patented,1
evans,1
"evans,",1
flourishing.,1
olzen,1
begun.,1
bookstores,1
"""elite",1
"broadcom,",1
one-sided,1
yeol,1
helwan,1
al-hujaili,1
dakher,1
ri'a,1
al-rawda,1
upcycling,1
al-adl,1
aziziyah,1
sanabel,1
al-jami'a,1
al-murasalat,1
al-rawabi,1
bay'ah,1
muhammadiyah,1
al-taqwa,1
al-masfalah,1
"al-mukarramah,",1
"fencing,",1
heinous.,1
"btu,",1
"(btus),",1
nitrogen-based,1
“mr.,1
meme,1
strip?,1
“hornets”,1
moussa’s,1
"palette,",1
chromatic,1
radiant,1
"surfaces,",1
jamoum,1
"asfan,",1
statewide,1
al-ma'bada,1
al-khansa',1
subjectivity,1
textural,1
"myth,",1
weave,1
likewise,1
talbot,1
kahraman,1
hayv,1
phalle,1
fsb,1
"(fsb),",1
self-organization,1
kendo's,1
gürlek,1
akın,1
start.”,1
"poem,",1
swiping.,1
tabs,1
niki,1
"echo,",1
"syrian,",1
"actor,",1
"""feasible""",1
al-samoudi’s,1
ummayyad,1
"7,500mah",1
2.9-inch,1
6.9-inch,1
jonathan,1
massacres.,1
salvador),1
(el,1
mozote,1
(mexico),1
ayotzinapa/iguala,1
eaaf,1
write.,1
outlet:,1
(말벌),1
"cyberservices,",1
"managing,",1
extensively.,1
harmoniously,1
racks,1
“friends,1
"turki,",1
"providing,",1
"""haseen"",",1
hastening,1
22-year,1
pundits,1
"them),",1
demoralized,1
4.00%,1
colombo,1
"affair,",1
interior.,1
excellently,1
blankets,1
"therapist,",1
‘science,1
gaming.,1
"organizer,",1
dumbuya,1
mariama,1
"london,""",1
"objections,",1
"speed,”",1
bridging,1
intimidating,1
mosimane,1
2–0,1
ahly’s,1
"anis,",1
disagreements.,1
korea”,1
ceylon,1
finickiest,1
"""pariah",1
"hand""",1
"cluster,",1
"equipment""",1
"6,300",1
"5,745",1
alps,1
393,1
post-production,1
grasses,1
irregularity,1
precautionary,1
"uno,",1
"normally,",1
"""arada",1
"forgery,",1
"enlightenment.""",1
incubators,1
"unconsciously,",1
"engaging,",1
salha,1
"volunteer,",1
"scientist,",1
"terentyeva,",1
oleksandra,1
"here,”",1
"bashombe,",1
eugène,1
skipped,1
magically,1
growers,1
"adventure,",1
"impoverished,",1
notebook.,1
(tsmc),1
"quantico,",1
opec.,1
photo.,1
culture’,1
‘clean,1
huck,1
diasporans?,1
now’s,1
diario,1
rights.’,1
condense,1
"minimal,",1
"apeti,",1
notions.,1
"1,055",1
turkish-iranian,1
"diversification,",1
tragedy.,1
"windows,",1
polymers.,1
unravelling,1
"celebrate,",1
"recognise,",1
pessimism;,1
50.92,1
discreetly,1
issues:,1
nasser.,1
vain,1
indispensable.,1
40.24,1
"""syria",1
"intensifies,",1
"“reductions,”",1
interest-aligned,1
non-intrusive,1
"pt),",1
"l'equipe,",1
summary.,1
tonnage,1
"non-creativity,",1
mission”,1
“semiconductor,1
"tachycardia,",1
detention:,1
"cybercrime,",1
"require,",1
jina,1
”.,1
prc,1
vestiges,1
sarajevo’s,1
"272,000",1
"quota,",1
"predictions,",1
feared.,1
"mediterranean,",1
relieved.,1
"hell.""",1
"secularism,""",1
"""pope",1
shredding,1
products',1
incur.,1
passport.,1
"walls,’",1
‘summer,1
44.9,1
"6.8%,",1
17.37,1
"(2016-2020),",1
13-year,1
($1.56,1
11.09,1
“of,1
1833,1
"“lately,",1
institutionalized,1
sadistic,1
marches.,1
insistence.,1
"bleeding,",1
"""flood""",1
mutters.,1
proxies.,1
scientists.,1
"interpretations,",1
decision:,1
"disinformation,",1
word-of-mouth,1
cho,1
"""soul""",1
"varieties,",1
"plundering,",1
"destroyers,",1
858.37,1
"consensus""",1
"""embrace",1
"rabbi,”",1
consults,1
‘‘a,1
ny,1
sll,1
indian-owned,1
earth.”,1
gilad,1
"i24news,",1
literal,1
late.,1
masochistic,1
co-sign,1
reintegrate,1
"employers,",1
consensuses,1
12:00,1
hometown.,1
intervening,1
"revelation,",1
sand.,1
complacency,1
attendant,1
(cfs).,1
counterpart—money!,1
525,1
tahir's,1
€270,1
al-bilal,1
trauma-informed,1
"""appoint",1
order!,1
planned.,1
"hawaii,",1
"hackers,",1
hacking.,1
"replaced,",1
"minneapolis,",1
"soul,""",1
"""equal",1
rios,1
"group,""",1
"""adnec",1
"holding""",1
"""modon",1
17.45%,1
"manipulations,",1
"illusions,",1
stamp.,1
nafie,1
"fathallah,",1
muwafaq,1
2011?,1
sequencing,1
(ppe),1
sll’s,1
cdc),1
ed,1
generators,1
07:11,1
555.8,1
"airstrike,",1
12-month,1
(mwh),1
megawatt-hours,1
simmer,1
"clauses,",1
billingham's,1
billingham,1
loomed,1
weakness.,1
83%.,1
"group""",1
systems;,1
"centers"",",1
"""sinomi",1
$65.20,1
gmt.,1
04:54,1
$69.55,1
boehler.,1
bystanders,1
"law,”",1
"ensured,",1
twenty-five.,1
belsat,1
radosław,1
unsplash,1
hinchliffe,1
“ai”,1
"13.7%,",1
banks),1
"in.""",1
unique.,1
"stocks.""",1
khoury,1
disasters?,1
2231.,1
foundation...,1
searches.,1
"dashna,",1
diyab,1
"al-naqr,",1
"swiftly,",1
"""as,""",1
mouloud,1
honey.,1
freshness.,1
cup's,1
nutmeg,1
"pods,",1
sprinkling,1
programmers;,1
"model),",1
stainless,1
metastasis,1
3.8,1
"comparatively,",1
reflects.,1
responsibly,1
erratic.,1
grated,1
"repeatedly,",1
"clause,",1
ottawa,1
cauca,1
"escoba,",1
"jun-seok,",1
(37.2,1
ai-enhanced,1
mercedes.,1
bonmatti,1
donnarumma,1
boeing.,1
novels.,1
"bejaia,",1
mammeri,1
7.9%,1
"qualities.""",1
"role,""",1
"center-back,",1
"casemiro,",1
(etf).,1
nutmeg.,1
bake,1
savor,1
-11.7%.,1
5.8%.,1
egypt-somalia,1
handwriting,1
food;,1
"belhassan,",1
stick,1
"perish.""",1
"""free",1
wrote:,1
re-posted,1
e-signature,1
cybersecurity:,1
"karagözoğlu,",1
(btk),1
"özçağdaş,",1
suat,1
committees.,1
belbeis,1
"al-ala,",1
b787,1
that?,1
pilar,1
"fati,",1
spilled.,1
"dunite,",1
camp's,1
ma'rib,1
spearheading,1
screaming,1
reviewer,1
auto-rickshaw,1
"database,",1
spat,1
silla,1
"immersion,",1
(afc),1
resemblance,1
"dug,",1
"greenalite,",1
processes),1
(co₂),1
"reckless,",1
"luck,",1
serbs,1
serbia.,1
4.1467%,1
quit,1
"xinyu,",1
zhang,1
gary,1
chi-yuen,1
tik,1
adnan,1
vacation.,1
"atherosclerosis,",1
polyphenols,1
crater's,1
guessing,1
eu-china,1
"""west-2025.""",1
russian-belarusian,1
worthless!,1
merchants',1
anti-spanish,1
"sea""",1
wallet,1
idle.,1
pickups,1
ferroaluminosella,1
"hessingerite,",1
party's],1
“immigration,1
"özdağ,",1
ümit,1
(victory),1
zafer,1
gauks.,1
"plaza""",1
"""degioia",1
disables,1
"mode""",1
"intended,",1
"""sister",1
"""northern",1
doreen,1
badrin,1
milky,1
academics.,1
ankara's,1
"kurd,",1
armenians”,1
“communicating,1
eugenol,1
furthering,1
"not,""",1
"""believe",1
ramadan's,1
"""sdaya,""",1
"modeling,",1
pagan,1
sachs.,1
campaign”,1
"center-western,",1
amazonas,1
"tocantins,",1
"pará,",1
grosso,1
"125,000",1
"1,090,000",1
"greeting,",1
ritualistic,1
"polite,",1
football-related,1
"pollution""",1
samosas.,1
mutton,1
buns,1
biscuits,1
"secrets,”",1
“sharing,1
usb,1
circassian,1
welle.,1
perdue,1
culture”,1
“cleaning,1
"pictures,”",1
“pretty,1
archaeology.,1
zaria,1
ahmadu,1
"müller-glesmann,",1
"uncomfortable,",1
abdulqudus,1
"haste,",1
kazacs,1
qiang,1
"""making",1
"civilians.""",1
"impacted,",1
200-level,1
"jimoh,",1
"jadu,",1
twins,1
"hr,",1
juggling,1
"venezuela,”",1
employees',1
conflict’s,1
gaullist,1
annum,1
assurance’:,1
‘low-interruption,1
yet?’,1
‘are,1
“死了么”的每日签到机制，恰好提供了一种“低打扰式安全保障”：无需频繁联系，不必刻意寒暄，仅用一个简单操作，就为独居生活加上一道数字保险。这种“不麻烦别人，也能被看见”的设计，精准击中了现代青年的社交痛点，也让8元定价成为一种“买个心安”的情感消费。,1
needs:,1
"summit.""",1
yulia.,1
"pleasing,”",1
“ukrainians,1
insight.,1
sandwiches,1
metan,1
"""monitor""",1
"meeting,”",1
"konate,",1
"dijk,",1
"reward""",1
"""absurd",1
trawler,1
bookworms,1
books”,1
“rummaging,1
al-mesiri,1
soma's,1
grandchildren,1
"bogotá,",1
"stick,",1
finite,1
"numerous,",1
"closures,",1
eyeing,1
equation,1
ignores,1
desire?,1
4-2,1
"papua,",1
prosecutors',1
dagger.,1
ill-treatment.,1
"80,000-strong",1
"40,049",1
"crying.""",1
jadu,1
special.,1
depression.,1
gomez.,1
secretary-general.,1
daunting.,1
"11,026",1
situation;,1
e-istehkam,1
azm-,1
counter-terrorism,1
(eiec),1
"(yök),",1
"safeguarding,",1
"cultivating,",1
"repair,",1
fares.,1
(1976–1983),1
meats.,1
waiver,1
bushel.,1
"majrashi,",1
"timbukti,",1
"al-musa,",1
reduction),1
(rate,1
waterer,1
mutaib,1
raghed,1
waso.,1
honorable,1
prophet's,1
"umrah,",1
newspapers.,1
al-watan,1
"al-hayat,",1
(1925),1
race),1
creditor,1
"borrowers,",1
“like,1
leaving:,1
"ziad,",1
expendable,1
"pulled,",1
cinemas.,1
"daughter?""",1
"""did",1
"sarcastically,",1
embarrasses,1
peers;,1
trainer's,1
"curfew,",1
"al-yami,",1
"al-sanabi,",1
"al-aqidi,",1
therapist”,1
“personal,1
983.66,1
"al-kharj,",1
retina.,1
"sun,",1
"oli""",1
"z""",1
"""generation",1
newcomers.,1
grandiose,1
homogeneous,1
birendra,1
truth?,1
cósmica,1
raza,1
adequate;,1
organisational,1
bunga,1
sidewalk.,1
rocking,1
uniforms,1
sew,1
"mandate,",1
reprinted,1
an-nahar,1
student's,1
trap.”,1
hunger.,1
"41,000",1
درنة.,1
فيضانات,1
كا*رثة,1
تكرار,1
"suleiman,",1
"zikri,",1
"al-harbi,",1
الممتلكات,1
في,1
كبيرة,1
2.40,1
whistleblowers.,1
sub-city,1
postscripts,1
'a,1
negligible,1
asserts:,1
tranches.,1
gems,1
engineered,1
nate’s,1
"d’arguin,",1
witkoff's,1
ukraine?,1
limerick,1
o'sullivan,1
kieran,1
"sheika,",1
ineffectiveness,1
0.016,1
honks,1
crisscrossing,1
أضرارا,1
مخلّفة,1
الغزيرة،,1
الأمطار,1
إثر,1
الليبية،,1
#مدينة_الكفرة,1
جارفة,1
سيول,1
اجتاحت,1
ferries,1
seagulls,1
"stated.""",1
"terrorism,'",1
"helpless,",1
"shocked,",1
مخاوف,1
انتشار,1
وسط,1
imdad,1
(mis),1
al-muammar,1
industries:,1
"19th,",1
(chemanol),1
"""methanol",1
"3,163.17",1
0.49%,1
"45,493.66",1
"0.99%,",1
leoni,1
$35.36,1
$40.12,1
"20th,",1
cooper,1
yvette,1
broadcaster.,1
chiessa,1
denigrates,1
al-hillah.,1
al-akhdar,1
al-fateh,1
"al-zulfi,",1
"al-ta'oufik,",1
al-khaleej,1
playlist,1
brokerage,1
(drc)-based,1
filimbi,1
10.1,1
oxygen),1
(lack,1
hypoxia,1
intruders,1
cabin.,1
airplane,1
enclosed,1
"express""",1
ranganathan,1
mohan,1
donut-shaped,1
"bosphorus,",1
"carr,",1
brendan,1
"history,""",1
murphy,1
weekend.,1
"key,",1
60.53,1
stigmas.,1
unproductive,1
"""beggar",1
anti-arab,1
anti-saudi,1
22.98,1
24.01,1
1.03,1
wrong!,1
“green”,1
citigroup.,1
callers,1
broadcasters.,1
j.p.,1
10:11,1
"$3,784.01",1
ka:,1
attest,1
"disney,",1
"wwe,",1
"(uawc),",1
deloitte,1
language;,1
"scalper.""",1
venturo's,1
backpack.,1
breadth,1
spades,1
"“tarneeb,”",1
"hafez,",1
"songwriter,",1
clan,1
al-shabaab,1
"summer""",1
thirstiest,1
tournament?,1
cooray.,1
"""yanxian",1
"6,654.28",1
"0.15%,",1
shurikin,1
craftsmanship?,1
"‘i,’",1
"treated,",1
pre-determining,1
+972,1
eco-minded,1
($133,1
£100,1
xiomara,1
relinquishing,1
(48,1
187.96,1
121.92,1
"tiktokers,",1
"cybercrimes,",1
reigns,1
sana,1
gaza?,1
human-led,1
furniture.,1
solved,1
izz,1
"militaries,",1
taliban-ruled,1
nmc,1
bundle:,1
sports',1
commendation:,1
"pacheco,",1
harassers,1
consistency;,1
"1,200.",1
"39,680",1
"3,306",1
"4,251",1
18-carat,1
mall.,1
"thoroughfares,",1
wirtz,1
funnels,1
rabieh,1
"invitation,",1
(osce/odihr),1
togetherness.,1
feasts,1
unbearably,1
reasserted,1
"(2000–2013),",1
“national,1
"lawbreakers""",1
"aizouqi,",1
jolt.,1
slamming,1
flung,1
fahim,1
firsthand.,1
"pilgrims,",1
unbounded.,1
"remain,",1
structure:,1
instructive,1
310,1
urrutia's,1
1701,1
$9.49,1
"sutherland,",1
janice,1
antiguan,1
"40,",1
"frankly.""",1
"myself,""",1
"""sometimes,",1
"admits,",1
abstain,1
strictly,1
fon,1
showy,1
"vk,",1
state-affiliated,1
"messenger,”",1
embroidery.,1
solace,1
"""insider",1
2100.,1
"al-youm"".",1
"""al-masry",1
"""community",1
(64,1
"diatmo,",1
"3,350",1
revolving,1
139.7,1
"socializing,",1
"sherwood,",1
"jack,",1
23.7%,1
semiconductors',1
"item,",1
26.7%,1
"(gcc),",1
19.3,1
52.1%,1
intra-gulf,1
problem:,1
pseudonyms,1
subsided.,1
interfaith,1
mid-20th,1
pilgrim,1
"context.""",1
unwelcomed,1
polluted.,1
"accomplished,",1
“despite,1
"muerto,",1
hombre,1
helicoide,1
valentine’s,1
"baptisms,",1
"mitzvahs,",1
bat,1
"funerals,",1
"weddings,",1
prom,1
corsage,1
universality,1
(55,1
223.52,1
ural,1
seaborne,1
structures;,1
promoter,1
"devastated,",1
135,1
‘awra).,1
عورة,1
shame”,1
tradition:,1
"intervention,",1
played.,1
"khadija,",1
hajja,1
decay.,1
re-election.”,1
bars?,1
hypocritical,1
"mirkadirov,",1
cameroon's,1
complicated.,1
"spirolope,",1
swarming,1
"how,",1
"faces.""",1
smiling,1
sparkling,1
enlisted,1
"navy),",1
brigadier,1
ielts,1
history:,1
angrily,1
2.59,1
"olin,""",1
"corp""",1
twitch.,1
occupants.,1
"rescued,",1
sank,1
"conferences,",1
oficis,1
d’arts,1
escola,1
llotja,1
institutions:,1
ramón,1
"281,000",1
ionic,1
"anti-feminist,",1
men],1
[young,1
functionality.,1
whe§re,1
out-of-control,1
mayhem,1
mastermind,1
"apprehended,",1
advancing.,1
"hacked,",1
thefts,1
mandala,1
maitighar,1
declaring:,1
"""important",1
"projected,",1
"resigned,",1
interior's,1
"darbar""",1
"""singa",1
"sparked,",1
$375.3,1
retailers.,1
"downstairs,",1
kolkata’s,1
1930s,1
"g20,",1
messy,1
"self-discovery,",1
"jae-myung,",1
"challenged,",1
fracturing,1
al-hijri’s,1
aarhus,1
seek.,1
"well-structured,",1
downturns.,1
saudis,1
ultra-fast,1
"""innovative",1
problem-solving.,1
incomprehensible.,1
austrian-jewish,1
orientalist,1
"asad,",1
weiss,1
"doctoral),",1
(master's,1
"bachelor's,",1
"fluency,",1
function:,1
colleges:,1
"photography,",1
specializations,1
(22),1
iran-supported,1
references.,1
masse.,1
"minerals],”",1
[one,1
macedonian,1
western-centric,1
“waste,1
“separatist”,1
"independent"".",1
"pancreas,",1
saliva,1
invite-only,1
motsuedi,1
"announcement""",1
grunebaum,1
"bullying,""",1
"""excess",1
"""unarmed""",1
"boat.""",1
oromo,1
amharic,1
courses.,1
"degrees,",1
arts.,1
"upbringing,",1
"gentrification,",1
“working-class”,1
self-proclaimed,1
90-vote,1
praise.,1
squads,1
"chair,",1
"“sensational,”",1
"“ordinary,”",1
alamshozoda,1
abdurahman,1
lieu,1
higher-income,1
"chassis,",1
underrepresented,1
inhibiting,1
multipliers,1
ecosystems:,1
brushing,1
sponsor,1
149.81,1
150-level,1
$22-25b,1
dammam,1
"'no.'""",1
"risks.""",1
gabon,1
"d'ivoire,",1
d'ivoire,1
belittled,1
mizuho,1
"plc,",1
"jumah,",1
106.1,1
"""rule",1
"anticipation,",1
"aerial,",1
reinforcements,1
clamp,1
unmasking,1
anti-black,1
colonialism”,1
"assaults,",1
mergers,1
"compartment,",1
peacekeepers,1
$1.1665.,1
traversing,1
aboard.,1
ship's,1
dismayed,1
"birol,",1
fatihi,1
scores.,1
"powell-palm,",1
19.7%,1
faso's,1
"misuse,",1
"“orisha,”",1
hikers,1
micro,1
optional.,1
asl,1
choubi,1
bahman,1
"judiciary,",1
empowerment.,1
"citigroup,",1
"abenet,",1
reporting;,1
under-budgeted,1
crux,1
"labs,",1
7.8%,1
$163.33,1
1.16,1
"""explicitly",1
collar.,1
then-deputy,1
"resource.""",1
sunrise.,1
disk.,1
72%,1
"christchurch,",1
establishments.,1
jurisdictions.,1
municipalities),1
(secretaries,1
missionary-led,1
new;,1
nineties,1
"1988,",1
fishkhabur,1
"""enhance",1
"worldwide""",1
rare.,1
shaking.,1
lured,1
"""oracle""",1
sweats.,1
"pinkerton,",1
bag.,1
damages.,1
constructions,1
fulfill;,1
"locally,",1
journal.,1
"cheap,""",1
"""small,",1
blared,1
"collapse.""",1
fuels;,1
"step,""",1
"""introducing",1
khalaf,1
$170,1
"recent,",1
anomaly.,1
"""new.""",1
"""innovative""",1
overusing,1
"causality,",1
chatgpt,1
evaluators,1
"clout.""",1
lamin,1
"2-1,",1
expectations!,1
quito.,1
"quinindé,",1
"cuenca,",1
advocacy.,1
"predictable,",1
"authority""",1
"""emergency",1
second-order,1
downplay,1
years?,1
"shipbuilding,",1
nivkhs.,1
movement.”,1
“sens”,1
“frontera”,1
-based,1
lutsk,1
​​did,1
“hnizdo”,1
"screenshots,",1
“anti-russian,1
trade-offs,1
"shakes,",1
kick.,1
england-based,1
gundy,1
"""montjuic"".",1
companis,1
"""copa""",1
confirmation;,1
recite,1
bundled,1
prompt-based,1
checkers,1
spelling,1
"distinguished,",1
"“ai”,",1
grouped,1
"llms,",1
long-term?,1
short-,1
innsbruck.,1
village”,1
“ukrainian-tyrolean,1
"literary,",1
heating.,1
teaspoons,1
must.,1
"coming,",1
fruition,1
"coordinator,",1
objections.,1
renovations,1
"spectators,",1
"cricketers,",1
nazrul,1
warfare”?,1
“individualisation,1
glass;,1
"tapes,",1
"riobamba,",1
self-recorded,1
nation-state,1
diasporans’,1
circumvented,1
"crossings,”",1
“given,1
quebec’s,1
pan-somali,1
somalia),1
(june,1
administration;,1
hands-off,1
malas,1
maysara,1
peso.,1
bissell,1
zest.,1
mouthful,1
watery,1
dunked,1
spheres,1
“indel”,1
(northern,1
"extremes,",1
renewed.,1
"regrets,",1
delusions,1
"dreaming,",1
al-obeid.,1
"al-ayyara,",1
"samima,",1
"al-khoei,",1
"“modon,”",1
"""sharif""",1
forty-three,1
atom,1
collected.,1
"brito,",1
kibirizibto,1
"bikalo,",1
"1,150",1
returning.,1
mechanism'.,1
mechanism',1
dialogues.,1
"lemarquis,",1
"""ur""",1
"followed,",1
knew:,1
residents’,1
nearly-completed,1
"bayer,",1
"participatory,",1
"dilemma,",1
high-tech,1
localized.,1
bayani.,1
niloufar,1
kashani,1
sepideh,1
sprinting,1
tabs.,1
djibouti.,1
somali-speaking,1
al-nahyan;,1
madboully;,1
sharif;,1
widodo;,1
erdogan;,1
"madeira,",1
muted.,1
"$3,720,",1
"commitment.""",1
abide,1
"agreement?""",1
"""who",1
skeptics,1
"recriminations,",1
landslide.,1
rupture,1
shafiq,1
qatar;,1
emir,1
"al-thani,",1
tamim,1
peace!,1
interfax,1
explosion.,1
jolted,1
temple.,1
dieffenthaller,1
menopause,1
seasonally.,1
el-hekma,1
al-orabi,1
fahd.,1
"(revolution),",1
"ait,",1
pounced,1
"groceries,",1
necessities:,1
qna.,1
93.7,1
93.6,1
"repositories,",1
"tocuyito,",1
map.,1
"guesthouses,",1
lifeblood,1
"gather,",1
would’ve,1
danielsen,1
(39,1
vivas,1
inclusively,1
"legacy,",1
(oif).,1
francophonie,1
خلال,1
16%,1
widodo.,1
buzzers,1
"kania,",1
"smaller,",1
track?,1
enshrine,1
pualaui,1
zhahonzeb,1
"""al-qaeda,""",1
aspiration.,1
7:30,1
"100.00,",1
40.97,1
100.00,1
monastic,1
"self-efficacy,",1
"""flow""",1
algerian-backed,1
قلبه.,1
ويتحدث,1
ويشعر,1
يبكي,1
الإنسان,1
لغته,1
31.62,1
"38,000",1
"genel,",1
microbiota,1
"mid-1990s,",1
"starch,",1
resistant,1
"pectin,",1
school?,1
"smoke,",1
discourses.,1
“features,1
pashtuns,1
"establishments,",1
"""bellingham",1
travelling.,1
patrik,1
"dextrin,",1
"examined,",1
"flood.""",1
significance?,1
oward,1
takahashi,1
jiangda,1
wuhan,1
shuang,1
"mcnamara,",1
holly,1
"takeuchi,",1
poles,1
يستطيع,1
الأصلية،,1
credulousness,1
"factor,",1
houri,1
nutrient-dense,1
"resume,",1
anz's,1
"pluralistic,",1
upturned,1
clickworker,1
"steadfast,",1
revolution”,1
"twist,",1
299,1
mice's,1
"cellulose,",1
324,1
ثورة,1
"cole,",1
"calendar,",1
"lins,",1
jullyene,1
"ex-wife,",1
harvest.,1
maresca,1
"confidential,”",1
1970s.”,1
pará,1
undisturbed,1
"tatiana,",1
heller,1
tocuyito.,1
attachment,1
salama.,1
underweight,1
(wh):,1
"parliament),",1
(iranian,1
"rezaei,",1
attrition.,1
well-functioning,1
lost;,1
"cacao,",1
"banana,",1
fishing;,1
unfit,1
"stressed,",1
almeida,1
thawra),1
fountain,1
downstream.,1
tenant's,1
re-sign,1
ouellet,1
community;,1
$22.50,1
$47.50,1
husbands’,1
34.,1
"happiness,",1
minutes;,1
maradona,1
armando,1
25-year-old,1
tunis,1
"march,""",1
"""is",1
vices.,1
"rectors,",1
khaldunian,1
recounts.,1
"belong,”",1
"shortfall,",1
emphatically,1
"sudden,",1
yagiz,1
tugberk,1
"beings,",1
kadrić,1
adin,1
first:,1
outstripped,1
helsinki,1
"consume,”",1
countries],1
“[european,1
ghosananda,1
snowball,1
transformation;,1
"longing,",1
oklahoma,1
relentlessly,1
"forth,",1
ocbc,1
"menon,",1
vasu,1
(sdgs),1
"concentrate,",1
miseries,1
calamities,1
no-calorie,1
universität,1
freie,1
"amharic,",1
"swahili,",1
"favors,",1
yards,1
approaches.,1
prohibition-based,1
campsites,1
vestas',1
fatimata.,1
outlived,1
plenipotentiary,1
manal,1
hanh,1
nhat,1
thich,1
buryatia,1
threats.”,1
sorcery,1
setif,1
expatriate,1
rijkaard's,1
guardiola.,1
valles,1
badia,1
"clans,",1
"sponsorship,",1
immediate.,1
sugar;,1
ashfaq,1
crowther's,1
"realization,",1
"street’),",1
(‘workers’,1
ulica’,1
‘delavska,1
"sobota,",1
murska,1
reasoning.,1
"outlines,",1
drafts,1
supace,1
"diligently,",1
"al-shati',",1
including:,1
al-khafji,1
"registry,",1
"precedents,",1
decisions;,1
brasília's,1
"campsites,",1
doctors’,1
1950s.,1
holiday.,1
147.775,1
anousha,1
arms.,1
"al-serekh,",1
billing,1
djamel,1
infrastructural,1
anti-conservative,1
roof.,1
restless,1
hamza,1
"al-harout,",1
"al-khalidiya,",1
"al-nahda,",1
"fahd,",1
"al-amal,",1
"al-rawda,",1
"al-durra,",1
"al-rayyan,",1
"al-fayhaa,",1
"al-nuzha,",1
ibhais,1
bps,1
recitation.,1
inward,1
toyoaki,1
oppressed.,1
belittles,1
29%,1
restore's,1
"($1,437.08)",1
"119,990",1
256gb,1
repairs.,1
"respects,",1
"al-sharqi,",1
smail,1
short-term.,1
28.2,1
fails.,1
kenya’s,1
chats;,1
srinagar.,1
"kashmir,",1
trickeries.,1
satisfying,1
prefabricated,1
"stabilizes,",1
bechara,1
"ones,”",1
61-year-old,1
ghosh,1
radi,1
4963,1
"wasif,",1
ehab,1
subconscious,1
"kidneys,",1
"$112,000",1
"predicted,",1
"phenomena,",1
"stays,",1
"(irna),",1
hafr,1
al-rayyan,1
"rosatom,",1
"irna,",1
6.6,1
"should,",1
heather,1
offences.,1
combatants,1
"ramadi,",1
aran,1
257,1
"tariff,",1
norfolk,1
reflective,1
pornography,1
“let’s,1
"closes,",1
studied.,1
pence.,1
4920,1
4960,1
rebound.,1
"warplanes,",1
founding.,1
"teeth,",1
2030's,1
"incomes.""",1
"worn-out,",1
"sidewalks,",1
muqtada,1
cleric,1
nutritionist.,1
bachelor's,1
idku-rashid.,1
"""tafas""",1
sealing,1
milton,1
أوصلتنا,1
درجة,1
"unionization,",1
"acceptable,",1
cabello.,1
يدل,1
مما,1
بالعربية.’,1
عربيًا,1
أو,1
بالإنجليزية،,1
إنجليزيًا,1
رجلًا,1
تسأل,1
‘لن,1
أجبته:,1
hyde,1
raping,1
"al-ela,",1
general’s,1
"azizi,",1
tamazight?,1
الأمازيغية.”,1
باللغة,1
وأكتب,1
أمازيغيًا،,1
أكون,1
الطبيعي,1
فمن,1
المتعاقبة،,1
القوى,1
إليها,1
ahmadzoda,1
rajabboy,1
dance),1
(african,1
jongo,1
reeling,1
bahir,1
natal,1
includes...,1
"$150,000.",1
60-70%,1
"""law",1
"times""",1
"druze,""",1
"""protecting",1
taxpayer-funded,1
akazawa,1
ryusei,1
high-rises,1
31-storey,1
abate.,1
capability.,1
"chatgbt,",1
"rapid,",1
lecornu,1
socialist-led,1
"jar,",1
"frames,",1
التي,1
الاغتراب,1
seven-year-old,1
“specialists,1
"been,",1
mane.,1
$16.4,1
investments',1
"cadres,",1
heaven.,1
jurren,1
"progresses,",1
thoughtfulness,1
"hopefully,",1
"narratively,",1
"given,",1
generously,1
accomplish.,1
envious,1
stairs.,1
deaf,1
"papel,’",1
publics,1
outside?,1
unite.,1
dared,1
“kevorkova.”,1
possible.”,1
miraculously,1
heart-stopping,1
tinkering,1
business-as-usual,1
france-presse's,1
"meeting""",1
"""multilateral",1
avoided.,1
‘stateless,1
"occur.""",1
spoke.,1
rival.,1
‘‘milei,1
adra,1
garb,1
"confinement,",1
data-driven,1
18-year-old's,1
rodri's,1
capacities).,1
nano-etched,1
65-year-old,1
serial,1
satorov’s,1
capable.,1
pricier,1
warden’s,1
al-hajji,1
"russia's,",1
disrespecting,1
figurative/portrait,1
hyperrealistic,1
libertad,1
vínculo,1
entender,1
importante,1
shapiro,1
1990s.”,1
fidelity,1
"timmer,",1
re-establishment,1
inhabiting,1
icons,1
tableaus:,1
canvases,1
"happen""",1
non-ar,1
"creed,",1
unquestioned,1
"smes,",1
"charnvirakul,",1
dust.,1
"dormant,",1
taka,1
bustled,1
olenyok,1
hayoun’s,1
ambiance,1
immersing,1
"resilience,”",1
“strands,1
$10.,1
"$50,",1
adequate.,1
"chiringuito"":",1
rolls.,1
industry),1
(paper,1
anti-israel,1
"banter,",1
"jalali,",1
zakir,1
organisation?,1
"submitted,",1
mid-july,1
"qasimi,",1
deniz's,1
bloodiest,1
montt’s,1
ríos,1
"economy,”",1
"freelancers,",1
so.”,1
“hyper-meritocracy”,1
reactions.,1
"28,500",1
"hurricane,",1
doll-playing,1
gunpoint.,1
"(jodi),",1
"opec,",1
re-emergence,1
american.,1
"african-american,",1
“just,1
"gordon,",1
deijha,1
nozha,1
"football""",1
"""marca"",",1
latency.,1
"29.3%,",1
essequibo,1
leguan,1
pursuits.,1
pseudo-scientific,1
"astrology,",1
"divination,",1
occult,1
dee,1
timor.,1
killings”,1
“revenge,1
businesspeople,1
"gems,",1
labs.,1
churns,1
"crust,",1
683.7,1
paid-up,1
“societal,1
’incest,1
demolished;,1
"balkans,",1
"""shahid""",1
"seems""",1
sharks.,1
przemyśl,1
prices],1
[an,1
(blackmail),1
extortion,1
"glitches,",1
kosovo,1
"""devil""",1
2021–2023.,1
or...,1
jacket,1
"3-0,",1
119.2,1
narrative?,1
distraction.,1
"turbulence,",1
activities”,1
“espionage,1
impasse,1
cul-de-sac,1
reconstruction...,1
"dispossession,",1
egyptian–turkish,1
unjust.,1
"hypocritical,",1
fabrications.,1
"""fakes""",1
non-raising,1
"accidental,",1
bjp,1
venues.,1
‘against,1
“solutions”,1
"now.""",1
unfurled,1
"square,""",1
"""hostage",1
nigeriens,1
"al-rifai,",1
corum,1
"gangs,",1
mindful,1
embassies.,1
"gün,",1
hüseyin,1
cpo,1
resident.,1
choice?”,1
"voluntary,",1
converging.,1
creativity.,1
"observation,",1
"tharwat,",1
"mughni,",1
"mammoth,""",1
"""oscar",1
regularization?,1
"181,000.",1
medicine.,1
"sridhar,",1
aparna,1
mena,1
lamplight,1
objective;,1
"pagó,",1
deuda,1
"grievances,",1
t0,1
thousand),1
35.2,1
azn,1
"maharramli,",1
lea,1
118th,1
jensen's,1
ramadan.,1
"german,""",1
"waze,",1
suhad,1
deporte.,1
cultura,1
"salud,",1
"población,",1
importantes,1
rubros,1
inversiones,1
disminuir,1
"pull,’",1
gobiernos,1
infrastructure”,1
recortar,1
optaron,1
depletion.,1
ozone,1
suffocates,1
"poisoning,",1
facts.,1
upsetting,1
“mistreatment,1
centres.,1
hashash,1
international’s,1
suwaidan.,1
cuisine.,1
148,1
veterinarian,1
"luttwak,",1
amy,1
travellers,1
"22,318.766,",1
"0.80%,",1
heat-related,1
aviation-related,1
(csp),1
south-central,1
"fundo,",1
passo,1
urbanist,1
bernardes,1
heartfelt.,1
jerry’s,1
caffeine's,1
“building,1
brushed,1
apologies,1
"serves,",1
delayed.,1
"bloggers,",1
non-political,1
(104–107.6,1
40–42,1
18.1%,1
"25.9%,",1
36.2%,1
entertainment.,1
decided.,1
pondering,1
"workload,",1
"mutilation,",1
universalashic,1
forces),1
"ulbra,",1
carlo,1
"best""",1
"vinicius,",1
frequency.,1
spoiling,1
flurry,1
sidewalks.,1
marching,1
arduous.,1
caution.,1
"hypertension,",1
redirected.,1
"2040,",1
carbon-neutral,1
"rivian,",1
revenus,1
génératrice,1
activité,1
ali’s,1
1947?,1
"181),",1
(no.,1
gurion,1
situational,1
"4.1%,",1
oftentimes,1
"tend,",1
suis,1
je,1
"2040""",1
179.1,1
"events""",1
"observation.""",1
crown?,1
crime”,1
injured”,1
moraine.,1
ragi,1
tengi,1
mt,1
ridge,1
contraceptive,1
23-year,1
socar's,1
tremor,1
roots;,1
"cigarettes,",1
"belongings,",1
positions?,1
$38.68,1
alonso.,1
ancelotti's,1
riverine,1
l’unique,1
pêche,1
famille,1
une,1
dans,1
née,1
"swath,",1
rhythms.,1
"tourism""",1
"expiration,",1
"tadawul"".",1
"tied,",1
earned;,1
first-place,1
pratiquons.,1
"americans.""",1
"team.""",1
"""norway,",1
china-bangladesh,1
yunnan,1
aliyev.,1
ilham,1
'community,1
"seriousness,",1
"issues.""",1
"""i'll",1
"""oman",1
capacities.,1
(13).,1
(16),1
"copenhagen,",1
unsustainable.,1
toothless,1
glimmers,1
petition),1
(posting,1
activism:,1
"hierarchical,",1
ihr,1
software.,1
$18.158,1
$17.534,1
"inorganic,",1
doesn't.,1
hydrological,1
coolant,1
microfluidic,1
blurred.,1
"motherhood,",1
"“24/7,”",1
53.3%.,1
"apa,",1
equip,1
issues',1
administrated,1
(4.7,1
peru’s,1
caliphs.,1
arabism,1
clings,1
?”,1
remarks:,1
snide,1
"taxed,",1
reiche's,1
"frei,",1
torsten,1
"chancellery,",1
require.,1
hrana,1
deceit.,1
armies.,1
inter-ethnic,1
5000,1
wilshire,1
benchmarks.,1
218%,1
buffett's,1
"trade,”",1
(49),1
"fundamentally,",1
elías,1
redraw,1
$34.6,1
"skyrocketed,",1
arabiya.net:,1
destruction;,1
"nanshan,",1
"jessica,",1
"2025-2028,",1
stc,1
servers.,1
"1902,",1
"wal-muslimin),",1
nusrat,1
jama'at,1
yobe,1
tillaberi,1
—37,1
"12,173",1
"3,662",1
malvinas/falklands,1
ecocentric,1
"noor,",1
generator.,1
teixeira,1
"neymar,",1
happening.,1
possession.,1
"amr,",1
seduced,1
goats,1
paragraph,1
"haig,",1
79%.,1
conformity,1
jacek,1
al-mushaiti,1
kilowatts,1
canopy,1
"czerniak,",1
(stf),1
"solicitation,",1
maneuvers.,1
reservation-related,1
scream.,1
faint,1
infant’s,1
on-the-ground,1
non-eu,1
"africa.""",1
breather,1
"33.5%,",1
"salmoun,",1
"backers,",1
"work),",1
"anyone,",1
countervailing,1
gap.,1
lee.,1
"hurdle,",1
reasonableness,1
"inducement,",1
"allurement,",1
person”,1
"“dress,",1
identity”,1
discrimination:,1
grievous,1
revolutionizing,1
"“assume,",1
galtung,1
constitutionality,1
deceptive.,1
"rock""",1
"""pigeon",1
879.7,1
beltone,1
"al-tarjuman,",1
(safe),1
devise,1
hellish,1
sadistic-masochistic,1
"excess,",1
keys,1
"polemics,",1
"haj-hassan,",1
tanya,1
indulgence,1
deficiency.,1
19.6,1
"bloc,""",1
pro-europe,1
shanghai's,1
2019).,1
76.8,1
pudong,1
"2019),",1
13.6%,1
(up,1
77.8,1
"adopt,",1
peacemaking,1
misinformation;,1
"""head.""",1
"""rosh,""",1
heroines,1
drooled,1
"swords,",1
"camels,",1
rode,1
arabs.”,1
ugly,1
maidens,1
urmia.,1
azeris,1
ethno-demographic,1
postmodern,1
gigatons,1
dancing,1
méliès,1
georges,1
"“imagemakers,",1
"1900s,",1
slats,1
"qualifier,",1
italian-style,1
"impetus,",1
(tl),1
treated.,1
"infection,",1
nodes,1
lymph,1
swollen,1
circle.,1
marginally,1
"interconnected,",1
student-led,1
"$0.5825,",1
"0.31%,",1
luxembourg's,1
"frieden,",1
luc,1
reinvention,1
fantastical,1
"30th,",1
quotations,1
harmful),1
(if,1
"dioxide,",1
imperfect,1
tastes.,1
precipitously,1
mentors.,1
"clay,",1
technique;,1
"bowl,",1
"headache""",1
"""nawaf's",1
"maximum,",1
seclusion,1
strongest.,1
"""hannover",1
"automation""",1
hannover,1
"evaporates,",1
bryman,1
anna,1
"mongols,",1
denied.,1
"shattered,",1
non-rented,1
"“hot”,",1
"harpitz,",1
brosgaard,1
mariken,1
and/or,1
"felt,",1
"medications,",1
asians,1
"base.""",1
"""traditional",1
mundane:,1
"streets?""",1
habashi,1
heal.,1
59.4,1
rejection.,1
newsom,1
pre-market,1
yurt's,1
"cheese),",1
(dried,1
aruul,1
"$3,790.82.",1
economist.,1
"bholanath,",1
"dioxide,”",1
"spotlight,",1
"concessions.""",1
periodically,1
"written,",1
reputations.,1
"incitement,",1
insults;,1
spouting,1
identification.,1
everywhere.”,1
nothingness.,1
nothingness,1
"terawatt-hours,",1
sabotage.,1
"""historic""",1
"building.""",1
lullaby-soft,1
bulls,1
off-leash,1
four-year-old,1
"shopkeepers,",1
bowler's,1
"founded,",1
medyascope.tv,1
"yuan,",1
illegal.,1
retreats.,1
"thrive,",1
falsehoods,1
(tps),1
written.,1
westmoreland.,1
“buzzers”,1
66%.,1
125%,1
"deposits,",1
milieu,1
mother-tongue,1
programmes,1
"curricula,",1
"continuously,",1
"breached,",1
iltija’s,1
textile-like,1
“trompe-l’oeil”,1
"fruit,",1
"pacifiers,",1
"2,677",1
rigor:,1
"""goalkeepers""",1
shahab,1
stipend,1
"understand,",1
"tracks,",1
el-laithi,1
singers.,1
dunya',1
"gaddafi,",1
fandoms,1
"fans),",1
(obsessive,1
“wibu”,1
propagandists),1
(paid,1
instruction.,1
'ah,1
purport,1
"illustrations,",1
prompt-generated,1
llm-generated,1
brother’s,1
"things""",1
ante.,1
"rebuilt,",1
"repaired,",1
expensively,1
large-state,1
number.,1
founders,1
"""unicorn""",1
"protesters,”",1
history's,1
bargiel,1
atlanta,1
hartsfield-jackson,1
downtime.,1
sweets.,1
"conference.""",1
individualisation,1
thursday:,1
dormitories.,1
witz,1
"witz,",1
shoubir,1
window.,1
2020-2024,1
samoa.,1
"pin,",1
"arbiter,",1
tauhidi,1
“small”,1
"keyguard,",1
programmatically,1
upfront.,1
wastewater,1
obliteration,1
razing,1
"sorrows,",1
"emigrated,",1
naqvi,1
immunization.,1
"award"".",1
"cobblestones,",1
"soil,",1
permeability,1
nahil,1
hassett.,1
annotators’,1
"maría,",1
"37,",1
"minglong,",1
"""mandatory",1
"cargo,”",1
"starved,",1
(zvei),1
capitalistic,1
expensive”,1
"appropriately,",1
"territory.""",1
unlock).,1
"password,",1
"waltz,",1
"al-rubaish,",1
russian-,1
wife.,1
"liters,",1
7.62,1
($358,1
1.32,1
($566,1
2.08,1
"expressed,",1
"consistently),",1
somewhere.,1
wasting,1
impair,1
老人茶,1
clicks,1
non-tax,1
ill-treatment”,1
"tiuna,",1
fuerte,1
cilia,1
codenamed,1
valley’s,1
al-menfi,1
ground-based,1
($381,1
($368,1
"""alec""",1
"disappearance,",1
“risk,1
boy’s,1
academically,1
jolt:,1
settles,1
consigned,1
"extinguished,",1
dispensing,1
implementado,1
etapa,1
canvassed,1
self-governance.”,1
antecedent,1
improperly,1
amortization,1
"disbandment,",1
"helmy,",1
“old,1
"ertürk,",1
gülay,1
"another.""",1
damietta,1
sponge,1
"""financial",1
"mid-october,",1
repulsed,1
infantry,1
dígitos,1
pasaba,1
"""defend",1
presidente,1
candidacy,1
"already,",1
"resists,",1
abyan,1
"al-arabiya.net,",1
"models""",1
"""malicious",1
dyson,1
arabic-korean,1
"interpreter,",1
jurcic.,1
"conteros,",1
visceral,1
"""that's",1
siad,1
offers.,1
"e-filing,",1
e-courts,1
steps:,1
wrists.,1
"transmitters,",1
"acids,",1
kote,1
re-write,1
"montesquieu,",1
"response.""",1
"appropriately""",1
"""firmly",1
"accurately,",1
"país,",1
al-muntashari,1
epistemic,1
saurabh,1
ahwar,1
al-mahasama,1
160%,1
preclude,1
generalizing,1
"regret,""",1
stabbed,1
fatally,1
by.,1
multicultural,1
"lingering,",1
"fishermen,",1
"10,100",1
"16,520",1
"64%,",1
mattia,1
"obeid,",1
irredeemable.,1
30-meter,1
massacre.,1
"""expansion",1
natanz’s,1
obliterated,1
(1973–1994),1
habyarimana,1
juvénal,1
"knows,",1
rears,1
himalayas,1
sethi,1
afterward.,1
apnea,1
administration:,1
"concept,""",1
"contacts,",1
auto-notify,1
"(死了麼?),",1
insupportable,1
"creditworthiness,",1
downgrades,1
$23,1
frequent.,1
"sophos,",1
uk-based,1
thickly,1
(小手),1
ahmet,1
"commands,",1
makni.,1
"flares,",1
provoking,1
storming,1
"wyden,",1
"virus,",1
corona,1
modernity.,1
"tighten,",1
"gastroenterologist,",1
"sethi,",1
$22).,1
"3,300",1
$60),1
"8,800",1
"cured,",1
floor?,1
"kehinde,",1
"sciences,",1
pushbacks,1
radioactive,1
"temporal,",1
endangerment.,1
fox.,1
"nassar,",1
"acemoglu,",1
"economists,",1
"billing,",1
raf,1
"shoot,",1
happened.,1
nullifying,1
"revival,",1
sher-e-kashmir,1
"page.""",1
andrew's,1
"value.""",1
desk-level,1
asked.,1
"had,",1
grudge,1
"ahnou,",1
mom,1
‘it,1
"writes,",1
zahra,1
"transmission,",1
parisien,1
23.7,1
"1,320",1
sundays.,1
thursdays,1
"""garage""",1
high-yield,1
barclays,1
"2025.""",1
"""violated",1
incel,1
misogynist,1
closeted,1
spectacle.,1
formulaic,1
non-ai,1
supersedes,1
glaring,1
stances.,1
apologizing,1
etc.?,1
"boils,",1
"warts,",1
frogs.,1
"frogs,",1
brutal.,1
frog.,1
turtle,1
this?,1
instagram:,1
"""masterpiece"":",1
blank,1
palettes,1
urbanization,1
census.,1
tripled,1
"bazeshkian,",1
charred,1
belligerents?,1
"denpasar,",1
actions?,1
muted,1
"""hundreds",1
"ground-breaking,",1
"provocateur,",1
"sinner,",1
departures.,1
1951,1
"guevara,",1
ingenious,1
5.2%.,1
abiram,1
fire.’,1
trilateral,1
"buterezi,",1
bunawage,1
grades,1
sample-return,1
2020s,1
"crime,""",1
defence's,1
al-khateeb,1
"solo,",1
leia,1
disbarment,1
suspends,1
wafa:,1
"arcelormittal,",1
enriches,1
"""heroes,""",1
recovers,1
optimistic.,1
"lining,",1
genre?,1
chided,1
safeguards.,1
"al-qabas,",1
"professional,",1
"eastern,",1
cup?,1
signalling,1
caretaker,1
"al-jolani,",1
"""integration"",",1
"4th,",1
"""slaughter""",1
pompeo,1
simeoni,1
charger,1
watts,1
nearly-year-long,1
tenderness.,1
"compositions,",1
haitian,1
masaryk,1
brno's,1
"educate,",1
"alliance),",1
doodle,1
"forcefully.""",1
cooperate.,1
"shenin,",1
"zrik,",1
"medhaq,",1
"(24),",1
tofazzal,1
misdeeds.,1
clearances,1
"handicrafts,",1
al-rumi,1
reminders,1
sankhamul,1
warehousing,1
"$3,759.02",1
gharibashvili,1
production;,1
"miracles,",1
"1884,",1
"118,000",1
planted,1
orihime,1
saakashvili.,1
ex-president,1
somebody’s,1
“sacrificed,1
antsukhelidze,1
tsulukiani,1
anti-opposition,1
sticker.,1
“mohammed’s,1
sticker,1
fasting,1
quenching,1
shiriyev,1
zaur,1
harvesters,1
kajok,1
(9-7),1
"""ai+""",1
"580,000",1
"humanity""",1
"""crimes",1
"murder""",1
"""partly",1
"7,800",1
boarding.,1
disaster-preparedness,1
nature-based,1
barbados’s,1
carrier.,1
dallah,1
second-fastest,1
mclaughlin-livrone,1
laith,1
ios,1
"problems',",1
'new,1
"hamada,",1
sakka,1
siblings.,1
“disconcerted,1
receipts.,1
chatting,1
“preparation,1
"imperialism,",1
patronage,1
"deputy,",1
dampened.,1
street's,1
weaker-than-expected,1
resign!,1
"mahmood,",1
shabana,1
ransom,1
"7,488",1
habitats.,1
punctually,1
63rd,1
free-kick,1
51st,1
alvarez,1
fitch.,1
"48.8%,",1
"17.4%,",1
dhabi's,1
"30-40,",1
biography.,1
isaacson,1
"grimes,”",1
"girlfriend,",1
"justine,",1
progressist,1
chest,1
(current,1
distributions:,1
"shows""",1
asml's,1
“comics,1
war:,1
"cvjetković,",1
artist.”,1
"pocket,",1
automation:,1
trivialize,1
"4,278,",1
"rupees,",1
alimiyah,1
"mercy,”",1
"$1,538.15",1
$44.92,1
"health.""",1
"""unhealthy",1
advanced.,1
“ai's,1
2).,1
hallows’,1
saints,1
volcano's,1
hkfp.,1
rabat.,1
foul,1
asmi's,1
"""cityscape",1
"$1,255.72",1
logging.,1
saras.,1
"tamoil,",1
129,1
346,1
"eni,",1
"assurances,",1
basra.,1
pulpit,1
"push,""",1
"bloom,’",1
"‘nasim,",1
"seventh,",1
determinant,1
chat's,1
undetectable.,1
derval,1
"verified,",1
grasped,1
infamy,1
"luanda,",1
union–european,1
hormones,1
cis-hetero,1
utopia,1
inching,1
"charm,",1
“where,1
ubayiah,1
finest,1
rated,1
"group,”",1
dream’s,1
اللغة.”,1
هذه,1
إلا,1
تقدمها,1
proposed.,1
بأصالة,1
القصص,1
ونقل,1
datafolha,1
type.,1
measurements,1
larger.,1
necks,1
range.,1
"barzey,",1
mori,1
memento,1
refrained,1
secretary-general's,1
prestige.,1
"""party.""",1
abinader,1
"legacies,",1
again;,1
47.4,1
45.5,1
self-label,1
self-regulatory,1
al-rifai,1
"flouted,",1
been?,1
وسيلة,1
هي,1
بالأمازيغية,1
الكتابة,1
(tostado).,1
coat,1
alcanzara.,1
fireplace.,1
"booth,",1
galleries,1
perceptions.,1
"bible,",1
questionnaires.,1
"kuk,",1
redistributive,1
vanitas,1
"gruenbaum,",1
josh,1
watered-down,1
al-suwailem.,1
tizi-ouzou.,1
fulam,1
governor’s,1
fasa,1
"bangkok,",1
109,1
primitivism,1
conventions,1
enshrined,1
police’s,1
ثقافتنا,1
للحفاظ,1
arab-jewish,1
يمكن,1
لا,1
arrangement.,1
"(solutions),",1
63.3,1
order:,1
normalized,1
stabler.,1
kolb,1
pinsent,1
piloted,1
haupt,1
roster,1
"""llama""",1
"(gsa),",1
"al-jubouri,",1
verstappen.,1
rookie,1
”toasted”,1
"perhaps,",1
bas,1
tampering,1
"agnelli,",1
arabism.,1
170.8,1
"systematically,",1
malabares,1
hacer,1
debían,1
quienes,1
consumidores,1
bill”),1
(“2026,1
jungle,1
"putin,",1
enthusiasm.,1
…the,1
gamble”,1
“huge,1
yeung,1
poverty;,1
indirectly.,1
school-aged,1
does.,1
portugal—are,1
"bangladeshis,",1
mexico:,1
"catering,",1
trapiche,1
floodplain,1
"persist,",1
unfolds.,1
tenterhooks,1
solutions',1
consoles,1
politics?,1
bishops,1
biofuels.,1
"connection.""",1
downplayed,1
chagrin,1
"act”),",1
(“2019,1
pastry),1
meat),1
"language,”",1
twin,1
142.,1
traton,1
"857,900",1
vessel.,1
splashing,1
ukmto,1
kilometers),1
222,1
nautical,1
"nations—britain,",1
battal,1
"priest,",1
discarded.,1
interrogation,1
acclaim.,1
quit;,1
"bolsonaro,",1
$201.7,1
"""hope.""",1
obama's,1
clinton,1
roosevelt,1
(grilled,1
ćevapi,1
sterling.,1
tan-tan,1
intellect.,1
first-gen,1
backgrounds.,1
olives.,1
thunberg,1
greta,1
purchase.,1
refunded,1
"crescent,",1
community-driven,1
2033.,1
(unctad),1
twist.,1
gupchup,1
"phuchka,",1
"golgappa,",1
"“sanctions,",1
(ukmto),1
artifact's,1
dissolution.,1
"assault.""",1
"""planned",1
"perpetrators,",1
accomplices,1
hides,1
"pride.""",1
"offspring,",1
unanticipated,1
insomnia.,1
immense.,1
blockaded,1
cylinders,1
"machines,",1
"democrats""",1
deadlier,1
context?,1
midfielders.,1
cey,1
ghanaians.,1
inquire,1
angels,1
"—war,",1
(gold),1
"superiority""",1
"""unmatched",1
postmenopausal,1
"delusions,",1
"""work""",1
discard,1
invoice,1
margarine.,1
“third,1
overcame,1
matter?,1
petra's,1
"""incremental""",1
go”,1
remanded,1
kilometer.,1
assured;,1
perceive.,1
"cutter,",1
self-operated,1
panicking,1
"74,289",1
decades:,1
zagreb,1
late-night,1
sorry;,1
interventionist,1
(oas),1
energy-efficient,1
"joints,",1
"shutdown""",1
"""bear",1
al-hujayrat.,1
"""saddam""",1
"al-naim,",1
twitch,1
multiplied,1
baotou:,1
"drawbacks,",1
o'byrne's,1
sector;,1
responsibilities:,1
avilis,1
"reservoirs,",1
"erectus,",1
quieter,1
prodigious,1
proportionally,1
assistants,1
14.5%.,1
65.1%.,1
"zealand.""",1
"hourihangani,",1
carrie,1
"stimac,",1
2nm,1
belupo,1
slaven,1
"real,”",1
márquez,1
"pillieri,",1
biaggio,1
rocío,1
net’s,1
attesting,1
$0.5791.,1
"0.26%,",1
$0.6571,1
"0.36%,",1
"pretext""",1
petrochemicals,1
synergies,1
"viscosity,",1
"vibration,",1
"micrograms,",1
4.6,1
width,1
"expenditures,",1
state-let,1
post-jihadi,1
“jihadist,1
father.,1
daughter.,1
erol,1
ex-diplomat,1
machado’s,1
conduct/,1
acre,1
"2,870–3,587)",1
"1,000,000",1
rebel.,1
microprocessors,1
winer,1
dave,1
developer/engineer,1
“podfather”,1
reddit.,1
"linkedin,",1
upend,1
succumbs,1
"shawqi,",1
"netting,",1
"(1957),",1
"approaches,",1
typhoon.,1
yusuf,1
gpt's,1
rescued.,1
"roof,",1
wisely.,1
"mistakes""",1
rifle,1
"confronted,",1
suspect's,1
tendencies,1
"lilly,",1
eli,1
nordisk,1
cultivable.,1
dissipate,1
greece.,1
"lesvos,",1
risk.”,1
massachusetts,1
knew.,1
waxed,1
re-closed,1
"tour,",1
sykamias,1
skala,1
"sick""",1
"""deep",1
intertwine.,1
"mythology,",1
linquit.,1
blaze.,1
(sana),1
"kayal,",1
kafi,1
spare),1
homogenization.,1
formats,1
"return,”",1
"$25,000)",1
"organise,",1
twitter).,1
"pantry,",1
instagram),1
elenzaniant,1
"argues,",1
ifad,1
"81,000",1
24th,1
"ruiz,",1
"dumfries,",1
denzel,1
declan,1
"regulations.""",1
"decision,""",1
al-majri,1
invalidated,1
anterior,1
€5,1
incremental.,1
catalyse,1
shabu.,1
hashish,1
selhurst,1
four-point,1
seized.,1
“identifying,1
"pirapora,",1
fired.,1
redeployed,1
accountant,1
chartered,1
embracing.,1
"""starvation""",1
"""genocide""",1
wrongfully,1
notes”,1
“community,1
showcases.,1
"watchdogs,",1
"conceals,",1
stuffed,1
"‘puri’,",1
"spheres,",1
"deep-fried,",1
davenport,1
"unissued,",1
al-biruni,1
saddens,1
responsibility;,1
departmetn,1
punishments.,1
accounts”,1
ledger.,1
"""national""",1
“went,1
vlast.,1
zaugg,1
tortoise,1
“saxon’s,1
(cartons),1
packs,1
antar's,1
begs,1
(bmi).,1
"mass,",1
embraces,1
100-member,1
thanking,1
spices.,1
"onions,",1
"potatoes,",1
"thirst,",1
edged,1
gunners',1
"lives,""",1
"bombs,",1
"negotiations,""",1
"press""",1
"""meet",1
nbc's,1
"senate,",1
step-by-step,1
constrains,1
peg,1
"annoyance,",1
misconceptions”,1
(approx,1
gbp,1
kuei's,1
"school.""",1
tramsa,1
modon's,1
“first”,1
factually,1
goerke's,1
suction,1
jaws.,1
two-fingered,1
five-fingered,1
"versions,""",1
"""different",1
"chickpeas,",1
al-balad,1
al-mukarramah.,1
"manage,",1
"construct,",1
(fadden,1
faden,1
wholly-owned,1
students?,1
"46,381.54.",1
"""summit",1
yemen;,1
"chariots""",1
"""gideon's",1
"flood""",1
"""al-aqsa",1
"138,000).",1
souls’,1
"""al-shater.""",1
66.27,1
financial.,1
aswar,1
versions).,1
airplanes,1
six.,1
younis.,1
evidences,1
"venezuelans,",1
reply.,1
relegation.,1
"sierra,",1
lucian,1
"fire""",1
precios.,1
tyranny.,1
mínimo,1
salario,1
recordando,1
"dice,",1
"otro”,",1
tarde,1
mañana,1
"veces,",1
subir?’,1
va,1
¿no,1
"‘caramba,",1
pensando,1
connection.”,1
hallway.,1
demarcated,1
"park),",1
(xingu,1
quedábamos,1
"selves,",1
"huck,",1
"(ma'aden),",1
sidetracked,1
robotics.,1
"comeback,",1
"unabated,",1
"salameh,",1
olodumare,1
orisha,1
"orunmila,",1
weiping,1
attorneys,1
"capitalists,",1
"budgeting,",1
rollout,1
"applicable,",1
"davis,",1
proofreader.,1
"hint""",1
smitrych,1
19%.,1
(circassians),1
ssr,1
kabardino-balkarian,1
ribbon,1
unease,1
"warships,",1
"altitude,",1
brimming,1
brings…,1
shorter,1
strategy”,1
tactic,1
life-sustaining,1
“contravenes,1
tugar,1
cemil,1
"izmir,",1
el-qadir.,1
yugoslav,1
oscilación,1
acampanaba,1
u.s.–venezuela,1
samaria,1
judea,1
bronitskaya,1
enira,1
chipmunks,1
toads,1
winners',1
"1996-2003,",1
welding,1
"sufyan,",1
fabricated.,1
gün,1
indígena,1
flirted,1
cease-fire.,1
“look!,1
"deals""",1
"""arms",1
"molchanov,",1
relocated.,1
lift.,1
fog,1
"admit,",1
children.”,1
“graveyard,1
"so,”",1
pacify,1
cemetery,1
arana,1
twitter-like,1
zebras,1
tripoli,1
businessmen's,1
belarus.,1
constanta,1
fathallah,1
jamieson,1
2017–2021,1
€148,1
jovic,1
tuchel's,1
kagamé.,1
kigali,1
instructing,1
anadolu,1
collective.,1
well-understood,1
"yours,",1
"salah,""",1
committed.,1
"""bosque,""",1
bosque,1
tractors,1
queerness.,1
orsi,1
yamandú,1
1950.,1
15-time,1
metropolitano,1
qualifications.,1
"unevenly,",1
"1971,",1
78.1,1
"trail,",1
"grants.""",1
"fawzi,",1
hathaway’s,1
"appel,",1
quarters.,1
$344.1,1
hathaway.,1
teaser,1
placements.,1
"480,000",1
souidi,1
ouarda,1
arakan,1
han-koo,1
third-country,1
autumn's,1
aragua.,1
unavailable.,1
"commented,",1
thrashed,1
spirits.,1
privatized,1
cosco’s,1
"(npt),",1
mengü,1
fabra,1
pompeu,1
batch-mates,1
uncovers...,1
curiosity.,1
"sheet,",1
24.9%,1
$4.3,1
stronghold.,1
"transformation,""",1
"""tourism",1
(ppp),1
israel-hamas,1
"substantial,",1
6.3-inch,1
unmarried,1
17–35,1
humour.,1
wit,1
inscribed,1
“palestine,1
filter.,1
dormitories,1
"asteroid,",1
"trend.""",1
"""spread",1
"toledo,",1
lester,1
"saab,",1
tarek,1
(fintech),1
clarifying,1
country;,1
extremities,1
"tapestry,",1
"intimately,",1
cracking.,1
"ocean,”",1
re-directing,1
soul”.,1
“unfair”,1
hijabi,1
queensland.,1
pinporro,1
carpentaria:,1
pormpuraaw,1
"pinporro,",1
undoing,1
catered,1
halaib,1
"“halaibis,”",1
conforms,1
parties!,1
post-taif,1
chidindu,1
"rasoul,",1
rayan,1
“dr”,1
($983,1
parelheiros,1
adolescente,1
"periféricos,",1
centro,1
integrante,1
purity.,1
"honour,",1
misogyny,1
"27),",1
non-hijabi,1
osiris-apex,1
gazette,1
gyeongbok,1
seoul’s,1
hornet.”,1
al-suwailem's,1
registrations.,1
identified.,1
rochet,1
"significant.""",1
spreadsheet,1
"yousef,",1
plano,1
llamado,1
ingrained.,1
"exclusive,",1
zona,1
"$702,200).",1
"tenfold,",1
"dhungana,",1
87.7%.,1
churn,1
bonuses,1
"babylon,",1
nowhere.,1
synonyms.,1
spell,1
dictionary;,1
vorontsov.,1
iakov,1
"(roc),",1
interrogate,1
13.5%,1
"repairs,",1
diagonal,1
"polarized,",1
"primaries,",1
"movement""",1
"""liberal",1
"dropped,",1
7-5.,1
"bitter,",1
"sizes),",1
(although,1
"accompaniments,",1
bubbles.,1
"forming,",1
wikipedia.,1
twitter.,1
bypasses,1
falsifying,1
celsius.,1
high-carbon,1
u-23,1
"deployment,",1
al-qahtani,1
fawaz,1
hieromonk,1
priest,1
cubes,1
"(7-3),",1
"1-6,",1
alexandrova,1
ekaterina,1
"churchyards,",1
regiones,1
"antônio,",1
improves;,1
"retreats,",1
"panadería,",1
otras,1
vender,1
obligada,1
vio,1
familia,1
"monetaria,",1
"85.6%,",1
"sevrinovsky,",1
dating/hookup,1
"argyle,",1
off-market,1
‘fiery,1
cathedral,1
kashveti,1
easter,1
dallas's,1
unintentionally,1
kibira.,1
noises,1
(17,1
feet),1
"(4,900",1
"ܣܝܕܢܝܐ),",1
syriac:,1
"free.""",1
económica.,1
"paulista,",1
1.1727,1
"battery,",1
confederation.,1
regions:,1
points).,1
(500,1
"triumphed,",1
"świątek,",1
iga,1
radeče,1
51.149,1
93.148,1
(41,1
104.14,1
silkscreen,1
"descent,’",1
gazete,1
"rules,”",1
president-elect.,1
underlines,1
"nicole.""",1
nicky,1
"girl,",1
"salsa""",1
taduas,1
70–90,1
wasteful:,1
"embarrassing,",1
"ballots,",1
systems.”,1
redondo,1
capão,1
šiljić,1
"2023),",1
"liu,",1
(uffner,1
schmatta,1
repository,1
index's,1
631,1
624.7,1
uncovers,1
withdraw.,1
restructuring.,1
kiev's,1
"diminish,”",1
“distribution,1
duvar.,1
spider-man.,1
1.998,1
1.984,1
"overseas,""",1
malpractice.,1
verbatim,1
cell”,1
“al,1
corners.,1
sprawled,1
taipei,1
kitties,1
distinguishes,1
1.1703,1
pakhtunkhwa.,1
correctional,1
entrusting,1
"constraints""",1
"""ethical",1
kirovograd,1
3-nanometer,1
46%,1
corrects,1
šutar,1
order.”,1
realizer,1
al-khiran,1
lives;,1
27.3%.,1
"fact.""",1
myths.,1
"moment.""",1
qazi,1
(cjp),1
"items.""",1
"""getting",1
$317,1
flavors,1
curing,1
tereré,1
"juice,",1
humid,1
drier,1
gérard,1
bamyan,1
reuters',1
chatgpt.,1
behalf.,1
remarkable:,1
nico's,1
substantiate,1
prevention;,1
"syndrome,",1
nablus.,1
ochakov,1
$587,1
prequalification”,1
"mw,",1
340,1
uganda.,1
"kampala,",1
sect,1
(sc),1
isa,1
yisa,1
"big,",1
"1,578,",1
infusing,1
hyperrealism:,1
"2,300",1
sputnik,1
"uavs,",1
2-6,1
"3-6,",1
mechanism:,1
0.01%,1
mw.,1
"cdc,",1
clean-up,1
noboa,1
boodog,1
cjp's,1
"ibraheem,",1
inter-sectoral,1
(2016–2030),1
“architect”,1
"historic,",1
victoria’s,1
"prohibited,",1
locals’,1
multiculturalism.,1
4.46,1
vacating,1
whistle,1
21%.,1
$262,1
"courtyard?""",1
niger’,1
mega-development,1
"(bri),",1
"746,",1
prayerful,1
hamdi,1
saeeda,1
certainly.,1
"incomplete,",1
"falters,",1
karvajal,1
strand.,1
follicles,1
"scalp,",1
"""shameful,""",1
"bessent,",1
soars.,1
poipet.,1
"expansions,",1
stitch,1
"silk,",1
"wool,",1
embroidery,1
sigal,1
rainforest.,1
featureless,1
"glance,",1
"intimidated,",1
columns,1
"logins,",1
"yemeksepeti,",1
"arima,",1
zaghloul.,1
sinless,1
"pondered,",1
shops.,1
"bakeries,",1
"pastries,",1
karl-heinz,1
thaw,1
"resurfaced,",1
assume.,1
rangel,1
"eighth,",1
vascular,1
skybron,1
meran.,1
"waller,",1
chair:,1
chicago-booth,1
kyats,1
signatories,1
gymnast's,1
athlete's,1
yuliati,1
eta,1
mourns,1
asymmetrical,1
examples.,1
madžarević,1
hvnn,1
"vanna,",1
hem,1
exhibitions:,1
surfaces.,1
"layered,",1
"organisers,",1
khairkhana,1
taliban-run,1
"impropriety,",1
departmental,1
director's,1
bidder.,1
"carts,",1
two-square-kilometer,1
al-manfalouti's,1
"""maggalene,""",1
"""looks,""",1
"""lessons""",1
donkey,1
"nolan,",1
resounding,1
subtly,1
"rodriguez,",1
booths,1
sympathies.,1
"zaghloul,",1
al-manfalouti,1
"linguist,",1
nyc.,1
armory,1
harper’s,1
frieze,1
ebgi,1
anat,1
"nuseirat,",1
photographer,1
scrolling,1
watercolors,1
youth-driven,1
cade,1
integrative,1
ranasinghe,1
kasumi,1
bukavu,1
"interviewed,",1
pnn,1
bashombe,1
massacred.,1
al-ahmad.,1
(66),1
"enugu,",1
fivefold,1
"educator,",1
"perspective.""",1
credentials;,1
"concluding,",1
"al-manfalouti,",1
"microcontrollers,",1
"ics,",1
"fund""",1
"""ahly",1
"najla,",1
esens,1
hurts,1
barrier.,1
wreaked,1
bhote,1
license:,1
bereft.,1
"87,",1
patwa,1
re-imposed,1
enlarged,1
reactors.,1
band-aid,1
won’t.,1
realism:,1
"approach.""",1
"""desire""",1
fuss,1
unsung,1
doable.,1
prevails.,1
straddling,1
"1954,",1
"liver,",1
(afp).,1
$295,1
painkiller,1
levant;,1
chilli.,1
"garlic,",1
"onion,",1
chopped,1
soy,1
tama,1
"""high-level""",1
awakening,1
"manufacturability,",1
"kosis,",1
misinterpreting,1
over-moderating,1
region.”,1
“tech,1
"hardware,",1
"electrification,",1
"husbandry,”",1
[a],1
offal…,1
products.”,1
superb,1
regime…,1
“world-famous,1
"chan,",1
well-executed,1
"topic.""",1
"""fairly",1
sarcasm:,1
"anxiety.""",1
goal;,1
"tondolier,",1
"manufacturing""",1
opening:,1
rhetoric.”,1
"petrosyan,",1
anush,1
gadimova,1
nazrin,1
unitree,1
optimization.,1
buyer.,1
fridays.,1
tuesdays,1
organization),1
mid-evacuation,1
abandonment.,1
beforehand,1
manually.,1
"bombers,",1
"1,550,",1
warheads,1
hampers,1
"searches,",1
"centamin,",1
"ashanti,",1
underwater.,1
121%,1
8.6%,1
circumstances?,1
field?,1
pellara,1
ione,1
$56m,1
$69m,1
$125,1
personalities.,1
sauer,1
81st,1
southampton,1
email.,1
"archaeologists,",1
excavated,1
parma,1
re-creation,1
lessor's,1
"""show""",1
podstakanniks,1
"1892,",1
light;,1
beiruti,1
ability.,1
"empathetic,",1
open-minded,1
within.”,1
"secrets,",1
exiled.,1
challengers,1
"infants,",1
(opec),1
traktor.,1
"al-shorta,",1
"al-sadd,",1
"al-sharjah,",1
1946.,1
"atlético,",1
reales,1
"sindyan,",1
itten,1
wr,1
waltz,1
hoeness,1
"birthday,",1
"rummenigge,",1
system;,1
"walkout,",1
tracing.,1
"norm.""",1
"""widespread",1
"wheat,",1
al‑qarara,1
baladi,1
mouth.,1
arch-rival,1
miscarriage,1
talibé,1
​a,1
632.2,1
207.3,1
"people,’",1
‘university,1
billings,1
(gnp),1
ethnicity.,1
repelled,1
rose.,1
"4.0%,",1
“apocalyptic,1
“throne”,1
bilaterally,1
"disruption,",1
eight-article,1
propagation,1
wassila,1
"endocrinologist,",1
tayouna,1
fadila,1
29.46247,1
"177,000",1
co2,1
890,1
"turbine,",1
plains,1
stakeholders”,1
“real,1
"dictatorships,",1
"$1,150.75.",1
"$1,398.40,",1
"qir,",1
"mopco,",1
camaraderie,1
"suyoung,",1
playland”?,1
"""rigged.""",1
companies:,1
subsidy,1
"businesses.""",1
"""while",1
$15.993,1
$1.813,1
5th.,1
"7th,",1
5th,1
"thwarted,",1
scheme.,1
femininity,1
"chitour,",1
boumendjel,1
betrayed.,1
comrade”,1
ready-to-wear,1
"politicized,",1
07.22484,1
marzouk,1
1978.,1
"offal,”",1
animals”,1
316.7,1
xi’s,1
scaling,1
eight-week-old,1
cloudy,1
evenings,1
net-metering,1
173,1
mao,1
wechat,1
deshang,1
brightest,1
emphasizes:,1
compatible.,1
"riyadh""",1
"""prosperous",1
background;,1
fulbright,1
dixon,1
morris,1
"marks,",1
"cracks,",1
migrants.,1
(말벌동지),1
applauded,1
count.,1
follower,1
quench,1
sweat-soaked,1
apart.,1
tearing,1
"divides,",1
"aspects,”",1
krw,1
concurrently,1
"else,""",1
hike.,1
xiaoping’s,1
deng,1
zedong’s,1
"reservoirs,”",1
volga,1
colonialists,1
synchronize,1
immigration.,1
“rohingya”,1
“bangladeshi”,1
“demographic,1
disciplined,1
"tarnopolsky,",1
noga,1
leave.”,1
20.9%.,1
driest,1
drone.,1
fayval,1
posture.,1
persevere,1
predominant,1
yellow;,1
tinge,1
whiteness,1
retract,1
warming.,1
illness.,1
counterargue,1
task:,1
shattered.,1
indo-us,1
lesser-known,1
"customer,",1
clout,1
playdough.,1
"""dangerous,""",1
abuses;,1
biden-harris,1
"must,",1
sebum,1
nations:,1
jurisdiction.,1
"innovators,",1
over-extraction,1
evaporation,1
"snowmelt,",1
neo-fascism,1
body):,1
nurseries,1
dortmund.,1
skin’s,1
hydrocarbon,1
odorless,1
paphos,1
haul;,1
"shaveh""",1
"""emek",1
universal.,1
“traditional,1
highe,1
—1.5,1
cardiology.,1
interventional,1
specialization,1
"""long-range",1
soma,1
opened.,1
100-game,1
"fair""",1
altitude.,1
"fragments,",1
3.40%,1
"3.45%,",1
"concessions,",1
implicate,1
mafia,1
"intermediaries,",1
implications?,1
quantified,1
forbids,1
dameel,1
hydrolipidic,1
bournemouth,1
sink.,1
"deteriorate,",1
2.3%.,1
correspond,1
digital”,1
"food,”",1
"“so,",1
(they),1
normalized.”,1
"mill,",1
"humanity.""",1
year—yet,1
"403,000,",1
raid;,1
remain.,1
616kw,1
"dataset.""",1
"exist,""",1
loop,1
befriended,1
grip.,1
imitation,1
"finding,",1
payol.,1
intercity,1
baniyas,1
"sides,”",1
objectivity,1
"an,",1
inland.,1
"archaeology,",1
spaces”,1
"restrooms,",1
forecasting,1
slovaks.,1
intermarrying,1
"stayed,",1
socialism.”,1
“build,1
"dorms,",1
condemnatory,1
"firecrackers,",1
2.08%.,1
nikkei's,1
restraining,1
"2.42%,",1
mahmood,1
"overheating,",1
”you,1
plans.”,1
”there,1
"disasters),",1
(national,1
cemaden,1
"seluchi,",1
"net"",",1
appendectomy,1
"danger.""",1
contaminants,1
"allen,",1
newsom's,1
selection.,1
co-locate,1
"lodging,",1
ondo,1
ez-zor,1
46-year-old,1
factories',1
"akure,",1
69th,1
behavioural,1
pre-defined,1
"unmarried,",1
marca,1
97.326,1
concepts?,1
"stillness,",1
softbank,1
95%.,1
"overstimulation,",1
union’s,1
313.4,1
"counted,",1
denmark.,1
ramallah-based,1
"eco-village,",1
"competence,",1
"mazloum,",1
abdi,1
"fifa,",1
42.9,1
tiper,1
inference,1
nanjing.,1
"showers,",1
"""mega-cluster""",1
idoba,1
años.,1
cinco,1
apenas,1
cuarta,1
entraría,1
agriculture's,1
preocupación:,1
despertó,1
"""amonit",1
neuss,1
"""neuss",1
"templates,",1
locals.,1
counterpoint:,1
cum,1
pakistan.”,1
"vivo,",1
fulfilment,1
republican.,1
"administrations,",1
unevenly,1
margaret,1
churchill,1
gym.,1
"minkarsky,",1
oleg,1
"penza,",1
gym,1
"recommendation,",1
"1,148",1
"swati,",1
"ndebele,",1
"somali,",1
"shona,",1
"rundi,",1
"oromo,",1
"kikuyu,",1
"igbo,",1
biodiverse,1
conforming,1
imperatives.,1
"(sdgs),",1
verification.,1
practise,1
mbbs,1
(undergraduate),1
noticia,1
oyó,1
"siqueira,",1
firmina,1
jacy,1
1993,1
"al-jadeed,",1
al-araby,1
"suppliers,",1
"mills,",1
alloy,1
yoruba.,1
"pidgin,",1
"tswana,",1
"twi,",1
"tigrinya,",1
"sutures,",1
"rejected,",1
linkage,1
conquest,1
(amlo),1
"tiempo,",1
poco,1
communiques,1
"3,736",1
"3,765",1
"5,070",1
stipends,1
ehsaas,1
milestone.”,1
work...,1
thatcher.,1
anymore,1
challenged.,1
"provoked,",1
"taught,",1
finales,1
"intercontinental,",1
pirogue,1
bolivia’s,1
administrations,1
"orbit,",1
booster,1
"forum,""",1
wrap,1
“bribe”,1
beggars,1
"chichewa,",1
up’,1
"all""",1
barbaric,1
nations-commissioned,1
appalling,1
"infrago,",1
mushroom,1
"slashes,",1
erect,1
mangled,1
flipped,1
"ruins,",1
union),1
recommendations:,1
mulamula,1
overstated.,1
6.8%.,1
"93.2%,",1
721,1
"aquifers,",1
"owned,",1
felipe's,1
"iqbal,",1
ahsan,1
"portfolio.""",1
indianapolis,1
highways,1
"arcapita,",1
"hipp,",1
nagla.,1
infrequently,1
cantonese.,1
tonne,1
‘make,1
luton,1
floated,1
"block,",1
hinkel’s,1
8.04,1
5.63,1
divide.,1
them”,1
breakaways,1
trenches,1
amplification,1
kaleswari,1
"thiagarajan,",1
janasekar,1
saplings,1
unrealized,1
sunday),1
(12:00,1
entertain;,1
$173.58,1
juke,1
"gabriela,",1
"subha,",1
contents,1
"invisible,",1
barcelona-paris,1
pessimistic.,1
halt.,1
teknofest,1
system…or,1
mertz,1
military​.,1
"accomplices.""",1
"falsehoods,",1
"(stc),",1
"281,",1
chile’s,1
bollywood.,1
grossed,1
"equity,""",1
rwanda-backed,1
“us,1
atypical,1
"""teaser""",1
utter,1
bodies;,1
bushes,1
therapist,1
(solutions),1
"improved,",1
"passed,",1
gcc's,1
unretouched,1
organic.,1
"doctrine,""",1
"reassurance,",1
duplicity,1
migrations,1
stigmatized,1
aghabekian,1
£500,1
(btus),1
infrustructure.,1
"1,000–2,000",1
"""budget",1
vandalizing,1
"5,140",1
"5,874",1
"brutal,",1
"assistants,",1
"trap!""",1
colombo.,1
impropriety,1
enabler,1
yaysla,1
overwhelms,1
"segmentation,",1
buildings.”,1
"anti-zionist,",1
call.,1
donetsk,1
kliban-bek,1
"""south""",1
non-disclosure,1
reset,1
experiment.,1
microbiome.,1
microbial,1
“free”,1
deal;,1
"shells,",1
mortar,1
al-kayaryah,1
arabiya/al-hadath,1
"malqa,",1
"ucla,",1
sarah.,1
"her,”",1
toulouse,1
düsseldorf-essen,1
industrialize,1
oil-based,1
"jail,",1
incrementally,1
"bsat,",1
48.19,1
ansar,1
wikimedians,1
co-founders,1
"sardar,",1
memberships.,1
"point.""",1
"combat,",1
"sizes,",1
(currently,1
"waging,",1
lists”,1
500-point,1
curve,1
"vegetation,",1
242-hectare,1
genocides,1
pension.,1
cyclones,1
"clarification,",1
"closing,",1
switched,1
job?,1
personas.,1
mejorar,1
sino,1
"deudas,",1
rashidiya,1
akkad,1
"rsf,",1
"243,400",1
33.7%,1
"patented,",1
farzin’s,1
rial’s,1
"martin,",1
marochan,1
"extended,",1
module,1
glossy,1
delegations',1
4.55%,1
4.59%,1
navy's,1
"1903,",1
mistress,1
"ribbon,",1
"alert""",1
micro-actions.,1
62%,1
unhappy,1
model”,1
“white-listed,1
zabihullah,1
fungal,1
periodontal,1
"122,000",1
25.3,1
"sunbula,”",1
“ninth,1
"commander,”",1
"gardener,”",1
insert,1
kendo:,1
"company,”",1
“pul-e,1
"prison,”",1
“bagram,1
decoration,1
polycyclic,1
serious:,1
pago,1
solamente,1
asigne,1
fiscales,1
metas,1
revisas,1
además,1
tecnología,1
"industria,",1
"king,",1
estimular,1
obra,1
"""pragmatic",1
mujahid,1
47%.,1
"65.4%,",1
darín,1
"menace,",1
"walls,”",1
“kabul,1
"salvo,",1
alba's,1
jordi,1
"standards,""",1
purity,1
"""ultra-high",1
estuaries.,1
anthracene,1
phenanthrene,1
hydrocarbons,1
al-adha,1
lambs,1
mano,1
calificación,1
invertir,1
"cleberson,",1
"juego,",1
camino,1
"$200,000",1
"thiel,",1
desktop,1
"ruhma,",1
kraus,1
preside,1
99.5%.,1
96.4%,1
august/october,1
paypal.,1
tech-savvy,1
"subscriber,",1
(fsr),1
burhan,1
factions:,1
"£45,000.",1
golfer-turned-striker,1
59-year-old,1
most;,1
tributes,1
intermittent,1
"fellowship,""",1
"""thiel",1
recession,1
"""nuclear",1
18.83,1
"(nhc),",1
honesty,1
understand.”,1
upped,1
"flourished,",1
trinidad.,1
beni”,1
“chadon,1
weed”,1
“spirit,1
alien,1
dagalo,1
salgado,1
september/october.,1
vahid,1
hemeti.,1
"""al-saqqa""",1
"crashed,",1
broth.,1
refrigeration,1
“covered”,1
eightyieth,1
"partnerships""",1
rajnath,1
excellency's,1
durov's,1
hamada,1
al-shati,1
pellet,1
"plan,""",1
7.65,1
repealed,1
polythene,1
involved.”,1
"468,360",1
"1,179,699",1
"donors,",1
assaulted.,1
30.4,1
undp,1
equality.”,1
amlo's,1
toledo,1
álvarez,1
cayetana,1
"(pp),",1
20.47,1
abascal,1
vox,1
"bulbul,",1
nakash,1
"al-sha'ariyya,",1
"al-safiriya,",1
al-naqaz,1
"bouabiya,",1
"al-khartif,",1
"bubashir,",1
"laqaya,",1
hegemonic.,1
contradictory:,1
"3,000)",1
"""confronting",1
"outcry,",1
overturned,1
popplewell,1
ai),1
özel,1
(each,1
"460,000)",1
"hoi,",1
(28,1
"municipality,",1
nha,1
phong,1
pillars.,1
corrugated,1
"347,000",1
17.58,1
"16.47%,",1
owl.,1
"1,567,705",1
devotion.,1
obedience,1
ibrahim’s,1
commemorates,1
"sacrifice,”",1
“festival,1
"al-adha,",1
"$3,809,",1
2005).,1
amorim's,1
blasphemous,1
"el-sheikh,",1
sharm,1
(after,1
sporadic,1
telephones,1
eradication,1
academies,1
google.,1
"""sana.""",1
hotel's,1
"concorde""",1
"""lepark",1
"sheraton""",1
sec’s,1
"wquaboard,",1
"‘pipe,’",1
squadron,1
ugly.,1
"dough,",1
kneading,1
orderly,1
slaps,1
history—whether,1
symbolic;,1
unconsciously,1
memo.,1
"""women",1
"lifeboats,",1
"arctic,",1
seeping,1
"collision,",1
"storms""",1
"""terrifying",1
"emily,",1
platforms’.,1
us–mexico,1
home-made,1
2050.,1
(afdb),1
el-gamasy,1
abdel-ghani,1
"el-shazly,",1
"riad,",1
moneim,1
al-baz,1
detailed.,1
inheritance.,1
shopkeepers,1
"good,",1
engineering.,1
"adaptability,",1
redesigning,1
"malnourished,",1
ai-operated,1
"pentagon,",1
catches,1
hand-woven,1
pirogues,1
costly.,1
"turbines,",1
robberies,1
mashamba,1
"kov,",1
"t17,",1
129.3,1
145.69,1
‘required,1
1456.,1
al-qâsimî's,1
al-hûfî,1
‘alî,1
al-idrisi's,1
counterattack.,1
intel.,1
intel's,1
ad-tech,1
counted.,1
formality;,1
panmunjom,1
hanoi,1
logical.,1
galaila,1
timmer.,1
fidelity's,1
either/or,1
darko,1
posts…,1
administrators.,1
"selling.""",1
devils.,1
foreigner,1
"ferreira,",1
announce.,1
sabra,1
"engrist,",1
bodyguards,1
often.,1
australians,1
"airplanes,”",1
calms,1
refuses.,1
"host],",1
"claws,",1
economics.”,1
“cold,1
heritage?,1
reckoning.”,1
stoke,1
center-left,1
"golob,",1
cost-effective.,1
turbulent.,1
seven',1
'magnificent,1
singh's,1
arts?,1
capitalist-driven,1
redevelopment,1
years-long,1
aromas,1
2025!,1
novosti,1
inspected.,1
"pedestrians,",1
premises.,1
"nearby,",1
"net,",1
"councillors,",1
held:,1
romana.,1
gestational,1
dnevnik,1
cryopreservation,1
evin.,1
"lie.""",1
"plus""",1
"""canal",1
"""click""",1
"mail"".",1
"shoulders,",1
position's,1
"sinan,",1
two-and-a-half-year-old,1
india.”,1
sudatel,1
creature,1
19%,1
profit.,1
"25-30%,",1
norris's,1
piastri's,1
"is,""",1
"narrowing,",1
platforms',1
emulation,1
fitting!,1
underway?,1
defenseless,1
parked,1
"nothing,",1
hkfp,1
apnea.,1
oceanic,1
"thing,""",1
"ahorrar,",1
posibilidad,1
exhaustive,1
crowd.,1
condition?,1
players?,1
vibe,1
inside?,1
meloni,1
telegram:,1
overtake,1
develop…in,1
"prekmurje,",1
741,1
unit's,1
literacy.,1
"pacho,",1
"al-baroudi,",1
"may/june,",1
revisits,1
cruz’s,1
siguiente.,1
día,1
supermercado,1
ascendería,1
cuánto,1
prever,1
siquiera,1
"importante,",1
algo,1
informational,1
comprar,1
economizar,1
manama's,1
$779,1
"tati),",1
(raul,1
barroso),1
edgar,1
"sitoe,",1
tirso,1
"antónio,",1
(nelson,1
"franco),",1
(mis)use,1
"al-qarqani,",1
glowing,1
"al-damluji,",1
"futuro,",1
país/planeta,1
women-led,1
borderlines,1
wins.,1
night...,1
queries.,1
post-disarmament,1
region?”,1
peace:,1
“kurdish,1
chatham,1
"wenfeng,",1
liang,1
mean?,1
“horror”,1
364%,1
sectors',1
9.7%.,1
customer.,1
fibres,1
abstractions,1
anatomical,1
"debts,""",1
"(pboc),",1
cris,1
fernanda,1
inherit,1
"murnau,",1
ghostly.,1
"inflows,",1
baptist,1
"6,200",1
"mall,",1
councils,1
1996.,1
"1981,",1
"1963,",1
exclusionary,1
evangelicals,1
briefings.,1
protocol”,1
“government,1
19-page,1
mba,1
shahin,1
winged,1
"errors,",1
nbc,1
god.,1
fixated,1
messiah,1
podcasts.,1
"yi,",1
aoun.,1
"criticisms,",1
commander.,1
"liga,",1
"garces,",1
heartbeat.,1
sync,1
"jog,",1
website:,1
"together,”",1
"sum.""",1
australia-based,1
ibadoglu.,1
ill-treated,1
impartial,1
afghan.,1
"pakistani,",1
police?,1
yeol's,1
seok,1
"outrageous,",1
ponte,1
baltimore.,1
"psychosis,”",1
dealer,1
asia-africa-pacific,1
faulty,1
newsrooms,1
dart,1
sim,1
salvation,1
"foodie,",1
calf,1
galtieri,1
danced,1
"rudaš,",1
methodological,1
wing.,1
“red-tagging”,1
"4-3,",1
"8,861.10",1
echo's,1
"40,160",1
"3,347",1
"4,303",1
"5,737",1
rubles.,1
"southeast,",1
"37,000",1
exports.”,1
"welcome,",1
rahmani,1
mosavar,1
gigawatt,1
"""liberal.""",1
enmannuel,1
coordinated.,1
"tosya,",1
widen,1
leningrad,1
solemnization,1
“refuse,1
clerics,1
registrar,1
poda’s,1
action.”,1
“registrars,1
research's,1
"types.""",1
duca,1
"aim,",1
hakyung,1
al-qaeda.,1
9/11,1
"bourdieu,",1
pierre,1
deleuze,1
gilles,1
"2045,",1
"fortune,",1
created?,1
(dm):,1
396.5,1
ves,1
nová,1
spišská,1
kežmarok,1
"poprad,",1
menace,1
documents.”,1
bijan,1
incarcerated,1
"detainee,",1
maneuvering.,1
"family.""",1
"parentage""",1
stigmas,1
shelter;,1
insanity,1
opts,1
reaction;,1
"unfolding,",1
television's,1
initiatives.”,1
(cbirc),1
robbery,1
"schizophrenia.""",1
mazorenko,1
dmitriy,1
facilitators,1
"present,”",1
"belgorod,",1
adoption.,1
"variation,",1
"contested,",1
thought?,1
writer?,1
"addressing,",1
95.51,1
66.13,1
genome's,1
syndromes,1
27.5%,1
1964.,1
"nearer,",1
$980.,1
$840,1
$840.,1
"$700,",1
genderless.,1
faceless,1
[covid-19],1
endorses,1
"rangel,",1
ray.,1
"moment,”",1
(中国将大力支持发展中国家能源绿色低碳发展).”,1
“step,1
"pets,",1
"spots,",1
paste.,1
"velvety,",1
grind,1
"sold,",1
"incorrect.""",1
break.,1
"exclaimed,",1
"laser,",1
"haifa""",1
"rahmani,",1
mosaffar,1
mutations,1
pmu.,1
"""haifa",1
reintroduced,1
(fa),1
amplio,1
frente,1
co-hosted,1
lng,1
"forgiveness,",1
"condolences,",1
"prayers,",1
obituaries,1
overflowed,1
"misrata,",1
"road""",1
"""belt",1
"""oslo",1
"sampaghi,",1
badou,1
"agent,",1
theirs.,1
“trespassers”,1
trespassers,1
southward,1
rakhine,1
allies;,1
likud,1
fact-based,1
non-listed,1
"fraudsters,",1
nakashima。,1
ranked世界第一，顺利晋级东京500锦标赛的半决赛，在周日以6-2和6-4轻松击败了美国选手brandon,1
qatar-based,1
"antananarivo,",1
constructively,1
indices.,1
province).,1
(good,1
iyi,1
(two,1
"(mhp,",1
"(dem,",1
imprisoned.,1
khoshtaria,1
elene,1
droa,1
alwaleed's,1
weaker-than-anticipated,1
"community,""",1
"newsroom,",1
nay’s,1
bulgaria's,1
1913,1
ottomans.,1
"stoppage,",1
"mentors,",1
al-rawi.,1
bassam,1
"piatek,",1
krzysztof,1
"alberto,",1
"verratti,",1
edmilson,1
almoez,1
"self-interest,",1
"lies,",1
unites.,1
divide;,1
unifies,1
occupier,1
"shelling,",1
appear.,1
defenses,1
coders,1
schubert,1
car's,1
litigants,1
transcripts,1
"al-shaar,",1
"accords,""",1
"carefully,",1
"actresses,",1
$70.13,1
"1.02%,",1
concealing,1
1976.,1
"suspect),",1
bracelet.,1
acquaintance,1
"suspect,",1
imprensa),1
(observatório,1
interdisciplinary,1
infamy;,1
svalbard,1
2.978,1
"primarily,",1
readability,1
factual,1
($24.7,1
compared.,1
"6.1%,",1
moriah,1
"""oil",1
cyber-criminals.,1
"compare,",1
"nantes,",1
"prime""",1
cacastrophy,1
"18:22,",1
four;,1
three;,1
bitkom,1
5.17%.,1
"brazen,",1
"""sh""",1
jokris,1
"17th,",1
"saint-georges,",1
neves,1
"leaderboard,",1
$8.8,1
2.703,1
khalid,1
"hancock,",1
ivanhoe,1
barrick,1
"""ma'aden""",1
renowned.,1
vegetarianism,1
"connect,",1
"someone,",1
"come.""",1
"""bibi,",1
trump:,1
logistic,1
haifa.,1
sea...,1
diving,1
motorcycles,1
riding,1
"vent,",1
consequences?,1
"raid,",1
chess.,1
"depositors,",1
"longevity,",1
"(apples,",1
"floral,",1
"thyme),",1
"oregano,",1
shopkeeper.,1
"nurse,",1
confirmed.,1
yavorczyk,1
"ahronoth,",1
21.8,1
discussed.,1
demographic.,1
poll-tested,1
microsystems,1
subcontractors,1
dispute;,1
(under,1
"jordan),",1
"""depository""",1
"borders,""",1
sixty,1
lucia.,1
"including,",1
bushes.,1
"raspberries),",1
show-off,1
"vulgar,",1
pears),1
child-lifting,1
unreconstructed.,1
stampedes,1
"african,",1
discriminate,1
"emara,",1
"weiwei,",1
manuscript,1
boulevards.,1
midtjylland,1
carab,1
erosion.,1
freedom!,1
f.,1
"$440,000",1
bioenergy.,1
bio-optics,1
(nomu),1
"administration),",1
ring.,1
purse,1
casing,1
dents,1
adopters,1
"marsh,’",1
rainbow,1
‘rise,1
"merger,",1
african-born,1
"(strawberries,",1
berries,1
"ecocide,",1
lucas,1
"dynasty,",1
bessie,1
uninhabitable,1
centuries:,1
panelists,1
yangtze,1
760-acre,1
"wuhu,",1
abramovich,1
"them""",1
vs,1
"""us",1
fans:,1
mourinho's,1
"tragedy,",1
adventure,1
learns,1
hell;,1
"1930s,",1
locals:,1
"alleys,",1
"jams,",1
takedowns,1
(60,1
"236,2",1
"152,4",1
"3,100",1
months’,1
stark:,1
kandil.,1
china-related,1
tumen,1
(msf),1
subjugating,1
"rafah,",1
delicately,1
predictors,1
concerns:,1
parasocial,1
"natives,",1
highlands,1
orographic,1
downpours,1
34.9%.,1
325,1
"yacoub,",1
strife,1
capitalizes,1
cliff,1
loquan,1
steelpan,1
boothman,1
"regulatory,",1
at-risk,1
negligibly,1
emitters,1
humiliate,1
future-oriented,1
"islamic,",1
place?,1
ming,1
mid-17th,1
garden.,1
higher-than-normal,1
"chaos.""",1
"“dangerous,”",1
“unconstitutional”,1
"nokia,",1
earnest.,1
2.79,1
sangi,1
protons,1
neumann,1
ihsan,1
"choices,”",1
rania,1
exchange?,1
autocephalous,1
"genre,",1
stalwarts,1
2022-23,1
three-tournament,1
communication.”,1
assistance;,1
"35.5,",1
"stuff.""",1
"""get",1
shehla,1
dislodged,1
putong,1
chery,1
"grip,",1
"europe,""",1
hibin,1
year:,1
stellar,1
rarer.,1
reboot.,1
mongolians,1
"1921,",1
turmoil.,1
verify”,1
"9a,",1
black-letter,1
entrench,1
goiás,1
do?,1
cost:,1
open-heart,1
thirties,1
"khaled,",1
"migrant,",1
суде,1
басманом,1
кеворкова,1
($1.19,1
kronor,1
bc,1
calendar;,1
"1919,",1
peacekeeping?,1
vacated,1
"settlers,",1
editor's,1
cheers,1
"zijin,",1
constraint,1
mariupol,1
"accessed,",1
abusing,1
(iron),1
shi'ite,1
add-on.,1
wiggle,1
"benchmarks,",1
risk-assessment,1
kenya-style,1
image-abuse,1
ghana-style,1
collectives.,1
algérien‘s,1
residency.,1
realized?,1
state-aligned,1
commander's,1
post-aggression,1
"insubordination,",1
qalibaf,1
bagher,1
commanders’,1
scriptures,1
settle.,1
oligarchical,1
pasts,1
honestly,1
woca,1
intimidate,1
suspension.,1
"gouna,",1
alvina,1
descriptive,1
chang,1
offshoot,1
sweida’s,1
07:12,1
555.1,1
"(december),",1
"isolated,",1
mixologist,1
wrath,1
“allah’s,1
misery,1
gates.,1
overpaying,1
principal.,1
wandered,1
shehata,1
"lineup,",1
spiraled,1
"start),",1
(new,1
must’ve,1
nolan,1
"surely,",1
"“complicit,”",1
region-wide,1
airwaves,1
girchi–more,1
"agmashenebeli,",1
$2.81,1
"peaks,",1
copies,1
पार्टी,1
regeneration,1
selections.,1
chichinadze.,1
andro,1
"al-hillal,",1
मैं,1
रातभर,1
इयर्स,1
“नई,1
"gabbana.""",1
"""dolce",1
subordinate,1
discovery.,1
(al-wansh),1
hamdy,1
al-akhedod,1
"leniency,",1
safashahr,1
gharibnavaz,1
"population,”",1
melodies.,1
devotional,1
maithili,1
चाहिए”,1
जाने,1
मंदिर,1
नववर्ष,1
हिन्दू,1
नहीं,1
1940s,1
"shu,",1
"""iphone",1
"iphone,",1
seventh.,1
"sixth,",1
“очередной,1
created.,1
russia-based.,1
hormone,1
"melatonin,",1
"""things",1
"players.""",1
"second.""",1
"""benzema",1
obese,1
"""popular",1
al-azraq,1
"d'or,""",1
(1979–2017),1
"occasion.""",1
"davenport,",1
explanatory,1
"""husayn,""",1
"traction,",1
tajikistan’s,1
21%,1
mengü.,1
"netherlands,”",1
enclave.,1
six-week,1
करने,1
embroiled,1
"fold,""",1
надежда,1
посты,1
тюрьму,1
брошен,1
журналист,1
cruising,1
bay.,1
"louis,",1
"phoenix,",1
"orlando,",1
kansas,1
"denver,",1
"baltimore,",1
flatter,1
"softer,",1
miquez's,1
"wood,",1
"""arctic,""",1
"""ragasa"".",1
surplus.,1
year's同期。,1
"45,200",1
"3.2%,",1
"52,300",1
senate.,1
visa-free,1
"hampshire,",1
(sana).,1
ontario,1
misunderstand.,1
"horsepower,",1
"2,856",1
bluntly,1
"idlib""",1
"implants,",1
impaired,1
als,1
impairs,1
nerve,1
"(als),",1
neurodegenerative,1
strokes,1
mid-season,1
horner,1
"chirigüile,",1
$1.9,1
$38.22,1
reinstated.,1
princely,1
hongdong,1
improvised,1
(tuesday).,1
sharply.,1
(56,1
"zhongjie,",1
"means,""",1
"confirm,",1
jessica’s,1
technology.”,1
[or],1
“try,1
shore.,1
postcard,1
"continue.""",1
transmitting,1
thief,1
projection,1
"budged,",1
stitches.,1
sotavision,1
москвы”,1
broadcom's,1
"seven,""",1
"henderson,",1
$34.7,1
"unchanged,",1
jeju,1
"arabism,",1
1996,1
ashes,1
loneliness,1
hezbollah’s,1
taker,1
"390,000",1
10.9,1
pitfalls,1
7.92,1
"usura,",1
dejó,1
ofrecidos,1
mejoraron,1
comerciantes,1
entrada,1
posibilitó,1
ensue,1
"reduction.""",1
"undeniable,",1
mosque.,1
raphael,1
"foolish.""",1
imitated,1
"remarkable.""",1
america...,1
"fatma,",1
first.”,1
sofia,1
“fingerprints,1
mercado.,1
encima,1
earths.,1
"nouadhibou,",1
práctica,1
cobrar,1
"sweilem,",1
"transfer""",1
"""safe",1
stockpiles.,1
"nader,",1
elias,1
followed.,1
juxtaposed,1
ascribes,1
marchers,1
fasting.,1
warms,1
soup,1
"sakhina,",1
nasha,1
overuse,1
"(uav),",1
additionally,1
subtracting,1
"protested,",1
"(fintech),",1
realms,1
consensus-driven,1
"rights-based,",1
"conceptually,",1
debts.,1
composure,1
kosovo's,1
"smartphone,",1
three-in-one,1
intereses,1
hierarchy.,1
zero-tolerance,1
suffocated,1
isp’s,1
pyongyang,1
"sent,",1
nupe,1
standardize,1
"donnarumma,",1
1700,1
stigmatization.,1
raiding,1
azman,1
"venice),",1
titian,1
biotechnology.,1
cybercrimes.,1
inquires,1
“trickster,1
al-zaybaq,1
sugud,1
"""depth""",1
2030).,1
sliding,1
permafrost,1
14.7,1
mills,1
luke,1
glaxosmithkline,1
"performers,",1
"(tplf),",1
long-time,1
"help,”",1
“i’m,1
kopa,1
1985).,1
"(1983,",1
platini,1
chatelet,1
pwc.,1
"30s,",1
candidate?”,1
height.,1
"landfall,",1
brainstorm,1
pause:,1
"1,230",1
"misleading,",1
unraveled.,1
"recycling,",1
management:,1
demeanor.,1
download.,1
1.2),1
re-ignition.,1
cooled,1
"tartous,",1
bdr,1
(2022),1
"(1998),",1
zidane,1
zinedine,1
"(1991),",1
papin,1
"stratification,",1
jean-pierre,1
"(1958),",1
promotion.,1
15):,1
"simple""",1
"giants.""",1
"""alibaba",1
howe,1
"isak,",1
"howe,",1
protections.,1
rollbacks,1
kremlin's,1
"3-1,",1
nd,1
3.49,1
jury's,1
(fln),1
"cause”),",1
unstable.,1
kraus',1
paint.,1
situ,1
"desired.""",1
"desired,",1
topics...,1
dhaka.,1
546,1
atrocities.,1
boycotts,1
caste-inflected,1
scratching,1
mosaics,1
evel,1
"halligan,",1
"guilty,",1
“communication,1
retaliate,1
$800,1
bain,1
(akp).,1
boarded,1
self-perception.,1
"procedure,",1
ft.,1
(25,1
7.76,1
joking,1
inches),1
(11,1
"steak,”",1
“equivalent,1
664,1
reinvestment.,1
$176.3,1
counterforce,1
realignment,1
friends.”,1
"slovak,",1
48.22,1
48.08,1
suggested.,1
“teenagers,1
deformation,1
"secretary-generals,",1
"berri,",1
"warriors,",1
fln,1
mujaheddine,1
majesty.,1
"calmly,",1
stressed.,1
"""gbt",1
outlooks.,1
97.9,1
(22.5,1
76.2,1
"‘cascade,’",1
"polyphenols,",1
righteous.,1
scientific),1
"(cultural,",1
revolutions,1
agrarian,1
scammed,1
"differ,",1
"diesel,",1
"beryl,",1
deterring,1
airy,1
"bright,",1
"elevator,",1
"""blue-state""",1
opaque.,1
iterations.,1
consent),1
elamri,1
rectors,1
border-adjacent,1
er,1
"parti),",1
(dem,1
"bakırhan,",1
tuncer,1
hatimoğulları,1
tülay,1
"circumstances.""",1
"""araqchi",1
tallest,1
inaugurates,1
sharraa,1
“structural,1
anti-feminism,1
mobarakeh,1
elements:,1
"abstraction,",1
exemplify,1
saadi,1
voyages,1
mid-19th,1
zooming,1
negotiation.,1
"undertake,",1
cauterizing,1
"""last""",1
viable.,1
track.,1
taxonomic,1
unhealed,1
"vague,”",1
6.26%,1
0.04,1
freddie,1
honouring,1
much-awaited,1
funded.,1
steering,1
"meetings,”",1
“general,1
easy-to-read,1
continent's,1
"hero,”",1
"anymore,”",1
“very,1
"snacks,",1
rushing,1
restrict.,1
transistors.,1
grasp.,1
"lady,",1
hakeem,1
"41%,",1
"megastar,",1
"shakira,",1
"own.'""",1
tuchel,1
"nagelsmann,",1
smoothly.,1
"decrees,",1
regimen,1
hoeneß,1
"""uli",1
elucidated,1
mumbai's,1
gastroenterologist,1
"solanki,",1
dattatray,1
(翰林茶館).,1
"tsong-he,",1
"sensors,",1
tactile,1
"procedural,",1
brainstorming”,1
civilization.,1
"detection,",1
schumer.,1
"thune,",1
russia?,1
symbolize?,1
state...,1
it.”what's,1
"43.72,",1
jereem,1
$513,1
"$3,800",1
$266,1
dahra,1
safa.,1
82-year-old,1
yearn,1
suitcases,1
dimitriy,1
"fusions,",1
shiver,1
influence?,1
opposition?,1
grok's,1
"260,000",1
"(44.20),",1
ndori,1
bayapo,1
medallist,1
43.53),1
kebinatshipi,1
sandwiched,1
"omani,",1
"balushi,",1
last.,1
collen,1
busang,1
anónima,1
ypf,1
(紫金矿业),1
zijin,1
restaurant.,1
gourmet,1
demographics,1
"statistics.""",1
"""methodology",1
cne’s,1
lutnick's,1
1973.,1
"71,000,",1
surprised.,1
slovenia.,1
"posavje,",1
quant,1
prohibition.,1
"dolenjska,",1
noticeably,1
paradigms.,1
"separations,",1
inhumanity.,1
evoked,1
"akturk,",1
concept.,1
"surprise,",1
"muhanna,",1
"""dalida"",",1
mint,1
"sweetened,",1
"reheated,",1
"respect"").",1
"(""lack",1
"(""not",1
silvia,1
harm’s,1
52%,1
74%,1
solana,1
"$120,000",1
"$110,100",1
lyon,1
iphone.,1
"surprising.""",1
wisdom;,1
krajina,1
bela,1
"""viral""",1
companions.,1
proficiently,1
"""motswedi.""",1
kilogram),1
498,1
"2,492",1
"droplets,",1
cathode,1
(ypf),1
alcoholic,1
transparently,1
covers.,1
re-opening,1
"bahçeli,",1
devlet,1
"mhp,",1
120.12,1
"listening"")",1
approximates,1
inflation),1
see…and,1
biases.”,1
viewer’s,1
"‘truth,’",1
two-dimensional,1
"paradox,",1
team?,1
unveiled:,1
"6,300mah",1
"agha,",1
cavid,1
eros,1
actualised,1
settler-colonial,1
"violations.""",1
"received,",1
so?,1
scripture,1
"process""",1
"sandu,",1
why?”,1
groom's,1
(1910–1945),1
pkk.,1
fifth-generation,1
dissatisfied,1
"golf,",1
"wrestling,",1
deprivation,1
firepower,1
implosion,1
constrain,1
edge.,1
rationalize,1
slides,1
"world.""",1
"memo,",1
supercharged,1
"""fast-spreading""",1
"fragmentation,",1
emitting,1
excited.,1
lycopene,1
"ripening,",1
youth”,1
“empty-nest,1
20.7,1
arms;,1
weapons...,1
"nbc,",1
"exclusively,",1
duty-free.,1
bloc.,1
"associates.""",1
eclectic”,1
“expressive,1
pets,1
gulf-based,1
straightforwardly,1
"boxing,",1
leaned,1
god.”,1
"die,",1
"heart-wrenching,",1
glass?!”,1
18.2,1
cuny,1
581.638,1
fury,1
(空巢青年),1
disciplines,1
particles.,1
"post-""flood",1
"rules.""",1
"""engagement",1
"sinwar,""",1
dynamic.,1
illustrative,1
tide),1
marea,1
16th.,1
"36,",1
april's,1
matures,1
9.2,1
petitioned,1
"walk,",1
ids.,1
guns,1
spiked,1
"ghalala,",1
"samat,",1
wanting,1
menu.,1
safari,1
catalysts.,1
"unjustified,",1
alawwal,1
"pana,”",1
chama”,1
screenshots,1
weekly.,1
11-match,1
"dimension,",1
"directly,",1
(ab):,1
bandyopadhyay,1
facebook's,1
"cloud,",1
blacklisted,1
dpi,1
bloomberg’s,1
sandvine,1
"expectedly,",1
rumbled,1
"shipped,",1
windows.,1
laptops.,1
"commonplace,",1
stir-fried,1
bottled,1
largest-ever,1
chinese-style,1
repurchase,1
warm.,1
slum,1
industrialists,1
"urgent,",1
toyota.,1
cylinders.,1
economical,1
"yemen.""",1
israel',1
'which,1
hell.,1
abyss,1
obialunamma,1
"spyware,",1
"arthur,",1
“instruments,1
re-create,1
broken;,1
"rahem,",1
nadjoua,1
medjeda,1
"poste,",1
noisy,1
"roadmap.""",1
"""adhering",1
"elections""",1
"""taking",1
"toiletries,",1
al-jazeera,1
rough,1
spices,1
nineties.,1
"""maali",1
"748,022",1
al-sahab,1
753,1
"""anara",1
"""sumou",1
netanyahu-trump,1
ibeju-lekki,1
"abijo,",1
esteem,1
schoolteacher,1
"chidindu,",1
departs,1
"repairability,",1
guitar,1
six-string,1
"belief,",1
contenders.,1
mutili-yafi,1
winifred,1
bakkali,1
sofiane,1
($2.23,1
330,1
reside.,1
"fund.""",1
6.05,1
5.829,1
0-30,1
"""psychologically",1
trusts,1
mukwege,1
"unchanged.""",1
them...,1
disobey,1
"1938,",1
1927,1
1916.,1
years:,1
preeclampsia.,1
expectant,1
morbidity,1
"preeclampsia,",1
"humidity.""",1
"""stable.""",1
"""stable,""",1
"""positive""",1
sovereignty?,1
"maturity,",1
"particles.""",1
"""ghost",1
"neutrinos,",1
sorted,1
"estates,",1
"$4,170.",1
ether,1
"$112,700,",1
"""al-jazeera",1
"company,""",1
centralization,1
marginalize,1
"kota,",1
predators.,1
kota's,1
yusupova,1
guzel,1
sentimental,1
lisbon.,1
hag,1
erik,1
evidence-based,1
colonialism.,1
field-proven,1
depth?,1
comedic,1
truthful,1
commend,1
arabiya:,1
2024’s,1
doncker.,1
touch;,1
$3.6,1
$3.4,1
fisheries.,1
distant-water,1
land”,1
“gifted,1
"banamex,",1
citigroup,1
c.,1
candice,1
11:20,1
"""al-harifa""",1
"""baltu""",1
"""absence",1
barkin,1
richmond,1
"keys,",1
friday;,1
"""tadawul.""",1
sandstorm;,1
al-khobar,1
insurgent-controlled,1
robot.,1
"reliability,",1
7.6%.,1
"""genome""",1
infantino,1
impractical.,1
unconvincing,1
jones.,1
"assassinated,",1
almaty.,1
progression.,1
"work""",1
model?,1
simple:,1
hand's,1
jailbroken,1
clockwise,1
commending,1
hamdi's,1
"""unemployed""",1
northern-western,1
"""summit""",1
wenger,1
arsene,1
out?,1
counter-narratives,1
be.,1
defendant;,1
mneimneh,1
sustainably.,1
"fgm,",1
aim:,1
"internet,”",1
coastline.,1
anyway.,1
"revolutions,",1
"kings,",1
sisdole,1
mathieu,1
81.5,1
rico.,1
"nuwakot,",1
danda,1
unsegregated,1
absorption.,1
is.”,1
farage's,1
compositions.,1
steelpan-playing,1
regrello,1
multi-factor,1
insecure.,1
trinbagonian,1
opacity,1
kid,1
"cardoso,",1
ruti,1
discrimination”,1
“amplify,1
"judges,",1
regulation's,1
workplaces,1
awarding,1
"hollywood,",1
indifference.,1
tyranny,1
"zionism,",1
cupertino-based,1
gurman,1
"""solan,""",1
"1975,",1
"off.""",1
moroccans.,1
ameer,1
mian,1
intuitive.,1
"imperfections,",1
sensors.,1
"wheels,",1
"humans,",1
"""practical""",1
"climb,",1
1976,1
commercial.,1
pannist,1
"preserved,",1
“tradition”,1
jealous,1
“by,1
"filmed,",1
"""above-market",1
"performance""",1
"""below-market",1
"morgan,",1
muhammedwala,1
khudai,1
plant.”,1
commissioners,1
ghazi,1
palestinian-arab-islamic,1
nawaz,1
claire,1
dera,1
pro-beijing,1
truth.”,1
“speaking,1
"820,000",1
to’s,1
plastic.,1
vishnumati,1
confluence,1
swinging,1
railings,1
$100.,1
circassians.,1
“truly,1
"eyebrows,",1
chechnya,1
"imprisoned,",1
consoled,1
perception.,1
"retinopathy,",1
"extraditions,",1
barricades.,1
2024;,1
answers;,1
endurance.,1
singled,1
opinions?,1
decision-making?,1
technology?,1
unanswered:,1
o'neill,1
cardisoma,1
“politicize”,1
pao’s,1
coati,1
"mammals,",1
adolescence;,1
omrani,1
curtailed.,1
"""newsmakers""",1
competitors;,1
emulators,1
switch),1
nintendo,1
emulator,1
simulating,1
kabarda,1
"-31,",1
fragile.,1
"strengthened,",1
discretion?,1
parisa,1
optus',1
discretionary,1
"tape,",1
bhutan,1
paulista.,1
waterlogged,1
strewn,1
needles,1
understand.,1
republicans.,1
crassum,1
raccoon,1
"squares,",1
"manful,",1
fluctuations.,1
"doctor.""",1
"honor,",1
"financed,",1
"programme,",1
salanfa,1
"tractors),",1
kayal,1
public-interest,1
essential:,1
emulators:,1
"lives.""",1
wells.,1
"trabelsi,",1
0,1
"dodon,",1
troops’,1
"mulamula,",1
refinancing.,1
"frequently,",1
hotspots.,1
wildfires.,1
"knowing,",1
epistemicide,1
ecocide,1
vietnam:,1
al-kharif's,1
rewriting,1
crab,1
executives.,1
farghali,1
"nabatieh,",1
kfeyoun,1
"hatit,",1
rafaat,1
farol,1
"randriarimalala,",1
erico,1
emotions.,1
kutu,1
ignatius,1
"kaw,",1
projects;,1
resides.,1
defeatist;,1
1972,1
"""chemist",1
pelosi,1
going.,1
clarke's,1
grandmothers.,1
outbursts,1
"""crazy""",1
schengen,1
billie,1
"buffet""",1
114th,1
"townsends,",1
2010s,1
natives,1
6000,1
pfnoscm,1
"discus,",1
analytical,1
“الوطن,1
saf.,1
38th,1
jaydon,1
low-lying,1
thoughtfully.,1
diaphragmatic,1
alternate-nostril,1
"$3,791.",1
$42,1
babies,1
"13,319",1
1990–92,1
al-zulfi.,1
"al-fath,",1
"al-taawoun,",1
legitimized,1
plume,1
relearning,1
92%.,1
"""possible",1
"linguistic,",1
"world,”",1
$2.43,1
10.6%,1
iltija,1
doctors.”,1
ground-mounted,1
moráles,1
analytics.,1
"""studio,""",1
"crater,",1
armenian-azerbaijani,1
"qadi,",1
“العالم,1
"homeland,”",1
grows.,1
"persists,",1
111.1,1
111,1
100.6,1
100.8,1
"kindergarten,”",1
acquainted,1
equivalents,1
"al-khuloud,",1
"(bolivia),",1
"""isil"",",1
institutionality;,1
"""isil"".",1
structurally,1
tactically,1
pacific).,1
tri-continent,1
jaesle,1
arce,1
"(colombia),",1
"(guyana),",1
"(suriname),",1
santokhi,1
"(venezuela),",1
languages;,1
rabeh,1
meteorologist,1
jequitinhonha,1
perú).,1
otárola,1
"(uruguay),",1
pou,1
"(paraguay),",1
benítez,1
abdo,1
"(ecuador),",1
"lasso,",1
"(chile),",1
"(argentina),",1
"al-khaleej,",1
"jašarević,",1
adnadin,1
"beginnings,",1
"generations.""",1
"calligraphy,",1
"inscriptions,",1
silinda,1
hima,1
batoul,1
(ronaldo,1
councillors.,1
meat.,1
conform.,1
2003.,1
238,1
restarted,1
sparing,1
"addu,",1
kot,1
transitions.,1
post-colonial,1
"nuances,",1
"""reality""",1
cognizant,1
objectifying,1
self-,1
moons.,1
repressions,1
human.,1
fernandez,1
"(brasil),",1
school’s,1
victory;,1
"clear.""",1
inappropriate.,1
"journey,""",1
"""love",1
"discussions.""",1
"""implement",1
reevaluating,1
alahly,1
baidu,1
intersects,1
"nigerian,",1
"flaw.""",1
sprawls,1
"fissures,",1
"najran,",1
"""structural",1
coercing,1
armed-forces,1
"guayaquil,",1
"afro-ecuadorians,",1
noboa’s,1
re-elected,1
conflict”,1
país.,1
plena,1
entró,1
"heatstroke,",1
jargon,1
2003-2011,1
assists).,1
"insanity""",1
breast,1
boyfriend,1
"dancing,",1
santos’s,1
excesses,1
casas,1
bartolomé,1
fray,1
monk,1
indias”,1
destrucción,1
brevísima,1
"1552,",1
adversaries!,1
burqa,1
$150,1
"projections,",1
patrol.,1
about.,1
fear-driven,1
variables,1
causality.,1
"arbitration,",1
fellowships,1
birmingham.,1
durham,1
doctoral,1
moriah's,1
"pêche,",1
"shallows,",1
engaged”,1
“kinetically,1
"1,500-membered",1
optus's,1
"jamestown,",1
prescreening,1
patriotism,1
trucking,1
cease.,1
bubinga,1
"tali,",1
"sapelli,",1
"ayous,",1
repairing,1
"27-28,",1
"sports""",1
$80.68,1
$23.65,1
case;,1
burqa.,1
(legco),1
locally:,1
epstein:,1
invitees,1
modernise,1
difficult-to-escape,1
"vicious,",1
denoting,1
"indebted,",1
unsurprisingly,1
wading,1
encomiendas,1
affidavit,1
integrations,1
assailant,1
"theaters,",1
high-altitude,1
"deuba,",1
deuba,1
brains,1
converter.,1
"charge,",1
220-volt,1
"chest,",1
inscriptions.,1
placards,1
vests,1
"6-0,",1
krajcikova,1
šwijtek,1
films.”,1
households',1
commentator,1
communications.,1
"claims.""",1
"""bobby",1
reality”,1
“new,1
drinkers,1
captivate,1
"things,”",1
dual-burner,1
henley,1
specialists.,1
face;,1
incident's,1
$1.1803,1
147.74,1
147.79,1
taza,1
95-octane,1
snow—meaning,1
taxis,1
"roadsides,",1
hunted,1
leads.,1
shieli,1
gezhouba,1
slaughter,1
"length,",1
"time""?",1
isp's,1
cat's,1
#justiceforeros”,1
"eros,",1
“today,1
"15-25%,",1
"job,",1
(ndrrma),1
anil,1
"futile,",1
"neared,",1
bualloy,1
renewals,1
h1b,1
movingly,1
giel,1
$1.1802.,1
92-octane,1
"ampat,",1
galatasaray's,1
"tonight,",1
secessionist,1
darbar,1
singha,1
vandalized,1
"smith,",1
post-workplace,1
1920,1
deep-frying,1
expire.,1
mad,1
chand,1
bonbast,1
shodri.,1
"impressive,",1
550),1
"4,959",1
palaces.,1
elegant,1
engravings,1
receptions,1
airlines.,1
serviced,1
"393,800",1
"‘24/7,’",1
tatari,1
proofreading,1
senégal,1
lefit,1
"31%,",1
"allies.""",1
"cats,",1
"icardi,",1
mauro,1
fenerbahçe,1
"389,",1
re-selling,1
"jamal,",1
silver's,1
pushes,1
retracement,1
uptrend.,1
"63:1,",1
87:1,1
gold-to-silver,1
debate's,1
non-violent,1
catalyzed,1
lage,1
arbitrators.”,1
"hamadeh,",1
traktor,1
azmoun's,1
truths.,1
"discourse""",1
"router,",1
glasses.,1
durant,1
"firm""",1
"""decisive",1
troika),1
flowers.,1
“growing,1
protection:,1
diverted,1
"anti-development,",1
irrational,1
accelerator,1
(cagr),1
annualized,1
abdallah.,1
jaafar,1
8-year-old,1
detonated,1
"asif,",1
ceremonial,1
hospitable,1
“amazon,1
streamlined,1
saliba's,1
nephews,1
nieces,1
"graduated,",1
"seas,”",1
dribbling,1
deceives,1
senna,1
"""deceiver""",1
"senna,",1
excavations,1
agate.,1
flint,1
"sediments,",1
moulay,1
jurkovič,1
(unsdg).,1
"bank-egypt,",1
consumable,1
sabrijan,1
"classes,",1
mythical,1
"life—indeed,",1
"matured,",1
impotence,1
guilt-ridden,1
"""terrorism,""",1
"universality,",1
underway;,1
"gunshots,",1
subverts,1
"deal,”",1
"openness,",1
sleepless,1
manure,1
deviance.,1
procedures;,1
trivial,1
downplaying,1
"inferiority,",1
"novel,",1
views;,1
"al-jaza',",1
cheers.,1
"love,""",1
abdellah,1
mesto.,1
koei,1
defiant,1
trademarks.,1
restaurants.,1
brushwork,1
stifle,1
dzuds.,1
"capcom,",1
"blizzard,",1
activision,1
"take-two,",1
"acquittal,",1
"airbase,",1
confirm.,1
"secession,",1
(385,1
"fork,",1
argal.,1
loose-leaf,1
sebutinde,1
julia,1
icj’s,1
engulfing,1
informative,1
substantive,1
presentations.,1
"death""",1
"""amusing",1
postman's,1
neil,1
"""idlib",1
clusters,1
blackmail.,1
savvy,1
tecmo,1
enrollment.,1
"institution-focused,",1
described.,1
"phase""",1
katz's,1
"gebremeskel,",1
hindeya,1
haftu,1
"yurt,",1
finalist,1
ommunity,1
"bamako,",1
indo-pacific,1
somar.,1
smes',1
157,1
621,1
"sévaré,",1
continent;,1
competitions;,1
"cup,""",1
"""intercontinental",1
leptin.,1
fullness,1
"ghrelin,",1
"hormone,",1
"hormone),",1
feel-good,1
fossil-based,1
rangers,1
toga,1
paskah,1
beneficiary's,1
disburse,1
"tirelessly,",1
(turkstat),1
$438.5,1
$381.4,1
"month-over-month,",1
buildup.,1
"fallen,",1
breakups.,1
star-related,1
campaigns?,1
publish:,1
(combined),1
khavsarcan,1
"(cold),",1
"(black),",1
khar,1
after-sales,1
soundtrack,1
"alienation,",1
"“terrorism,”",1
hamilton's,1
(fed),1
clinic.,1
areas;,1
"ceiling,",1
journalist's,1
disillusionments.,1
"""there's",1
instances.,1
4%.,1
0.17%,1
al-mukhaizeem,1
regretted”,1
"prevail.""",1
"phrase,",1
"recognized,""",1
commit.,1
"pardoned,",1
fanciful,1
194,1
172,1
highly-rated,1
subnational,1
export-oriented,1
"apologies,",1
unattainable,1
fitrat,1
fasihuddin,1
loaded.,1
“posts,1
you'd,1
"orchestra,",1
"ambitious,",1
encroaching,1
farmlands,1
"product,”",1
"shoulder,""",1
varies.,1
dampen,1
maneuverings,1
collusion,1
"fridge,”",1
”the,1
"cnv,",1
iran-europe,1
farhikhtkan's,1
flights.,1
budget-conscious,1
"growth""",1
"""remarkable",1
balearic,1
"""deal""",1
18-month-old,1
"ineffable,",1
dolce,1
medium-length,1
"""masar""",1
"intricate,",1
sterilization.,1
"1,394",1
block-level,1
entrust,1
breadwinning.,1
juggle,1
stubbornly,1
civilizational,1
intricate.,1
"channels.""",1
$33,1
"shields,",1
"margin,",1
andy,1
brilliant.”,1
reunion.,1
"separation,",1
conflict-fueling,1
enactment,1
“tun,1
drags,1
catalonian,1
building-for-rent,1
"al-hogail,",1
"faiths,",1
overnight;,1
"intellectual,",1
"gabbana,",1
"chun,",1
1991.,1
"do?""",1
misrepresents,1
down:,1
"wick,""",1
"proverb,",1
sarrag’s,1
hagar,1
"towards,",1
1860s.,1
unbreakable.,1
self-portraits,1
rejoinder,1
"kilduff,",1
knocking,1
"seiler,",1
under-funded,1
eatery,1
"dunki,",1
cork,1
shuffled,1
radical.,1
"calling,",1
"""grok""",1
school-level,1
650),1
"55,000",1
arranging,1
"tadawul"",",1
flames.,1
"concern,”",1
rights”,1
“bill,1
"natanz,",1
intuitively,1
population's,1
centrifuges,1
"22,000",1
"acidity,",1
"recycled,",1
"lighter,",1
accurate?,1
"only,",1
“pearls”,1
booksellers,1
"trump.""",1
"""personally,",1
"brandenburg),",1
"passengers),",1
rials,1
"1,450,000",1
operating.,1
"nimbuzz,",1
"wetalk,",1
"viber,",1
"ground,""",1
"""reality",1
214,1
(520),1
king’s,1
"sought""",1
"""never",1
constitutional.,1
"(2,362",1
"fordow,",1
american-israeli,1
restitution,1
vandalism,1
underway.,1
surveilled,1
buyer's,1
"payment,",1
approves,1
payable,1
deal's,1
"ended,",1
recollections,1
under-developed,1
"copyright,",1
“although,1
rousseau,1
"contractors,",1
army-affiliated,1
agarwal,1
ritesh,1
"figma),",1
strait:,1
darnley,1
somewhere.”,1
"speeches,",1
"tirelessly.""",1
regrets,1
"charlie,",1
roja.,1
"heal,",1
"al-fawiz,",1
"(1,491",1
milos,1
"sofascore,",1
5.9,1
"acknowledged,",1
quakes,1
speak.,1
request:,1
"too,”",1
ketchell.,1
lavinia,1
arts’s,1
requester,1
seldom,1
ciaf,1
"evacuations,",1
gideon's,1
masterclass,1
sell-out,1
"okasha,",1
tharwat,1
inclusion?,1
persistence.,1
"repetition,",1
powerfully,1
remembers.,1
tickets.”,1
khomeini,1
ruhollah,1
kits.,1
mid-2025.,1
"trampling,",1
dylan,1
"ethereum),",1
buterin,1
vitalik,1
abstract.,1
progress.”,1
superiors,1
forgives,1
“contrary,1
rehman,1
fazlur,1
maulana,1
appointment.,1
memorize,1
flares,1
matruh,1
marsa,1
sokhna,1
3.5%.,1
letter.,1
shameful.,1
clasico,1
harmful?,1
obscene,1
russians.,1
billows,1
oceans.,1
"insights,",1
"effortlessly,""",1
awareness”,1
kirkez.,1
"disappear,’",1
"‘vida,",1
"list""",1
"""platinum",1
kingdom;,1
pharmacists,1
"sunnah,”",1
june:,1
"intimidated.""",1
"union,""",1
vomiting.,1
"tolerable,",1
manageable,1
amateurs,1
i’ll,1
"highlighting,",1
"oxide,",1
nitric,1
nitrates,1
rothia.,1
neisseria,1
"prevotella,",1
sakara,1
"adrian,",1
"burrabazar,",1
219-213,1
1%),1
413,1
affiliates,1
"mid-term,",1
coloniser?,1
palestine”,1
"aaron,",1
intellectuals.,1
"musicians,",1
"poets,",1
third-highest,1
prevailed.,1
role;,1
"face-to-face,",1
secondarily,1
"disarray,",1
oirooms).,1
hebrew-language,1
states?,1
"""al-watan,""",1
transcending,1
relaxing,1
languages?,1
"prosperous,",1
piece.,1
"""loyal.""",1
synchronization,1
functioning.,1
mufflin’s,1
"become,",1
great-grandson),1
(her,1
periphery,1
built-up,1
island”,1
“superficial,1
caracas’,1
restricted.,1
"gram,",1
asked:,1
reiterate,1
"4,880",1
“islam,1
traditions:,1
furnace.,1
"cs,",1
dishes!),1
eco-friendly.”,1
"follows:""",1
today:,1
"sindi,",1
"tolerated,",1
utsri,1
reskin,1
70s.,1
plazas,1
"strength,""",1
gas;,1
july/august.,1
socio-cultural,1
"restriction,",1
osiris.,1
mythological,1
(eco).,1
disingenuous.,1
rentals,1
ecologically.,1
"postponed,",1
dolphins,1
"musa,",1
dialects.,1
"fc,",1
unconventional.,1
clouded,1
spoken.,1
"seychelles,",1
linguistically,1
"architect""",1
"""historical",1
longest-standing,1
ramanush.,1
un:,1
fuse,1
115.9,1
114.1,1
"deulofeu,",1
gerard,1
"ship,",1
adrenaline,1
"jump,",1
160-meter,1
"bungee,",1
undetermined.,1
"intensifying""",1
"(unicef),",1
"whitt,",1
sheldon,1
2021-2022,1
fans',1
emails,1
al-adl.,1
"al-sariti,",1
series?,1
amel’s,1
"hui,",1
hsiu,1
levels.”,1
jabal,1
koreans.,1
"treaty,""",1
"""korea",1
unwell,1
bending,1
inflaming,1
koohrang-3,1
subset,1
initiatives:,1
“magic”,1
"hashtags,",1
ewe-speaking,1
"resident,",1
balls,1
97.75.,1
“twitterzuela”,1
magsaysay,1
ramon,1
pun,1
mahabir,1
gantz,1
benny,1
"(icao),",1
depths.,1
unexplored,1
secrets.,1
"melissa,",1
developers;,1
"jerk,",1
"barra,",1
"support,”",1
negotiated;,1
dimensions?,1
dwell,1
(ia):,1
afofun,1
ifadola,1
actions:,1
tolerance.,1
9.752,1
"translated,",1
literature:,1
chavista,1
sun.,1
governments',1
bleeding,1
"""al-hadath.net"",",1
incest.,1
609,1
two-fold,1
477,1
march–april,1
"“shelter,”",1
"daylight,",1
unfold.,1
"sherif,",1
"protected.""",1
hardest-hit,1
dissatisfying,1
"steady,",1
rejection.”,1
“[promote],1
sparingly.,1
"especially,",1
perry,1
"symbolism,",1
harmful.,1
easiest,1
$17,1
milliken,1
amnesty’s,1
"erasure,",1
privileged:,1
9.201,1
carrier;,1
network;,1
"4g,",1
zong,1
forces;,1
uzbekistan;,1
"compensation,”",1
"didn’t,",1
"uztelecom,",1
tajikistan;,1
"tcell,",1
protei’s,1
"tax,""",1
"""zucman",1
revolution's,1
hero.,1
hoes,1
"depleted,",1
"desk,",1
narration.,1
sediment.,1
waterways,1
spraying;,1
coca,1
gold;,1
implements,1
gunman:,1
"morrison,",1
reuven,1
provider;,1
kenya;,1
safaricom’s,1
contradictions.,1
coscom,1
"ucell,",1
crusade,1
crossing.,1
convoy,1
soumoud,1
formalities;,1
her?,1
"shortages.""",1
endures,1
"piggott,",1
tommy,1
deferment,1
nights.,1
"warjiu,",1
rider,1
heartwarming,1
action”,1
"641,500",1
wydad,1
2023/24.,1
3.85,1
al-shifa,1
pitched,1
"force.""",1
"fulfilled,",1
skew,1
you!,1
"“women,",1
"captioned,",1
"level,""",1
viewpoints.,1
"zakharova,",1
upheavals,1
al-kilani,1
bribe,1
insiders,1
$412,1
$780,1
"buffett,",1
occidental's,1
emotional”,1
reactive”,1
pre-pay,1
dissolved.”,1
"rehearsal,",1
cutlasses.,1
“ordinary,1
"122,330",1
"2,504",1
"valid?).""",1
(is,1
"""reminder:",1
14.609,1
552,1
07:17,1
hornet,1
pin,1
figuratively.,1
"gray,",1
"p.m.,",1
4:27,1
"kid,",1
spain:,1
displayed.,1
pain.,1
27-member,1
"tested,",1
reinterpretation,1
reinterpreted,1
kindness—qualities,1
"chivalry,",1
"originality,",1
political-cultural,1
"nature,""",1
"soldiers,",1
"misconception,",1
"al-tamimi,",1
jawad,1
"ensued,",1
"yourself,",1
06:30,1
"networked,",1
aymenn,1
independence”,1
“severe,1
numbering,1
joshua:,1
prophecy,1
"antifascism"")",1
"(""an",1
announced;,1
"520,",1
217,1
leverant,1
seed‑multiplication,1
bulldozed,1
"kingdom,”",1
“localizing,1
$69.70,1
"unheard,",1
"unseen,",1
suffering.”,1
"overcome,",1
"create,",1
nigeria-born,1
chitengu,1
christy,1
"enjoyable,",1
observatories.,1
"binoculars,",1
"lynching,",1
429,1
telescopes,1
de-dollarization,1
signaled,1
resolute,1
bombings.,1
johnson.,1
"fun.""",1
glad,1
rowing,1
"tomasz,",1
šivušntek's,1
unrecognised,1
hebron.,1
(uawc's),1
"forgotten,",1
"""unfortunate,""",1
"tylenol,",1
reliever,1
comprehensive”,1
“cumulative,1
"indoors,",1
region?,1
solutions;,1
27.,1
ecosystem.”,1
outsized,1
invertebrates.,1
reptile,1
378,1
mammal,1
"hibiscus,",1
"drinks,",1
"iftar,",1
rezaei,1
65.3832,1
"1.0%,",1
73.20,1
"won,",1
venice.,1
cannes,1
victorious.,1
zahiran,1
primaries,1
sidestepping,1
"(april),",1
dispossession,1
ruthlessly,1
coming:,1
"extreme,",1
dakhla.,1
"proceedings.""",1
meddle,1
"fronts,""",1
"microelectronics,",1
؟,1
قصيدة,1
تهدده,1
furthest,1
"repressed,",1
baobab,1
tajmakht,1
"bissam,",1
adrian,1
a330,1
turbulence,1
03.26518,1
"5.1%,",1
closely.,1
2630/2020,1
outperform,1
"xiaomi,",1
normalcy,1
qin,1
amir-abdollahian,1
gamble.,1
"sepiga,",1
ferreira.,1
impressively,1
“gray,1
القومي,1
الأمن,1
نوع,1
أي,1
cup!,1
plopped,1
"hesitation,",1
international's,1
vangelis,1
sudakov,1
horihi,1
conquering,1
summit-level,1
"(1966-1970),",1
post-hurricane,1
447,1
af,1
"nyiragongo,",1
"rutshuru,",1
resistance.”,1
"heart.""",1
"faraj,",1
shifted.,1
1.85,1
(egas),1
revolutions.,1
proletarian,1
pavlidis,1
automate,1
fairly,1
imports”,1
alwaleed,1
yuwaalaraay,1
ivanovic,1
franjo,1
cortex.,1
cerebral,1
brain's,1
tallying,1
guarantors,1
roundtable,1
non-indigenous,1
anitta,1
dashboards,1
"al-sharqawi,",1
druzhba,1
1817,1
accountability:,1
marginalizes,1
"included.""",1
lachlan.,1
involved...,1
51-year-old,1
singer's,1
gilgit-baltistan,1
pakistan-administered,1
mawnin'”,1
“augus’,1
$133.5,1
40.8,1
15.2,1
boost:,1
talal's,1
"kooma,",1
cochrane,1
"nitrates),",1
nitrites,1
preservatives,1
"phosphorus,",1
"edit,",1
"incomprehensible,",1
tradition;,1
subverting,1
fighter.”,1
“you're,1
with:,1
allies),1
masisi,1
gulsun,1
"briefing""",1
news',1
rial.,1
salehabadi,1
robot”,1
“think,1
non-existing,1
sherida,1
"general""",1
"superiority,",1
skillfully.,1
hats,1
"98.473,",1
austerity,1
hard-boiled,1
meats,1
apprehended.,1
"heller,",1
impersonating,1
demotivate,1
xenophobia,1
"chauvinism,",1
chávez’s,1
spirituality.,1
kola,1
bissy,1
"improving,",1
battleground:,1
"norm,",1
şirnak,1
"al-kaabi,",1
fallaci,1
flesh,1
"anarchists,",1
"mewat,",1
rohingyas,1
snacks.,1
#rent_control_decision,1
plight.,1
complexes.,1
"al-salam""",1
"""shatt",1
analysts.,1
bond.,1
money-laundering,1
serbia's,1
low-fat,1
1–0.,1
writing?,1
currency-tracking,1
"marquez,",1
rancher,1
"likhachev,",1
shodakov,1
"week""",1
"organix,",1
"181,000",1
2.65,1
data-protection,1
patchwork,1
aldrich,1
expensive.,1
prejudices.,1
primal,1
"haryana,",1
hiv-positive,1
excuse,1
"formation,",1
"recounts,",1
"mariela,",1
"renewal,",1
unforgivable,1
individualism,1
“change,1
"hypocrisy,",1
cynicism,1
society’s,1
"al-hodood,",1
haras,1
"kragujevac,",1
monday:,1
peaceable,1
ceramica,1
enppi,1
tokyo's,1
success;,1
redirects,1
"filtering,",1
"oneplus,",1
(sar),1
foreigners.,1
"3,205.63",1
"3,187.02",1
violence?,1
preferable,1
future's,1
misled.,1
hectare,1
0.9,1
sequestration,1
grasslands,1
subtropical,1
catches.,1
"terrorists,",1
"sweeps,",1
"dawoud,",1
abjar,1
"promoting,",1
"preserving,",1
"wikimedians,",1
"e-services,",1
"germany.""",1
lined,1
interruptions.,1
surveying,1
comrade,1
feeling:,1
shameful,1
"effortlessly,",1
$23.2,1
49.7%,1
"shield""",1
"""joint",1
thinkers,1
orientalism,1
faces.,1
essence;,1
"formal,",1
equating,1
variable,1
swaps,1
self-charging,1
mission-focused,1
ubtech,1
systolic,1
"al-rabiah,",1
"15,000.",1
workday;,1
anti-assad,1
coherent,1
camaraderie”,1
“westernize”,1
$15.5,1
orality,1
"al-sulami,",1
"rabbit,",1
timing.,1
knock),1
randomized,1
"bloodlines,",1
"shishma),",1
"fox,",1
squirrel,1
activities:,1
universidad,1
non-profits,1
“organization,1
"""overall",1
“misspeaking.”,1
"visions,",1
burgess,1
zizo,1
neighborly,1
self-praise,1
returned.,1
"culture,”",1
“concentrates,1
guadeloupe,1
threshold.,1
"hammack,",1
"cleveland,",1
"tinah""",1
"taliban],",1
[produced,1
"hall,",1
mehmed,1
"3,215,764",1
$750,1
interconnected.,1
"self-promotion,",1
"analyses,",1
czech-vietnamese?,1
technocrats.,1
"""deep""",1
society's,1
"conservation,",1
"(left),",1
sakr,1
crimea,1
reconceptualize,1
"enforced,",1
nakashima.,1
"1,142",1
acute.,1
operación,1
baathists,1
vada's,1
valentin,1
media?,1
1949,1
456,1
semipalatinsk,1
embellishments?,1
power-generation,1
"mid-2025,",1
"2,791,301",1
"aryubi,",1
extinct,1
"424,462",1
15.2%.,1
anywhere.,1
"characterization,",1
well-resourced,1
strident,1
"nation-state,",1
philosophy.”,1
"pkk],",1
"“nevertheless,",1
"man,”",1
opposition.”,1
service's,1
"nutritionist,",1
"rizzo,",1
natalie,1
mothers.,1
folha,1
equipped.,1
facetime.,1
underserved,1
punjab’s,1
free-riding.,1
ability”,1
“without,1
affirmative,1
sansour’s,1
vivien,1
mešinović,1
"belonging,”",1
"dna,",1
higher-quality,1
"service""",1
"adversary,",1
"deterrence,",1
"innsbruck,",1
640,1
603,1
readers.,1
"shimmering,",1
ichra,1
fashion's,1
harmonized,1
spring/summer,1
fayyad,1
snowgrades,1
al-marsad,1
misunderstood.,1
"2001–2025),",1
invasive,1
–5.5,1
8.87,1
181.74,1
earthly,1
nahda,1
"al-gameel,",1
zaman,1
generation:,1
grandparents’,1
egyptian-ness,1
thousands.,1
"jorgensen,",1
clamped,1
habitation.,1
"newsweek,",1
male-dominated,1
bred,1
stereotypically,1
"tosas,",1
"bulls,",1
"hominids.""",1
solitary,1
"outdated,",1
"duplicate,",1
basis!,1
near-daily,1
next-generation,1
plans?,1
repressing,1
superiors’,1
oecd,1
"2,407",1
sick.,1
223,1
89%,1
dismantles,1
semi-official,1
4th.,1
"drop,",1
low-altitude,1
prohibitively,1
title:,1
nature's,1
"invoices,",1
"resolved,",1
"avail,",1
"""acwa",1
gabès.,1
families?,1
5gb),1
(more,1
"straw,",1
ritual:,1
much-loved,1
obligates,1
0.75,1
69.2,1
"community.""",1
"""betraying",1
69.000,1
70.7,1
"klitschko,",1
ashrafiyet,1
jaramana,1
druze-majority,1
invasions.,1
"shores,",1
pieces:,1
eurowings,1
momentous,1
irreplaceable.,1
applaud,1
renovating,1
"tractor-trailer,",1
broiler,1
teams;,1
nigeriens.,1
desalination.,1
"solstice,”",1
surkhuri,1
egyptian-israeli,1
nasserists,1
encapsulate,1
beneath.,1
deck,1
565.4,1
hard-to-believe,1
"sodas,",1
"xylitol,",1
"sorbitol,",1
"k,",1
acesulfame,1
muhammad.,1
sehnaya,1
organizations’,1
terrorism”,1
concrete.,1
"3,948",1
64%,1
skyscrapers,1
sub-index.,1
"568,000",1
"handles,",1
"taverns,",1
"intolerance,",1
shots.,1
servings,1
"thick,",1
europe’s,1
"bars,",1
"candies,",1
pakistan-afghanistan,1
ulaanbaatar,1
starker,1
$120,1
morphed,1
atlantic;,1
appropriately,1
lanterns,1
twinkling,1
unnecessary.,1
ruins.,1
reemerged,1
entrenchment,1
allocates,1
drones;,1
debilitating,1
astrazeneca's,1
fuses,1
sizable,1
76.6,1
ziad.,1
"goodbye,",1
music:,1
oligarchy,1
"1848,",1
routines,1
"renewal""",1
"""strategic",1
dual-income,1
rovkanen,1
chewing,1
waqf,1
husrevbeg’s,1
gazi,1
čurćić,1
sedrenik,1
atmospheres,1
exhilarating,1
"kambut,",1
capsized,1
generali,1
"cavarero,",1
low-calorie,1
reservists,1
127.9,1
674.6,1
"sneezing,",1
favoriten,1
austria’s,1
"subway,",1
"aches,",1
furnace,1
$63.15,1
"0.75%,",1
questionable,1
"midday,",1
"comprehensiveness,",1
fuller,1
"suppressed,",1
buzz,1
north-west,1
tobruk,1
"broadcasters,",1
"malta,",1
"era.""",1
eighty-eighth,1
11.2%.,1
"23.2%,",1
54.1%,1
early-season,1
overwhelmed.,1
conditions:,1
pinki,1
herzi,1
disarm!’,1
‘eu,1
charity’,1
‘solidarity,1
district:,1
"“sometimes,",1
creativity?,1
gil,1
ave,1
reserve’s,1
"fratantoni,",1
solution).,1
29.7%.,1
"muller,",1
marozsan,1
7/6.,1
"3/6,",1
religions?,1
"shrinking,",1
utensils.,1
"andorra,",1
"douyin,",1
lemon8,1
"rinderkneich,",1
—only,1
179,1
"moving,",1
10.35,1
advisory.,1
countermeasure,1
"semiconductor,",1
cm].,1
243.84,1
[182.88,1
inches,1
"fy,”",1
reconfigure,1
"lines”,",1
“red,1
industry’s,1
bills.,1
appropriators,1
"diapers,",1
"missile""",1
spoonful,1
house:,1
"tinkune,",1
post's,1
annapurna,1
3:35,1
9th,1
organise,1
employers.,1
"medhouny-laouina,",1
court’s,1
"""mourinho",1
denial.,1
rui,1
“killing,1
"exceptionalism,",1
freezes,1
detonating,1
“giotto’s,1
"herself,”",1
guests),1
"al-sari'i,",1
amazing.,1
"environment.""",1
ideologies.,1
provocative.”,1
“sexually,1
sindhuli,1
deepa,1
interviewing,1
“violations”,1
settlers:,1
derivatives,1
sativa,1
redefines,1
adapt.,1
"bids,",1
zijn,1
coordinator.,1
"munge,",1
coordinator;,1
"sighed,",1
"coach,""",1
correctly,1
iv:,1
kien's,1
sindhupalchok,1
ordinance,1
"1961,",1
islanders,1
tiers,1
"wrongdoing,",1
kılıç,1
nurdan,1
parti's,1
dem,1
"tenuous,",1
kofoworola,1
natasha,1
“instinct”,1
cruise,1
"granddaughter,",1
mha,1
verifications,1
observership,1
licence,1
studies.”,1
"ignorance""",1
"""bliss",1
sawiris',1
here?”,1
home.”,1
"“yes,",1
us-nepal,1
"closer,",1
anatolia,1
"ayvalik,",1
"find,",1
friday:,1
torch.,1
bench.,1
substitutes',1
repositions,1
"multiple,",1
"workspace,",1
ahna,1
"dakar,",1
"vaxsen,",1
"quist,",1
haider’s,1
camavinga,1
stavrianos,1
area;,1
turkey),1
(modern-day,1
mustaches,1
groom,1
males.,1
99.5,1
firs,1
dimly,1
"systems.""",1
"notebooks,",1
al-arabiya.net:,1
outskirt-dwelling,1
polarizations,1
"overlap,",1
"""patriotic""",1
yishan's,1
kibirizi.,1
safe-haven,1
interplay,1
1843.,1
bible;,1
"permanence,",1
‘a,1
sharghi:,1
thirty-day,1
humanities.,1
*professor,1
child-rearing,1
"""death",1
"wanes,",1
clear-eyed,1
oppression?,1
unresolved:,1
alagoas,1
progressives,1
pp,1
pirapora's,1
"""stargate,""",1
"softbank,",1
extent.,1
doable,1
"al-attiyah,",1
"1913,",1
movie:,1
evolving?,1
writes:,1
"ever.""",1
greatness,1
"rifaiya,",1
sword.,1
"d.,",1
ambiguous.,1
toll.,1
myriad,1
"east,’",1
‘mothers,1
thunder.,1
"loudly,",1
tasnim.,1
boycott.,1
transgressions,1
"jinwuco,",1
sex-trafficking,1
"evaders,",1
walled,1
scarf?,1
banded,1
portals,1
"concerning,",1
"expertise.""",1
head-on.,1
valiant,1
weaved,1
"undisturbed,",1
pained,1
9.4,1
"oganesov,",1
"kakhovka,",1
label.,1
professional.”,1
“fully,1
humbly,1
women.”,1
“feminists,1
"meaningful,",1
nyein’s,1
nyein,1
country).,1
(center-southeast),1
al-jazirah,1
generosity;,1
preaching,1
diminución,1
"dólar,",1
brasileña,1
paridad,1
elevado,1
gasto,1
hubo,1
"country),",1
center-east,1
tiempo,1
guterres.,1
antiques.,1
"ambiance,",1
vintage,1
ginger.,1
feller,1
novaya,1
deterred,1
minimal.,1
"sell,",1
non-landowners,1
"application.""",1
nation...,1
patriots,1
conversation:,1
snowmelt,1
ash,1
damp,1
función,1
manutener,1
elevados,1
patrimonio,1
"estabilizó,",1
em,1
recess.,1
duisburg,1
august/september,1
news’s,1
"mcnoldy,",1
miami's,1
violations”,1
“expressed,1
rv:,1
baby.,1
masaka,1
bukakata,1
tribe.,1
gbagy,1
al-jawf,1
"discrepancy,",1
18-member,1
"(dma),",1
el-bakali,1
"zealander,",1
"beamish,",1
geordie,1
persecute,1
"identify,",1
"balances,",1
importer.,1
value-based,1
"mini-satellite,",1
finnish,1
yinghuo-1,1
"power""",1
thame.,1
rawalpindi.,1
medicaid.,1
medicare,1
misguided.,1
rock's,1
"capitalization,",1
solutions-oriented,1
sargassum,1
castillo's,1
"fashion,",1
"morillo,",1
rubí,1
asir.,1
skyrocketed.,1
sculpting,1
"punished,",1
"""existential",1
"sexist,",1
less),1
menos,1
congo.,1
wissa,1
yoanee,1
mbomo,1
"norgaard,",1
"frank,",1
"""bees""",1
poz.,1
(lebanon).,1
activities;,1
expend,1
decreases.,1
"coiling,",1
"pressing,",1
"rough,",1
manage.,1
alana,1
intrigue,1
"pumps,",1
"normally.""",1
"present,""",1
"""danger",1
moderator,1
kantipur.”,1
"al-qassim,",1
machista,1
“attacking,1
"node,",1
"summarize,",1
bogus,1
euro's,1
"taxation,",1
multibillion-dollar,1
"factors""",1
"ezell,",1
"supplier.""",1
adopted.,1
folders,1
understandable,1
56%.,1
environment.”,1
"pessimism,",1
oula,1
fled.,1
spray-painted,1
9:,1
200th,1
shovel,1
tonight's,1
"protect,",1
self-created,1
yanbian.,1
yj's,1
sydney.,1
"sycamore,",1
"consider,",1
dovish,1
al-suwayyan.,1
"al-mahwit,",1
"sa'da,",1
"al-mazyad,",1
"""haseen,""",1
"al-dhale'a,",1
"amran,",1
"hajjah,",1
"al-asimah,",1
amanat,1
613,1
oman.,1
sultanate,1
"emirates),",1
“considering,1
honoring,1
jabr,1
3.21,1
"wonderful,""",1
"""better",1
brik,1
hobbies,1
fawkes,1
guy,1
2.27,1
dot-com,1
3.33,1
price-to-sales,1
tourists',1
"guide,",1
"speaker,",1
"microphone,",1
al-hudaydah.,1
censorship.,1
cnbc's,1
"innovations,",1
donor-darling,1
bakery,1
9.82,1
10.91,1
1.092,1
oversimplifying,1
venezuelasplaining,1
"atta,",1
al-sak,1
"53,""",1
"""senate",1
"90,000",1
past;,1
"lift,",1
monumental,1
rouhad24,1
"7,920",1
“record-breaking”,1
"entries,",1
unpublished,1
dissertation,1
master’s,1
columnist's,1
"fabrication,",1
"ibb,",1
"dhamar,",1
columnist,1
“revolution”,1
modi's,1
"""takween",1
"attribution,",1
"khalifa,",1
musically,1
singular,1
fairuz,1
43.7,1
postponements.,1
"erupted,",1
undue,1
watchdogs,1
delineate,1
rescheduled,1
geopolitics.,1
(cna),1
caribean,1
outlaw,1
feast,1
kenzi,1
arkan's,1
"2030,""",1
"""picasso",1
inhumanely.,1
makin),1
(asas,1
"touching,",1
two-legged,1
brooks.,1
full-sized,1
24.112,1
23.285,1
"technology""",1
causing?,1
fork,1
authorship,1
solitude,1
"mate,",1
design:,1
viewership,1
"news""",1
null.,1
transplantation.,1
mouse,1
cryopreserved,1
transplanted,1
afar,1
"paloma.""",1
camera's,1
minnesota,1
"xx,",1
“organicity”,1
"you,""",1
"""maybe",1
"party,""",1
mitad,1
hasta,1
"xvi,",1
mediados,1
"colonial,",1
período,1
mil,1
detrás,1
"""asas",1
smallness,1
honour.,1
excelling,1
storied,1
achraf,1
eurocentric,1
"predict.""",1
...,1
future?,1
"""could",1
"mused,",1
"""industrial,""",1
al-jarrah,1
cuba's,1
cubans,1
"grateful.""",1
"proud,",1
"happy,",1
1942.,1
yvy,1
oxfam's,1
"disgraceful.""",1
"""ridiculous,""",1
"""unacceptable,""",1
roxane,1
shot.,1
felker,1
gretchen,1
heavyweight,1
decree-law,1
plainclothes,1
calling:,1
follows.,1
smoked,1
36%.,1
quarries,1
(south-east,1
contravenes,1
"dinner,",1
lunch,1
savory,1
木材经营加工企业应当建立原料和产品出入库台账。任何单位和个人不得收购、加工、运输明知是盗伐、滥伐等非法来源的林木.,1
requires:,1
behaviours.,1
successes.,1
"adboosh,",1
playstation,1
undisciplined,1
"plantations,",1
views!,1
5-0,1
"ploski,",1
inhibit,1
foods.,1
(防具),1
bogu,1
skepticism.,1
propositions,1
"motorcycles),",1
"atallah,",1
concur,1
"inclusion,",1
"mastercard,",1
rays.,1
uv,1
katanga’s,1
treats.,1
"mastery,",1
anoxic,1
"tributaries,",1
caple,1
viche,1
"watercourse,",1
skewing,1
self-censorship,1
comprehend.,1
"""democratic""",1
"$0.6584,",1
lied,1
eucalyptus,1
jára,1
(generally,1
“motorizados”,1
philosophy:,1
ruiz.,1
"mendes,",1
kendoka.,1
"searched,",1
"replicated,",1
cells.,1
retention:,1
aging.,1
moisturization,1
"concentrations,",1
"reefs,",1
colorful,1
"17-year-olds,",1
"couriers,",1
"65,",1
"sharifov,",1
roblox.,1
predator,1
iowa,1
"promoted,",1
"wong,",1
tai,1
"gamble,”",1
question.”,1
nurture,1
“education,1
deceived,1
boundary,1
couriers,1
“online”,1
mukhiddin,1
"afloat,",1
"texas,”",1
"monterrey,",1
"ourselves,",1
15–49,1
(fgm),1
mutilation,1
15-,1
"comprehension,",1
"(comade),",1
wide-angle,1
depends.,1
suggestion.,1
"brisbane,",1
water-soluble,1
semiconductors:,1
juncture.,1
"al-sabah,",1
al-hamoud,1
adversaries.,1
days?,1
uncle’s,1
$12.5,1
"67%,",1
$4.8,1
solukhumbu,1
"debris,",1
mudslide,1
santo's,1
“offline”,1
rigorously.,1
yearned,1
fervently,1
associating,1
"stalled,",1
"nominated,",1
military-industrial,1
researches,1
"abilov,",1
ilgar,1
sprawling.,1
lane-lined,1
bike,1
cobblestone,1
methodically.,1
abdulaziz.,1
fairs.,1
mamloo,1
outlet.,1
victims',1
‘where,1
"erosion,""",1
"""income",1
"reserve,""",1
"""energy",1
"harmful,",1
"1967,”",1
hole.,1
4-meter-deep,1
"included,",1
denies.,1
castillo.,1
chemistry.,1
kasımpaşa,1
invisible.,1
"objectivity,",1
questionable.,1
"presidents,",1
samsung.,1
78.4,1
78.0,1
dipped,1
brevity.,1
"manchester,",1
"trafford,",1
disposition.,1
magnanimity,1
hits,1
$322,1
"27,908,326.8",1
al-ela,1
"water,’",1
"months.""",1
bode,1
9th.,1
policymakers',1
mamdani.,1
cuomo's,1
cuomo.,1
overstimulation?,1
whatsapp.,1
abstains,1
harpviken,1
berg,1
tarnished,1
"imitated,",1
"admired,",1
"influenced,",1
specialization.,1
"themes,",1
"things,",1
jpy,1
earphones,1
"hime,",1
firms’,1
smotrich's,1
re-activate,1
"ping,",1
"2,280,484.9",1
12.8%,1
remoteness,1
($322,1
27.91,1
(72.8,1
(69.3,1
stoves,1
apprentices,1
financiers,1
"suicide,""",1
7.1%.,1
disco's,1
"7.5%,",1
sumco's,1
"8.4%,",1
mohy,1
"stitching,",1
lasertech's,1
chip-related,1
vigorous,1
togoga,1
alamata,1
adidaero,1
still-life,1
prints,1
fully-formed,1
"improvements.""",1
"tribunal,",1
bavaria,1
sebiga,1
"siege,",1
unthinkable,1
exogenous,1
experimentation.,1
unreleased,1
information's,1
maturities,1
tranches,1
"""hoax.""",1
certainties,1
reborn.,1
local-made,1
army”,1
“free,1
"intensity,",1
who-uganda,1
"vegas,",1
eight.,1
"brooks,",1
penalized,1
cnn.,1
intersindical,1
departamento,1
"horie,",1
leandro,1
earned”,1
“fairly,1
disguises,1
meritocratic,1
"markovitz,",1
redeeming,1
"cure,",1
"el-obeid,",1
samima,1
"insularity,",1
"untouched,",1
about:,1
azimut,1
interdependence,1
"technically,”",1
"comforted,",1
ahistorical,1
colonizer,1
combat.,1
mínimamente,1
sistema,1
cualquier,1
"civilizados,",1
niveles,1
beneficio,1
"(dieese),",1
socioeconómicos,1
estadística,1
ramirez,1
"4.14%,",1
"cccc,",1
"tongzhou,",1
war-displaced,1
"it,""",1
"smile,",1
"pause,",1
whimsical,1
murnau.,1
overjoyed,1
$7.77,1
um,1
al-ayyara,1
mid-next,1
"kind,",1
arab-russia,1
"eyes""",1
"""closed",1
both?,1
skin's,1
ripening,1
ethyl,1
tomatoes,1
spray,1
high-fat,1
"beta-glucan,",1
"morning.""",1
hirsch,1
consumption.”,1
"grit,",1
push;,1
"refinement.""",1
"rigo,",1
"aimaks,",1
denial-of-service,1
"0.09–89),",1
helmets.,1
handwashing,1
“edutainment”,1
planear,1
diferente,1
manera,1
valores,1
"billetes,",1
personally.,1
autocratic,1
"“free,”",1
"nubian,",1
"""rakan,""",1
stream.,1
split-screen,1
"""side-by-side,""",1
programmable,1
stablecoins,1
"""exorbitant.""",1
"cargo.""",1
"""lufthansa",1
"""lufthansa""",1
"""cockpit""",1
pilots',1
verve;,1
nate,1
"""party,""",1
shareable,1
"stream,",1
azagaia,1
procrastination,1
"""selected""",1
consultation.,1
half-baked,1
"propaganda.""",1
"in""",1
"""caving",1
"dynamic,",1
multiplicity,1
cryptocurrency.,1
panchayat,1
guaroa.,1
direct.,1
prose,1
"""arbitrary""",1
shiwen,1
dumpsites.,1
nakkhu,1
"manohara,",1
"vishnumati,",1
"bagmati,",1
crucially,1
"preeminence,",1
handles,1
sultan.,1
"abd,",1
"blessings,",1
"intensifying,",1
bire,1
assassinate,1
"contingencies,",1
"nominees,",1
"denied,",1
hydrogen.,1
"amin,",1
david.,1
romance,1
espanyol,1
applications',1
completeness,1
30s.,1
$35,1
guangdong,1
civil-society-led,1
“official,1
definite,1
muesli.,1
substituting,1
"renewables,",1
line”,1
“draw,1
shusha,1
zizi,1
resubmit,1
southwards,1
"900,000",1
"literature,”",1
“jihad,1
"catastrophic,",1
tumasie,1
"counts,",1
spiky,1
belger,1
wrist,1
“from,1
carriages,1
horse-drawn,1
"instance,""",1
cheapest,1
"fundamental,",1
recently-launched,1
disregard.,1
"overextraction,",1
megacity.,1
car-centric,1
spurring,1
"independently,",1
gallons).,1
(2.6,1
"macau,",1
"cpr,",1
language!,1
diaspora.”,1
“dread,1
classic;,1
rastafari,1
"monograph,",1
(1994),1
teachers”,1
"""dpa,""",1
free-flowing,1
mer,1
handbook,1
english:,1
passer,1
pouvons,1
"stability.""",1
arsenals.,1
air).,1
(iphone,1
parole.,1
absurdities,1
"sectarianism,",1
jae,1
pokharel,1
"incomes,",1
whole:,1
tontines,1
"philosophers,",1
"disciplines,",1
"backdrop,",1
mainland/macau,1
vtv,1
flottes.,1
leurs,1
là,1
passés,1
déjà,1
sont,1
chinois,1
parce,1
"bredouille,",1
revenir,1
golding,1
nba.,1
clicks.,1
"becker,",1
"impunity,",1
z”,1
“gen,1
huang.,1
pangestu,1
pragogo,1
darija,1
"invasions,",1
"attack""",1
garav,1
"roman,",1
"africa],",1
"warfare.""",1
19.9,1
14.5%,1
"club.""",1
aruba.,1
bilbao,1
(spark).,1
theme.,1
"(caf),",1
settlement's,1
enablers,1
lott.,1
oksana,1
slyusar,1
decriminalisation,1
jours,1
yuliya,1
neuroscientist,1
now.”,1
"parliamentarians,",1
re-export,1
macau,1
consignment.”,1
"feedback,",1
one-terabyte,1
study-abroad,1
relaunched,1
"""al-shorouk.""",1
"""sergas""",1
"modern""",1
"""economy",1
ismael,1
bitcoin.,1
22.8,1
al-nahhas',1
unfairness.,1
al-shorouk.,1
"tindouf,",1
"adrar,",1
"mokhtar,",1
badji,1
"timimoun,",1
authoritarianism.,1
mismanagement,1
tortoises,1
"tortoises,",1
anti-gay,1
gays”,1
"north-east,",1
"mccarthy,",1
"checkpoints,",1
"raids,",1
(vr),1
"astrophysics,",1
"""able""",1
mohsenifar,1
rebar,1
$3640-$3650,1
intention.,1
form?,1
codified,1
ewe,1
(js):,1
sovon,1
well-diversified,1
agrochemicals,1
cobra,1
genera,1
pues,1
ayudar,1
reglamentación],1
proceso,1
[en,1
tributaria,1
"1,100",1
natasa,1
"advisory,",1
"zaugg,",1
meanwhile,1
"al-salaymeh,",1
"hostility,",1
ethnocratic,1
"serving,",1
egyptians',1
fifa.,1
“ban,1
instagram-like,1
"rednote,",1
thoraya.,1
"cairo,”",1
economista.,1
sostiene,1
"soñamos”,",1
justicia,1
construyendo,1
gana,1
schoolyard,1
"powerless,",1
hassan.,1
"gedaref,",1
al-gharbiyya,1
purification,1
all-out,1
"85,000",1
1910.,1
10.38,1
shake,1
assassinations.,1
"genocides,",1
"exiles,",1
"occupying,",1
"caging,",1
al-qalabat,1
services!,1
telehealth,1
"""uss",1
"heartland,",1
nou,1
cruyff,1
olmo,1
ferran,1
weickert.,1
mission's,1
"sporadic,",1
quien,1
impuestos,1
transactions;,1
al-habbash.,1
remote-controlled,1
reprogram,1
paralyzing,1
immerse,1
359,1
"trials.""",1
"outset,",1
individualism.,1
clientele.,1
adato,1
meliodata's,1
"restructuring,",1
strives,1
shirt.,1
348,1
"pepe,",1
"cngs,",1
"droves,",1
reuniting,1
1:30,1
wednesday),1
427,1
know!,1
maori,1
"grandchildren,",1
advertising.,1
revenue-generating,1
out-of-governmental-control,1
plantar,1
$115,1
hampering,1
uk-led,1
"glitch,",1
"matches),",1
(342,1
soundless,1
prewar,1
flaunted,1
"deteriorating,",1
1992-1995,1
breakdown.,1
magnified,1
"verbal,",1
"sexual,",1
"al-khulaifi,",1
566,1
second-most-copartnered,1
"rickshaws,",1
gerald,1
$95,1
intended.,1
destroyers,1
brain-computer,1
sáez,1
karenia,1
geographer,1
"thanks,",1
co-created,1
"2,200",1
"16,000",1
panic.,1
reverses,1
waiving,1
(14:30,1
cusp,1
"anti-semitic,",1
"perfectly,",1
insoutenable.,1
ampleur,1
tragédie,1
région,1
rapproche,1
passe,1
qui,1
heure,1
chaque,1
bonded,1
758,1
(bci),1
"malfunctioned,",1
35–50,1
sila,1
lags,1
subcontinent.,1
frigates,1
“miya”,1
by-sa-3.0,1
1.61,1
"indirectly,",1
"21),",1
culture;,1
145),1
"extradition,",1
jabalia,1
learnt,1
matured,1
"deficiency,",1
fast-food,1
"25-3""",1
"ford""",1
adidas,1
buraamz,1
"jurcic,",1
krunslav,1
long-form,1
sponsorships,1
access;,1
"non-activists,",1
"(“organic”),",1
"daly,",1
auckland.,1
sydney-based,1
clears.,1
141,1
"upward,",1
likelier,1
entry-level,1
"""drowned,""",1
prosecutions,1
non-chinese,1
humiliations,1
"aghabekian,",1
farsi,1
"""courageous.""",1
($1.2,1
"($183,000),",1
"finland,",1
susceptibility,1
"1974,",1
parsi,1
“mian”,1
etymological,1
-arab,1
centred,1
22.3,1
cong,1
yogurt.,1
"treats,",1
oatmeal-based,1
muffins,1
half-open,1
breeze,1
"gently,",1
converses,1
nadal.,1
"correlations,",1
pte.,1
joyo,1
norms.”,1
zawaya,1
iranians.,1
section.,1
bystry's,1
"norris,",1
referenced.,1
"d’s,",1
aïda,1
"futures,",1
cacao,1
"156,000",1
coexisted,1
long-running,1
hankook,1
"koreans,",1
platform”,1
oven.,1
masandara,1
spa,1
prospective,1
games’,1
"rima,",1
oshoala,1
asisat,1
"tortoise,",1
limestone,1
"implies,",1
"partially,",1
stalin,1
reclassified,1
harassing,1
"1941,",1
trump-supporting,1
"alignment,",1
"lithuania,",1
"morrissey,",1
peers?,1
spray.,1
"cannons,",1
undrinkable,1
"cyanide,",1
lands:,1
leveling,1
closures.,1
"safeguarded,",1
notches,1
metadata-based,1
preemptively,1
israel-affiliated,1
honduras,1
554,1
burrabazar,1
110.8,1
exemplary,1
operations;,1
irgc's,1
bourbon.,1
"inauguration,",1
ustyurt,1
lower-quality,1
“indian”,1
“indian,1
"interrogation,",1
near-simultaneous,1
"spies,",1
"minority,",1
newsstands.”,1
removals.,1
crisis-driven,1
dead”,1
“fresh,1
"capabilities,""",1
europe:,1
italy.”,1
"kellogg,",1
"captives,",1
“prisoners”,1
“hostages”,1
kanafani,1
ghassan,1
fear.”,1
engagement?,1
pumped,1
holder's,1
inventions,1
organizations),1
"""patents""",1
0.31%.,1
6643.68,1
"0.59%,",1
38.82,1
1998.,1
0.74,1
overpriced,1
obscure,1
tea.”,1
“chai,1
hilarious,1
trending.”,1
dynamism,1
"episodes,",1
"recife,",1
bear),1
ursa,1
gdc’s,1
latter’s,1
connotations.,1
"""al-haq""",1
vouchers,1
majority-owned,1
"time?""",1
"""why",1
"ethos,",1
himself”,1
“every,1
hyper-meritocracy,1
stakeholders’,1
"81%,",1
"operated,",1
cafés,1
2.75,1
widened,1
junk,1
ubiquitous,1
(9.39,1
"diaspora,”",1
"willing.""",1
all-cash,1
act?,1
"dedication,",1
1.41,1
badweyn,1
"chacao,",1
pulido,1
raúl,1
biologist,1
cover.”,1
córdova’s,1
corroborating,1
"genesis,",1
felling,1
"salam's,",1
inquired:,1
"amicable,",1
takeo,1
prek,1
polo,1
observation.,1
cautious.,1
preservation.,1
self-expression;,1
aggressors.,1
(6.08,1
(7.73,1
(8.84,1
"stools,",1
"urine,",1
dark-colored,1
"itching,",1
whites,1
karbalai,1
"stranger,",1
morning”,1
barrels.,1
"represent,",1
order?,1
"fine.""",1
hyperparathyroidism.,1
"(hypercalcemia),",1
islamists.,1
unsettled,1
al-araari,1
"britons,",1
"ottomans,",1
overthrow.,1
kandal,1
"assyrians,",1
"canaanites,",1
seoul's,1
"post-investment,",1
"(imf),",1
geydar,1
haze,1
offensives,1
magistrates,1
"litter,",1
8.5%,1
rebels’,1
thing.,1
ready-to-use,1
25.9%,1
clásico,1
repellency.,1
polyfluoroalkyl,1
yellowing,1
probabilities,1
"calves,",1
previously?,1
"orientations,",1
(yellow).,1
(orange),1
jilin,1
(red),1
"han-chieh,",1
jaloul’s,1
"greeks,",1
"babylonians,",1
infect,1
40–45,1
"tests""",1
"""intense",1
"treatment,""",1
"""preventive",1
straining,1
"negotiating,",1
perspective:,1
harboring,1
"broadcasts,",1
cross-cultural,1
plastics:,1
rigidity,1
pre-made,1
16.8%,1
"michelsen,",1
klaus,1
spotify.,1
hand-embroidered,1
fur,1
abayas.,1
thobes.,1
hijazi,1
bishts,1
dhokla,1
shaker,1
barista,1
soundcloud,1
"bisphenols,",1
flexibility;,1
"inoyat,",1
urmonov,1
muzaffar,1
70-year-old,1
"samba,",1
"nasser,",1
salwa,1
hurdler,1
"sjati,",1
net-metered,1
"multilingual,",1
"addictive,”",1
"phthalates,",1
self-generation,1
honored.,1
beans.,1
"“agitators,”",1
government-linked,1
redundant,1
texting,1
hooked,1
"alerts,",1
silence:,1
twitter's,1
donation.,1
ashurov.,1
kamel,1
him?,1
urmonov’s,1
balša,1
57.8%.,1
12.69,1
11.343,1
"review""",1
stature,1
“americanism”,1
commercialised,1
valentine's,1
halloween,1
aversion,1
"him,”",1
"eaten,",1
felca,1
"pedophilia,",1
"2.1%,",1
-0.4%,1
59%,1
(brazil’s,1
conib,1
threat”,1
“imminent,1
plastics;,1
anguilla,1
shorebirds,1
reprise,1
answer.,1
(1966–1976),1
deactivating,1
n1,1
sharifjon,1
66-year-old,1
"bulatović,",1
orgy,1
"leavitt,",1
"negombo,",1
‘lellama’,1
pitipana,1
“two-week,1
seale,1
(drc),1
"sport""",1
"area,”",1
temperatures;,1
palestine-related,1
arab-led,1
protests”,1
“digital,1
israelite,1
"achievement,",1
"agreed,",1
saud.,1
"actively,",1
scrutinized,1
"celebrations,",1
related.,1
leader's,1
arming,1
lodged,1
$5.,1
fare,1
aminah,1
75-horsepower,1
"(ftn),",1
looting”,1
"killing,",1
snowy,1
clump,1
happened:,1
"stirred,",1
yurts.,1
doctor.,1
condescension,1
yemenis.,1
"intersos,",1
"ministries,",1
signatures,1
fraudulently,1
"(e-state),",1
confederation),1
1952.,1
24hrs,1
51mm,1
46mm,1
e-devlet,1
"accumulation,",1
reports:,1
blocking.,1
app-level,1
protocol-level,1
prince.,1
"birandra,",1
liberty.,1
"""misfortunes""",1
profit-loss,1
"airways,",1
"brandt,",1
entitles,1
child’s,1
palestine!”,1
nuking,1
"(drc),",1
"shopping,",1
“america,1
"screaming,",1
willy,1
eco-lodges,1
"eco-villages,",1
t-wei,1
chengdu.,1
"shihab,",1
siuji,1
brighten,1
"intentional,",1
"unthinkable,",1
"parenthood,",1
"defective,",1
"evaluated,",1
"feat,”",1
"1950s,",1
inmates’,1
actuarial,1
"operational,",1
widespread.,1
"papers,",1
two-and-a-half-year,1
al-faqan,1
curds.,1
homicide,1
visits.,1
heart-related,1
$433.4,1
"35.6%,",1
$315.9,1
belgium's,1
$428.2,1
fifth-largest,1
dependence.,1
generalized,1
"(ptsd),",1
"hack,",1
arable,1
"ineffective,",1
touts,1
peruvian,1
$3.7,1
"pfizer,",1
$18.5,1
25th.,1
presenter.”,1
sadat,1
ede,1
barth,1
espen,1
vance.,1
"well-founded,",1
crafting.,1
(enr),1
apocalyptic,1
protest?,1
draws.,1
homelessness.,1
cutoffs,1
gold”,1
85.8,1
73.8,1
guards.,1
queue,1
sites.”,1
“secure,1
prepackaged,1
checkpoints.,1
"eibel,",1
"740,000",1
comfortable.,1
"yard,",1
koohrang,1
persian-majority,1
lur,1
"lorestan,",1
gaúchos,1
"vanished,",1
"10.4%,",1
minimizes,1
saves,1
analytics,1
predictive,1
important?,1
(human),1
gvl:,1
reprisals,1
de-escalate.,1
"""hay'at",1
"text-to-speech,",1
"lawyer""",1
shahid,1
"beyond,",1
political-economic,1
kayes,1
debating,1
voice”,1
“dunkirk,1
florida;,1
storm’s,1
“cones”,1
peering,1
canals.,1
beheshtabad,1
"assimilate,",1
28.44,1
andrej,1
stanford,1
82.8,1
been.,1
california-based,1
剣術).,1
"(kenjutsu,",1
warriors,1
samurai,1
(1603–1868),1
edo,1
"advocate,",1
pre-storm,1
"muslims""",1
feudal,1
kendo’s,1
2024?,1
"created,",1
"offerings,",1
twenty-four,1
"sellers,",1
"assistant,""",1
"intelligence.""",1
"learn,",1
transported.”,1
"romania,",1
co-stars,1
"acclaim,",1
"""al-shater,""",1
westpac,1
"misaligned,",1
alexanderovich,1
"numbers,”",1
"generic,",1
“were,1
ban.’”,1
‘shadow,1
waterway.,1
former’s,1
blames,1
"commencement,",1
minecraft,1
comics:,1
revitalization,1
"provision,",1
pre-prepared,1
"ksa,",1
“native”,1
[police],1
“take,1
"sticks,",1
namtaeryong,1
"rizky,",1
ayu,1
purnama,1
overloaded.,1
semi-arid,1
sweltering,1
servants.,1
"operates,",1
(pictured),1
nazaroff,1
"alex.""",1
"strategy.""",1
"symbolic,",1
"worsened,",1
affair;,1
screen:,1
"invalid""",1
successfully.,1
(1-2).,1
(4-2).,1
two-goal,1
al-duhail.,1
forbes).,1
195,1
(whose,1
"auditable,",1
out!”,1
"nepotism.""",1
“less,1
shipbuilding,1
pirogue.,1
"sophisticated,",1
maoist,1
"federal,",1
"petersburg,",1
paletta,1
dancer,1
"future""",1
"""libraries",1
overdependence.,1
arteta,1
pre-match,1
al-rajoum,1
ounces.,1
usernames,1
“like.”,1
"hajdarpašić,",1
admira,1
dysfunction;,1
dilute,1
federer.,1
safavid,1
rud,1
zayandeh,1
"akleh,",1
"more),",1
rate).,1
prison?,1
pharma's,1
evangelical,1
"saturdays),",1
"wonder,",1
chugai's,1
"pharma,",1
sponsors,1
"visas,",1
recording),1
(printing,1
proscribed,1
"""three",1
hawe,1
"fahim,",1
damac's,1
"al-naam,",1
"durban,",1
egon,1
permeating,1
quickly;,1
introspection,1
tree-planting,1
"troughs,",1
peaks,1
overdrafts.,1
attempt.,1
knightsbridge,1
rover.,1
spencer,1
"altitude""",1
shionogi's,1
industries',1
"licheng,",1
"guanghua,",1
takeda,1
holdings',1
shortlist.,1
31st.,1
refrigerated,1
"pharma,""",1
"""sitco",1
peacemaking.,1
downturn.,1
myself;,1
post-melissa,1
"abdallah,",1
zena,1
"hajjaj,",1
zaki's,1
remittance,1
zaporizhzhya,1
fridays,1
(except,1
weekdays,1
stefanik,1
elise,1
"ledger,",1
blockchain,1
hare.,1
"lizard,",1
cuttlefish,1
falcons,1
"hunting,",1
haiping.,1
leases.,1
politico.,1
rent.,1
self-efficacy,1
5.58,1
multi-store,1
"sacrifices,",1
economу-class,1
“fight,1
“brothers”,1
ethiopians,1
ready”,1
“ethiopia,1
"boast,",1
"unforgettable,",1
"sufficiently,",1
"alternative,",1
lower-yielding,1
(cc,1
"subedi,",1
"warming,",1
columbus,1
colombus,1
hispanidad,1
(día,1
"mayors,""",1
"yunis,",1
"rift,",1
lose.,1
evaluates,1
duty-free,1
al-rashed,1
hometowns.,1
second-tier,1
first-,1
896,1
6.687,1
thank-you,1
"releases,",1
white-passing,1
"portrait,’",1
"iraee,",1
‘golrokh,1
text's,1
unrestrained,1
greywater,1
prioritises,1
individualist,1
canada’s,1
"programming,",1
"""punitive",1
energy's,1
lenient,1
seeming,1
"empire,",1
(islam),1
"screws""",1
"""tightening",1
"engineering,""",1
strengths,1
"""utilize",1
misconduct,1
willingly,1
shanghai-based,1
rural-urban,1
checkout,1
graduating.,1
acteal,1
tzotzil,1
crust.,1
assemblies,1
votes.”,1
“protect,1
killings),1
(arbitrary,1
1000,1
scrolls,1
issues...,1
"""engineer""",1
protei,1
"""digital""",1
junctures.,1
-speaking,1
"northwest,",1
tracker,1
teeluck,1
novice,1
inexperienced,1
propagandistic,1
"something.""",1
"""because",1
hospitals.,1
artist?,1
domino,1
buttons.,1
inconspicuous,1
"""good",1
subscribing.,1
mawhiba,1
mawhiba's,1
"""mawhiba"".",1
giftedness,1
"identifying,",1
self-reliance.,1
suites.,1
calendars,1
perplexity's,1
"hallucinations,""",1
"al-ibrahim,",1
”serious,1
abused,1
intelligences,1
"diameter,",1
"declared,",1
466,1
concede,1
yucatán,1
mayas,1
"gunpoint,",1
anand,1
bribes.,1
ids,1
divides.,1
"addressed,",1
tuesday's,1
etc,1
confederation's,1
"goods""",1
conscription.,1
stamp,1
phulki,1
mainstreaming,1
contention.,1
16.6,1
17.2,1
bottom-up,1
"7.1162,",1
offspring,1
painstaking,1
unfaithful,1
astana.,1
woo,1
causes;,1
suemita,1
"half-decade,",1
sevenfold,1
buhen’s,1
"community-based,",1
beirut’s,1
binding.,1
1890.,1
frenzied,1
tale:,1
backstory,1
"boxes,",1
trucked-in,1
"lebanese,""",1
"""nasrallah",1
lockdowns,1
singer.,1
magadha.,1
unconsciously.,1
finely,1
intensity.,1
"arrive,",1
"sacrificed,",1
paychecks,1
"stomachs,",1
agi,1
"headband,",1
headband,1
english).,1
recuperate,1
(retrieve,1
brasil”,1
“resgata,1
expansion!,1
quo.,1
homage,1
hamra,1
algenina.,1
"lot,”",1
migrations.,1
kate's,1
preconditions,1
"camaraderie,",1
snatch,1
"predecessors,",1
ajax,1
"ajax,",1
1968,1
hervé,1
spree,1
dam-building,1
incising.,1
zawink's,1
documented;,1
excision,1
clitoridectomy,1
invitations,1
lifecycle.,1
"containers,",1
adolescent,1
lancet,1
"undisclosed,",1
ill.,1
"rehabilitation,",1
adato's,1
"outrage,",1
setback.,1
fahrenheit).,1
(118,1
"pioli,",1
stefano,1
nostalgic,1
mancini.,1
painstakingly,1
prix.,1
principles).,1
"“exquisite,”",1
weiwei,1
“revitalizing,1
bri,1
helped.,1
pricking,1
infibulation,1
contribution.”,1
habitus,1
growling,1
al-nasr.,1
"misclassified,",1
"ditches,",1
shea,1
dorothy,1
hochstein,1
goals.”,1
“resorted,1
“coveted”,1
"(ccp),",1
fairuz.,1
"learners,”",1
chimpanzee,1
66.,1
"agendas,",1
sudan?,1
ambassador.,1
al-wahda.,1
"damac,",1
al-najma,1
outcry,1
authorizations,1
frames.,1
"sunken,",1
"loose,",1
landings,1
sauaia,1
asphalt.,1
"rainwater,",1
1864.,1
russo–caucasian,1
durum,1
attributable,1
decisions',1
drop.,1
"fugro,",1
roaming,1
"landed,",1
"abducted,",1
"holidays,",1
incomparable,1
al-sharaa's,1
dourari,1
"contract.""",1
robben,1
nico.,1
"al-kharabsheh,",1
submissions,1
"politics.""",1
taxpayers.,1
taxpayers',1
"mischief,",1
cunningness,1
93.96%.,1
6.04%,1
"pohang,",1
yeongil,1
tanzania.,1
steinmeier,1
negotiating.,1
fatah,1
women-friendly,1
"frankly,",1
"""steal""",1
"24-30,",1
professors,1
shoestring,1
evaluations,1
bhagat,1
developers',1
15.6,1
necessarily.,1
demand?,1
darkness.,1
elevators,1
owner's,1
registered.,1
"number""",1
"""property",1
obligation.,1
"(plo),",1
"""illusion",1
fatah's,1
pa,1
"""leader,""",1
barghouti,1
mazen's,1
thorny,1
"catastrophe""",1
al-lahham,1
mutilations,1
"sensitive,",1
okhaldhunga.,1
"596,000)",1
el-ayoun,1
balconies.,1
organisers,1
multi-ethnic,1
it?);,1
(was,1
robinhood's,1
time-lapse,1
upgrades.,1
battlefield?,1
candidacies,1
funding!,1
"will""",1
“public,1
“demumu”,1
pixabay,1
"factional,",1
"foreign,",1
sara:,1
sorpresas.,1
tantas,1
mercado,1
ir,1
sustituido,1
temor,1
#riyad_salamah's,1
deconstructs,1
"al-laham,",1
batna,1
engravings.,1
"""zellige""",1
"barish,",1
janicki,1
[19.6,1
"musabeyli,",1
rasim,1
6.6%,1
6.46,1
gallery.,1
rhizome,1
"(1930–1991),",1
khadda,1
month’s,1
"12,000,",1
motherhood”,1
"corniche,",1
"""godi,""",1
82.8%,1
ifex,1
festivities,1
hashem.,1
copd.,1
"almaty,",1
"specific,",1
accumulates,1
"baotou,",1
tire,1
"ferrari,",1
"""obchestvo"".",1
million?,1
#riyad_salamah,1
"kherson,",1
inches].,1
"billionaires,",1
"academy,",1
informa,1
homicides”,1
“intentional,1
ironically,1
"garden""",1
"""walled",1
open-door,1
organizers.,1
bundesliga.,1
emitted.,1
semley,1
lorelle,1
"maçães,",1
"fantasy,”",1
“gaza,1
(ipo).,1
"hill,",1
gregorian,1
"luxon,",1
"peters,",1
"mediators.""",1
"crystallized,",1
ideas;,1
badran:,1
"credit,",1
conceivable,1
disadvantage.,1
intersections,1
five-kilogram,1
"apathy,",1
strootman's,1
taboos,1
"listening,",1
"uyuni,",1
non-military,1
warehouses.,1
militarily,1
"4.4%,",1
supply),1
(egyptian,1
beams,1
horns,1
storylines,1
analyzes,1
"lab""",1
"""mega",1
sliced,1
"90%,",1
show?,1
"piety,",1
"obedience,",1
"livestock),",1
"remembrance,",1
specimens.,1
skip,1
unstoppable,1
glucose,1
world-renowned,1
"catz,",1
safra,1
"halab,",1
"“halabi,”",1
birmingham,1
"watford,",1
"ham,",1
capital’s,1
net.,1
re-opened,1
"reiche,",1
peri-urban,1
"tevragh-zeina,",1
skirted,1
ironic,1
"confessions""",1
"""tsunami",1
hosh,1
gratitude.,1
reel,1
"individualism,",1
996,1
optimus.,1
abruptly.,1
commands,1
man-portable,1
"micro-drones,",1
birol,1
spill:,1
cause?,1
aqsa,1
munif,1
constraint.,1
"“),",1
know.,1
afternoon).,1
midday),1
non-working,1
"45,043.75",1
cash-like,1
triumphed.,1
"suffered,",1
fervor,1
defunding,1
roll,1
milei’s,1
controversially.,1
parishes.,1
battled,1
khashoggi,1
“bitter,1
boat.”,1
benghazi,1
rica,1
u.s.-aligned,1
contras,1
"somoza,",1
"sick,",1
niger’s,1
teacher’s,1
omitted,1
"self-care.""",1
takashi,1
news/al-hadath,1
"shoulder,",1
"thread,",1
paulo’s,1
bread.”,1
awot.,1
"touches,",1
"""gold""",1
commanders.,1
recharging,1
encouraging:,1
air's,1
bailout,1
$57,1
pre-columbian,1
$348,1
blow:,1
she’ll,1
"feminist,”",1
technical.,1
"pool,",1
"""jeddah",1
investor's,1
malacca,1
unknowingly,1
witness:,1
market;,1
ejecting,1
($3.27,1
al-zour,1
reframe,1
"developing,",1
"opportunities.""",1
animals',1
"companion,",1
creation?,1
questionnaires,1
239,1
soaking,1
intensifies;,1
ceo.,1
trembling,1
mortal,1
"shame,",1
hostilities;,1
grapes.,1
"lomé,",1
exposure.,1
“iron,1
“tigress”,1
admirers,1
ayed,1
"ghair,""",1
"4.7%,",1
"entanglements,",1
"anti-immigration,",1
"again.""",1
"""make",1
own:,1
chest—and,1
buttons,1
issues—such,1
"taxes.""",1
"""smaller",1
excelled,1
operationalization,1
"al-shammari,",1
ball.,1
dwarfs,1
fact-checking.,1
self-convocation.,1
inter-american,1
"2002,",1
vibe.,1
hallucinatory,1
rusty,1
iran-backed,1
47-50,1
gutted,1
crushing,1
"power.""",1
"""strengthens",1
"politically,""",1
animals’,1
urrego,1
investiture,1
bolívar,1
simón,1
colombia’s,1
vi's,1
thursday!,1
snowfall,1
(white),1
78.2,1
anxieties.,1
bankruptcies,1
"secret,""",1
"gaborone,",1
karowe,1
bade,1
"behaviors,",1
"challenging.""",1
spiral,1
"holes,",1
positively.,1
"amara,",1
1945.,1
record-keeping,1
magnetism,1
rare”,1
"folded,",1
divisive,1
"""sad""",1
detentions.,1
3.577,1
mobility.,1
1970.,1
"forget,",1
infant.,1
"qena,",1
mutiny,1
tobago’s,1
lasalle,1
rex,1
jumbie,1
moko,1
"souza,",1
dragon,1
glen,1
trindadian,1
pollard,1
meltwater,1
rallies.,1
"batumi,",1
crisis.”,1
“intensifying,1
fararu,1
"parhamat,",1
"namtaeryong,",1
"miraculously,",1
"carreras,",1
alvaro,1
"howesen,",1
simeoni.,1
"bigger,",1
exerts,1
scammers,1
soelo,1
listings,1
session),1
[an],1
lippo,1
delegate,1
producers’,1
directors’,1
zahed,1
heights).,1
(golan,1
hulwan,1
"knife,",1
"attacker,",1
debris-covered,1
ponds,1
reinvented,1
1869,1
"santo,",1
$71.6,1
"el-desouci,",1
realizing.,1
857.5,1
1.89,1
grams).,1
(221,1
"1,109",1
rona,1
lesedi,1
grams),1
(351,1
"1,758",1
"imbalance,”",1
"rakash,",1
recalled:,1
fatigued,1
physiological,1
dosing,1
chah,1
"bibi,",1
maheen,1
80-year-old,1
laments,1
"livelihoods,”",1
forefathers’,1
snatching,1
carnation,1
nationalized,1
preferred.,1
"sand,",1
"reprisals,",1
countries.”,1
sterilize,1
“dangerous”,1
"amended,",1
elusive.,1
islamophobia,1
london-based,1
tell.,1
sensibility,1
sub,1
killings;,1
app:,1
graz,1
multi-lingual,1
"herat,",1
labelers,1
mit,1
ships.,1
start-ups,1
"anonymously,",1
rosy,1
beamed,1
nan’s,1
"fullness,",1
spewing,1
photo/artist:,1
portal.,1
"retention,",1
co-developing,1
"urgently,",1
knees,1
(fia),1
beheira,1
5.9%.,1
development's,1
emaar,1
orienting,1
vazquez,1
ignacio,1
(sic),1
"al-zahed,",1
younis's,1
networks.”,1
“network,1
zubair,1
honeymoon,1
blog.,1
low-paid,1
acceptance;,1
"resolution,”",1
kdp,1
"barzani,",1
nechirvan,1
gallerists,1
plummet.,1
privileging,1
"evil,",1
embodiment,1
russian-originating,1
goggles.,1
smoother,1
up-to-date,1
"bayrou,",1
googled,1
do:,1
"cautious,",1
diligently,1
205.5,1
françois,1
nanometers,1
pivoted,1
al-quwaiz.,1
"al-jadaan,",1
"al-tuwaijri,",1
al-suhaimi,1
jamaz,1
presidents',1
expatriates,1
9.188,1
chickering,1
"""tasi""",1
cheap.,1
screen's,1
scabbed,1
"issue.""",1
"overlooked,""",1
"there.""",1
assertively,1
al-hasakah,1
raqqa,1
48.6%.,1
48.98%,1
"sponsor,",1
hall.”,1
"thing.""",1
"frontrunner,",1
amputee,1
"ng,",1
medics,1
witch,1
palmer,1
annie,1
change-makers,1
"vital,",1
diamond's,1
motswede,1
doncker,1
pillow,1
comer,1
4.89%,1
shi,1
shelf,1
refrigerated.,1
"aside,",1
sixteen.,1
al-hamdan's,1
wrinkly?,1
"hanafi,",1
event?,1
once-a-year,1
al-samer,1
quadcopter,1
speculated,1
(covid-19).,1
flu,1
masterpiece,1
562,1
"strides,",1
multi-term,1
attractions.,1
wicked,1
assigning,1
twelve-year,1
dog's,1
today*,1
*source:,1
sequoyah,1
pechora,1
russian-made,1
unloading,1
"11,308.11",1
"""latest""",1
accounts;,1
"""friends""",1
follow;,1
"""all""",1
"""clips"",",1
"""following""",1
sherpa.,1
implied,1
"yuxin,",1
in-situ,1
"mapping,",1
“thame,1
830.8,1
856.3,1
obstructed,1
offspring.,1
"illustrators,",1
implants,1
"rating,""",1
"differences,",1
marathon.,1
kirwa,1
eunice,1
ikdir,1
abdelati,1
"throw,",1
optimusk,1
"addicting,”",1
"better,",1
"content.""",1
"""following",1
flaxseed,1
"ours,”",1
topography,1
flax,1
"courtroom,",1
overwrought,1
treat.,1
strenuous,1
"successively.""",1
misinterprets,1
well-loved,1
"troika),",1
(referred,1
"re-imposed,",1
"drawings/photos,",1
"guides,",1
"dictionaries,",1
republic;,1
javelin,1
"steeplechase,",1
lagharibi,1
"medication,",1
bourla.,1
revolution.”,1
“behind,1
"mockery,",1
re-election,1
wreckage.,1
titanic,1
"ballard,",1
"tomb,",1
"mixture,",1
mekantsishvili,1
mariam,1
pitted,1
toasted,1
ploughed,1
crossings;,1
zebra,1
chávez,1
"admire,",1
battleground.,1
"westerners,",1
civilized,1
terrorizing,1
"culturally,",1
wove,1
"thesauruses,",1
"wall.""",1
"""anti-dragged",1
"1,500-meter",1
"khoja,",1
2.559,1
"al-rumi,",1
yet-to-be-determined,1
azul,1
pits,1
showdown,1
objected,1
"yıldırım,",1
binali,1
akp's,1
chp's,1
rib.,1
84-year-old,1
"several,",1
"beneficiaries,",1
non-regulated,1
"forties,",1
"thirties,",1
"""reserve""",1
-inspired,1
berjasteh,1
sofal-e,1
pyramids.,1
"stimulus,",1
remarkably,1
suriname,1
"al-kahimi,",1
"hart,",1
"safari,",1
holland,1
parliament’s,1
"cosse,",1
vice-president,1
relations….,1
delighted.,1
wifa,1
heavier,1
risky.,1
"vaccinated,",1
inauspicious,1
patchy,1
(2014),1
mauritius,1
barbados,1
14.3,1
gambia’s,1
"""resolution""",1
"paramedics""",1
"""killing",1
marmara,1
sivriada,1
al-ashraf,1
memaar,1
manassat,1
"masoud,",1
unharmed,1
threats!,1
wafiq,1
4.6%,1
mazda,1
sulawesi,1
"resettlement,",1
"benposta,",1
"3,483.",1
ever.”,1
day—repulsive,1
roadmap.,1
metrics.,1
budgeting,1
grooming,1
"makeup,",1
"skirts,",1
"pants,",1
uproar,1
"“heaven,”",1
48.1,1
romana,1
accessions,1
anti-fgm,1
atlantic.,1
estefanía,1
daiana,1
(maoist),1
blow.,1
"poster,",1
misery’,1
‘egyptian,1
"electrifying,",1
5.2%,1
honda,1
stereotypical,1
"10,715",1
"al-anzi,",1
"gemstone,",1
spillway,1
toshka,1
"arkan"".",1
"""blatant.""",1
filings,1
"swaps,",1
"agenda,”",1
“leftist,1
instinct.,1
"$2.99,",1
price-fixing,1
tuy,1
sharing.,1
"zolotnyk,",1
"chudakov,",1
kateryna,1
costume.,1
spider-man's,1
enlisting,1
kind-hearted,1
"""poissy""",1
"tonale""",1
"""alfa",1
"d'arco""",1
"""pommeliano",1
gavkhouni,1
"munir,",1
boys.,1
caricatures,1
"villains,",1
refills,1
subcontinent,1
thought-provoking.,1
el-saqqa,1
"marchyshyna,",1
mail.”,1
flanders,1
"coherent,",1
fewest,1
paper’s,1
richards’,1
"younger,",1
keshorn,1
discordant,1
"7,200).",1
"25,222)",1
miniaturist,1
pronatalist,1
"fulfilment,",1
siniakova,1
"lucara,",1
"centers,""",1
al-hol,1
"""returning",1
"command,",1
"cooper,",1
brad,1
anti-national,1
forecast.,1
philosophers',1
undeterred.,1
mate-drinking,1
riots,1
"grigoropoulos,",1
cover-up,1
"meteorology,",1
6.25,1
6.35,1
hugs,1
arnie,1
ready…,1
17:,1
qamar,1
bhakkar,1
"others,’",1
bothering,1
work's,1
headway,1
"setbacks,",1
prolongs,1
stipulation,1
diaspora:,1
cullinan,1
way?,1
degenerative,1
(als),1
salgueiro,1
occurs.,1
sank.,1
overloaded,1
"crush,",1
300–400,1
50–60,1
athenian,1
york-based,1
농민의,1
진격하는,1
한남동으로,1
onwards,1
2031,1
"hayat,",1
gohar,1
eradicated.,1
"comrades,",1
"tally,",1
"felix,",1
"duo,",1
‘be,1
master.,1
tug-of-war,1
grandson,1
injustices.,1
positivos,1
impactos,1
trajo,1
“si,1
commerce.,1
bolivian,1
dissenter.,1
ahmaddiyas,1
eid-ul-adha,1
minarets,1
desecration,1
alexandros,1
motherhood.,1
audacious,1
"rebuild,",1
martyr,1
syrians;,1
"accounted,",1
sand,1
"5.5%,",1
al-jubouri,1
facemasks,1
scouting,1
afirma.,1
"1990”,",1
austeridad,1
régimen,1
estabilidad,1
"alto,",1
tuvo,1
넘어,1
남태령을,1
[속보],1
farmers:,1
1905.,1
"3,106",1
"""convincing""",1
secularism).,1
trash.,1
yelling,1
"ignite.""",1
hoot,1
"hoot,",1
rock:,1
legacies,1
actresses.,1
"khail,",1
aba,1
"78,000",1
"gate,",1
al-yaman,1
seventy-square,1
downgrading,1
downgrade,1
charnvirakul,1
semiotics.,1
diasporic,1
suite,1
prejudices,1
"shackles,",1
"economía,",1
"""khaldun",1
coerce,1
막아섰습니다.,1
경찰이,1
내란부역자,1
대오를,1
트랙터,1
molest,1
“organized,1
cpo's,1
ministries',1
errors;,1
haniye,1
“thousands,1
moving;,1
choked,1
franchise,1
fifteenth,1
enchantment,1
"warmed,",1
"1,850)",1
gel,1
"kheoshvili,",1
ioseb,1
trivial.,1
uruguay’s,1
ponder:,1
dies?,1
ofer,1
suhad’s,1
"obsessions,",1
"fanaticism,""",1
gün”,1
incompatible,1
“criminals”,1
“rapists”,1
"crackdown,",1
caucasus,1
(@laurencebroers),1
broers,1
laurence,1
stiffness,1
statute,1
adherents.,1
purebred,1
breed,1
"bce,",1
"""poison""",1
"dan,",1
communiqué.,1
instructions.,1
"""baladi""",1
unease”,1
"“alarm,",1
punishes,1
loading/unloading,1
"classifications,",1
propagate,1
exaggerate,1
"useless,""",1
"""study",1
"useless""",1
"""hard",1
negativity,1
"“shaheed,”",1
fazil,1
reputation.”,1
indians,1
upper-class,1
zunaira,1
"behal,",1
63.2,1
61.9,1
traders.,1
groups’,1
"fasting,",1
bankak,1
rapprochement,1
unpack,1
"sketching,",1
ecuador.,1
"""pick",1
"enzymes,",1
66%,1
"""restore""",1
loading,1
"stomach,",1
stimulates,1
ottawa.,1
"close.""",1
9.059,1
1.478,1
34.7,1
"10,780.69",1
3.13%,1
"tasi,",1
grey,1
(ucla).,1
tepid,1
"stabilized,",1
couscous,1
"atajine,",1
tsushima,1
battle.,1
sailors,1
calories.,1
"""metabolism""",1
bloomberg's,1
slowest,1
exalted,1
preceded,1
oumdurman,1
latter.,1
spontaneous?,1
sketch,1
nestled,1
limited's,1
impersonate,1
"hair,",1
"follicles,",1
"protein,",1
[turkey],1
"moffline,",1
post-sales,1
*summary,1
"bags,",1
"chicken,",1
"athens,",1
levy,1
tampoco,1
públicas,1
políticas,1
inversión,1
constante,1
ritmo,1
mantuvo,1
0.23%,1
108.6,1
pounds).,1
payload,1
kg),1
of],1
"hauts-de-seine,",1
nanterre,1
infringements,1
"credentials,",1
login,1
defenses.,1
"distances,",1
under.,1
"""antoine",1
panathinaikos,1
zahran,1
"el-hadary,",1
blanc.,1
plumes,1
"stretchers,",1
excellent...,1
"46,206.69",1
esperada.,1
proporción,1
"""no.""",1
"interred,",1
"demise,",1
airfields,1
enthusiastically,1
"self,",1
criticised,1
"educators,",1
"linguists,",1
carlson,1
tucker,1
inheriting,1
1816,1
"menstruation,",1
tekeze,1
hammamet,1
intractable,1
state-building,1
reigniting,1
absences,1
juarez,1
"hall,”",1
capita.,1
mediazona,1
nafta,1
verona,1
hellas,1
82nd,1
esposito's,1
"withdrew,",1
"runoff,",1
forums.,1
"centers.""",1
shia,1
white-collar,1
dimanche,1
du,1
“silent,1
"mobile-friendly,",1
equips,1
low-tech,1
"finances,",1
nafi,1
compassion.,1
trinbagonians,1
"protection""",1
"13""",1
adversary?,1
"oliveira,",1
future.”,1
(pib),1
bruto,1
interno,1
producto,1
"physique,",1
"runner,",1
jogging,1
threat:,1
“crowd,1
"bar,”",1
"health""",1
"celsius),",1
18.5,1
fahrenheit,1
"occupation,”",1
hinostroza,1
crecimiento,1
grecia,1
nouakchott,1
"imraguens,",1
d'arguin,1
attribution-share,1
survivors.,1
shipwrecks,1
"trace,”",1
“disappear,1
crossing”,1
lower-end,1
high-refresh-rate,1
businessman.,1
"folies-bergère,”",1
processor's,1
"shut,",1
scratch?”,1
like:,1
when?”,1
specious,1
docked,1
hangouts,1
$3400-$3500,1
"saturation,",1
"outlook""",1
"transfers,""",1
justice?,1
sino-african,1
reconcile,1
"legislate,",1
"7.1%,",1
hug.,1
provides;,1
"govern,",1
14th.,1
"financiers,",1
"veterans,",1
suhad's,1
"rona,",1
sticking,1
“secessionist”,1
africa-especially,1
“fragmentation”,1
"""attack.""",1
"discovered,""",1
383.77,1
417.09,1
33.3,1
unforgivable.,1
feminist?,1
100+,1
"kuaishou,",1
shrimp,1
"“ngapi,”",1
meager,1
"counter,",1
elevator,1
endoscopy.,1
imaging,1
diagnose,1
equality;,1
"rarity,",1
"judgements,",1
oc,1
similar.,1
"headwaters,",1
"mitsira,",1
partnership.,1
mitsira's,1
lawfare,1
"self-defense,",1
drone-destroying,1
jamming,1
neutralize,1
marizón,1
google),1
"reconstructed,",1
bosch,1
averaged,1
“statue,1
qalamoun,1
"heights.""",1
"monetization,",1
hamadeh,1
"successfully.""",1
desert”,1
“palestine.”,1
exhibitions?,1
"caffeine.""",1
"""coffee",1
kao,1
mitali,1
bandhan,1
gothenburg,1
maitree,1
dahal,1
shishir,1
sapkota,1
dilip,1
shook.,1
(mw),1
600-megawatt,1
prevails.”,1
dwellers.,1
montreal.,1
cruz's,1
sub-index,1
"34%,",1
"pre-season,",1
joon,1
ho,1
al-awadi.,1
predictions.,1
newcomers’,1
nuisances,1
2008.,1
tool;,1
sabayek,1
technocrat?,1
solution),1
below):,1
(translation,1
wildaf,1
460,1
aroun,1
too.”,1
deposed,1
"palestine.""",1
"quotes,",1
$0.098,1
"connecticut,",1
affording,1
risk-averse,1
hurricanes,1
"(wednesday),",1
al-hayya.,1
17-year-old,1
boy's,1
"subcommittee,",1
chords,1
sarcasm,1
"besent,",1
ri,1
trevor,1
nationalist/ethnic,1
"far-right,",1
affiliations:,1
parent.,1
"guardian,""",1
"germany),",1
breakeven,1
airways',1
"gharibabadi,",1
thickness.,1
"commercialization,",1
(8),1
*according,1
"urban,",1
skews,1
risk?,1
stalker,1
hill”,1
"link""",1
"mail"",",1
watercraft,1
petersburg-tampa,1
fansler,1
percival,1
abc,1
rubio's,1
russian-backed,1
sommerlin,1
chairman.,1
could’ve,1
tribute.,1
reception;,1
"morality,",1
electricity;,1
assyrians,1
"armenians,",1
"amazighs,",1
"kurds,",1
non-arabic,1
"spray,",1
"intestines,",1
"legumes,",1
"possession,",1
shrine.,1
well-networked,1
"cease-fire,",1
"sara,",1
plantations.,1
regularly.,1
bring.,1
"defa,",1
tong,1
conscripts,1
"recruits,",1
undertakings.,1
tariffs',1
far-left,1
"breath,",1
debris.”,1
family;,1
awful.,1
"prisons,”",1
abdominal,1
"strict,",1
(gold,1
resort.,1
something.,1
supermarket.,1
bracket.,1
tenn,1
lerner,1
daniil,1
naadam.,1
archery,1
rejoining,1
"solutions,""",1
unhindered,1
wipes.,1
nadiradze,1
vano,1
"helplessly,",1
connections”,1
disrespectful,1
"water,”",1
[were],1
(nwc),1
lighter.,1
coats.,1
grumbling,1
swimming,1
happily,1
"kidnapped,",1
argument.,1
guam,1
category),1
"""reckless""",1
"ultra,",1
457,1
$1.2,1
inquiry:,1
benfica.,1
"one,""",1
"inspections,",1
faltering,1
"chopsticks,",1
strangely,1
lion.,1
majestic,1
hosts.,1
"""celebrity",1
abella,1
malta,1
humorously,1
vehicle;,1
angles.,1
hierarchies.,1
"al-gameel,”",1
“zaman,1
finland.,1
starve,1
negligent,1
hawrami,1
peshwa,1
chain:,1
rally.,1
non-kenyan,1
mechanism?,1
bali.,1
inbound,1
sheet.,1
orascom's,1
"chouhan,",1
shivraj,1
"ahmed,""",1
certainty.,1
dispelling,1
rescue.,1
firefighter,1
gulf!,1
crumbled,1
"drivers.""",1
shower,1
"champions),",1
complied.,1
environmentally-friendly,1
"napkins),",1
(pads/sanitary,1
non-reusable,1
repurposing,1
youtube's,1
"""shortss""",1
keffiyeh,1
panamanian,1
(xinhua).,1
hubei,1
huazhong,1
"""king""",1
postpone,1
(csu).,1
“indigenous,1
gatherer,1
"al-jundi,",1
mandate.,1
competitors',1
suspense.,1
rashid.,1
"proximity,",1
euna,1
mino,1
uncommon.,1
“disappear”,1
non-discriminatory,1
"""sensitive",1
sturt,1
populations',1
adaptation.,1
"tu,",1
tang),1
product.”,1
patented,1
[was],1
10-year-long,1
2017).,1
(picture,1
tuapse,1
"period""",1
"""challenging",1
"generation.""",1
arizona.,1
kalantari,1
mixed.,1
stories.”,1
cause;,1
marca:,1
"algeria,”",1
“here,1
squatting,1
addameer,1
samanoud,1
recover;,1
"dishonesty.""",1
"lobel,",1
al-mutawa,1
closing.,1
"pl,",1
"paratici,",1
africa],1
[southwest,1
artifacts.,1
"vatican,",1
tree;,1
call:,1
"bouquillon,",1
pressing.,1
valencia,1
tears.”,1
”crocodile,1
lelam,1
"modern,",1
herd.,1
"""congratulations,",1
peru.,1
"cuzco,",1
"conducted,",1
"meyer,",1
requirement.,1
viewpoints,1
theorist,1
"show""",1
will’s,1
dot,1
"maps,",1
counterterrorism,1
"94,",1
sakhalin’s,1
courted,1
multistakeholder,1
mismanagement—just,1
government-dominated,1
“ideal”,1
buys,1
"news,”",1
"loneliness,",1
boredom,1
counseling,1
service’s,1
center-in-charge,1
microphones.,1
"infantino,",1
gianni,1
swiss-italian,1
notifications.,1
succinct,1
sapiens.,1
“it's,1
here:,1
giuliano.,1
"julian,",1
"nico,",1
counterattacks,1
mousterian,1
"technique,",1
"""levallois""",1
"knives,",1
"axes,",1
138,1
briefings,1
coups.,1
"8,500",1
arise?,1
imbuing,1
wonder:,1
blackout.,1
"network),",1
(siha,1
"(sapa),",1
mid-flight,1
maneuverability,1
yahya.,1
"score"".",1
"""sova",1
ronaldo's,1
"""qoul""",1
hearing.,1
computer.,1
resigns,1
"killer,",1
forgiveness,1
swana's,1
pulling,1
"clerks,",1
biologists,1
field:,1
15–30,1
"multiply,’",1
‘israeli,1
tldr,1
teaming,1
"$109,592",1
6.4%,1
"2.13%,",1
days;,1
"lancet,",1
greenish,1
"23,000)",1
commendation.,1
"accolades,",1
mozambique.,1
summarizes,1
remedies.,1
"wives,",1
"stagnant,",1
"arrivabene,",1
mauricio,1
turin,1
"al-asbahi,",1
whatsapp’s,1
"akbaş,",1
hakan,1
government-allowed,1
ads:,1
‘like.'”,1
"""resistance""",1
"(1975-1990),",1
elaborately,1
significantly;,1
abayas,1
embellished,1
najd,1
coins,1
layers;,1
predominates,1
"refrigeration,",1
62.9,1
61.6,1
59.3,1
58.5,1
"form.""",1
protect?,1
clarity;,1
havana.,1
minimised.,1
"subject,",1
(gerd),1
conflict:,1
flashpoints,1
factor.,1
stonebridge,1
albright,1
reader.,1
lessen,1
metin,1
"messiah,",1
idolized,1
requesters’,1
pinch,1
crust,1
group:,1
conspiracy.,1
popularized,1
"essays,",1
rodri,1
picking,1
al-bassam,1
reem,1
"mechanics,",1
exponentially.,1
"versa,",1
randomly,1
"canisters,",1
"""talking""",1
"relevance,",1
represent.,1
"place,’",1
‘this,1
"marc,",1
$1.6,1
"ammonia,",1
ponders,1
$0.5848.,1
lists.,1
(01:00,1
"64,000",1
shape;,1
27.59,1
1.19,1
4.47,1
you’d,1
"(ilo),",1
deadlines,1
"474,018",1
yerli,1
faizabad,1
client’s,1
lowest-impact,1
cleanest,1
stations.,1
christianity,1
kanchokin,1
"revolution,”",1
“peaceful,1
"alliance""",1
wagenknecht,1
"""sarah",1
"73%,",1
grandchildren.,1
"codes,",1
four-week,1
"""fake.""",1
"""test""",1
therapy”,1
anger”,1
"acar,",1
tuareg.,1
tenderly,1
"invisible,”",1
find.,1
reductions.,1
"coins,",1
sprouting,1
"mozabite,",1
"chaoui,",1
"1962,",1
"days,""",1
jpmorgan's,1
stop-gap,1
semi-rural,1
"genena,",1
"ashdod,",1
kurgoko,1
(48%).,1
happen?”,1
“what’s,1
rest”,1
constables.,1
"exam,",1
engines.,1
mid-june.,1
foothold.,1
environmnetalists,1
nuzha,1
al-harout,1
"incarcerated,",1
ilke,1
"""oreed"".",1
observable,1
"taif,",1
"“caramel,”",1
"coat,",1
done.,1
simplicity,1
al-saad,1
"board,""",1
"""munitions",1
"hawa,",1
bengaluru.,1
weaponizing,1
"enthusiast,",1
"singh,",1
sankar,1
al-waqyan's,1
basil,1
loud.,1
"indo-pacific,",1
"(diggers),",1
“creuseurs”,1
"capital,”",1
“global,1
meris',1
underdiscussed,1
"necessary,""",1
"erupt,",1
recipients.,1
andean,1
senators,1
"system.""",1
"""innocent",1
apprehend,1
working.,1
"""obamacare""",1
thune,1
chinnamangalam,1
astronomer,1
worst-impacted,1
channelling,1
osama's,1
diabetics,1
"fables,",1
cure,1
"harvard,",1
"hamdy,",1
"hear""",1
"(un-habitat),",1
vulnerability:,1
uninvited,1
directives.,1
"setback,",1
salama's,1
"dilling,",1
"kadugli,",1
"taunts,",1
oas,1
"guler,",1
2025–2031,1
proclaiming,1
amoroso,1
ishiba.,1
outgoing,1
culprits,1
criminal’s,1
next.,1
"100%.""",1
seamless...,1
provisional,1
tk,1
(located,1
al-nour,1
"count),",1
(view,1
"exported,",1
"departing,",1
"promises,",1
"prioritized,",1
"riot.""",1
52.44892,1
adores,1
kazdoura,1
photograph.,1
sovereign.,1
(icarda),1
blue.”,1
"handwriting,",1
father’s,1
scribbled,1
"baby,",1
birthdays,1
protesters’,1
biofuel,1
cartel,1
"occur,""",1
ore-bearing,1
messages:,1
underinvestment.,1
"""terrible",1
"situation""",1
slogan.,1
superficially,1
"d’état,",1
"preventable,",1
treatable,1
"hiv,",1
turkish-syrian,1
"al-hallaq,",1
1960s.,1
confidant,1
"saleem),",1
deeb,1
anti-submarine,1
socialism”,1
“scientific,1
barre's,1
156,1
15+2,1
backing.,1
"""brutané""",1
"kazakh,",1
"german,",1
"russian,",1
criminalized.,1
‘unacceptable’,1
"passes,",1
meanings.,1
year;,1
practical.,1
saud's,1
"extensively,",1
shviñtic,1
disappointing.,1
civilizations.,1
well-versed,1
"stretch,",1
diplomas.,1
"gang,",1
cumhuriyet,1
(laughter).,1
fraudulent.,1
salvador's,1
"pou,",1
face-to-face,1
uruguay's,1
“ended”,1
kingdoms.,1
al-astal,1
marais,1
17th-century,1
"cast,",1
athlete;,1
ahmed's,1
surprise:,1
"""digital",1
"$118,000",1
"$110,000",1
gauks,1
manager.,1
counter-movements,1
bumper,1
"(xinhua),",1
mauritanians.,1
chifir,1
6-15).,1
insurgency.,1
capping,1
"entrance,",1
preschool,1
persisted.,1
powerless.,1
"flies,""",1
emirate,1
"deal-making,",1
kwan,1
yuen,1
swim.,1
"pond,",1
shockwaves,1
swat,1
strikes”,1
“precision,1
satan?,1
osogbo,1
adherents,1
"suwayda,",1
disbelief,1
potassium.,1
"magnesium,",1
nutrients.,1
herb;,1
flavorful,1
inscriptions,1
take-out,1
value-destroying,1
ling,1
cern,1
fei,1
"taipo,",1
cataract,1
647,1
bragantino,1
ibuprofen,1
painkillers,1
laxatives,1
bewildered,1
fared,1
english-speaking,1
empathy.,1
invites,1
mutawakkilite,1
"1,126-kilometer",1
cascading,1
"wave,”",1
tsunami-like,1
“20-meter,1
"destroy,",1
"above,",1
slowed:,1
acharya.,1
"community,”",1
services;,1
typing,1
"2-2,",1
"lead.""",1
"contracts,",1
"benchik,",1
natalia,1
portrait.,1
iraee,1
golrokh,1
powers',1
metal-related,1
1352,1
"1934,",1
i.,1
seekers’,1
sargodha,1
54%,1
(700-mile),1
entrepreneurship,1
tri.,1
(bamf),1
scotland.,1
merowe,1
discharging,1
"properly,",1
"shelter,”",1
"discrimination.""",1
"""true",1
"underscored,",1
midway,1
72.1,1
"1947,",1
then;,1
conscripted,1
hamas!,1
"project""",1
netanyahu-led,1
"qualifiers,",1
"error""",1
evenk,1
player;,1
"messi's,",1
dembele's,1
homs.,1
plaque,1
"end,""",1
737.3,1
justification.,1
"problematic,",1
lashing,1
blocked.,1
six-year,1
"26,500",1
re-investing,1
"mexican,""",1
ice.,1
depot,1
2015–2021,1
backroom,1
"issue,”",1
“remains,1
incidents—they,1
1995.,1
assassin,1
1993?,1
waging,1
rosmarinic,1
“surgical”,1
hyper-kamiokande,1
$2.5.,1
banker,1
"daejeon,",1
$776.5,1
$730.7,1
monthly.,1
canoas,1
000,1
"650,",1
collisions,1
agreed.,1
18-29,1
positions?”,1
transgressions.,1
gulf's,1
imamate,1
revolutionaries,1
"eyes,”",1
“opened,1
compost,1
propagandistic?,1
mataro.,1
rocafonda,1
"separated,",1
skyrocketing,1
calculate,1
"brasília,",1
befits,1
patently,1
"asynchronously,",1
"gulf,""",1
comey.,1
$756.4,1
64.1%,1
1.007,1
6.928,1
dissidents.,1
achieve.,1
"of,",1
"companionship,",1
expectations.”,1
"childfree,",1
"anything.""",1
antidote,1
"jung-woo,",1
"leaves,",1
“zatiran”,1
"siberia,",1
14–19.,1
[russia],1
kazan,1
"kazanforum,”",1
world:,1
“russia-islamic,1
daughter’s,1
"adeba,",1
al-desouci.,1
"domain,",1
curriculums,1
"death,”",1
"“precise,”",1
swiftly.,1
al-habbash,1
cyber-incident,1
revolução,1
urgency.,1
hasti,1
"(friday),",1
scotland,1
alteration.,1
hinterdobler's,1
"mid-april,",1
"porn""",1
"""revenge",1
"asia,""",1
lithium.,1
"diabetics,",1
mallorca,1
"barrel.""",1
beast,1
"insufficiency,",1
certificate.”,1
"quetta,",1
bakelite,1
unhcr’s,1
kamchatka,1
"petropavlovsk-kamchatsky,",1
albanese.,1
"carney,",1
"rhissa,",1
ag,1
"society,""",1
reformation,1
"genocide,”",1
“continued,1
mercy.,1
orascom.,1
dictatorial,1
$615,1
"kyrgyzstan,",1
high-emission,1
community-focused,1
(peak),1
evaporated,1
tins,1
soukoudai,1
osasuna.,1
"betis,",1
"valladolid,",1
kadriye,1
"balance,’",1
‘broken,1
precursors,1
rename,1
pay-as-you-go,1
"(first,",1
4.2%,1
vargas,1
"arroyo,",1
víctor,1
compositions?,1
conceive,1
folies-bergère?”,1
juxtaposing,1
bar”,1
flies.,1
"fly,",1
corporation's,1
incumbents.,1
majoritarian,1
"runoffs,",1
"hence,",1
"1992,",1
mobilizes,1
beg.,1
hallmark,1
octopuses,1
"luís,",1
springs,1
"altered,",1
ozcelik,1
resonance?,1
bunyodkor,1
hasanov,1
sadruddin,1
"badolato,",1
cyber-fascist,1
neo-fascist,1
pace;,1
"year),",1
criminalizes,1
afloat.,1
“patiently”,1
£7,1
post-brexit,1
brexit.,1
"resonate,",1
produzam,1
services:,1
uma,1
desencadear,1
necessário,1
"livrar,",1
possamos,1
"que,",1
povo,1
ao,1
starter,1
al-alsun,1
alausa,1
tunji,1
978,1
774,1
digam,1
músicas,1
infrastructure-level,1
app-specific,1
wwii,1
workday,1
closes,1
"correspondent,",1
stuttering,1
akanbi-neander,1
brain-chip,1
relationship-based,1
incarceration,1
mundo,1
nuestro,1
(jdi),1
liberia,1
only:,1
dayana,1
freetown,1
maroons,1
revolution),1
(people,1
loyalists,1
1700s,1
leone,1
fuelwood,1
gypsies,1
"candle,",1
"fascist,",1
calmer,1
claramente,1
shaming,1
"tracked,",1
"loudspeaker,",1
consciousness—each,1
38.5%,1
foreign-made,1
net-zero,1
ecology,1
unsupervised,1
however...,1
foreign-imported,1
"kaldas,",1
timothy,1
"rearing,",1
veterinary,1
intoxicating,1
roomba,1
bladders,1
"guts,",1
253.65,1
761,1
stand-up,1
"post-holocaust,",1
therapists.,1
ferrovial.,1
vinci,1
"orascom,",1
"holistic,",1
"fictional,",1
"factual,",1
perpetuated,1
conviction.,1
war’s,1
"sluggish,",1
waso,1
sigifredo,1
craters.,1
rocky,1
“you’ll,1
collarbones,1
olisa,1
"items,",1
breath,1
diagnosing,1
34.83,1
17.7,1
"husbandry,",1
19th-century,1
lifted.,1
conservatism.,1
"columns,",1
microwave).,1
reheat,1
(never,1
cecilia,1
databases,1
"reactive,",1
"al-arkan""",1
al-issa,1
"generational,",1
kunduz,1
"aeronautics,",1
"controversial,",1
invisibility.,1
survive?,1
weep,1
tamarind-jaggery,1
"congo-brazzaville,",1
violently.,1
24.7,1
chiller,1
lifespans,1
life-cycle,1
"specified,",1
policing.,1
tasted,1
"monopoly,",1
leapfrog,1
cleaners,1
97%,1
"1767,",1
"landmarks,",1
"mustang,",1
safer.,1
prisoners).,1
políticos,1
presos,1
liberen,1
lettering:,1
"clippve,",1
"ablaze,",1
sunday's,1
"geographic,",1
"’30s,",1
mint-coriander,1
reconnection.,1
suing,1
gunman,1
inspiring.,1
"preference,",1
al-shaar,1
hardships.”,1
dm:,1
"ended,”",1
finns,1
"sikorski,",1
alarm.,1
sounding,1
"vandalism,",1
filipe,1
"scherer,",1
"mardenborough,",1
"jaibi,",1
qusai,1
jan,1
"fetzer,",1
"ill-treatment,",1
"plaintiffs,",1
omct,1
jazz”,1
“oriental,1
"lyrics,",1
"styles,",1
funk,1
"nova,",1
bossa,1
"jazz,",1
resort”,1
mirzā,1
angle,1
dpa,1
zaid,1
chitour,1
madame,1
"stockpile,",1
al-zaytoun,1
al-katiba,1
pinto/agência,1
"barakati,”",1
nabil,1
al-jawhari,1
sahnoon,1
"chamakhi,",1
rachid,1
"validated,",1
supply-demand,1
stovetop.,1
jaidan,1
rached,1
e-sports.,1
$45.1,1
$49.3,1
"9.3%,",1
liberalization,1
dembele.,1
solving,1
mystery:,1
el-baz,1
"history,”",1
positioning.,1
fms,1
“central,1
cochabamba,1
encountered.,1
sheika.,1
slander,1
counterinsurgency,1
mehrabad,1
enamel.,1
duodenal,1
citrus,1
biochemistry,1
"ezzat,",1
loss:,1
bureaucracies.,1
grimy,1
forum/flickr,1
as-suwayda,1
"memory.""",1
co-religionists,1
rebuild.,1
pasko.,1
"brylova,",1
"lupescu,",1
dudycz,1
valya,1
worlds:,1
age-related,1
cola,1
coffee.,1
messiah.,1
ghulām,1
leaking,1
ghana’s,1
pocket.,1
ortagus',1
"""mechanics""",1
caffeine-free,1
"210,000)",1
trimester,1
attia,1
noteworthy.,1
"attia,",1
rowaida,1
“plots”,1
15.5,1
"expand,",1
bad.,1
one-off,1
"tyne,",1
ochoa,1
"covid-19,",1
"40,800",1
"4,371",1
"5,829",1
embabé,1
"276,000",1
51.9%,1
1.59,1
(18:00,1
al-ghurari,1
firefighter.,1
"technician,",1
"lucena,",1
politicians.,1
visiting.,1
shrouded,1
excavating,1
212.9,1
thb,1
"commentator],",1
"pianist,",1
composers,1
kakinada,1
"jaggampeta,",1
"sankhavaram,",1
"kirlampudi,",1
"gandepalli,",1
"yeleswaram,",1
"prathipadu,",1
"revolutionaries,",1
pokemon,1
neo-nazi,1
168.5%.,1
prolong,1
guerillas;,1
nicaraguan,1
solution”,1
“israeli,1
lebanon.”,1
quadrupled,1
"sure,",1
else's,1
frightening,1
"reagan,",1
entangle,1
cartels,1
hypnotic,1
lushness,1
holmes,1
indisputable,1
936.7,1
78.32,1
offal.,1
448,1
diminutive,1
“mutual,1
counties,1
mandals,1
impeccably,1
savi,1
cinomy,1
carceral,1
"tube,",1
ever:,1
overton,1
(kuna).,1
"action.""",1
causeway,1
produce.,1
horas.,1
cuestión,1
mucho,1
aumentaban,1
vivián,1
brasileños,1
"eso,",1
doubtful,1
weapon),1
captagon,1
bounds.,1
leaps,1
"handle,",1
holmes',1
creator's,1
below-average,1
ordnance,1
unexploded,1
landmines,1
high-viewership,1
(who).,1
immunization,1
aggressiveness,1
"ing-wen,",1
returnees,1
semi-government,1
cost),1
(replacement,1
post-wwii,1
(122°f),1
program’s,1
hilal.,1
ahli's,1
bono,1
spectacular,1
nari,1
"up.""",1
yorkers,1
al-awza'i.,1
"city""",1
"marubeni,",1
"itochu,",1
"10.2%,",1
mitsubishi,1
venezuelan.,1
kyiv’s,1
ukraine’s,1
l.,1
rainfal,1
empowered.,1
uprisings,1
debris.,1
"rain,",1
disparities.,1
economy?,1
shoubair,1
qala,1
cows,1
"livestreams,",1
"podcasts,",1
1940s.,1
"ghannouch,",1
financial/,1
"terme,",1
allure.,1
camels.,1
tor.,1
mailbox,1
taima,1
"land,""",1
opinionated,1
taliban's,1
attached;,1
neighborliness,1
"1946,",1
"sheep,",1
livestock:,1
5.62%,1
"home""",1
"6.20%,",1
"partei""",1
"""nashii",1
"7.97%,",1
24.19%.,1
50.16%,1
snow.,1
approached.,1
50°c,1
lights,1
crowdfund,1
multifunctional,1
skyline.,1
"meters),",1
327,1
skyscraper,1
upper-floor,1
ground-level,1
tower's,1
tower.,1
masaeropu,1
shahed-136,1
iranian-made,1
(coach),1
"delivered,",1
hayes,1
off.,1
tributaries.,1
tawfiq,1
al-ja's,1
tedious,1
hacked,1
prosecute.,1
apprehending,1
1966,1
66-155,1
94,1
"crimes,""",1
"""condemns",1
incentivizes,1
suffice,1
hotels.,1
low-level,1
"protocols,",1
clear—there,1
"chanted,",1
"zionist""",1
"""nawaf",1
payments.,1
"13,894,600)",1
“[i]t,1
rubio.,1
kellogg,1
"york.""",1
"""fifteen",1
klein.,1
arrived.,1
fred,1
"warfare,""",1
buddha,1
pali,1
cankama,1
"“one,",1
krueger:,1
oropeza’s,1
dgcim's,1
73.2%,1
173.2,1
"pipes,",1
welspun,1
paraguay's,1
chaco,1
panoramic,1
"""strip,""",1
al-orouba,1
tit-for-tat,1
frustrations,1
al-jubail,1
"sleepiness,",1
headaches,1
"parties.""",1
novosti.,1
filming?,1
israel:,1
muttered.,1
hussein?,1
absentia,1
himself:,1
"""axis",1
(btc),1
baku-tbilisi-ceyhan,1
tavarella,1
walking.,1
distrito,1
ademar,1
cidade,1
"joaniza,",1
vila,1
dae,1
"pereira,",1
jaime,1
"día”,",1
pero,1
"productos],",1
poníamos,1
al-jabalain,1
"lap,",1
ideal;,1
banishment,1
victoria,1
logistics.,1
drivers',1
"piastri,",1
(2018–2024),1
lopez,1
andres,1
"blockage,",1
(2012-2018),1
nieto,1
pena,1
[former],1
shortsighted,1
strategy?,1
forest-rich,1
kindness;,1
partaking,1
exhausts,1
"""radiant,""",1
"out""",1
"""burned",1
reformulated,1
absenteeism,1
"energies,",1
crossroads.,1
beta-carotene,1
pectin,1
"al-fateh,",1
exhibits.,1
observance,1
"receptions,",1
weddings,1
dump,1
near-zero,1
pandemics,1
cut.,1
emmanuelle,1
"courageous,",1
(“qasd-i’).,1
member”,1
“pig”,1
occupant,1
"jeans,",1
ripped,1
"obligation.""",1
billboards,1
bitterness.,1
quiebra.,1
“voy,1
autorización,1
"gruesome,",1
beirut's,1
"correctly,”",1
"immediately.""",1
"understanding.""",1
"""preserve",1
"false.""",1
"cartel,",1
investigator,1
"hammans,",1
"jindires,",1
"jesús,",1
"lunit,",1
ghaf,1
mazaya,1
plane's,1
restful,1
"road"".",1
al-laith,1
al-khalil,1
"""ibrahim",1
al-hada,1
al-sail,1
"""old",1
"corridor"",",1
content;,1
reconstructed,1
archivo,1
foto:,1
unimaginative,1
detox,1
e-readers,1
"grenada,",1
midwest,1
women).,1
"asians,",1
"hispanics,",1
(young,1
"base""",1
"""voter",1
separately,1
outdoor,1
"omar,",1
nafha,1
"territories.""",1
biospheres,1
criterion,1
"negotiate,",1
"communicate,",1
montevideo,1
teetering,1
juniors,1
post-support,1
"""prince",1
routes:,1
drumbeat,1
"elusive,",1
bittersweet,1
"day),",1
whichever,1
ftse,1
re-balancing,1
themselves.”,1
"israel""",1
"""times",1
nation-building.,1
"2024-2028,",1
20.57,1
267,1
333,1
12.4%,1
16.9%,1
41.69%,1
41.77%,1
government-ordered,1
"109,274",1
"35,074",1
"1970,",1
padrino,1
sucre,1
falcon,1
circuit.,1
sustenance.,1
boycotted.,1
'traitors.',1
"tarnished,",1
hate.,1
"""retal",1
"constantly,",1
"seriously,",1
"186,000",1
‘trend’,1
rwanda’s,1
shareholders',1
jineoloji,1
"argued,",1
owners’,1
impossible.”,1
“virtually,1
(sq):,1
cruz.,1
editor’s,1
"tholee,",1
farther;,1
halfway,1
unoccupied,1
"nationwide,",1
"introspective,",1
"pitipana,",1
lanka's,1
musician.,1
"animator,",1
"mid-november,",1
"knew,",1
"emigrate,",1
weekends.”,1
"zone,”",1
story.”,1
"drones,""",1
"""age",1
al-aanna,1
"greater,",1
should.,1
"center.""",1
“execution,1
war”,1
“unannounced,1
dexterous,1
intentionality.,1
gardens.,1
"""green",1
cerundolo.,1
"opelka,",1
reilly,1
ruud,1
"line,""",1
"osiris""",1
translates.,1
socio-cultural.,1
"recognized,",1
"ill,""",1
fixation,1
hasten,1
“algeria,1
seibert,1
lauren,1
"knock-knock),",1
“operación,1
"shuqair,",1
cares,1
“everyone,1
pandey,1
non-interference,1
eradicate,1
"respiratory,",1
event-related,1
"reinvestment,",1
seal,1
"chicory,",1
"milky,",1
kaapi,1
truthful.”,1
“malicious”,1
peters’,1
"shaw,",1
czechoslovak,1
"1940,",1
1918,1
process.”,1
"non-commercial,",1
"vanilla,",1
graphite,1
tauhid,1
"partner,”",1
"max,",1
straightforward.,1
extended.,1
"""pending,""",1
"unsuccessfully,",1
“western”,1
farce,1
deeply:,1
embezzling,1
"scandal,",1
transgresses,1
deezer,1
design;,1
"president),",1
flawed.,1
resveratrol,1
phytochemicals,1
"""nutrients""",1
“l’hyper-président”,1
afrique’s,1
"81,562",1
"20,744",1
intangible.,1
disgusting,1
atallah,1
"holdings,",1
visibly,1
"lychees,",1
kompas.,1
fortress-temple,1
"convenience,",1
"anthocyanins,",1
exoplanets,1
buhen,1
"1968,",1
aksha,1
easing.,1
"uncertainties,",1
fact-checks,1
valuing,1
digitalization.,1
everton.,1
brazilians.,1
cores,1
"saied,",1
tunisia’s,1
$24.5,1
"22%,",1
ours,1
"nonprofits,",1
"studying,",1
paudyal,1
surendra,1
thomas.,1
"island.""",1
"""epstein's",1
minor.,1
prostitution,1
morally.,1
"sapphires,",1
thutmose,1
plundering,1
"fact-check,",1
winnicott,1
"reparation,",1
"partners.""",1
alhames,1
klein,1
"lebanese,",1
uav,1
"""qatar,",1
overt,1
"hydropower,",1
threads.,1
"feeds,",1
experience;,1
"lasting,",1
(icpi),1
expert's,1
(chillers),1
"""dallah",1
"""denunciation""",1
"""condemnation,""",1
"""disgust,""",1
"""smallness""",1
"""subjugation,""",1
"""humiliation,""",1
"""abhorrence,""",1
inferiority.,1
"submission,",1
"humiliation,",1
"disdain,",1
$3.3,1
47.5%,1
(bnp);,1
boxer,1
antiracist,1
pose.,1
transgression,1
wuhu,1
unmanaged,1
underline,1
disapproval;,1
112.1%.,1
113.9%,1
arbitrariness,1
"professionally,",1
"pharmacy,",1
wuhu.,1
$37,1
chips;,1
quoting,1
uncovered.,1
10.285,1
($350,1
1.285,1
deployed.,1
printers.,1
pink.,1
"duplication,",1
lapcha,1
"republicanism,",1
destinies,1
"household,",1
tashi,1
inferior.,1
unheard.,1
"condemned,",1
"boycotted,",1
"untranslated,",1
"either,”",1
"justifications,",1
pardoning,1
isaac,1
outset.,1
exponentially,1
transistor,1
al-munisiyah,1
nabea,1
"thinkers,",1
"matt,",1
pacified,1
metabolism:,1
"adapting,",1
bulgaria.,1
processions,1
deletion,1
"botim,",1
relax.,1
village’s,1
relics,1
"fare,",1
feline,1
peddling,1
cat-themed,1
magnet,1
"""you'll",1
chorus,1
participating.,1
innocent.,1
pleading,1
"soil""",1
"""phobos-grunt""",1
adichie's,1
"notices,",1
interpol's,1
"insurgency,",1
lausanne,1
1923,1
"treaties,",1
"contributions.""",1
sadovnici,1
parnaíba,1
santana,1
"farm,",1
"homes.""",1
"preemptively,",1
"(ndaa),",1
الإنسانية,1
والخدمات,1
المهاجرين,1
لمساعدة,1
العابرين,1
مؤسسة,1
dioxide.,1
trapping,1
goosebumps.,1
"alone,""",1
personnel's,1
"sentences,",1
burundian,1
hatungimana,1
mahalla.,1
yamani,1
al-bashbishi,1
boilers,1
perils,1
salibi,1
cleansing.,1
intel,1
senhor,1
rector,1
"magalhães,",1
"today,”",1
self-identification,1
"statute,",1
christmas.,1
pro-russian,1
x's,1
(btus).,1
broadened,1
development),1
(road,1
(sa),1
policies:,1
"stadiums,",1
"loud,",1
"punish,",1
evaporated.,1
presidencies,1
opines,1
mating,1
"332,400)",1
ever-watchful,1
eighteen.,1
subsides,1
roibi,1
mcwatt,1
eponymous,1
ilizations,1
president-elect,1
wever,1
bart,1
generation's,1
"museum""",1
open-air,1
"vicinity,",1
"rubia,",1
11th.,1
consciences.,1
investors’,1
soothed,1
flourished,1
slanders.,1
undertaken.,1
cyrus,1
paid.,1
released.,1
sermon.,1
"al-arfaj,",1
bint,1
rehab,1
madhesi,1
dalits,1
"chp,",1
investigation?”,1
decide:,1
unaddressed,1
"marathon,",1
gueye,1
masons.,1
hand-plastered,1
unevenness,1
"chairman,",1
patos,1
uninhabited,1
socialization.,1
"guaranteed,",1
"applause,",1
regulations:,1
commodity:,1
glimpses.,1
one-sided;,1
alonso's,1
penultimate,1
3.47,1
long-delayed,1
(tpd),1
(bmo),1
ignored.”,1
koramaz,1
emin,1
tmmob,1
"incident,”",1
"driven,",1
"represents,",1
"animation),",1
(handmade,1
single-channel,1
"‘marooned,’",1
watch:,1
coming.,1
inches],1
[8,1
"party.""",1
anyone.,1
composure...,1
"""let's",1
connected.,1
"momentum.""",1
madeleine,1
ceis,1
berchmans,1
fatimata,1
"1,063",1
hanging.,1
eliciting,1
remains...,1
"""fugitive""",1
mundane,1
"fugitive.""",1
57.3430,1
70.8545,1
"68%,",1
youths.,1
"nablus,",1
exploring.,1
"mechanical,",1
"lufthansa,",1
pennsylvania,1
muthukumaran,1
"photosynthesis,",1
harnesses,1
"horizons,",1
kojok,1
"36%,",1
h,1
whic,1
1954,1
temper.,1
security-related,1
reparation,1
"tough,",1
silvestre,1
blunt:,1
proclamations,1
paintings?,1
"particles,",1
foreign-born,1
(saf).,1
misleads,1
adapts,1
"22,788.98.",1
157.50,1
"noticed,",1
colonists,1
"higue,",1
ol’,1
paloma,1
bio-optical,1
"bakkeresamy,",1
deepwater,1
yields;,1
demolition,1
unilateralism,1
kuhdasht,1
pro-regime,1
garbage.,1
desensitised,1
couva,1
litter-strewn,1
life-saving,1
impedes,1
nkweta-salami,1
yashil,1
clementine,1
"remnants""",1
ultraconservative,1
"meloni,",1
non-renewable,1
ruthless.,1
tyrannical,1
filia,1
"filia,",1
capital's,1
fasanara,1
"art.""",1
"(1939-1945),",1
"""paris,",1
"picasso,",1
"designations,",1
11.982,1
"theune,",1
siendo,1
siguió,1
hadath.,1
cage,1
harish,1
asmaa,1
creatives!,1
hreik.,1
haret,1
defeated.,1
sweat,1
(cis).,1
"energia,",1
abascal.,1
"vox,",1
residues,1
low-value,1
funicular,1
najaf,1
al-safi,1
disappeared.”,1
"saved,",1
noblecourt,1
desroches,1
christiane,1
"sunak,",1
rishi,1
corbyn’s,1
maps.,1
3.52,1
steppe.,1
froze,1
"alviani,",1
cédric,1
joyfully,1
nationals’,1
dollar’s,1
education;,1
"3,739",1
twelfth-place,1
al-hazm's,1
contested.,1
gakharia’s,1
ex-prime,1
alliance;,1
meat).,1
marcado,1
predictability,1
pie,1
(crimean,1
cheburek,1
laureates,1
"igf,",1
reprisals.,1
representatives),1
sheikhs,1
worlds?,1
mythopoetic,1
ensued.,1
"deputies,",1
990,1
socializing.,1
championed,1
$3.99,1
"claudia,",1
"ones,’",1
"desperate,",1
wrought,1
inhumane.,1
heritages,1
"theme,",1
shelves.,1
"mische,",1
al-haffar,1
abdeljalil,1
lelo-strong,1
"liquids,",1
"lebanon.""",1
"""plus""",1
snapchat's,1
"downturns,",1
pualui,1
"enough.""",1
"always,",1
endpoint;,1
upstate,1
backyard,1
"218,000.",1
reconstruction.,1
submerging,1
hours),1
time-pressured,1
"checkpoint,",1
"51,892,130",1
verses,1
eighty-two,1
"textbooks,",1
drawbacks,1
"isturdes,",1
howe.,1
isak's,1
"scorer,",1
"wohltmadhe,",1
repairability.,1
disassembling,1
miniaturization,1
non-consent,1
playlists,1
propagating,1
amin's,1
1.84,1
therein,1
cherishes,1
vigilantly,1
"legitimacy,""",1
"""prejudice,""",1
"""ungratefulness,""",1
"dialect,",1
"16%,",1
financial's,1
conglomerates,1
"""treasure.""",1
kinds.,1
"(44,478,969",1
"acres),",1
high-purity,1
messer,1
"candelaria’,",1
"chills,",1
sinuses.,1
sore,1
"flag,",1
"negatively,",1
engraved,1
maidens”,1
“subjugating,1
oppressing,1
barbarians,1
portrayals,1
medium-voltage,1
"captaincy,",1
"potassium,",1
"woodward,",1
terabytes,1
"""deter",1
"conflict,""",1
"""stave",1
"strife,""",1
"""prevent",1
olympiad.,1
reiterates,1
insecurity.,1
"crisis""",1
"""worst",1
"$3,772.20,",1
"intricacies,",1
"helium,",1
"headaches,",1
mugello,1
"""solidify",1
"peace,""",1
"colony,",1
seven-time,1
"atkins,",1
readings,1
remotely,1
anti-rights,1
heralded,1
​​comics,1
"freedom.""",1
"""martyr",1
farzin,1
ajit,1
painful.,1
"agreement.""",1
"package,",1
"chowk,",1
bashir,1
434,1
377,1
"self-sacrifice,",1
gender;,1
amadiume,1
ifi,1
"""vision,""",1
invalidation,1
"station,”",1
urrutia.,1
breathing.,1
guanyu,1
thai–myanmar,1
$15.99.,1
"150,000,",1
"$3,844.",1
"$3,814.91",1
6:30,1
sensation.,1
responsibility.”,1
“assuming,1
"situation”,",1
“contribute,1
poklukar,1
bostjan,1
katic,1
untimely,1
techtalk,1
"(순두부),",1
adopts,1
sundubu,1
yanbian-style,1
"(초디비),",1
family:,1
adaptability.,1
pulver,1
delighted,1
"trope,",1
hero”,1
“popular,1
"centralize,",1
aisha’s,1
driver.,1
al-jawahri,1
geolocation,1
persecution.,1
group?,1
advisor-guided,1
"buttons,",1
"for?""",1
nuanced.,1
"woes,",1
nonexistent.,1
jobs;,1
xbto,1
"mandres,",1
metaplanet,1
saylor),1
well-informed,1
al-sham.”,1
"daher,",1
korean.,1
"“al-hawoz,”",1
‘24/7.’,1
"troops.""",1
reconsidering,1
al-hadi,1
entices,1
al-hadi's,1
evs.,1
florencia,1
"geagea,",1
"forces""",1
"""lebanon",1
al-bukhari's,1
seniors.,1
"""juche""",1
"(self-sufficiency),",1
"""khud-kafai""",1
"resilient,",1
epidemiologists,1
"1,000.57",1
0.60%,1
gold-backed,1
spdr,1
chad',1
'noor,1
bedouins—,1
"order,’",1
government],1
“[the,1
"troika"")",1
incinerate,1
leapt,1
fee;,1
infuriated,1
"jun,",1
instincts,1
outnumber,1
underbelly,1
"lesson.""",1
foolishly.,1
time),1
greenwich,1
(midnight,1
albayan,1
"adamu,",1
"classism,",1
wellbeing.,1
"6,340",1
(7-5).,1
3-3,1
6-1.,1
zverev,1
6.5%.,1
$42.6,1
$45.3,1
"confirmed.""",1
disagree.,1
"shveuntek,",1
"e-commerce),",1
(services,1
"(meta),",1
"posts.""",1
visegrad,1
"60),",1
undersea,1
feels.,1
co-financing,1
rozstaje.art,1
folkowisko,1
curate,1
culture:,1
“regained,1
essays,1
kuprian,1
deeper?,1
"reward,",1
"visibility,",1
"excluded,",1
lusoga,1
0000,1
"(est,",1
cooperate”,1
"sympathise,",1
war.”,1
"revolutionary,",1
enemy’s,1
conditioned,1
"audacity,”",1
excavations.,1
el-bahri,1
deshna,1
in-demand,1
"vacation,",1
irrigate,1
didn’t.,1
"subsided,",1
bouncing,1
rang,1
holders.”,1
signature],1
[secure,1
nitelikli,1
[national],1
provider],1
[electronic,1
sağlayıcı,1
hizmet,1
6-4.,1
incapability,1
e-shop.,1
header,1
sms,1
third-quarter,1
4.1%,1
shoulders,1
mantle,1
monarchs,1
fabricate.,1
96.2,1
96.8,1
trap.,1
"advertisers,",1
admission.,1
student-focused;,1
wastewater.,1
questioners,1
cheaply,1
"neutral,",1
"""lay-off""",1
criticizes,1
29.8,1
qualifications,1
anti-competitive,1
1.6%.,1
"modi,",1
"dhare,",1
payal,1
"orleans,",1
lula's,1
thailand-cambodia,1
funny?”,1
al-sakka's,1
powerful.,1
"participated,",1
crashed.,1
yassin.,1
"ammar""",1
"poisoned,",1
retracted,1
"ammar,""",1
fairer,1
143.27,1
niamey,1
2001.,1
suffrage,1
drown.,1
answerers.,1
"(kims),",1
"jokingly,",1
dagestan,1
desires.,1
proxies,1
"certainty,",1
wahab,1
razek.,1
ghada,1
lotfi,1
"al-shami,",1
rushdi,1
"abdel-wahab,",1
"al-rafi'i,",1
fahmy,1
"ahmed""",1
"plain,",1
"""israeli",1
reorganizes,1
malta.,1
seattle.,1
shiite-majority,1
falsification.,1
triki,1
podium.”,1
“god,1
hamas-led,1
"zuma,",1
"47%,",1
3.53,1
"""annual",1
lebanon–israel,1
motorbike.,1
obando,1
scriptwriting.,1
darwish,1
intra-regional,1
"2024,""",1
hand-tracking,1
ai-controlled,1
$47.6,1
reverberated,1
"missiles,""",1
air-to-ground,1
"""marauding",1
"al-jarmaq.""",1
"rumman,",1
kafr,1
pickers,1
technocracy,1
"probability,",1
categorizations.,1
unbreakable,1
0.45%.,1
"46,097.43",1
23.8,1
"succeeded,",1
"cafés,",1
climates,1
comey's,1
scrutinizing,1
worths,1
uninvested,1
"duforc,",1
"""acetaminophen,""",1
"1,300-meter-long",1
"smokers,",1
"lung,",1
recycling.,1
"venue,",1
jeddah-based,1
non-operational.,1
"161,600",1
fragmenting,1
applicants.,1
farid.,1
non-essential,1
"""xinhua""",1
"son-in-law,",1
tech;,1
"dam.""",1
"""history",1
“represents,1
"eras,",1
"terrorist""",1
"""domestic",1
"authorization,",1
"point""",1
"""major",1
channel’s,1
venevisión,1
morell,1
jacob,1
85th,1
66th,1
paracetamol.,1
anomalies,1
"boarding,",1
despotism,1
enlightened,1
depoliticized,1
together;,1
antony.,1
"successors,",1
julius,1
"qualitatively,",1
quantitatively,1
“unjustifiable”,1
"""semi""",1
9.8%,1
mitsui,1
slapped,1
maharashtra,1
topics:,1
incompetence,1
"""proactive",1
ezell,1
insertion,1
$475.79,1
"$3,941",1
13.4%,1
"cryptocurrencies,",1
naivete,1
de-escalate,1
"materialized,",1
uncensored,1
"realistic,",1
"harassed,",1
resource.,1
pretty,1
non-consumers.,1
"mid-50s,",1
repeatedly.,1
civilians...,1
eliminates,1
mmx,1
trying.,1
"feeling,",1
"overthinking,",1
"miles,",1
docked.,1
unloaded,1
military-grade,1
rarest,1
jokalante,1
senegaleses,1
sasaburou,1
"(kendoka),",1
practitioner,1
"dada,",1
sulyandziga,1
asus,1
xbox,1
pre-order,1
khreisat.,1
"hamdan,",1
"khalafat,",1
tokenized,1
therapy:,1
landings.,1
forbidden.,1
cuisines.,1
"permissible.""",1
takano:,1
高野「あれは三人が一心同体でやらないといけないですね。表審判が手を挙げれば大概揃ふ様にありたいものです。」,1
matches:,1
seniority,1
foretold,1
(天覧武道大会),1
budō,1
tenran,1
1883–1960),1
(富永堅吾,1
tominaga,1
kengo,1
1862–1950),1
722,1
(高野佐三郎,1
takano,1
remembrance.,1
netting.,1
utilised,1
influential.,1
overdependence,1
neutralized.,1
bonyan,1
competence.,1
academics;,1
colaterales.,1
"minimized,",1
salgueiro’s,1
referees,1
choker,1
"kameez,",1
shalwar,1
efectos,1
remedio,1
tulle,1
manikhil,1
toor,1
11.12,1
barricades,1
chhatra,1
“continue,1
contributors.,1
tribhuvan,1
"1951,",1
revolt,1
transportation?”,1
mcenroe.,1
agassi,1
borg.,1
speculating.,1
fates.,1
ones’,1
"horrors,",1
shielded,1
electrification,1
"repeat,",1
journalists:,1
epidemiology,1
congolese-born,1
"lusaka,",1
zambian,1
"zone,""",1
"""combat",1
sovereignty.”,1
“violation,1
vitinha.,1
sparks,1
nurses',1
criminalise,1
"bewilderment,",1
stolen.,1
sharifov,1
al-murabit,1
bago,1
ayeyarwady,1
ruthless,1
"half-joked,",1
41.6%.,1
bjorn,1
chastized,1
venetian,1
99.9%,1
shubert.,1
taher,1
atmosphere;,1
289,1
161.1,1
"khidr,’",1
statelessness.,1
"28th,",1
"burqa,",1
sequins.,1
marquis,1
crime’,1
transition?,1
recyclers.,1
"yaoundé,",1
"ashkelon,",1
mock,1
bekaa,1
steppe,1
roam,1
"inflow,",1
rede,1
conectas,1
"accountable.""",1
layout,1
keypad,1
"mode,",1
21.3,1
72.5,1
substantiated,1
unfield-ready,1
ramírez,1
215,1
manasat,1
"al-moubayed,",1
"un-american""",1
"""unwanted,",1
unaccountable.,1
"linger),",1
"operate,",1
abolished.,1
kolkata,1
sudder,1
galvanize,1
rousseff,1
pricing).,1
pricing),1
"rob,",1
"humiliate,",1
"loop.""",1
"airpods,",1
"speaks,",1
plugging,1
faith-based,1
digital-rights,1
"manuscripts,",1
"holds,",1
6/4.,1
6/1,1
1.24%,1
egx30,1
"14,260",1
1.20%,1
6/2,1
"overlooked.""",1
turmoil?,1
cowered,1
"habits,”",1
specifics.,1
recess,1
"yitzhak,",1
ido,1
kar-wai.,1
wong,1
reparative,1
showering,1
austria's,1
"$800,",1
dogged,1
anti-war,1
dilma,1
hardworking,1
"""qiwa""",1
sisters.,1
freely?,1
mourn,1
"healthday,",1
"15,760",1
"7.31%,",1
tamayoz,1
"43,893",1
"47,454",1
"212,000",1
razzaq.,1
"latif,",1
khaleq,1
(ma'aden),1
mishari,1
samie,1
"aliwa,",1
al-dhaw,1
majli,1
saif,1
kuo’s,1
point;,1
millimeters.,1
cleaning.,1
unapologetically,1
marchyshyna.,1
"books,”",1
miles],1
[62,1
evokes,1
counter-model,1
fortunately,1
"(pyd),",1
nderitu’s,1
unlawfully,1
disrespect”,1
“grave,1
harshest,1
das.,1
crucial;,1
"""attack,""",1
knights,1
barley,1
pretences.,1
overland,1
middle-,1
smoke-filled,1
"openly,",1
“catastrophic”,1
mothers',1
exposure),1
"contribution,""",1
diagnoses;,1
attributions,1
"work.""",1
"""absent",1
"""too",1
quay,1
chunks,1
landslides,1
chorabari,1
long-haul,1
sleeps,1
militaries,1
plagiarized,1
"polo,",1
"plagiarism,",1
"al-omari,",1
battuta,1
al-omari's,1
walaa,1
"al-saadani,",1
southworld,1
"clickwork,",1
piling,1
hospitalized.,1
"sensibilities,",1
"perceptions,",1
"feelings,",1
imbued,1
consciousnesses,1
metaphorical,1
container.,1
unparalleled,1
"federations,",1
kronoslav,1
weaken.,1
lake;,1
waves;,1
"symbolically,",1
ethic.,1
recognising,1
kangra,1
doha's,1
‘tough,1
racialised,1
scorecard.,1
+2,1
streak.,1
"re,",1
cover.,1
"69,",1
"biram,",1
salim,1
corniche,1
"microwork,",1
"""military",1
1847,1
roubaud,1
cossacks”,1
ight,1
f,1
tribesmen,1
antarctica,1
"fuego,",1
tierra,1
popoola.,1
solagbade,1
oluwo,1
overfill,1
chandra,1
ram,1
"lockdown,",1
iñigo,1
brighton,1
"saleh,",1
self-reflection,1
misunderstood,1
feminist”,1
“hardcore,1
"$1.3458,",1
sterling,1
acronym,1
"synchronization,",1
"discharge,",1
"evaluate,",1
"threat.""",1
hace,1
"dissidents,",1
surveilling,1
pegasus,1
ainaoui,1
"dear,",1
"confidential,",1
helplines,1
hat-trick),1
hadramaut,1
al-qatn,1
criminalisation,1
situate,1
"achieve,",1
poudel,1
"""rolling""",1
al-marakbi,1
"wildfire,",1
14:51,1
dhakal,1
tinah.,1
"(sdf),",1
engaged.”,1
stadium.”,1
colours,1
“moderate,1
"“moderate,”",1
brasileña.,1
estable,1
duradera,1
themes.,1
“facing,1
segunda,1
mantiene,1
detached,1
re-election.,1
downs;,1
translator.,1
"hopeful.""",1
spanish-coached,1
contractors.,1
acumen,1
"l,",1
schoo,1
60.6,1
66.6,1
emits,1
misuse.,1
$323,1
$359,1
spherical,1
ham.,1
urbanism,1
humanized,1
divert,1
admired,1
duty”,1
“conjugal,1
futility!,1
statements;,1
"process,""",1
"""stopping",1
problems”,1
southern-dominated,1
yerevan.,1
"hilarion,",1
"jabalia,",1
assam;,1
"policing,",1
"tinnie""",1
orbeli,1
"barrels,",1
asia’s,1
"snapchat,",1
"kick,",1
grant:,1
inman,1
julie,1
"commissioner,",1
chest.,1
searing,1
criminalizing,1
tragedy?,1
“stammering,1
company),1
(sovjet,1
lebanon-israel,1
lebanon),1
unifil,1
"clark,",1
darryl,1
"entitlements,",1
"raise,",1
zuheiri,1
mogadishu.,1
basharat,1
"windy,",1
tires.,1
hala,1
oust,1
scoring.,1
"sword,”",1
"accidentally,",1
"throttled,",1
"flagged,",1
mother-in-law,1
dakahlia,1
nabaruh,1
foundations.,1
vetoed,1
haunt,1
"studies,”",1
counters,1
"governments.""",1
commonality,1
"rules,""",1
"""unlike",1
"egypt""",1
"""csec",1
president?,1
"moyes,",1
£50,1
2025-26,1
"joke,",1
"annihilation,",1
duterte’s,1
"highway,”",1
"vision,""",1
gratifying.,1
armani's,1
exquisite,1
al-kharif.,1
timelines.,1
"endures,",1
"camera,",1
"follet,’",1
feu,1
summertime,1
trifle,1
‘don’t,1
cube.,1
slice,1
this.”,1
overbought,1
"recklessly,""",1
"""spending",1
breath”,1
“deep,1
"anthedon,",1
"minute,""",1
disinfectant,1
disinfectants.,1
"body""",1
"""lighting",1
budgets.,1
heartbreaking.,1
snails,1
seamlessly—without,1
"comfort,",1
"""heart-friendly""",1
"""maestro's",1
craftsmanship,1
food.”,1
“turned,1
"curiosity,”",1
"elegance,",1
"orange""",1
"tragedy,”",1
politicize,1
”trying,1
inoperability.”,1
”neglect,1
isabela,1
headphones.,1
intermittently.,1
14-day,1
billed,1
redrawing,1
shevchenko,1
bale,1
journalism?,1
"5,800,",1
"6.34%,",1
self-harm-related,1
"cups""",1
grandparents.,1
(mh),1
iriqat.,1
torment,1
preoccupation,1
carotenoid,1
cultures.,1
perceptions;,1
"""stupid""",1
"""foolish""",1
leans,1
cozies,1
gigawatt.,1
"bushehr,",1
"accelerators,",1
morningstar,1
dirhams.,1
10.61,1
9.02,1
"ceyhan,",1
high-burden,1
trades,1
"state,""",1
optimus',1
“allowances.”,1
"#thankyoueddie.""",1
#justice,1
imagining;,1
commenting:,1
"richards,",1
population),1
"470,000",1
"1,649",1
"1,887",1
"1,277",1
railways,1
maytham,1
vanna’s,1
phlegm,1
congestion,1
"1.3%,",1
(stem),1
"(1935—2017),",1
"khudair,",1
basem,1
"execute,",1
"below,",1
fires:,1
dablam,1
ama,1
nare,1
overdue.,1
bass,1
"bahri,",1
khartoum's,1
nuri,1
vinicius',1
gareth,1
ferguson,1
ascetic,1
android-like,1
faithful,1
paradise.,1
cat-lovers,1
furry,1
border;,1
rican,1
nicaraguan-costa,1
israeli-settlement,1
colds.,1
chavistas,1
daily:,1
guise.,1
"rojo,",1
karnataka,1
"""internal",1
"policy,""",1
"""racist",1
"without,",1
sunni-shiite,1
"entertaining.""",1
perpetrators’,1
mistake:,1
"ambassadors,",1
bamakhrama.,1
disinfection,1
"corps,",1
tolerating,1
"""give",1
"liberty,",1
nationalities.,1
ethnicities,1
"exclusion,",1
gr,1
post-war.,1
"trusteeship""",1
press',1
divorced,1
ezz,1
"expectorant,",1
overturn,1
(supporters,1
"3,700",1
never-ending,1
beings.,1
"comprises,",1
pl),1
netanyahu?,1
"trash,",1
encode,1
(bnp),1
top-quality,1
(snm).,1
formed:,1
69.19%,1
fevers,1
"patient,",1
"promise,",1
"masses,""",1
freedom-hungry,1
beginning:,1
neutrons,1
imply.,1
"111,000",1
red.,1
"""cryptocurrency""",1
moisturized.,1
"dull,",1
billionaires.,1
rashed,1
drank,1
"rial,",1
"utilized,",1
"(2,300",1
"pleasant,",1
neighbourhoods.,1
hesitation:,1
35%.,1
"marzouk,",1
khitabspent,1
afghan-born,1
"refining,",1
questions;,1
utilization.,1
piccadilly,1
"lesson,’",1
‘last,1
worse?,1
menstruate,1
"motions,",1
traverse.,1
partido,1
aloka,1
makki,1
"eye,",1
"intergenerational,",1
guardian.,1
surprise.,1
"host,",1
ordinary:,1
right),1
(depicted,1
year?,1
463.7,1
muscles.,1
warmed,1
"nighttime,",1
cathay,1
ah,1
1446,1
authenticity.,1
"ruidad24,",1
letterhead,1
associate's,1
chamber's,1
"prioritization,",1
skull.,1
"imaging,",1
"(ct),",1
tomography,1
animation.,1
"tuzlić,",1
($232,1
worthless,1
"gogh,",1
contended,1
ad-free,1
forth).,1
"power”,",1
“regional,1
"sèvres,",1
"(trianon,",1
populists,1
post-liberal,1
"manipulated,",1
"abstracting,",1
"interpreting,",1
"endings,",1
pursuing.,1
ad).,1
capitulation,1
organisations.,1
system-wide,1
kaspersky,1
día.,1
primer,1
congelamiento,1
impactante],1
primero,1
“[lo,1
26.8,1
49.4,1
computed,1
"hurdles,",1
bualoy,1
paints.,1
3.12,1
"singing,",1
"mood,",1
al-mandab,1
hormuz,1
al-mandab),1
(hormuz,1
higher-than-expected,1
layer.,1
correct.,1
ambulance.,1
impassable,1
"women),",1
421,1
"resign,”",1
far-off,1
impressions,1
misrepresent,1
16.9,1
"wan,",1
"childhood,”",1
“imagination,1
started.,1
who's,1
kedi,1
analyse,1
deconstructed,1
administratively.,1
"23,000",1
falls.,1
15.7%,1
imf's,1
"clarke,",1
recovery’,1
“youths”,1
"bolsonaristas,",1
teques,1
petrochemical-based,1
"clogging,",1
pore,1
moisturize,1
hydrogenated,1
"moisturizers,",1
pond.,1
karasu,1
ulaş,1
okinawa.,1
dean's,1
"citrus,",1
"sugarcane,",1
instated,1
"generous,",1
(iea),1
load.,1
blindness,1
selective,1
force”,1
“full,1
dhahirah,1
9.57,1
re-exports,1
lotions.,1
"regal,",1
($680.7,1
oxidative,1
"elasticity,",1
minded.,1
"bold,",1
breakneck,1
drained,1
indignation,1
"causeway,",1
detections.,1
visionary,1
tycoon,1
rare-earth,1
clay.,1
sugarcane.,1
‘climate,1
moraes.,1
ideology),1
chávez’,1
georgieva,1
kristalina,1
fighters.,1
"satorov,",1
marat,1
collateral:,1
contraction.,1
pmi,1
"ii.""",1
"signaling,""",1
mast,1
"secret""",1
$1.4,1
hand:,1
48.20,1
rupee.,1
stability.”,1
account?,1
“would,1
he/she,1
complainant's,1
repost,1
originality,1
inventors,1
welcome.,1
farewell;,1
"pineapple,",1
correlate,1
man‑made,1
"figures.""",1
dieting,1
“cheerleaders”,1
anke's,1
"manners,",1
"71.67%,",1
7.86,1
"alert,""",1
“riots”.,1
characterisation,1
"conduct,",1
fainted,1
gullo,1
"(fao),",1
procure,1
ilhan,1
somali-american,1
bsaiso,1
"wondrous,",1
"miraculous,",1
"precious,",1
"europe""",1
"tree,",1
intents,1
"""complete",1
species',1
assumptions,1
million-year-old,1
conferences.,1
1895.,1
automated;,1
"fintech,",1
industrialist,1
"small-scale,",1
"vigils,",1
radishani,1
skopje,1
stojanov,1
44.6,1
55.4,1
induced,1
odors,1
pungent,1
inhaling,1
"asunción,",1
sixteenth,1
byer-rosmarin,1
arak,1
layers.,1
ulema-e-islam,1
"“jerusalem,”",1
fluids,1
malard,1
"fasa,",1
"210,000",1
"noon,",1
fabrication.,1
inconsistencies,1
fact-checkers,1
7.21,1
"15.5%,",1
repatriated,1
"gurman,",1
"overexploitation,",1
"transitions,",1
"al-jadaani,",1
raed,1
spider-man,1
positive.,1
"system,”",1
“conflicts,1
over-reliance,1
"governors,",1
actions‚,1
selling.,1
adjudicating,1
"collins,",1
then-ceo,1
australians',1
"kinshasa,",1
10th.,1
queries,1
qeshm,1
"binding,",1
48.,1
tournament's,1
"791,000",1
"779,000",1
accenture,1
inhabitant.,1
(m²),1
vitalis,1
fattah.,1
hosni,1
dimon’s,1
technologies.”,1
corporations',1
elisa,1
779,1
"1,452",1
(ihr),1
consolidated,1
direction:,1
sleek,1
kickstarting,1
memes,1
slaughterhouses,1
divulge,1
(tmmob),1
architects,1
"kigali,",1
forces”,1
“external,1
"resistance,”",1
“soft,1
"forces,”",1
captioned,1
disregarded.,1
"offer,",1
saturday:,1
"""marca""",1
"""gol""",1
quick-pace,1
clutter.,1
reversed.,1
belarus–eu,1
eco-villages.,1
(sdgs).,1
mini-ministerial,1
"transporting,",1
"collecting,",1
al-salloum,1
marvena,1
"minerals.""",1
"""hydrous",1
jetblue,1
and…,1
"bucks,",1
"one-tenth,",1
one-fifth,1
"odisha,",1
"bihar,",1
"bengal,",1
fictional,1
morgan's,1
“opposition,1
labelled,1
fitting,1
"othman,",1
"coveted,",1
"direction.""",1
"""overall,",1
"euthanasia,",1
"proceedings,",1
harmed,1
pavements,1
"styrofoam,",1
"cloth,",1
diasporan,1
subcommittee.,1
quinto,1
still-high,1
standard.,1
fortitude,1
mesoamerican,1
glorified,1
(gpus),1
man-made,1
uttered.,1
influence;,1
surrealism,1
"ambulances,",1
proliferated,1
awot,1
likeness,1
"strong,""",1
professors.,1
"bankers,",1
pierrebonne,1
"requests,",1
"varanasi,",1
hiroshi,1
notices,1
franco-moroccan,1
"dakhla,",1
microbiome,1
"protein,""",1
maduro—,1
cathedrals.,1
"palaces,",1
starlink.,1
"sanliurfa,",1
"diyarbakir,",1
maintained.,1
self-development,1
spain),1
colonies,1
"proposition,",1
concerned.,1
"confidentially,",1
"douwen,",1
pinduoduo,1
discards,1
gasoline-powered,1
lifetimes,1
"(evs),",1
appreciate.,1
industrial-scale,1
"loyalty,",1
(fsr).,1
"bce),",1
(544–322,1
magadha,1
hid,1
"speed,",1
influenza?,1
subscribe.,1
automatically.,1
shifting.,1
"(google),",1
kakar.,1
moniza,1
candidates!,1
ok?”,1
expiry,1
interviews.,1
sheltering,1
"specialists,",1
guyana),1
evaluating).,1
matrix,1
swot,1
"comparisons,",1
employee.,1
delivered.,1
companionship.,1
"raiding,",1
turkmen,1
"fishers,",1
stunning,1
"stirling,",1
"idlib,""",1
sharaa,1
clarified:,1
bihar,1
e-filing,1
"transcription,",1
grade.,1
"afghan,",1
downloading,1
ounces),1
imperative.,1
"disregarded,",1
dead?”,1
greet,1
reputation.,1
"mug,",1
unmanageable,1
"afterwards,”",1
ml,1
liberals,1
"leftists,",1
"nasserists,",1
"reduce,",1
"keep,",1
"inventory,",1
fast-moving,1
"assistant""",1
"succession,",1
blood-stained,1
spoiled,1
"synan,",1
cantidad,1
raouche's,1
"moneda,",1
tras,1
"pastelera,",1
najem,1
akef,1
yuri.,1
“platform,1
narrower,1
discoveries.,1
weikert,1
thousand.,1
(dpa),1
property?,1
425,1
hospital”,1
“friendship,1
"olabi,",1
"mesir,",1
"laffan,",1
hymns.,1
"[1996–2001],",1
shekab,1
mesa.,1
frecuente,1
ser,1
pasó,1
carne,1
básica,1
"circulation,",1
cesta,1
artículos,1
al-tum,1
"104,000",1
"coaching,",1
entry.,1
"grata,",1
rosatom’s,1
embryo’s,1
"phase.""",1
"""difficult",1
"gortari,",1
salinas,1
packet,1
50-gram,1
inevitable;,1
surroundings,1
scan,1
"chuquisaca,",1
0.67,1
emrah,1
ghf's,1
law.”,1
mohammed’s,1
"920,000)",1
ingots,1
schmerling,1
oskar,1
warrior,1
horseman,1
64th,1
"resistance!""",1
narrow.,1
14):,1
"add,",1
blackouts.,1
joke,1
"mortgageing,",1
dakar,1
excessive.,1
exhibition's,1
fianarantsoa.,1
"mahajanga,",1
"toliara,",1
"toamasina,",1
"diego,",1
provinces:,1
carefully.,1
"lesson,”",1
0.58,1
1.31,1
interference.,1
drafts.,1
sprints,1
hard-coding,1
portrait,1
subcommittees,1
"electorate,",1
update.,1
chapters,1
fortification,1
"attrition,",1
$5.8,1
"""implementing",1
fatiha,1
"mackensen,",1
"""harsh""",1
revitalization.,1
front-page,1
"narcotic,",1
addictive,1
"xuan,",1
zhu,1
chinese-arab,1
cementing,1
dessert.,1
335,1
"1,425",1
briefed,1
passing.,1
who’s,1
"bankak,",1
1937,1
"contemporary,",1
marvel,1
"čišić,",1
"races,",1
"superintelligence.""",1
unmonitored,1
keyguard,1
device’s,1
"android,",1
keyguard”,1
“disable,1
cook's,1
"rouibi,",1
368,1
601,1
baloch,1
non-sudanese,1
sectarianism.,1
"understandings,",1
"upon),",1
shi'i,1
highest-ranking,1
spokespersons,1
sports-related,1
juventus's,1
lucerni,1
sitb,1
"abortion,",1
killed?,1
(dprk),1
"liberal,",1
"leonardo,",1
nari's,1
"internationally.""",1
sells.,1
24/7;,1
"eggs,",1
stimuli,1
protectorate.,1
decrees,1
6:00,1
stumps,1
seven-story,1
elastica,1
ficus,1
absence.,1
"2024-2025,",1
"""losing",1
"connect""",1
handsets.,1
"(ipd),",1
print.,1
selfish,1
"excited,",1
child.”,1
"chute,",1
"button,",1
wall.,1
claw,1
"austin,",1
"returned.""",1
"terminals,",1
"""horrible""",1
alert.,1
condolence.,1
climate.,1
flaring,1
oneself.,1
tenderness,1
"intention,",1
eco,1
london*,1
"al-awsat,",1
asharq,1
azerbaijanis,1
$1.74,1
kajouk,1
$21.9,1
заклучен…,1
"u.s.""",1
participated.,1
печат,1
слободен,1
профил,1
главниот,1
"години,",1
овие,1
сите,1
првпат,1
hegemony!,1
"$3,817.70,",1
"1.1%,",1
"suk-yul,",1
пријателства,1
"colder,",1
check-in.,1
"„стори“,",1
споделуваат,1
може,1
објави,1
нашите,1
па,1
"следат,",1
кои,1
луѓето,1
до,1
опсег,1
лимитиран,1
amplifies,1
strength.”,1
aurelius,1
сега,1
затворивме,1
им,1
односно,1
"„миниран“,",1
"заврши,",1
напад,1
ботскиот,1
затоа,1
"профили,",1
сомнителни,1
од,1
понуди,1
над,1
а,1
idyllic,1
patience.,1
"fairly,",1
bidders,1
mondoweiss,1
2030/2031.,1
2027/2028,1
outline,1
205th,1
"appendicitis,",1
"new),",1
al-foura,1
nashret,1
"al-mufarrej,",1
agrees.,1
philosopher,1
вратата.,1
pen-and-paper,1
taitung,1
hualien,1
uni,1
promise.,1
lung”,1
“green,1
plunging,1
mubadala,1
empires.,1
inca,1
aztec,1
"consensual,",1
понудите,1
113.6,1
"33,800",1
be!”,1
miscegenation,1
"portrayed,",1
berlin.,1
airports',1
rtx's,1
145+,1
jar,1
widely-shared,1
sure!,1
"""iran's",1
“nasrallah,1
qassir,1
stable.”,1
boxes.,1
“rescuing”,1
"flavors,",1
"duong,",1
dužan,1
"škola,",1
“letní,1
henan,1
"anhui,",1
"shandong,",1
"zhejiang,",1
"berlin's,",1
hacker,1
generation.”,1
voiceless,1
113.2,1
rationally,1
lived.,1
"kurdistan,”",1
“greater,1
attaining,1
reframed,1
“co-ordinated,1
nieces.,1
"nephews,",1
"scale,”",1
egypt:,1
way?”,1
"ćevapi,",1
children),1
pens,1
hypothesis,1
introductions,1
(bih),1
1992-95,1
"ghanem,",1
"factories.""",1
tam,1
"saras,",1
"exxonmobil,",1
($1.09,1
936,1
"hike,",1
half-percentage,1
miran’s,1
well-balanced,1
cairo-suez,1
"""madinaty""",1
476,1
*reported,1
parachute,1
“fixer”,1
shrunk,1
backyards,1
woodland,1
tea-plantation,1
"bushes,",1
plucking,1
salaried,1
plateaus,1
"plantation,",1
poloni,1
universes.,1
corridors;,1
jalal;,1
laszlo,1
2015-2016,1
"155,000",1
aldar,1
"""bului""",1
hope:,1
re-negotiating,1
intensifies.,1
"barak,",1
nantes,1
dwarves.,1
dwarves,1
summer's,1
spicy.,1
"widely,",1
"piketty,",1
blessing's,1
relief.,1
gharibabadi's,1
"2001,”",1
reframing,1
sabry.,1
yasmine,1
"hetah,""",1
dhaal,1
"""amira:",1
sami;,1
rahma,1
"al-mufti,",1
"baku,""",1
"""80",1
markers.,1
gouache,1
six-color,1
"""jouder",1
wafaa,1
27.53,1
unavailability,1
side?,1
"cease.""",1
"obliterated,",1
had:,1
"nonsense""",1
"""talks",1
piketty,1
"“pickles,”",1
attack's,1
"330,000",1
"mopti,",1
volunteers’,1
contractors’/managers’,1
contractor/manager,1
"annie"".",1
"""alchemy",1
fire's,1
bender,1
corpse,1
notify,1
books;,1
meagan,1
phasing,1
"satirist,",1
leather,1
mid,1
"unenforceable,",1
kursk,1
road.,1
shift?,1
"serrano,",1
"iraorgi,",1
"figueredo,",1
brandao,1
"mentor,",1
zucman's,1
tomás,1
re-impose,1
"drama,",1
23:00,1
13:30,1
bakhtegan,1
jaz-mauriyan,1
"garcés,",1
"2024""",1
"""isef",1
"invention,",1
relocation.,1
removed.,1
kotick,1
wellspring,1
electorate’s,1
elaborates,1
"""visitor's",1
ghashghai,1
nominees.,1
region-based,1
slightly.,1
rhythms,1
circadian,1
soleimani,1
nürburgring,1
verstappen's,1
gotten,1
"unwanted,",1
"1),",1
(august,1
"earth,""",1
paradise,1
"swamp,",1
hawizeh,1
"flamingos,",1
frequented,1
al-bakali,1
"cripsta,",1
alessandro,1
carrigan,1
"2024"".",1
"""itex",1
domesticate,1
"time-consuming,",1
"processors,",1
"coach.""",1
tea’s,1
"tvs,",1
"desktops,",1
"laptops,",1
tips,1
"expectations,""",1
bolder,1
"absent,",1
koro,1
(420,1
679,1
bandiagara,1
"(2024),",1
autonomously.,1
(acv),1
vinegar's,1
"melech,",1
har,1
limor,1
yehudit,1
otzma,1
3000-meter,1
extrapolation,1
fear-mongering,1
ten-episode,1
ruin.,1
firm.,1
lamberth,1
royce,1
affiliating,1
raqqa.,1
what?,1
"""imagine",1
smiling:,1
"telephone,",1
ulcers.,1
gastritis,1
"polluters,",1
alban,1
"operator,",1
"acv,",1
"projects.""",1
self-defense,1
chewy,1
nunciature,1
apostolic,1
anti-gaming,1
bualui's,1
causal,1
"günterman,",1
u.s.–mexico,1
"process.""",1
liz,1
secret.,1
972+,1
araqchi.,1
"britain),",1
hinterdoppler's,1
carabobo.,1
photorealist,1
"fast.""",1
"""yes...",1
krauss,1
disaster’s,1
authors.,1
class-action,1
tentatively,1
"safety),",1
pseudonym,1
nkontcheu,1
"desperate,”",1
smallpox,1
typhus,1
"subsistence,",1
passenger's,1
escazú,1
escalated.,1
veins,1
(chp).,1
fried.,1
(ms):,1
honey,1
"cardamom,",1
"pot,",1
jockeys,1
army’s,1
fast-paced,1
"countermeasures,",1
alumno.,1
context.”,1
988,1
"sami,",1
"inspiration,",1
guadeloupe.,1
wastage,1
(despite,1
"carolina,",1
"greensboro,",1
pannakara,1
bhikkhu,1
berge.,1
adolph,1
375,1
"""bbi"".",1
billions.,1
"bechtel,",1
sgr's,1
inclement,1
"“late,",1
american-funded,1
warsaw.,1
14.05,1
subeeh,1
israeli-designed,1
"inequality,",1
3.25-4.25%.,1
criticality,1
folding,1
emotion.,1
204,1
maha.,1
gymnast,1
april-june,1
faster-than-expected,1
inviolability,1
“eliminate,1
misdemeanors,1
sounds.,1
galician,1
madeiran,1
putin’s,1
self-revolution.,1
al-arqoubi.,1
"al-kharif,",1
nairobi.,1
mombasa,1
creators',1
"upon.""",1
protectively.,1
"mid-twenties,",1
maui.,1
kahului,1
"202,",1
inseparable.,1
romanticise,1
nobel.,1
gala,1
valid.,1
nigeria-specific,1
henríquez,1
lumpur,1
"gimenez,",1
categorization,1
execution.,1
moroccan-born,1
congressmen,1
"scott,",1
borrowers.,1
enrique's,1
£69,1
hotspur,1
tottenham,1
insurrection,1
consecutively,1
enlivened,1
us–iran,1
wildlife.,1
"successful.""",1
"""fake""",1
rushed.,1
mesopotamia.,1
"charmahal,",1
violence!,1
catapults,1
booby-trapped,1
"marinas,",1
warraq’s,1
"schultz,",1
wasserman,1
debbie,1
"salazar,",1
"""cash,""",1
"$3,752.",1
elvira,1
"diaz-balart,",1
trades.,1
"exportation,",1
visa-holding,1
awardees.,1
youtubers,1
"$1.3439,",1
0.27%,1
"$1.1731,",1
0.28%,1
148.94,1
cosmology?,1
esu's,1
44-day,1
€100,1
clog,1
carelessly,1
"veeraraghavan,",1
kaushik,1
all:,1
unreported.,1
undetected,1
"969,000",1
thinking?,1
uncomfortable.,1
"stored,",1
rejoiced,1
"polysaccharides,",1
archdiocese’s,1
counter-protest,1
"hirsch,",1
"$16,",1
"5,060",1
redcon,1
"gate""",1
"""golden",1
sextortion,1
"ransomware,",1
medium-to-high,1
cyber-related,1
"emotions.""",1
hopelessness.,1
challenging.”,1
politico-social,1
"358,000",1
($117,1
"72%,",1
suspects.,1
keynote,1
beliefs.,1
"sexuality,",1
"greek,""",1
"policies.""",1
"destabilizing,",1
"""external",1
henna-painted,1
explore?,1
"evolving,",1
overzealously,1
err,1
esu.,1
"region,""",1
patrolled,1
"employee,",1
impunity”,1
nicol.,1
"storyteller,",1
(bell),1
304,1
florist,1
6-2.,1
vukic,1
casper,1
"nakashima,",1
u.s..,1
sidestep,1
"persistent,",1
undecided,1
"""today.com""",1
quarterfinal,1
cup).,1
"(league,",1
abdel-sadiq,1
oxidation.,1
icao's,1
"bewildered,",1
"sting,",1
“honeybee”,1
“melissa”,1
retailer.,1
nationalists),1
(assamese,1
pretense.,1
sections.,1
“morals”,1
abounds,1
sivsagar,1
(eipr),1
"dowries,",1
tyrant,1
resilience-building,1
$502,1
362,1
desirability.,1
al-majidiya,1
blocs,1
femicides.,1
"chiapas,",1
"racketeering,",1
oxidation,1
irregularities,1
"(29%),",1
weaponised,1
smoking.,1
"cleanliness,",1
"dc,",1
(236.77),1
saudi-china,1
january-july.,1
khuzestan,1
"musically,",1
dancers,1
"qandishah,",1
ayat,1
doled,1
outdated.,1
northcentral,1
predicted.,1
"mariri,",1
orbex,1
serrano,1
"irorgi,",1
"figueiredo,",1
brandão,1
"garcía-sánchez,",1
cleanliness.,1
"stickers,",1
sidewalks,1
identity;,1
illuminates,1
opens;,1
(eib).,1
"nomads,",1
neom.,1
(31),1
"convicted,",1
"dreyfus,",1
verdict.,1
"lasers,",1
sincerely,1
buoyed,1
counseling.,1
shunned,1
"nick,",1
"posazennikov,",1
tragganidas,1
nikos,1
"""concrete""",1
needs?,1
diner's,1
"""erad"",",1
athens-based,1
disaster-related,1
technology’s,1
demeaning,1
boland,1
seamus,1
irishman,1
intelligence:,1
zeolite,1
"clinoptilolite,",1
"minnesotaite,",1
monasteries,1
"non-identifiers,",1
acquittal,1
"wails,",1
"shearer,",1
"scorers,",1
aguero.,1
latent,1
over-use,1
decontextualize,1
tunes,1
palestinian-led,1
match;,1
”monkey”,1
valencia's,1
"hadath.net""",1
"arabiya.net""",1
memorandums,1
agreement's,1
albums,1
"masses,",1
dictionaries?,1
broadcasted,1
eco-tourism,1
income-generating,1
malfunctions,1
"siri,",1
eco-friendly,1
mendeleev,1
themed,1
"demonstrations),",1
pañuelazos,1
maghreb.,1
zola.,1
tie-up,1
1992-1993,1
“encourages”,1
long-anticipated,1
fieldwork.,1
data-labeling,1
"salon,",1
hairdressing,1
nations!,1
"tomorrow.""",1
clearly:,1
damage.”,1
naguib,1
csec,1
needless,1
jae-myung's,1
finchley,1
wingate,1
"diagnostics,",1
lecture,1
spectral,1
parisa’s,1
repetitions.,1
"straight,",1
flexibility.,1
muscles,1
exercising,1
anti-aging,1
maoists.,1
"emergency,",1
throne,1
"arts,""",1
“safe,1
unfathomable,1
sages,1
$1.3464,1
"""roshen"".",1
brace,1
twice—first,1
fourth.,1
2014-2015,1
"rounds,",1
zeitung,1
allgemeine,1
placebo.,1
"severity,",1
shakira’s,1
vigar,1
mines.,1
musonoie,1
"kang-in,",1
ambiance.,1
"dress,",1
hanbok,1
korean-style,1
lounge,1
non-physical,1
"counselor,",1
broad-ranging,1
"characteristic,",1
"sermons,",1
reforms;,1
inaccessible.,1
zone”,1
road—in,1
shargh,1
olympiacos,1
"taremi,",1
"wrinkled,",1
bleak.,1
smeared,1
"outlawed,",1
].,1
bernabéu,1
monkey,1
"endured,",1
applauding,1
epidemic;,1
tightens,1
219,1
handicraft.,1
mehdi,1
kash,1
grouping.,1
playoffs,1
(4-3),1
sox's,1
tosya,1
"maley,",1
antonina,1
"ecosystems,”",1
"leader,""",1
faculty/institutional,1
uner’s,1
10.8,1
"guest,",1
"excellency"")",1
"worlds,""",1
discriminated,1
seda,1
gunshots.,1
"firearm,",1
conservation.,1
"negotiator,",1
"""affordable",1
deepest,1
"díaz-canel,",1
"kerring,",1
doug,1
"hora,",1
"41,300",1
eroded.,1
4-2.,1
"saudi,",1
acura,1
storytellers,1
"""tadawul""",1
globalization's,1
"sir,",1
sedition-related,1
viewers.,1
tenants;,1
carolina.,1
"""stabilization",1
"kulthum""",1
"paper""),",1
hebey,1
hefaa',1
"phase,""",1
capitulate;,1
disposition,1
considerably.,1
meduza,1
"kwonil,",1
"""massive""",1
"kiev,",1
klitschko,1
vitali,1
penalize,1
76.9,1
148%,1
sell-off,1
"bets,",1
bullish,1
upstairs,1
"mysteriously,",1
$455,1
359%,1
karlovy,1
fantasy.,1
dehumanized,1
"circuit,",1
non-free,1
"cybersecurity.""",1
reevaluate,1
"emerges,",1
mapping.,1
hazard,1
decentralised,1
maneuvering,1
griezmann,1
trader.,1
"explorer,",1
"lands,""",1
"al-samarqandi,",1
"merit,",1
“fairness”,1
eyesight,1
"al-samarqandi.""",1
al-hasan,1
al-mujahid,1
abi,1
"""tell",1
al-samarkandi:,1
traveler's,1
well-aware,1
gray.,1
cream,1
post-yugoslav,1
soundscape.,1
line-up,1
cinéma-mémoire,1
republic's,1
67th,1
muslim”,1
“rohingya,1
bangladeshi”,1
“illegal,1
ashanti,1
anglo,1
246,1
ever-present,1
depart.,1
"sharaa,",1
"tier,",1
"oluchi,",1
patel,1
"kubo,",1
takefusa,1
pack.,1
highlighted:,1
he'll,1
"offered,",1
xavi's,1
junior's,1
"""additional",1
lafarge,1
sawiris's,1
builders,1
(“渔业公司却先做了建筑公司的活”),1
"misconduct,",1
juve,1
childcare.,1
"discipline,",1
almanagil,1
"al-hekma,",1
"yum""",1
"""wadi",1
al-hekma,1
mudon,1
catherine,1
tsarina,1
"nobleman,",1
mentioned:,1
foodstuffs,1
"grams),",1
society?,1
wheelchairs,1
"exemption,",1
shocks.,1
theo,1
79th,1
leonardo's,1
"watchdog,",1
"talents.""",1
1977.,1
"candelaria,",1
"1708,",1
mistreated,1
drifting,1
relaxation.,1
mosques.,1
disparities:,1
fisherman,1
"messy,",1
"""raouche.""",1
al-farshishi,1
"transformative,",1
"revolution,""",1
"idling,",1
popularity;,1
hailing,1
hall’s,1
retirement.,1
herself.,1
important:,1
"perú,",1
(subject,1
520,1
ziaya,1
ayala,1
al-ittihad),1
(26,1
"$3,760.",1
"$3,791",1
"$3,685",1
"$75,",1
"datashvili,",1
nino,1
júnior),1
paixão,1
"ritual,",1
aspen,1
"complainants),",1
(vinícius,1
402,1
"i̇mamoğlu,",1
kazakhstanis,1
3.45,1
september's,1
3.38,1
hectic.,1
dressage,1
(six),1
absinthe,1
stallion,1
reassertion,1
(cne).,1
'sea,1
desired.,1
"bc,",1
"axis""",1
"""iranian",1
viviane,1
seamstress,1
"clothesline,",1
necessities,1
exfoliating,1
skin-whitening,1
“refreshing.”,1
snipers,1
queuing,1
iftin,1
dini,1
csos,1
"protections,",1
auctioning,1
"fines,",1
al-jaza,1
"auction,",1
"warrants,",1
(105,1
us$592,1
hk$4.6,1
face:,1
salt-ridden,1
"netanyahu?""",1
radically,1
christian-era,1
2025',1
alves,1
trailer:,1
charming,1
"selected,",1
"planes,",1
b787-10,1
b787-9,1
september/october,1
"rochelle.""",1
"""la",1
"""rock,""",1
mixes,1
movies.,1
blockbuster,1
animated,1
doll-making,1
(no,1
"handled,",1
rajasa.,1
"detainees,",1
"petroleum,",1
occidental,1
hindrance.,1
3.81,1
"5.4%,",1
"(wam),",1
entitle,1
avinor's,1
"nrk,",1
nordland,1
brunnesund,1
much-needed,1
"zambia,",1
"malawi,",1
"91,000",1
screaming.,1
"problem,""",1
$64.50,1
"$1.22,",1
masoud.,1
politically-right,1
demonstrators.,1
hangings.,1
slaughterhouse,1
"eat,",1
"sing,",1
"rejoice,",1
"small),",1
"manifestations,",1
dish's,1
"wassila,",1
"gacem,",1
"chrome,",1
"gravity,",1
ero,1
amassing,1
comecon,1
"spill,",1
balances.,1
permits.,1
re-dividing,1
ends.,1
"""reward",1
"woodlands,",1
"breakup,",1
"389,410",1
fc's,1
1.51,1
versa.,1
lingered,1
tropes,1
digitizing,1
"troublingly,",1
"upskilling,",1
scant,1
israeli-syrian,1
measures;,1
qantas,1
mysteries.,1
80-90,1
politicians:,1
astronomers,1
"thebes,",1
methanol.,1
"nitrogen,",1
sawiris.,1
nassef,1
founder's,1
1950,1
constructs,1
others;,1
imitate,1
"""pride",1
"profitable,",1
beleaguered,1
celebrity.,1
(alexandrova),1
bobsled,1
webs,1
165,1
cargoes,1
"retrained,",1
"son-in-law),",1
(trump's,1
"""x,""",1
demonstrations?,1
"deuba.""",1
bahadur,1
"""sher",1
"dahal,""",1
"""pushpa",1
"oli,""",1
skeptical.,1
"tajikistan,",1
cents),1
(42,1
"alarmingly,",1
2.1%.,1
"zealand),",1
(australia,1
20.0%.,1
155,1
40.7%.,1
geostrategic,1
"something""",1
"""something",1
"tiebreaker,",1
šwijontek,1
delijani,1
"moscow"",",1
alexandra,1
gasification,1
libraries.,1
"laboratories,",1
"faculty,",1
campuses,1
mufid,1
"serious,""",1
annoyance.,1
sanitation.,1
remotely.,1
taken;,1
reconsideration,1
"mandarin,",1
motif,1
orbit,1
72%.,1
mcmurdo,1
"antarctica,",1
27%.,1
"guiyang,",1
palantir,1
semi-autonomous,1
one-megaton,1
"deficiencies,",1
breadwinner,1
"constituents,",1
disappoint,1
interrelated,1
unprotected,1
safety...,1
"""ignoring",1
"boeing.""",1
spiritual.,1
perfection;,1
"private,",1
"potential,”",1
brack,1
"1,735",1
aswan.,1
el-gamal,1
al-sawari,1
"sanitary,",1
law-enforcement,1
(wana),1
135%,1
"electrical,",1
"architectural,",1
transformation:,1
teachers.,1
ait,1
belaid,1
heights”),1
rags’,1
(later,1
udhrar,1
lwali,1
third-minute,1
nunez,1
matias,1
esteve,1
maxime,1
de-facto,1
"""unilateral""",1
"tonga,",1
atmospheric,1
darkness”,1
“children,1
(zamalek),1
"boilers,",1
factory's,1
"diplomats,",1
revitalized.,1
wetland,1
frost,1
destitute.,1
coworker,1
bean.,1
casts,1
"creamy,",1
"coarse,",1
“terrorist,1
austroasiatic,1
"98,000",1
"bully,",1
infuriating,1
unmistakable,1
negotiations;,1
proto-nivkh,1
linguists,1
"“neutral,”",1
"protocol,",1
70.6643,1
burnley’s,1
destabilizes,1
roy,1
ailments,1
fiji,1
"samoa,",1
sumita,1
crime?,1
friends:,1
agreeable,1
3.38%,1
3.33%,1
3.35%,1
garnesia,1
dexterity,1
ã,1
olmert,1
yum,1
unrwa’s,1
organization?”,1
"huaxin,",1
5gb.,1
"packages""",1
"""memory",1
reverse.,1
pro-family,1
rebound,1
8.5,1
stomach-related,1
picker.,1
cherry,1
lorry,1
"6.0%,",1
"1917,",1
"declaration"",",1
seven-man,1
dutta,1
non-core,1
overfishing,1
unscrupulous,1
3-3.,1
sfaxien.,1
"al-ismaili,",1
"resignations,",1
"ragasa,",1
ragasa's,1
cities;,1
paralyze,1
al-hikma.,1
senior-level,1
"(gnp),",1
include...,1
fashion-related,1
"antsiranana,",1
conicet,1
warlike,1
traton.,1
mousso,1
akwaba,1
suffice;,1
(fsb),1
vaults.,1
services?,1
"tarjimly,",1
"tragedies,",1
"fathers,",1
"yuhang,",1
fatigued.,1
"z's,",1
indigestion,1
"politics,”",1
hypocritically,1
2),1
faith;,1
"gospel,",1
perverted,1
"christ,",1
1),1
"contemplation,",1
"mandates,",1
"uninterrupted,",1
"""5""",1
"healthineers,",1
siemens,1
"""definitely.""",1
"all,""",1
2.26,1
skewed.,1
dog.,1
"healed,",1
preference.,1
american-owned,1
blanc's,1
deviated,1
barcelona’s,1
us-syrian,1
"forecasted,",1
fists.,1
clenched,1
"jerks,",1
"tics,",1
feet).,1
(83,1
"blinks,",1
"suspensions,",1
tech-free,1
"spouses,",1
byd's,1
623,1
286,1
272,1
"""1.""",1
"evaluator,",1
2.14,1
canals,1
"awot,",1
escaped.,1
reliving,1
al-sabaa.,1
laureate],1
mohammadi,1
dams.,1
exportable,1
"high-value,",1
"""ephesians.""",1
"distinction,",1
impressions.,1
them),1
"farce,",1
hard.,1
"latest,",1
"jaw,",1
peace?,1
disposed,1
oil-absorbing,1
surfactants,1
insulation,1
75-year,1
jiangxi,1
"mainland,",1
"62,775",1
began).,1
(starting,1
warmest,1
"""copyright,""",1
fatal.,1
forces’,1
windmills,1
"""qanats""",1
impacted.,1
"objectives.""",1
"""two",1
egypt–gaza,1
effect”,1
egypt-gaza,1
“aid,1
"exits,",1
things:,1
"displacement,""",1
"""urban",1
fracture.,1
al-omar,1
reconnaissance.,1
unending,1
fanatic,1
castillo,1
burkes,1
anneloz,1
jake,1
lauderdale-hollywood,1
illegitimate.,1
"lies,""",1
ghost.,1
vhs,1
"ai.""",1
"""physical",1
"""80%""",1
2025/2026.,1
"buyer,",1
narges,1
sounding;,1
deactivate,1
"romania.""",1
she's,1
matter),1
(this,1
"purpose,",1
looms.,1
resolve.,1
palizban's,1
quarter-over-quarter,1
gansu,1
5.6-magnitude,1
mesopotamian,1
(16,1
"hindus,",1
"quakers,",1
"buddhists,",1
"snowfall,",1
delineates,1
al-adala,1
gangapurna,1
"logitrans,",1
"salehi,",1
scrubbing,1
commands.,1
"haroun,",1
desecrating,1
"team,""",1
limb,1
sports.,1
over-extracting,1
"depletion,",1
osystem.,1
ec,1
durmaz.,1
"safety,”",1
“governments,1
present).,1
[produced],1
combination.,1
anti-netanyahu,1
"utsri,",1
"reskin,",1
dull,1
types;,1
trafalgar,1
barcodes,1
multifactor,1
"8th,",1
cbp,1
intrigued,1
curtail,1
markers;,1
"tense,",1
syntax,1
"phonetics,",1
slavonic,1
"newcomers,",1
community:,1
"aquifer,",1
clasico.,1
5.3,1
"tunnels,",1
audio.,1
tabled,1
cities.”,1
15.4,1
29.9,1
342,1
containers.,1
"4,532",1
egypt;,1
malaysia;,1
shikou,1
"nansha,",1
"ningbo,",1
nunes,1
whinderson,1
humorist,1
reconnected,1
1971;,1
scooby,1
"surfer,",1
"ids""",1
"""visitor",1
"india”,",1
“storytellers,1
heat-affected,1
"boats,",1
terrified,1
conclusively,1
"observational,",1
homebuyer,1
likenesses,1
christchurch,1
ardern,1
jacinda,1
risks:,1
gunmen.,1
ballooning,1
"assets.""",1
"""underestimated",1
ubs,1
"havel,",1
carts.,1
emptied.,1
"truce,",1
"uncooperative.""",1
neto,1
"rescues,",1
"realignment,",1
"violence,""",1
"""encouraging",1
embarrass,1
mccain,1
"thornton,",1
"""welt,""",1
gloomy.,1
recovers.,1
"jawad,",1
mir,1
overexploitation,1
"underestimations,",1
"flights""",1
"permitted,",1
"quarrying,",1
impeachment.,1
yeol’s,1
seasonal.,1
financiers.,1
"$2,334",1
5.75%,1
"$2,463,",1
"6.25%,",1
"interest),",1
"$2,661",1
"$400,000,",1
"wrong,""",1
"""theft",1
principle:,1
“non-traditional,1
wallace,1
graeber,1
1949.,1
1943.,1
​in,1
fishing.,1
(iuu),1
"(unodc),",1
88%,1
cme's,1
mammadova,1
heard.”,1
role-playing,1
kos,1
marta,1
kaja,1
french-language,1
"observed,”",1
fratantoni.,1
nationality?,1
cricket’s,1
"18,000).",1
medics.,1
"1,068",1
"12,298",1
"17,841",1
"woman,’",1
‘portrait,1
values”.,1
“rejecting,1
relationships”,1
plays.,1
"promotions,",1
"breathlessness,",1
"runs,",1
income;,1
cheques,1
"""disbelief""",1
al-bashir.,1
kulin,1
erdić,1
ismet,1
"cleft,""",1
"""earth",1
"2,890-meter-tall",1
"16,500",1
enlargement,1
"""irresponsible",1
"al-lami,",1
hamoudi,1
human-caused,1
afrique.,1
77.35%,1
owe,1
kuwait-based,1
"ateliers,",1
depictions,1
"bankers.""",1
hearts...,1
“necessary,1
"proteins,",1
amyloid-beta,1
"toxins,",1
moët,1
"dior,",1
"vuitton,",1
registry.,1
"figar,",1
rima's,1
"wedding,",1
moroccan-style,1
"""al-shater""",1
silenced.,1
"erased,",1
"graves,",1
anti-vaccine,1
"fact-checker,",1
"nala,",1
"unjust""",1
coerced,1
“hygienic,1
month:,1
working”,1
refinancings,1
brushes.,1
"""normal""",1
pipe-borne,1
pollutant-free,1
detention?,1
untoldmag,1
​an,1
"strike"".",1
"""doha",1
incurs,1
"hennessy,",1
agadez,1
noticing,1
changements,1
conférence,1
"al-montashri,",1
nayef,1
"""sunrise""",1
syndromes.,1
diverging,1
(imf).,1
"disagree,",1
forsa,1
shannon's,1
(nrk).,1
epstein.,1
alternative.,1
insensitivity,1
musetti's,1
20.1,1
al-fakhariya's,1
animals—continually,1
"lectures,",1
"clips,",1
channels—from,1
visualizations.,1
lifelike,1
bionic,1
self-supervised,1
at.,1
superficiality,1
morocco),1
(conference,1
"businesses"",",1
"""unfair",1
"immediately""",1
maroc,1
climatiques,1
58.28,1
legco,1
"conservative,",1
good.,1
"us$5,000.",1
beds,1
lie-flat,1
"tickets,",1
"us$2,270.",1
"us$1,538",1
disrespect.,1
7.44,1
"oc,",1
curtailed.”,1
ringtones,1
49-minute,1
"kits,",1
$912,1
proliferate.,1
"backlash,",1
unwittingly,1
"religions,",1
"leo,",1
"pope,",1
pl,1
instigated,1
aziz's,1
"1,800)",1
"acre,",1
"1,000)",1
800–usd,1
71.2,1
2.94,1
"kiwi,",1
"pumpkin,",1
"squash,",1
"sovereignty.""",1
skyrocketing.,1
"tabreed,",1
programmers.,1
state-managed,1
3.89,1
11.33,1
"zoneff,",1
negotiate.,1
(ups),1
uninterruptible,1
31.9%,1
$24.71,1
slaughtering,1
inefficient.,1
duplication,1
"482,000",1
yaoundé,1
$62.83,1
"0.69%,",1
reignites,1
offer.,1
acre.”,1
act).,1
oranges.,1
"deposit,",1
offloading,1
(sids),1
geospatial,1
registry),1
delineation,1
fox;,1
"unambiguous""",1
upwardly,1
29.39,1
"weakening,",1
entrants,1
close-knit,1
workarounds,1
"candles,",1
5-peso,1
"gemini,",1
1300,1
restoration.,1
intransigence,1
"""duty-paid",1
"(thursday),",1
unjustly,1
amiri's,1
"encountered.""",1
"america.""",1
"""justice",1
government-led,1
immaturity,1
"gap.""",1
rca,1
"al-hajji,",1
manslaughter.,1
involuntary,1
dsa”,1
"al-alaq,",1
lays,1
contrasted,1
"simply,",1
practitioners.,1
"al-khairat,",1
"al-sabriya,",1
constipation.,1
grinning,1
"lasted,",1
candle,1
"fire.""",1
"option,""",1
"80%,",1
150%.,1
sponsorship,1
"delivery""",1
"4,891",1
743,1
satellite.,1
non-medical,1
organs,1
genitalia,1
terminated.,1
incurring,1
artmaking.,1
relaunch,1
"nomura,",1
"sawada,",1
maki,1
1980s.,1
democratization,1
"aboard,",1
humming,1
picket,1
button.,1
manet,1
hun,1
"gongs,",1
"bells,",1
9:09,1
"insanity.""",1
appreciation;,1
dismantled.,1
tuzlić,1
atacama,1
pirates,1
"whereabouts,",1
"balla,",1
evelyn,1
middle-belt,1
regio's,1
berin,1
"marinan,",1
pinto/,1
kabarda.,1
mozdok,1
"installation,",1
unafraid,1
consolidates,1
anthems,1
"(민중가요),",1
toothaches,1
health:,1
desertified,1
suited,1
pastoral,1
ends”,1
“tatar,1
family”,1
sayings,1
posssessed,1
"insulted,",1
yj,1
"""perhaps",1
"yama,",1
yamily,1
"pérez,",1
microwaves,1
$6.55,1
unremitting,1
inventories,1
conversions,1
"minorities,",1
justice’s,1
2006.,1
enerji,1
zorlu,1
"karachi,",1
thatta,1
jhimpir,1
breath-causing,1
gerhard,1
belonged.,1
impeached,1
(36.9,1
"""within",1
"savannah,",1
álvarez.,1
cristina,1
gómez,1
"chable,",1
nehemias,1
"vázquez,",1
marlene,1
"kuyoc,",1
"chi,",1
ellison's,1
"hurd,",1
ingestion.,1
"nanoparticles,",1
48.02,1
47.92,1
madaba,1
gangs.,1
"al-sartawi,",1
"particles,""",1
"chuvash,”",1
enemy.,1
"broadcasting,",1
"commentary,",1
composition.,1
mid-leap,1
"actions"".",1
niqab.,1
sinimbu,1
online?,1
ababa,1
degrees.,1
"wuyuan,",1
"else.""",1
"officially,",1
speculating,1
zaher,1
grieve,1
"26.3%,",1
highest-ever,1
"harmed,",1
adjudication,1
co-ceo,1
(cese),1
ultiple,1
organisation;,1
"covered,",1
discontinuous,1
ayatollahs,1
homes.”,1
"miran-lavi,",1
lishai,1
ib,1
splash,1
"steep,",1
"boiled,",1
nilgiris,1
betty,1
"nears,",1
nonesuch,1
"bulldozers,",1
"sot,",1
mae,1
compensation:,1
alienating,1
"chol,",1
"tzeltal,",1
"tzotzil,",1
status:,1
winning.,1
force's,1
retribution,1
fourth:,1
tenders.,1
indicted.,1
rigging,1
"extortion,",1
"internally,",1
nationalists,1
thorn,1
"fought,",1
accreditation,1
(cgd),1
wealth?,1
capitalists,1
shafaq,1
"made""",1
cihan.,1
"ceyhan,”",1
80cents,1
12;,1
laundry,1
"24""",1
"""roydad",1
"thursdays,",1
745,1
laborers.,1
graphs,1
mixed:,1
graph,1
selfie,1
virtually.,1
accolades.,1
commendation,1
"evangelical,",1
fair.,1
thin.,1
salwar,1
"disqualification.""",1
"""first-time",1
"cranes,",1
"hoopoe,",1
"bustard,",1
"internacional,",1
grêmio,1
14.1,1
"beliefs,",1
sarr,1
ismaila,1
oregon.,1
(80,1
wash?,1
driver’s,1
"diplomas,",1
hinterland,1
25.5,1
82.,1
"safas,",1
"checked,",1
"misunderstandings,",1
kathmandu's,1
favourable,1
environment”,1
“unwelcoming,1
"strains,",1
"perpetuate,",1
unsubstantiated,1
corrections,1
"""dealmaker""",1
ariana,1
tadamon,1
"wagtail,",1
"quails,",1
fraser,1
"possibles,”",1
smses,1
tea-drinking,1
samalut,1
route.,1
"minya,",1
"indictment,",1
groups',1
seven-headed,1
surrender',1
humidity,1
hoc,1
"""modon's""",1
ambit,1
fanciful.,1
11:48,1
48.23,1
48.13,1
"complaint,",1
"hinterdoppler,",1
contends,1
necati,1
i̇mamoğlu’s,1
"yanardağ,",1
sarawak,1
peninsular,1
"fuels,""",1
suspicion?,1
"would,",1
“far-right,1
left”,1
“right,1
tablet,1
"horizontally,",1
"pricey,",1
"occurrence.""",1
anyone's,1
approaching.,1
brings.,1
"learned,",1
russian-occupied,1
gripped,1
"recipes,",1
seasons',1
rocket.,1
disembarkations,1
sar,1
northwest.,1
axe-and-adze,1
"bessiebaker,",1
"peto,",1
engulf,1
osun,1
"ede,",1
redeemer’s,1
ambition.”,1
"millennial,",1
"companions,",1
collaborationists.”,1
labor;,1
"bank"",",1
"vitinha,",1
"neutrality,",1
there?,1
"amd,",1
monotonous,1
"meticulous,",1
town's,1
"atiyah,",1
"delivery.""",1
"khomeini,",1
way:,1
"kiddo,",1
"flags,",1
spaniard,1
"west,”",1
twd,1
"mexicans,",1
"$120,000.",1
88th,1
araujo,1
uruguayan,1
56th,1
8.8,1
55%.,1
8.1,1
lod,1
saree,1
al-qabouti,1
"""investment",1
imja,1
"habashi,",1
moheb,1
wristwatch,1
al-nil,1
qasr,1
"9,199",1
"13,796",1
"nice.""",1
treadmill,1
crackdown.,1
attar,1
"heart,’",1
beloved’s,1
zenit-2,1
"baikonur,",1
1902.,1
"history""",1
108.8,1
‘till,1
descendant,1
detectable,1
pipeline’s,1
“small-scale”,1
vergel,1
gambia.,1
"installed,",1
"""major""",1
redevelop,1
"ceremonies,",1
sociocultural,1
thulagi.,1
crammed,1
"massacre,",1
"mcguirk,",1
blockbusters,1
"mollywood,",1
imprisonment?,1
"ignore,""",1
biotech,1
opinion;,1
decoupling,1
wsis,1
fascinating,1
"berekely,",1
"stairwell,",1
"man,""",1
"aziz,",1
"5,570",1
109.2,1
marble,1
accommodation.,1
"strain,",1
nations;,1
sailing,1
"livelihood,",1
"""patriot""?",1
$67,1
$66,1
"somo,",1
"aden,",1
"calls,”",1
"bandages,",1
"expanding,",1
ai-enabled,1
medal.,1
"51,000",1
"dismemberment,",1
"""f*ck",1
three-set,1
pericard,1
mpiche,1
(catastrophe),1
rovers.,1
humanity’s,1
(un),1
"dying,",1
"more.""",1
"wisely,",1
"""choose",1
councilors,1
"sits,",1
ahmedabad,1
787,1
"247,000",1
"timber,",1
"al-sawafi,",1
skirt,1
alsop's,1
plaintiffs,1
precision-guided,1
trump-zelensky,1
hammers',1
potter's,1
coloplast,1
sinomi,1
"conglomerates,",1
"holders,",1
majority?,1
"sorghum,",1
"hopeful,",1
pa's,1
riskier,1
open-access,1
"games""",1
"""personal",1
"pagers,",1
detonation,1
jjajangmyeon,1
tteokbokki,1
bibimbap,1
kimbap,1
deserted.,1
mascots,1
flare,1
eff,1
"pacific,",1
niña,1
stretch.,1
feedback;,1
demographically,1
1864–1870,1
ruinous,1
veeraraghavan,1
"""tongue,""",1
"extent,",1
"chinese,""",1
habash,1
davenport.,1
possibilities:,1
"""escalation",1
"amendments,",1
russians,1
viber,1
kinshasa,1
makutano,1
eta.,1
"swiss,",1
"brand),",1
(its,1
"unfounded,",1
hoeness.,1
"bundesliga,",1
beaten.,1
"decomposed,",1
waltz:,1
co-ceos.,1
"cicilia,",1
life-altering,1
passports.,1
whistleblower.,1
"investigation,""",1
"""thorough",1
prevailing.,1
fortieth,1
cécile,1
sculptures,1
responsibly.,1
"thing,",1
28.23,1
"strategy,""",1
"actions""",1
"assurance,",1
“18”,1
immigrating,1
14.12,1
"open-minded,",1
occupiers.,1
colonizers,1
moment;,1
recited,1
(hkfp),1
lam,1
certify,1
boards”,1
bamako),1
"consultoria,",1
scot,1
“medical,1
"light,’",1
bolivar,1
malaysia’s,1
valuable.,1
metallurgy,1
landfall.,1
south),1
auckland's,1
broadbent,1
"sitting,",1
"asleep,",1
billionaires',1
"(kimarc),",1
less-developed,1
"guizhou,",1
"frontex,",1
meaningless.,1
indori,1
"""democratic",1
fabricate,1
pilfered,1
image-generation,1
"""look",1
fryar,1
"much,""",1
sejari,1
weliam,1
china.”,1
consultancy,1
"(34),",1
"internalized,",1
10–14,1
barbuda’s,1
bolivia,1
alcides,1
"buses,",1
"jedou,",1
warns:,1
chips.”,1
mig-31,1
embolden,1
relevance,1
planners,1
"evaluations,",1
instructions;,1
non-binary,1
"touch,”",1
“bad,1
touch”,1
govern.,1
(78,1
"indore,",1
zyaka,1
"field.""",1
discontinue,1
clients',1
gartner,1
spain).,1
"""mood""",1
observe.,1
sofia.,1
kragujevac,1
7.79,1
whatever.,1
"doesn't,",1
okay;,1
"cowpeas,",1
"millet,",1
"groundnuts,",1
"dies,",1
compliment,1
peaked,1
"disagreement,",1
cleanliness,1
"diamonds,",1
china-centric,1
affinity.,1
198.12,1
gemini.,1
utah,1
're-imposition',1
programme.,1
"vein,",1
information.”,1
"homeland""",1
"""nashayi",1
"""alternative""",1
saudi-japanese,1
"ayyaf,",1
"region,”",1
filmmaking.,1
timimoun,1
"alert.""",1
"observations,",1
bejaia,1
unwillingness,1
exercise.,1
sodium,1
shenoy,1
6.1,1
deducted,1
socoura,1
"diondori,",1
wormhole's,1
"""throat""",1
you've,1
upset.,1
"grandma,",1
114.30,1
high-temperature,1
negatives;,1
(51.75,1
131,1
"rebolledo,",1
sensational,1
outpace,1
"duties,""",1
"""generalize",1
"hashtag,",1
"""spa"".",1
"lessee,",1
(that,1
"""lease""",1
secondly:,1
engagements.,1
trafficked,1
gunpoint,1
rogina.,1
mammadova’s,1
"""day",1
"favoritism,",1
"""lobbies""",1
execution-style,1
"equitable,",1
"place.""",1
pre-conditioned,1
accorded,1
"asia,”",1
“west,1
asia”,1
“southwest,1
"""western",1
nearing.,1
"now,""",1
"apologize,",1
error-prone,1
sampling,1
aragalaya,1
"organizing,",1
lankan,1
teamed,1
exploration?,1
turkish-backed,1
counter-protests,1
burnt,1
tougher,1
farage-led,1
pursuant,1
"tsemsilt.""",1
incinerated,1
berkane,1
rs,1
mapped,1
internews,1
"tiaret,",1
"bayadh,",1
"naama,",1
"abbes,",1
bel,1
"relizane,",1
"mascara,",1
"tlemcen,",1
"saïda,",1
outside;,1
credits;,1
"ebana,",1
sheila,1
malfunctioning,1
"pay,""",1
"""apple",1
"asylum-seekers,",1
non-refoulement,1
318.2,1
faiths.”,1
"unfairly,",1
coastlines.,1
thunderstorms,1
qadhi's,1
maged,1
“literary,1
"dirham,",1
"""sharif",1
(died:,1
"lovelace,",1
persaud,1
ingrid,1
millar,1
sharon,1
jenkins,1
mccaulay,1
"hamas""",1
"lines,""",1
long-posted,1
jubail,1
lutein;,1
"""everything",1
"(may),",1
guinea.,1
interpol,1
"heart,”",1
gong,1
"1,2",1
"sonata,",1
"goblin,",1
"“inside,",1
"nights,",1
principles:,1
fest,1
bocas,1
"thunder,",1
lightning,1
1907,1
intolerant,1
"afrique,",1
honoured,1
giant”,1
colorectal,1
"teenager,",1
"hard,",1
"appearances,",1
24-65,1
25.1,1
state.”,1
"al-araari,",1
najat,1
dalida?,1
"computation.""",1
hyderabad.,1
mumbai,1
zoroastrian,1
"compete,",1
"genz,",1
releases.,1
assets',1
"$124,000",1
"al-tabbaa,",1
talal,1
coinmena,1
facttest,1
"218,000,",1
stagnaro,1
self-assurance,1
"""each",1
"colonoscopy,",1
serho,1
"al-umari,",1
al-adawi,1
al-qurashi,1
"hundred.""",1
guinean,1
22nd,1
mcallister,1
"23rd,",1
(x),1
situation:,1
foreground.”,1
“invisible,1
divested,1
prague.,1
heard;,1
"correctly,",1
“ataya,1
"pumping,",1
malfunction.,1
turbines',1
overstatement,1
chelsea.,1
"winners,",1
dimitrievich,1
multi-trillion,1
$178,1
motto,1
strife.,1
factional,1
"leone,",1
ashley,1
schetinen,1
faghani,1
rovshan,1
geraci,1
"accra,",1
"trust,”",1
stigma.,1
"cannabis,",1
5.4%.,1
"4.6%,",1
bayro's,1
lucerno,1
$1.148,1
0.33%,1
$1.093,1
"nanais,",1
"evenks,",1
"proportionally,",1
$1.151,1
chats”,1
"20s,",1
citizens.”,1
welfare”,1
“individuals,1
merits,1
sam's,1
veer,1
vendors.,1
eco-charcoal,1
vulnerable.,1
beckham,1
galicia,1
"(portugal),",1
madeira,1
alireza,1
linguist.,1
latina”,1
“ibérica,1
(teams),1
"loved.""",1
"awake,",1
"destitution,",1
"metaphors,",1
"abdi,",1
mazloum,1
"commander,",1
"nivkhshave,",1
7-year,1
bayer-rosmarin.,1
jeffries,1
heikim,1
"jackson,",1
age-gender,1
firmer,1
"""don't",1
"unbalanced,",1
"chaotic,",1
"oftentimes,",1
sama's,1
$371.2,1
"13.3%,",1
"americas,",1
"(spain),",1
anew.,1
fully.,1
reciprocate.,1
"response,""",1
"""firm",1
"gaélica,",1
$15.4,1
"""embodied",1
spotlighted,1
inexpensive.,1
incest,1
transposed,1
achievable.,1
"$52,000.",1
2.49,1
"3.925%,",1
tranquil,1
scents,1
contrary.,1
over;,1
lalitpur.,1
shoulder-to-shoulder,1
"around,",1
km/h),1
tinged,1
harrach,1
power-sharing,1
"""gpt",1
"el-beltagy,",1
"optimatica,",1
systems”,1
"after.""",1
offer?,1
genres,1
“breakdown,1
spawn,1
"ljubljana,",1
"zupančič,",1
$254,1
$28.78,1
"right""",1
"""unite",1
adalah,1
grassland,1
voyages.,1
tech-trained,1
"choose,",1
al-shibani,1
"(2026),",1
"""courageous,""",1
one-fourth,1
admiral.,1
"1883,",1
attained,1
"twenty,",1
pokhara,1
hurricane's,1
"""patriot""",1
victory’’,1
"peña,",1
"non-refoulement,",1
extraditing,1
"rentals,",1
mps.,1
reassemble,1
melted,1
"$4,027),",1
"pounds""",1
"""194",1
foundry,1
hollow.,1
jernej,1
charlottesville,1
“run,1
"special,”",1
"now,”",1
"look,",1
us:,1
rows,1
"façades,",1
"exudes.""",1
calmness,1
"demeanor,",1
"humility,",1
admire,1
"tactically,",1
dutch.,1
"pregnant,",1
wrong;,1
gross.,1
wipes,1
napkins,1
disposing,1
possibles,1
"belize,",1
"icc,",1
moon.,1
"query,",1
"undetermined,",1
increase's,1
mundy's,1
winters,1
killer,1
mongolia's,1
dzud:,1
"1.2%,",1
do.”,1
broxby,1
"(5-7),",1
6-7,1
korda,1
afrin’s,1
offered.,1
"graduates,",1
lipow,1
"lipow,",1
bernardo,1
monarchies.,1
starmer.,1
memorable,1
britain:,1
polytechnical,1
"landgraf,",1
"determined,",1
issues”,1
x/twitter,1
banking.,1
"sale,",1
rone,1
3547,1
ammunition.,1
"artillery,",1
"al-amsar"".",1
mamlik,1
fi,1
al-ibsar,1
"""masalik",1
"ah),",1
749,1
parole,1
"(pt,",1
salomão,1
helder,1
"pharmacist,",1
"excellently,",1
17-hour,1
110,1
conjugal,1
preacher,1
tactics.”,1
content.”,1
(seo),1
dabov,1
"rabbits,",1
"pigs,",1
"fed,",1
tennis.,1
(7/4).,1
accord.,1
neuroscientists,1
buses.,1
cnnc,1
"sklyar,",1
"54,052",1
(441,1
(110,1
"adulthood,",1
submission.,1
bartholomew,1
tokayev,1
kassym-jomart,1
"ghani,",1
baseline,1
"fiercely,",1
propulsion,1
rivian,1
"lines.""",1
serves...,1
severa,1
"paragraph,",1
article’s,1
"screenshot,",1
neutralization,1
motivator,1
water-rich,1
"cooler,",1
"worsens,",1
labor's,1
"insurance,",1
grainy,1
"okinawa.""",1
gyeongju.,1
"coordination,""",1
"""saudi-qatari",1
idols,1
heterosexual,1
“losers”,1
(フェミニストおばさん),1
aunties”,1
“feminist,1
pejoratively,1
conservatives,1
misogynists,1
"28,800",1
"busquets.""",1
resembled,1
riquelme,1
balochistan.,1
diligent,1
pandava,1
advisor.,1
"""recovery",1
"heroines),",1
epic's,1
draupadi,1
mahabharata,1
"routine,",1
enchantment.,1
"princess,",1
fulfils,1
piggott,1
neighbor’s?,1
realignments,1
atta,1
"troitskoye,",1
cubans.,1
"brahmaputra,",1
23%,1
$1.80,1
$2.21,1
democratic-controlled,1
intent.,1
overflights,1
truls,1
$257,1
26.4%,1
"""add",1
"vaez,",1
suspects’,1
"mostar,",1
saloon-type,1
unexplored.”,1
"admirals,",1
6.141,1
5.994,1
oil-producing,1
"contractors.""",1
translation:,1
akawo,1
low-sugar,1
well-told,1
relish,1
awardees,1
diogo,1
astronauts,1
dhabi-based,1
cruelty.,1
"(2016–2018),",1
sherpa,1
cologne,1
"rhine-westphalia,",1
hydrology,1
temer,1
"lobby,",1
halalas),1
exerted.,1
intended?,1
"understood,",1
well-received,1
justifications?,1
"workplaces,",1
vehicle's,1
military),1
four-star,1
4th,1
else.”,1
polarized,1
"poorly,”",1
"al-ula,",1
"diriyah,",1
codes.,1
practically.,1
conceptually,1
"gary,",1
"pennsylvania,",1
mon,1
1959,1
defense’s,1
"crédito,",1
lobbyist,1
bolsonaro's,1
facilitó,1
£23.,1
taxpayers,1
rooftops,1
polyphonic,1
musa,1
enthusiast,1
aghabor,1
"oladgobad,",1
rey,1
puyol's,1
"puyol,",1
carles,1
8-year,1
"sum,",1
"$3,000,",1
32.69%,1
11.34,1
1.069,1
micrograms,1
foresees,1
(tii),1
patterned,1
headwrap,1
robe,1
peaking,1
negocios.,1
pequeños,1
"otro,",1
earned.,1
bancos,1
acceso,1
mortar;,1
bricks,1
"plumber,",1
al-qot,1
york-gaza,1
“through,1
leclerc.,1
$42.,1
weeks',1
(akp),1
best-preserved,1
resurfacing,1
readiness.,1
10.27,1
"""status",1
harbored,1
bianet.,1
"turnout,",1
slaves,1
"""continuity""",1
terrains.,1
bands.,1
sensors,1
"shocks,",1
"extent""",1
"labour,",1
"al-khuzaie,",1
state-building.,1
“counter,1
"origins.""",1
"""like",1
preparation:,1
unstructured,1
"controlled,",1
rodney,1
roboticist,1
deeper.,1
"reflect,",1
"mecca,""",1
universe's,1
theory:,1
waste-to-energy,1
energetic,1
sipri.,1
29.6%,1
"ceballos,",1
envisages,1
"quo""",1
assembling,1
4-4.25%.,1
"decreased,",1
animosities,1
"fakharany,",1
58th,1
force?,1
blur.,1
apparently),1
(acquired,1
covid,1
.),1
mccaulay’s,1
400),1
respiration,1
nocturnal,1
(please,1
claro,1
murdered.,1
mutual.,1
familiar.,1
"socioeconomic,",1
(almost,1
grappled,1
media/pexels,1
staunchness,1
"collection,”",1
forsaken.,1
up;,1
miraflores,1
"sanctity,",1
believed.,1
payout,1
end-of-the-line,1
leniency,1
heglig,1
sadaya's,1
al-subaie,1
sattam,1
al-humaidan,1
yazid,1
sadaya,1
"""unifying",1
secretaries-general,1
"3,500)",1
calories,1
frighteningly,1
with?,1
heightened.,1
"thresholds,",1
chogyal,1
tenzing,1
glaciologist,1
indus,1
"slut-shaming,",1
dohing,1
"chung,",1
seunghee,1
"vanish.""",1
"""every",1
"""king",1
evolutionary,1
dalia,1
"carabobo,",1
inquiring,1
sycamore.,1
rummage,1
bullets.,1
contractionary,1
pathways.,1
smelting,1
"""chery""",1
"""tadweer""",1
browsing.,1
facilitation.,1
"ones.""",1
fate?,1
understand:,1
repeated.,1
"""alternative",1
"25.6%,",1
combustion;,1
disintegrated,1
"media.""",1
"""trend""",1
"war?""",1
colloquial,1
happen?,1
become:,1
secret;,1
"long-form,",1
yaounde.,1
"eco-charcoal,",1
normally.,1
cartilage,1
shine,1
conman,1
colony.,1
france’s,1
aud,1
table’s,1
possible:,1
"2,266,000",1
"837,000",1
171,1
(asean),1
5.7%,1
"fatherland""",1
stance),1
inevitability,1
"8.3%,",1
russia),1
"jericho,",1
"joshua,",1
recounted.,1
"israelites,",1
moses,1
disciple,1
"nun,",1
content?,1
limbo:,1
zoghlami,1
"minecraft,",1
"megaprojects,",1
(34%),1
"225,000,000",1
"75,000,000",1
gel-like,1
bdt,1
low-skilled,1
"organs.""",1
aqueous,1
thermodynamic,1
"aguilar,",1
handelsblatt,1
2.6%.,1
"painters,",1
invariably,1
realities:,1
"prophecy""",1
"""joshua's",1
"algerie,",1
luttes,1
dhs,1
herein,1
"46,000",1
compatriots.,1
muting,1
penny.,1
"contractor,",1
"17,873),",1
cheetah,1
murals,1
"scams,”",1
distributors.,1
regularisation,1
medium-,1
resilient?,1
1.7),1
2.7),1
"80-24,",1
"478,000",1
(25.5,1
mu,1
382.43,1
"prosperity.""",1
unconsidered,1
miltrust,1
"hopkins,",1
sucre.,1
larez,1
domingo,1
unwritten.,1
formulate,1
"away!""",1
"""drifting",1
"achieve""",1
"waste,”",1
braved,1
futile,1
courage.,1
dnipro,1
alive.”,1
ira,1
"“see,",1
dreams:,1
bragging,1
oleksandr:,1
"animations,",1
softly,1
panenka,1
"resumed,",1
"kajouk,",1
august's,1
manioc,1
hectares),1
takeoffs,1
drilling's,1
23.21,1
fenaj's,1
semifinals,1
al-ain's,1
benitez's,1
propel,1
findings;,1
restructured.,1
portfolios.,1
"reset,",1
"refreshed,",1
awaken,1
victimize,1
insidious,1
iraqi-syrian,1
isis.,1
"cabinet,",1
education's,1
"tebboune,",1
abdelmadjid,1
mendy,1
édouard,1
chipped,1
"what,",1
scandinavia,1
alice,1
gerd,1
"airbags,",1
"cotler,",1
irwin,1
"hang-tung,",1
chow,1
[extractive],1
economy.’,1
‘debt,1
的缺失，使得中国无法通过创新驱动实现长期经济繁荣，反而深陷经济通缩和就业困境中。,1
新质生产力,1
依赖于国家投资和地方政府债务的不断扩张，形成了所谓的“债务型经济”。这种模式的重复不仅导致了债务危机、房地产泡沫和地方财政困境，也未能激发经济中的颠覆性创新能力。,1
kissinger,1
precarity,1
基建和房地产经济,1
例如，中国的,1
(musandarams).,1
wall-closets,1
(minders),1
point-scoring.,1
0-2,1
re-entered,1
deterrence,1
meekness,1
shift:,1
"conservatism,",1
"taboos,",1
defies,1
"""bear""",1
"floodplains,",1
"counter-claim,",1
wonderland,1
silt-laden,1
canal’s,1
healthy),1
20.4%,1
organism,1
"viewer,",1
seducing,1
planets,1
observatory.,1
"lomonosov,",1
$440,1
$167,1
$28.5,1
"al-shatari,",1
cuartas,1
lyann,1
"slyusar,",1
yuri,1
luk,1
topaz,1
façades.,1
attics,1
"rooftops,",1
slid,1
splendor,1
center’s,1
stimson,1
washington-based,1
eyler,1
floodwater,1
ah.,1
376,1
cerebrospinal,1
8/24/1446,1
"(m/188),",1
undesignated,1
"addressed.""",1
eddy,1
mubarak.,1
saba,1
"gharib,",1
"emad,",1
tara,1
"el-sherbini,",1
"""darwish,""",1
nizar,1
reverted,1
directly;,1
miracles;,1
mayor.,1
"verdict,",1
foamy,1
tea-making,1
drink-blending,1
izakaya,1
"chang,",1
"kılıçdaroğlu,",1
kemal,1
alliance’s,1
"impositions,",1
vietnam’s,1
"olympus,",1
end?,1
times).,1
“outspoken”,1
counter-war.,1
"theresia,",1
kraus's,1
albany.,1
confession,1
on-camera,1
"53,",1
"kraus,",1
property's,1
eviction,1
"500,000.",1
orleans,1
length.,1
hemline,1
presumptions,1
honesty.,1
sleeves,1
"scarves,",1
salwar-kameez,1
sarees,1
commission.”,1
“slut,1
scrapping,1
group),1
deobandi,1
hefazat-e-islam,1
hurricanes.,1
gods?,1
four-time,1
leyanis,1
"mercury,",1
widely.,1
20.8,1
baht's,1
"411,000",1
"555,000",1
"defenses,",1
arrests.,1
farmers.,1
annapolis,1
ohl,1
alon,1
"al-husria,",1
qader,1
harvesting.,1
plowing,1
dictating,1
"leggings,",1
"guba,",1
government​.,1
"systemic,",1
regenerative,1
unorganized,1
"""illegal",1
"algiers),",1
(637,1
oued,1
hassani,1
metres.,1
14.94,1
bombs.,1
bullets,1
kassymkhan,1
almau,1
neighbor;,1
didkovska.,1
"evening,”",1
“since,1
"subversive,",1
forgotten.,1
fragrance.,1
freshener.,1
humidifier,1
sprayer,1
chilled,1
cools,1
meiran.,1
york's,1
monogamously,1
baniyas.,1
benteke,1
yolk,1
eggs',1
absorption:,1
schemes.,1
"betting,",1
disguised,1
goods-carrying,1
renmin,1
nie,1
dial.,1
clench,1
contravention,1
"effectively.""",1
fourteen-day,1
pelagic,1
poly-hondone,1
(mdbs).,1
presse.,1
lehaz,1
icimod’s,1
"65,926",1
al-sabah's,1
harmonize,1
"cross,",1
permission),1
executed.,1
marooned,1
belittling,1
allende,1
tadeo,1
rochester,1
"1850,",1
850,1
compensates,1
landlords',1
tenants',1
"trustworthiness,",1
(tplf).,1
"merciless,",1
"favour,",1
destiny,1
lawmakers',1
plasma,1
porn,1
4.50%,1
"edelson,",1
fishery,1
desktops,1
"icons,",1
"sharply,",1
detainees’,1
segmented,1
frazão/,1
"sports.""",1
"tourism-related,",1
qandarisha,1
"inspectorate,",1
divided;,1
greenery,1
xizang,1
nice.,1
"campus,",1
sejong,1
ldu,1
ecuador's,1
palmeiras,1
compelling.,1
appellate,1
interrogation.,1
rainey,1
muscle.,1
posterior,1
"streak,",1
three-week,1
superimposed,1
military-led,1
datasets.,1
codes;,1
gvasalia's,1
prohibitions,1
co-signed,1
"afford,",1
"addition,”",1
precariousness,1
melodrama,1
"restraint,",1
well-covered,1
"winters,",1
yanbian’s,1
plateau.,1
tibetan,1
$0.6589.,1
"0.02%,",1
"$1.1738,",1
racing.,1
flamengo,1
yonatan,1
"bourita,",1
"lands""",1
"""white",1
definitions,1
fully-owned,1
"majidiya),",1
matruh.,1
3540,1
el-hadary.,1
"goalkeeper,",1
26.49%,1
wellspun,1
franca,1
lucky;,1
feminists.,1
“belong”,1
thiago,1
newspaper's,1
confess,1
viability.,1
journalism’s,1
vice-captain,1
culturally.,1
"emotionally,",1
"teachings,",1
bittersweet.,1
searchers,1
dumpster,1
tasi.,1
"aramco,",1
depreciated,1
sahara.,1
kolingode,1
haritaran,1
viswanathan,1
board),1
(chairman,1
mathur,1
sahai,1
shiv,1
vipul,1
"pipe,""",1
shishko.,1
compressors,1
licences,1
razzaq,1
marketplaces.,1
53rd,1
paramilitary,1
"ledgers,",1
"logs,",1
histories.,1
laboratories,1
"mandatory,",1
"effectiveness,",1
festivals.,1
jams.,1
8–22,1
zagreb:,1
"al-saloum,",1
(member).,1
kawkarate,1
"pharaohs,""",1
"""treasures",1
"defendants,",1
estates.,1
switzerland's,1
slovenia's,1
"hoy,",1
(eib),1
greater.,1
stylistic,1
"soaring,",1
finance's,1
seventh:,1
signing.,1
al-shara's,1
herds,1
conditioners.,1
የኢትዮጵያ,1
adeba,1
alckmin.,1
"vice-president,",1
history”,1
decarbonization,1
“biggest,1
evolved.,1
adanaspor,1
maribor,1
ventured,1
rwanda.,1
al-sham.,1
"germans,",1
aggressions,1
voyage.,1
304.8,1
"traditions,”",1
“pagan,1
al-aliani,1
musleh,1
jihadist,1
anti-rape,1
advocates.,1
1444,1
"(m/191),",1
matter;,1
ይፍረዱኝ!,1
እናቶች,1
"(2020),",1
choice),1
(t,1
al-ikhtiyar,1
isible,1
longingly.,1
room?”,1
appointments.,1
visitation,1
soft-milling,1
"conditions.""",1
"""frontline""",1
"($263,000).",1
curly,1
monopolize,1
worthwhile.,1
decipher,1
sdf/ypg,1
us-backed,1
turkish–us,1
hughes,1
ceiling.,1
hooks,1
project-by-project,1
high-volume,1
nitithanprabhas,1
eknitti,1
minister-designate,1
felonies.,1
86-year,1
aaafia,1
ultra-powerful,1
al-faisal,1
tenant.,1
unleased,1
leased),1
under-resourced.,1
recyclables,1
collectors,1
chip.,1
"seo,",1
"aramco.""",1
(spark),1
chawg,1
managua's,1
"trainings,",1
diy,1
"chats,",1
airline.,1
19.5%,1
damning,1
reappear,1
"afternoons,",1
night's,1
post-meal,1
milk's,1
securely.,1
polyana).,1
"qbaada,",1
nikolaevich,1
"non-essential,",1
"palestinians""",1
"english"":",1
"""arabic",1
591,1
(ipea),1
"popularity.""",1
"""argentina",1
huawei.,1
"elements.""",1
"engineers,",1
budget-friendly,1
president;,1
"economy.""",1
"""destroy",1
"activist""",1
"""far-left",1
"lvmh,",1
multifaceted.,1
decreased.,1
cuffed,1
transplants;,1
status;,1
empty-handed.,1
"eating,",1
barefoot,1
"chiefs,",1
toshaos,1
[that],1
restrictions;,1
[and],1
"hunt,",1
"pockets,",1
"3,338",1
$2.7,1
fm.,1
46.6,1
maid,1
checks.,1
$1.51,1
46.1%,1
$3.42,1
14.9%,1
thiong'o,1
ngũgῖ,1
dismissing,1
"referendum,",1
"yeast,""",1
"candida,",1
thirteen,1
"kutahya,",1
bullying.,1
"""made",1
self-published,1
udmurtia,1
"negotiations.""",1
"happens,",1
0.03,1
hammelgaard,1
uniformity.,1
"environmentally,",1
protested,1
"takeoff,",1
benchmark.,1
ishares,1
manager's,1
repours,1
31.1%,1
"""bothering""",1
"quarterly,",1
"prize,”",1
‘‘jewish,1
shape.,1
noureddine,1
"1935,",1
atiyah,1
39.7,1
13.2,1
small-cap,1
nuveen,1
saira,1
scanned,1
amel,1
algérien,1
5.4,1
udmurt,1
internal:,1
pre-closure,1
services',1
iraqis,1
trusting,1
going!”,1
"trying,",1
“keep,1
intermediation.,1
authority),1
enhancements.,1
"cheap,",1
"framing,",1
grazing.,1
"maker,”",1
"semi-annual,",1
20-member,1
strife;,1
militia.,1
provokes,1
assassinated.,1
"hariri,",1
heikal.,1
rudolph,1
"manasseh,",1
"aoun,",1
markemal,1
hadjadj,1
bothersome.,1
“ending,1
"adapt,",1
"listen,",1
maher.,1
playmaker,1
"al-dabbagh,",1
alvina;,1
alvaro's,1
"thigh,",1
quadriceps,1
"good.""",1
essential;,1
preens,1
flouting,1
uncritically,1
"whistle,",1
referee’s,1
plant’s,1
teams',1
"original,""",1
"""belly",1
orban,1
emojis.,1
“danger”,1
“beware”,1
punctuated,1
captions,1
"disgraced,",1
outed,1
"manner,”",1
manhandled,1
potter.,1
ad-serving,1
"‘lotus,’",1
"czechs,",1
ethnoreligious,1
botim,1
purpose.”,1
draconian,1
conserve,1
irna,1
(source:,1
"northern,",1
khanibodom.,1
yermatov,1
komil,1
judge’s,1
(120,1
yours!,1
murder…these,1
zimin,1
"kronika,",1
"memorial,",1
desk,1
"hackathons,",1
solomon,1
"ecuador,",1
"92,000",1
sergas,1
modern's,1
"distant,",1
tissues,1
scourge,1
biocompatible,1
malvertising.,1
"""women's",1
"""on",1
qar,1
dhi,1
maysan,1
purified,1
seawater.,1
canal.,1
triumphalist,1
"vi,",1
viewer,1
react.,1
–2024.,1
"colonization,",1
nagla,1
gustaf,1
sweden’s,1
"vanish,",1
"bird,",1
saddened,1
herb.,1
addicted,1
asunción,1
1596,1
"solitude,",1
defiance.,1
"al-tatari,",1
al-hamed,1
products?”,1
(fimi).,1
"""acquiring",1
corps',1
"jasper,",1
"voices""",1
​​program,1
"worldviews,",1
"stipend,",1
20-year,1
drug-possession,1
kadkoy.,1
"suitable,",1
repatriation”,1
“introduction,1
"repatriation,",1
nonlinear.”,1
stakes.,1
"delta,",1
erred,1
"subscribed,",1
cohesion.,1
pif,1
"usd,",1
$913,1
(pif),1
feats.,1
"mad.""",1
"emphasizes,",1
"fellowship,",1
dembélé.,1
"el-gabaly,",1
corps.,1
"""coordinating",1
jesus',1
jesus.,1
kassir,1
guatemala.,1
"great.""",1
mouthwash,1
mouths,1
rinse,1
nair,1
anagha,1
zenith.,1
producing.,1
beings”,1
“living,1
classifying,1
findings.,1
isis-khorasan,1
baluchestan,1
"imagination,”",1
sharpen,1
worse.”,1
“division,1
"better,”",1
“together,1
kluth,1
"""bloomberg""",1
knee.”,1
”taking,1
kaepernick,1
colin,1
nfl,1
conceding,1
لصورة,1
كيف,1
،,1
festival.,1
"back.""",1
الصور,1
أكثر,1
quetta’s,1
"hatem,",1
hesham,1
pakistan?,1
"mazour,",1
siding,1
faure,1
star's,1
conference's,1
industrial-office,1
teens.,1
tupi,1
"""brief",1
"delaware,",1
"fordham,",1
hytalo,1
elegance.,1
"prison-like,",1
sets.,1
csp,1
zafnetem,1
!!!,1
البؤس,1
مُحملة,1
تكون,1
etc.)?,1
oslo.,1
recourse.,1
"expressionism,",1
"(abstraction,",1
environment?,1
"criteria.""",1
"""so",1
"bosworth,",1
manufacturers.,1
gala.,1
kickboxing,1
"half-marathon,",1
brain-implanted,1
investigational,1
(bna).,1
(fda),1
regular/exceptional,1
dependency?,1
"shaban,",1
pm),1
(before,1
(rem),1
slow-wave,1
alertness,1
minutes),1
(15-30,1
convicted.,1
brisk,1
"al-dhafiri,",1
الإطلاق,1
قسوة,1
regimen.,1
784,1
criticisms.,1
demonstration.,1
“sit-in”,1
television),1
(closed-circuit,1
30-metre-high,1
hyoungsu,1
t-shirt.,1
shorts,1
ukrainian.,1
"return""",1
"""automatic",1
broadly,1
community.”,1
"divisive,",1
re-submit,1
"“anti-gypsyism,”",1
bratislava,1
"tsidylo,",1
yulia,1
"declined,""",1
"""epstein",1
pre-configured,1
vision-based,1
beating.,1
pneumonia,1
roscoe,1
arrival.,1
castro,1
craves,1
tanzania,1
"kilo,",1
remained.,1
errol,1
group—must,1
creators—whether,1
"unattended,",1
asymmetry,1
"hinges,",1
stockholm,1
"2015–2019,",1
"sangi,",1
"scoreline,",1
"napoli,",1
commenced.,1
righteousness,1
film-maker,1
$47.14,1
"escaping,",1
"listing,",1
categories:,1
"eid,",1
"feasts,",1
rippled,1
khulna,1
mymensingh,1
narsingdi,1
grounding,1
harms.,1
june–july,1
miracle:,1
"partnerships,",1
centre-right,1
ope,1
5–7,1
mushrooms,1
collector,1
petitions,1
"ijaz,",1
mehar,1
"resource-intensive,",1
hess,1
jakarta.,1
penza,1
albari,1
taqdeer,1
katharina,1
nepal?,1
"""advanced",1
"""safari""",1
"""applications""",1
monetizing,1
"lane,",1
intimidation.,1
slumped,1
in:,1
incendiary,1
simmering,1
(pcrc).,1
sejfić,1
slim,1
"iman,",1
"""brutal",1
utensil,1
"nagarajan,",1
ameya,1
"trojans,",1
malware's,1
"intrusion,",1
legislator,1
lahore.,1
firings,1
"kneeling,",1
drone-related,1
balloon,1
al-arabiya:,1
al-habash,1
"struggle.""",1
"135,000",1
document's,1
"materially,",1
"atletico,",1
strangled.,1
grandsons,1
479,1
"""settings""",1
conceals,1
"""masar,""",1
dissident,1
“cyber-fascist”,1
223.13,1
727.25,1
"2.4%,",1
imf-financed,1
federally,1
"parnell,",1
georginio,1
"ally,”",1
“main,1
(ip),1
assigns,1
"engineering""",1
fbi.,1
bank).,1
00:33,1
"$3,741.71",1
precarious.,1
"in-country,",1
terek,1
taman,1
"caucasus,",1
russo-caucasian,1
eldar,1
"hamas,”",1
“vote,1
urals,1
rebounds,1
al-mukarramah,1
"550,000",1
"ocean?!""",1
aloud:,1
advantage!,1
metallic,1
controlled.,1
"liking,",1
comments.”,1
“testing,1
wijnaldum,1
"restrictions.""",1
yadong,1
lake.,1
"melting,",1
"himalayas,",1
"manaslu,",1
conventionally,1
thulagi,1
"client,",1
plaintiff's,1
"bardot,",1
rachel-fleur,1
eurasianet,1
"go,”",1
[azerbaijan],1
mamedov,1
griffith,1
century-long,1
"5,668",1
24-carat,1
"bar,",1
einstein,1
"columbia,",1
gmt),1
(0900,1
yemen's,1
$2.4,1
17.2%,1
gadgets.,1
headlights.,1
attack?,1
"el-zeini,",1
south-west,1
"glacier,",1
hand-drawn,1
squint,1
"stability""",1
"structure,""",1
"""necessity",1
democratically,1
readjust,1
"section,",1
services.”,1
1.9,1
herds.,1
regenerate,1
"erosion,",1
"chat,",1
simona,1
argentinians.,1
qassam,1
coal.,1
3.87%.,1
electron's,1
advantest's,1
money),1
(soviet,1
yugoslavia,1
comedy.,1
"""jiminy""",1
"proceed,",1
task’s,1
abda,1
top-grade,1
avons,1
chemanol,1
"saving,",1
kcc,1
borders?,1
chalmers,1
jim,1
treasurer,1
"events.""",1
"density,",1
"scully,",1
"wales,",1
dictators,1
"armed,",1
(unops).,1
marinescu,1
legalization,1
226,1
repaying,1
engrist.,1
"playful,",1
five-minute,1
cricketing,1
stumped,1
gauche.,1
l'œil,1
à,1
touché,1
collègue,1
creuseurs,1
tabassés,1
été,1
"mac),",1
"ipad,",1
"exemple,",1
hier,1
motivated.,1
undergraduate,1
mockery,1
embarrassment.”,1
"disappointment,",1
"discouragement,",1
"sincerely,",1
near-unlimited,1
shuttered,1
"""america,",1
by.”,1
college.,1
pertained,1
"stipulations,",1
"mind.""",1
"psychology,",1
chung,1
"them,”",1
"philosophies,",1
barbara’s,1
blockade;,1
"cyclone,",1
$107.8,1
56.5%,1
$131.7,1
valleys.,1
"motorcycles,",1
"editing,",1
910-billion-rupee,1
"mauritius,",1
"(iphone,",1
cross-platform,1
edinburgh,1
"32,",1
topchubashov,1
"muradov,",1
murad,1
ago;,1
iraq-turkey,1
oilfields,1
"imposition,",1
"stabilization,",1
"""market",1
awaiting.,1
al-braikan's,1
firas,1
"absurd.""",1
"underwater,",1
esa,1
poprad,1
lesya,1
marchyshyna’s,1
retroactively,1
barroso,1
luís,1
al-fayed.,1
egyptian-born,1
powership.,1
taiwan-based,1
($11,1
authentication.,1
"analytics,",1
trackers,1
"disappearances,",1
"incrementally,",1
"weapon.""",1
bih.,1
mavrić,1
senad,1
vicanović,1
milorad,1
andronik,1
acceptability,1
slippery,1
majrashi,1
72nd,1
fashion.,1
dress's,1
salma,1
sentinel-2a,1
copernicus,1
"deepfakes),",1
"downs,",1
svyazi”,1
“na,1
chanel,1
"payloads,",1
"juliet""",1
"""romeo",1
52-year-old,1
perpetrated,1
fcra,1
"atef,",1
17's,1
dying.,1
interrupted.,1
signals.,1
encircle,1
facade.,1
initiator,1
colonisers,1
hysteria,1
acceptance.,1
"bargaining,",1
rojo,1
"overalls,",1
"classified,",1
"handkerchief,",1
pursuits,1
spiritually,1
ligt's,1
matthijs,1
"asir,",1
escape.,1
multiplied.,1
desk.,1
"classroom,",1
adq,1
chavismo.,1
95.25,1
furthered,1
once-in-a-lifetime,1
"infringement,",1
born.,1
undeniable.,1
"spicy,",1
crunchy,1
delightfully,1
disease;,1
appendage.,1
"lebanon,""",1
holistic,1
“compliance”,1
(unm),1
"socially,",1
well?,1
"viktor,",1
newfound,1
defender.,1
breakup,1
polarizing,1
techs,1
accelerators,1
"boom,",1
"consulting,",1
viruses.,1
distinctions,1
tourism's,1
"necessary,”",1
"careful,",1
austin,1
“looks,1
"attests,",1
"redistribution,",1
fast-growing,1
1.8%.,1
(7,1
moaz,1
chouhan,1
"bjp,",1
fedorovich,1
toothbrushing,1
"(jama),",1
wax,1
seals,1
insecurities,1
incinerated.,1
littered,1
-3.3,1
7.4,1
exempting,1
confers,1
نفديك,1
بالدم،,1
“بالروح،,1
schoolyard:,1
old],1
newbery,1
"al-tawari,",1
"mumbai,",1
deccan,1
investing.,1
self-reliant,1
"dependence,""",1
rolwaling,1
lumding,1
self-harm,1
"najwa,",1
—a,1
22.4,1
waste),1
(solid,1
大概20年前，我们整个进口量（固体废物）也就是400万-450万吨，20年间，固体废物进口量增加到4500万吨，增长得还是很快的。,1
2018:,1
tsar,1
"1638,",1
"bridegroom,",1
mahmoud.,1
world.”,1
al-durrah,1
palestine”],1
[“with,1
فلسطين”,1
يا,1
"""naftal""",1
uavs,1
"""drones,""",1
antony's,1
afterlife,1
sound.,1
[around,1
"chai,",1
countrywide,1
i̇mamoğlu's,1
colonization.,1
dollar-based,1
protested.,1
"drivers,",1
drag,1
tractors’,1
elena's,1
"ailments,",1
undeveloped,1
explorations,1
endangered.,1
gases;,1
ganjie,1
witnessed.,1
"baqlouti,",1
suhaila,1
"wicked,",1
shalom,1
kerem,1
ashdod,1
israeli-approved,1
routed,1
masalit,1
geneina,1
ethnically,1
forever.,1
stone's,1
spitler,1
f-18s,1
businesspeople.,1
palestine:,1
shekels.,1
lofty,1
amargo,1
dulce,1
hypertension,1
"ache,",1
tummy,1
mexican-indian,1
interferes,1
defaces,1
"removes,",1
janeiro.,1
leaf,1
foul-smelling,1
"air.""",1
"boumama,",1
zouher,1
"zerrougui,",1
exists.,1
"superiors,",1
publicly-owned,1
polled,1
hosting.,1
caramel's,1
great!),1
frothy,1
engaged.,1
neglected.,1
"players""",1
aaron,1
"""existence.""",1
markets',1
shone,1
"darkness,",1
feature-rich,1
regional/international,1
salsa.,1
beans,1
replaces,1
47.2,1
"al-rabdi,",1
1100,1
frednes,1
watten,1
jørgen,1
understandings.,1
"d’etat,",1
"rajoelina,",1
tract.,1
"meats,",1
$277,1
bunge,1
cargill,1
$269.9,1
chs,1
ceo;,1
"""naturalized",1
indexes.,1
"(gdp),",1
traditions?,1
pattern-and-decoration,1
aunt’s,1
eclipses,1
karachay-cherkessia,1
adygea,1
dots,1
whopping,1
0.06,1
subashi,1
tabriz,1
nissan,1
disengaged,1
germi,1
rasanah,1
"burnout,""",1
"""class",1
"burnout""",1
"""platform",1
"""share",1
"indianapolis,",1
"(arcapita),",1
subject.,1
"builds,",1
“humanist”,1
"false,",1
juderías,1
"al-zunaidi,",1
"go,""",1
"(sunday),",1
"mous,",1
erica,1
"$5,000",1
impossibility,1
shortness,1
"(co2),",1
emitter,1
"“soul,”",1
“lost”,1
recuperation,1
fragility.,1
protected.,1
77.7%.,1
spheres.,1
self-imposed,1
inequity,1
draining,1
prices',1
base's,1
persists.,1
mastering,1
undeterred,1
"surveys,",1
"""egas""",1
conversational,1
"empty,",1
"unequivocally,",1
"suemoto,",1
kimie,1
"bread.""",1
”a,1
"christianity,",1
"forgive""",1
"undressed,",1
costs;,1
expense;,1
mobil,1
exxon,1
"us,""",1
world...,1
sweetest,1
trump...,1
daughter...,1
"photo,",1
"isaacson,",1
"humanity,”",1
"perdue,",1
“throughout,1
applying.,1
manner.',1
die;,1
"surviving,",1
"""initially,",1
self-discovery:,1
israeli-arab,1
"al-sanwar,",1
haniyeh,1
tunnels.,1
"""flood",1
of.,1
"genitals,”",1
electrodes,1
license.,1
convenes,1
"beatings,",1
hood,1
aqueduct.,1
"380,000",1
inclusivity.,1
"mobilized,",1
"cambodia,”",1
farmers',1
"ousted,",1
"playstation,",1
"ranjith,",1
"fernando,",1
gamini,1
cyril,1
yoga,1
scorpions,1
jacket.,1
“photo”,1
cements,1
"model,""",1
"""work-home",1
augment,1
"2,559",1
"7,441",1
"blackmail.""",1
convict.,1
$2.31,1
"vibrant,",1
"brushstroke,",1
hand-shaped,1
(sdaia),1
“bush,1
“seasonal,1
"(sad),",1
affective,1
reuse,1
momentum:,1
bastions,1
"demographic,",1
unquestionably,1
"ambiguity,",1
presse’s,1
rahem,1
re-apply,1
“democracy.”,1
re-discovering,1
electricity?,1
"nawalparasi,",1
stare,1
"morocco""",1
"""credit",1
eastbourne.,1
stuttgart,1
"brooksby,",1
"goal,""",1
"keraniyo,”",1
“mota,1
vii,1
ferdinand,1
reconquest,1
multifold,1
"protocol,""",1
al-qaeda?,1
had.,1
“decénnie,1
"presse,",1
"trend,""",1
"""communist",1
"""madness""",1
"door""",1
"""back",1
northward.,1
"methanol,",1
measurements.,1
"radiation,",1
media!—all,1
—research,1
falling.,1
two-wheeled,1
cane,1
6(4)(c),1
locorno,1
taiwan-centric,1
trivial;,1
"provide,",1
edited.,1
tipped,1
sisi's,1
objectionable,1
glass.,1
"reece,",1
montreal,1
procuring,1
decade).,1
(black,1
noire”,1
"straightforward,",1
deporting,1
"idris,",1
greek-inspired,1
stylish,1
hayek's,1
nicole's,1
uzbek,1
sing.,1
payrolls,1
unconditioned,1
"young-beom,",1
$108,1
$47,1
away”,1
41.5,1
vows,1
“act,1
"torres,",1
edison,1
possible—whether,1
violations',1
wristwatches.,1
"subtitles,",1
"diversity.""",1
"female,",1
mustafa.,1
tie.,1
ouest,1
1.081,1
commonplace.,1
alia,1
puzzles.,1
barkola,1
bradley,1
norway.,1
smythchie,1
enrolled.,1
protectorate,1
commercially.,1
intense.,1
flabbergasted,1
hard-fought,1
“hunting”,1
life.”,1
suffer”,1
installments.,1
executioner,1
"jury,",1
estate),1
(hamad,1
"2020-2030,",1
35-minute,1
"use""",1
clay;,1
mimics,1
odds.,1
aircrafts.,1
"oppressed,",1
wiping,1
encroach,1
markers,1
"portraits,",1
"constellations,",1
indefinitely,1
84%.,1
"37%,",1
"11%,",1
"18%,",1
"boost,",1
al-julani,1
"mindsets,",1
survivalist,1
"‘mined,’",1
stopped;,1
23.75,1
712.5,1
al-medawah,1
titles:,1
45.02,1
amriya,1
grata.,1
choir,1
unimplementable.,1
"well-executed,",1
"home.""",1
carbonated,1
candy,1
grandpa,1
flour-wheat,1
rungs.,1
revise.,1
medellín,1
fabrics,1
peskov's,1
protagonists,1
(tylenol),1
final’s,1
horrors,1
endpoint,1
positivity,1
moderated,1
storage-related,1
"hydrogen,",1
"non-utilization,",1
300-400,1
"al-nuwaibit,",1
qimah,1
simplifications,1
chaco.,1
pairing,1
"merz,",1
delegations.,1
collage,1
"five-year,",1
"remain""",1
"""indefinite",1
"farage,",1
hobby,1
challenges;,1
somaliland’s,1
prosecution.,1
"zaïre,",1
"studio,”",1
“ask,1
2628/2022,1
disease-free,1
drinking:,1
"service,”",1
"wounded,",1
9.7,1
non-commercial,1
"wants,",1
"left.""",1
[israeli],1
article's,1
"bridges,",1
preempting,1
dissent;,1
"specialist,",1
interest;,1
al-ittihad.,1
"commerzbank,",1
"chancellor,",1
“skopje,1
executions.,1
sudanese.,1
"3,000,",1
warfare?,1
века.,1
строить,1
“искусство,1
shelled,1
busquets;,1
"bosque,",1
bum,1
"quincas,",1
245,1
"organisms,”",1
389,1
9.7%,1
broadcaster,1
"eritrea,",1
inquiries.,1
"zelensky,",1
izzah,1
peres,1
slanderous,1
warm-up,1
gangnam,1
"paints,",1
"marble,",1
construction-related,1
karpos.,1
palizban,1
centar,1
"vaccinations,",1
infusion.,1
"(india),",1
manipur,1
"kwai,",1
"ltd,",1
u.s.-backed,1
troop,1
nagasaki,1
hiroshima,1
vigar.,1
20–25,1
proximity.,1
author’s,1
cagayan,1
outlawed,1
firings.,1
higaonon,1
“cong”,1
troels,1
"discounts,",1
single-fare,1
anyway,1
platform’s,1
sediment,1
handbook.,1
avenues.,1
accidents.,1
"trailers,",1
"fences,",1
landfill.,1
ennasabi,1
salima,1
"through,",1
"s,",1
toughen,1
(eu),1
$858,1
4.8%,1
22.6%.,1
$733.5,1
$899.3,1
reemergence,1
assimilation,1
ever-worsening,1
"oro,",1
"naturalized,",1
tagged,1
evacuees,1
itu,1
geneva-based,1
envoy's,1
secretary-general’s,1
elevates,1
adjusted.,1
wield,1
cyber-awareness,1
"phishing,",1
"barshim,",1
boil.,1
chai”,1
“proper,1
obstacles:,1
tipper,1
fleets,1
obsessive,1
dignified,1
"corridors,",1
“ensures,1
unbroken,1
"indicators,”",1
discreetly.,1
4-point,1
"carter,",1
"quandt,",1
"investments.""",1
pivots,1
126,1
migration-related,1
abode,1
unctad.,1
$1.99,1
"""memories""",1
kazatomprom,1
peeling.,1
angled,1
bump,1
delegates,1
pipit,1
"occurred,""",1
strongly.,1
conflict-sensitive,1
ethno-nationalist,1
"promoters,",1
"diminish,",1
go-ahead,1
indulgence.,1
ambani,1
mukesh,1
gautam,1
arch-rivals.,1
el-nahhas,1
provider.,1
"cordoba,",1
leon.,1
admirer,1
"grove,",1
“undemocratic.”,1
plumbing,1
concentration—basic,1
culprit,1
"governmental,",1
million—driven,1
tatar.,1
"tea?”,",1
"ask,",1
senate's,1
"republicans,",1
democrats.,1
additive,1
endows,1
sub-industrial,1
surfaces,1
spirit;,1
"grimsby,",1
superpowers,1
"al-sayyad,",1
"non-human,",1
al-nuwaibit,1
yassine,1
diameter.,1
transmit,1
"""microponds""",1
nearness,1
prone-to-acne,1
oily,1
lama,1
"hands,""",1
extraction.,1
altogether,1
millwall.,1
royalties,1
"celebration,",1
justinian,1
byzantine,1
"frustrating.""",1
settings;,1
nitrogenous,1
"(reduc),",1
"(abramd),",1
multidisciplinary,1
rolim,1
myro,1
"troika,""",1
(0000,1
located.,1
mockingly,1
unequivocal;,1
pharmacies.,1
9.6%,1
bounou.,1
prisoners',1
humble.,1
"""derby,""",1
china-arab,1
drought.,1
ningxia,1
latin).,1
(arabic,1
"kurmanji,",1
"dialects,",1
alchemist,1
bestselling,1
"unauthoritative.""",1
constraint?,1
51.9,1
al-alujain,1
(面),1
stagnated,1
"unfccc,",1
"megaphones,",1
"drums,",1
co-owners,1
49%.,1
lime,1
"leaf,",1
long-leaf,1
west?,1
administrations.,1
settings),1
cup”,1
chat.,1
reminder.,1
technology”,1
“better,1
peres.,1
menachem,1
anwar,1
prize:,1
breasts,1
bastardry,1
kobakhidze,1
bazaar’s,1
“many,1
release”,1
rodríguez’s,1
"incurable,",1
grill,1
helmet,1
unreported,1
irgc’s,1
florida.,1
"desantis,",1
conservative:,1
anti-woke,1
republican;,1
grass.,1
"impartiality,",1
"utc),",1
(1200,1
prescribed.,1
nation?,1
digna”,1
“world,1
softens,1
loudspeaker,1
kaladze,1
kakha,1
"festival.""",1
"""aswan",1
youssef's,1
alloush's,1
impregnable,1
snow's,1
unnatural,1
erdogan’s,1
wooden;,1
"resist,",1
spotlight,1
"chronic,",1
$65.23,1
equipment),1
(those,1
miner,1
megawatt-hours.,1
259,1
nitrate,1
264,1
50-kilogram,1
shahjalal,1
hazrat,1
"frederiksen,",1
death),1
(dignified,1
“transparency,1
“muerte,1
compartment.,1
fatima's,1
clarified.,1
re-passed,1
medicaid,1
"""obamacare,""",1
"unrealistic,",1
nights:,1
xiamen,1
"(2024)"",",1
“security”,1
"4,764",1
"b’tselem,",1
everyday.,1
tiniest,1
roundabout,1
mwangeji,1
mention:,1
"acquired,",1
"mid-2022,",1
grata,1
lula’s,1
680,1
"horizontal,",1
self-dialogue,1
licence.,1
hay’at,1
now-dissolved,1
leased,1
"deforestation,",1
"risen,",1
websites.,1
extorts,1
hurtful,1
stars.,1
"hornet”,",1
“influencer,1
"huju,",1
"farmer,",1
debuted,1
2022-2030,1
"retailer,",1
clans.,1
"slower,",1
"jewel,",1
qualify.,1
religion),1
curaçao,1
haiti,1
"blacks,",1
unreliability,1
buzzing,1
drenched,1
"field),",1
influencers.,1
centrally.,1
cliché.,1
"internal,",1
military-backed,1
hurd,1
philanthropist,1
flood-free,1
tempi,1
malls,1
"regret,",1
gabbeh,1
kilims,1
wool,1
$39,1
psychologically,1
exceptional;,1
"jesus.""",1
"hammer,",1
"god""",1
exclaim,1
apply),1
"viewpoints,",1
"""sacrilege""",1
mustafayev,1
(mocking,1
"""blasphemy""",1
acrylics,1
covertly,1
aided,1
petra.,1
"6,683",1
"8,380",1
food-insecure,1
"65%,",1
"registrations,",1
"13–34,",1
eceverría,1
by:,1
head-on,1
"away""",1
constraints:,1
ever.,1
cartoonist,1
dowries,1
"modestly,",1
chair.,1
temptations.,1
worldly,1
timeless,1
three-minute,1
afterlife”,1
akhira”,1
dunya,1
lignite,1
"worship,",1
niloofar,1
shop.,1
cost-effectiveness,1
netizens,1
ultra-nationalism.,1
"orthodoxy,",1
"anti-secularism,",1
anti-,1
title-winning,1
vegetarian,1
holes.,1
@100._._6,1
"line""",1
nusseibeh,1
lana,1
40.9,1
